window_start	window_end	window_mid	n_snps	median_chisq	median_OR	median_neg_log10p	median_prop_1111_obs	median_prop_0000_obs	median_prop_1111_exp	median_prop_0000_exp	mean_n_samples	population	subset
31	10030	5030.5	140	347.997914782956	0	76.93687445062517	0	1	0.996005996001	1.0000000000000036e-12	310.15714285714284	POOLED	AM
5031	15030	10030.5	118	350.997896806947	0	77.59016568925662	0	1	0.996005996001	1.0000000000000036e-12	337.8898305084746	POOLED	AM
10031	20030	15030.5	124	350.997896806947	0	77.59016568925662	0	1	0.996005996001	1.0000000000000036e-12	336.7096774193548	POOLED	AM
15031	25030	20030.5	89	351.997890814944	0	77.80792593644868	0	1	0.996005996001	1.0000000000000036e-12	342.9438202247191	POOLED	AM
20031	30030	25030.5	77	352.4978878189425	0	77.91680519352042	0	1	0.996005996001	1.0000000000000036e-12	343.2987012987013	POOLED	AM
25031	35030	30030.5	108	350.997896806947	0	77.59016568925662	0	1	0.996005996001	1.0000000000000036e-12	345.89814814814815	POOLED	AM
30031	40030	35030.5	117	351.997890814944	0	77.80792593644868	0	1	0.996005996001	1.0000000000000036e-12	347.9145299145299	POOLED	AM
35031	45030	40030.5	78	350.997896806947	0	77.59016568925662	0	1	0.996005996001	1.0000000000000036e-12	344.4102564102564	POOLED	AM
40031	50030	45030.5	80	350.4978998029485	0	77.48128469421914	0	1	0.996005996001	1.0000000000000036e-12	342.075	POOLED	AM
45031	55030	50030.5	108	352.997884822941	0	78.02568445059217	0	1	0.996005996001	1.0000000000000036e-12	346.75	POOLED	AM
50031	60030	55030.5	110	352.997884822941	0	78.02568445059217	0	1	0.996005996001	1.0000000000000036e-12	346.03636363636366	POOLED	AM
55031	65030	60030.5	97	352.9968217759981	0	78.02545296259808	0	1	0.996005996001	1.0000000000000036e-12	342.659793814433	POOLED	AM
60031	70030	65030.5	96	351.997890814944	9.933382235594836e-9	77.80792593644868	0	1	0.996005996001	1.0000000000000036e-12	343.8229166666667	POOLED	AM
65031	75030	70030.5	122	350.997896806947	9.933382235594836e-9	77.59016568925662	0	1	0.996005996001	1.0000000000000036e-12	344.11475409836066	POOLED	AM
70031	80030	75030.5	123	352.997884822941	9.486531567731964e-12	78.02568445059217	0	1	0.996005996001	1.0000000000000036e-12	346.3170731707317	POOLED	AM
75031	85030	80030.5	90	353.997878830938	9.068213742446893e-8	78.24344124143836	0	1	0.996005996001	1.0000000000000036e-12	348.25555555555553	POOLED	AM
80031	90030	85030.5	86	352.41093933188716	9.06726508929012e-8	77.89787136874797	0	1	0.996005996001	1.0000000000000036e-12	347.8720930232558	POOLED	AM
85031	95030	90030.5	106	352.8239878488303	0	77.98781680104726	0	1	0.996005996001	1.0000000000000036e-12	339.4622641509434	POOLED	AM
90031	100030	95030.5	129	350.997896806947	0	77.59016568925662	0	1	0.996005996001	1.0000000000000036e-12	333.2015503875969	POOLED	AM
95031	105030	100030.5	164	349.99790279895	0.0011660232750843966	77.37240369918166	0	1	0.996005996001	1.0000000000000036e-12	333.0609756097561	POOLED	AM
100031	110030	105030.5	134	348.997908790953	0.0023320465501687933	77.15463995630556	0	1	0.996005996001	1.0000000000000036e-12	336.5223880597015	POOLED	AM
105031	115030	110030.5	88	350.997896806947	0.24160959182277858	77.59016568925662	0	1	0.996005996001	1.0000000000000036e-12	345.21590909090907	POOLED	AM
110031	120030	115030.5	99	350.997896806947	9.343526677343342e-5	77.59016568925662	0	1	0.996005996001	1.0000000000000036e-12	346.85858585858585	POOLED	AM
115031	125030	120030.5	99	351.997890814944	1.8545354001830016e-7	77.80792593644868	0	1	0.996005996001	1.0000000000000036e-12	349.62626262626264	POOLED	AM
120031	130030	125030.5	67	352.9735671520637	0	78.02038905946759	0	1	0.996005996001	1.0000000000000036e-12	348.5970149253731	POOLED	AM
125031	135030	130030.5	88	350.997896806947	1.8826339092371194e-7	77.59016568925662	0	1	0.996005996001	1.0000000000000036e-12	346.25	POOLED	AM
130031	140030	135030.5	118	349.4979057949515	1.8826339092371194e-7	77.2635218277436	0	1	0.996005996001	1.0000000000000036e-12	339.5169491525424	POOLED	AM
135031	145030	140030.5	96	351.49789381094547	NA	77.69904581285266	0	1	0.996005996001	1.0000000000000036e-12	337.4583333333333	POOLED	AM
140031	150030	145030.5	138	353.997878830938	NA	78.24344124143836	0	1	0.996005996001	1.0000000000000036e-12	349.231884057971	POOLED	AM
145031	155030	150030.5	214	352.997884822941	0	78.02568445059217	0	1	0.996005996001	1.0000000000000036e-12	348.1682242990654	POOLED	AM
150031	160030	155030.5	199	351.997890814944	0	77.80792593644868	0	1	0.996005996001	1.0000000000000036e-12	345.70854271356785	POOLED	AM
155031	165030	160030.5	131	351.997890814944	0	77.80792593644868	0	1	0.996005996001	1.0000000000000036e-12	344.77862595419845	POOLED	AM
160031	170030	165030.5	95	352.997884822941	0	78.02568445059217	0	1	0.996005996001	1.0000000000000036e-12	343.77894736842103	POOLED	AM
165031	175030	170030.5	87	351.997890814944	0	77.80792593644868	0	1	0.996005996001	1.0000000000000036e-12	341.2298850574713	POOLED	AM
170031	180030	175030.5	81	352.4978878189425	0	77.91680519352042	0	1	0.996005996001	1.0000000000000036e-12	341.1604938271605	POOLED	AM
175031	185030	180030.5	94	348.997908790953	0	77.15463995630556	0	1	0.996005996001	1.0000000000000036e-12	337.25531914893617	POOLED	AM
180031	190030	185030.5	112	348.997908790953	0	77.15463995630556	0	1	0.996005996001	1.0000000000000036e-12	339.42857142857144	POOLED	AM
185031	195030	190030.5	101	350.997896806947	NA	77.59016568925662	0	1	0.996005996001	1.0000000000000036e-12	347.8712871287129	POOLED	AM
190031	200030	195030.5	80	352.997884822941	NA	78.02568445059217	0	1	0.996005996001	1.0000000000000036e-12	350.7125	POOLED	AM
195031	205030	200030.5	113	352.997884822941	0	78.02568445059217	0	1	0.996005996001	1.0000000000000036e-12	342.75221238938053	POOLED	AM
200031	210030	205030.5	114	352.997884822941	0	78.02568445059217	0	1	0.996005996001	1.0000000000000036e-12	339.7280701754386	POOLED	AM
205031	215030	210030.5	91	351.997890814944	0	77.80792593644868	0	1	0.996005996001	1.0000000000000036e-12	343.1868131868132	POOLED	AM
210031	220030	215030.5	103	350.997896806947	0	77.59016568925662	0	1	0.996005996001	1.0000000000000036e-12	346.93203883495147	POOLED	AM
215031	225030	220030.5	109	349.99790279895	3.964298964749575	77.37240369918166	0	1	0.996005996001	1.0000000000000036e-12	343.74311926605503	POOLED	AM
220031	230030	225030.5	84	350.4978998029485	7.92859792949915	77.48128469421914	0	1	0.996005996001	1.0000000000000036e-12	341.1547619047619	POOLED	AM
225031	235030	230030.5	51	353.99577068746476	NA	78.24298217793613	0	1	0.996005996001	1.0000000000000036e-12	350.05882352941177	POOLED	AM
230031	240030	235030.5	89	351.997890814944	0	77.80792593644868	0	1	0.996005996001	1.0000000000000036e-12	346.2134831460674	POOLED	AM
235031	245030	240030.5	105	350.997896806947	0	77.59016568925662	0	1	0.996005996001	1.0000000000000036e-12	343.64761904761906	POOLED	AM
240031	250030	245030.5	100	351.997890814944	0	77.80792593644868	0	1	0.996005996001	1.0000000000000036e-12	345.45	POOLED	AM
245031	255030	250030.5	99	352.997884822941	0	78.02568445059217	0	1	0.996005996001	1.0000000000000036e-12	346.77777777777777	POOLED	AM
250031	260030	255030.5	98	350.9941543973196	NA	77.5893507330483	0	1	0.996005996001	1.0000000000000036e-12	345.4183673469388	POOLED	AM
255031	265030	260030.5	104	349.99790279895	NA	77.37240369918166	0	1	0.996005996001	1.0000000000000036e-12	343.5480769230769	POOLED	AM
260031	270030	265030.5	87	349.99790279895	NA	77.37240369918166	0	1	0.996005996001	1.0000000000000036e-12	344.3448275862069	POOLED	AM
265031	275030	270030.5	80	351.48569461099123	0	77.69638930647017	0	1	0.996005996001	1.0000000000000036e-12	348.0625	POOLED	AM
270031	280030	275030.5	82	352.997884822941	0	78.02568445059217	0	1	0.996005996001	1.0000000000000036e-12	349.5975609756098	POOLED	AM
275031	285030	280030.5	87	349.9904125889794	0	77.3707725997285	0	1	0.996005996001	1.0000000000000036e-12	336.3333333333333	POOLED	AM
280031	290030	285030.5	86	349.9904125889794	1.3195624504448925e-7	77.3707725997285	0	1	0.996005996001	1.0000000000000036e-12	324.0813953488372	POOLED	AM
285031	295030	290030.5	91	351.49789381094547	5.199940369935924e-10	77.69904581285266	0	1	0.996005996001	1.0000000000000036e-12	331.0989010989011	POOLED	AM
290031	300030	295030.5	99	349.99790279895	8.20697421423861e-11	77.37240369918166	0	1	0.996005996001	1.0000000000000036e-12	335.75757575757575	POOLED	AM
295031	305030	300030.5	142	348.997908790953	8.20697421423861e-11	77.15463995630556	0	1	0.996005996001	1.0000000000000036e-12	340.6267605633803	POOLED	AM
300031	310030	305030.5	134	349.99790279895	NA	77.37240369918166	0	1	0.996005996001	1.0000000000000036e-12	345.2985074626866	POOLED	AM
305031	315030	310030.5	90	349.99790279895	NA	77.37240369918166	0	1	0.996005996001	1.0000000000000036e-12	328.14444444444445	POOLED	AM
310031	320030	315030.5	131	350.997896806947	NA	77.59016568925662	0	1	0.996005996001	1.0000000000000036e-12	333.7022900763359	POOLED	AM
315031	325030	320030.5	121	351.997890814944	3.004248948007329e-8	77.80792593644868	0	1	0.996005996001	1.0000000000000036e-12	338.46280991735534	POOLED	AM
320031	330030	325030.5	92	347.997914782956	1.1328033009132946e-10	76.93687445062517	0	1	0.996005996001	1.0000000000000036e-12	324.69565217391306	POOLED	AM
325031	335030	330030.5	108	348.997908790953	0	77.15463995630556	0	1	0.996005996001	1.0000000000000036e-12	329.81481481481484	POOLED	AM
330031	340030	335030.5	99	349.99790279895	0	77.37240369918166	0	1	0.996005996001	1.0000000000000036e-12	336.5050505050505	POOLED	AM
335031	345030	340030.5	84	349.99790279895	4.539070489969338e-10	77.37240369918166	0	1	0.996005996001	1.0000000000000036e-12	341.1309523809524	POOLED	AM
340031	350030	345030.5	67	345.997926766962	4.539070489969338e-10	76.50133811040844	0	1	0.996005996001	1.0000000000000036e-12	325.4029850746269	POOLED	AM
345031	355030	350030.5	34	339.49677331851797	0	75.08553511230292	0	1	0.996005996001	1.0000000000000036e-12	288.20588235294116	POOLED	AM
350031	360030	355030.5	8	284.99829227914506	0	63.21358461970647	0	0.9953216374269005	0.9950854273742646	2.7842603293605612e-12	222.375	POOLED	AM
355031	365030	360030.5	7	350.997896806947	0	77.59016568925662	0	1	0.996005996001	1.0000000000000036e-12	210	POOLED	AM
360031	370030	365030.5	13	287.4982772991375	0	63.758260028593305	0	1	0.996005996001	1.0000000000000036e-12	190.46153846153845	POOLED	AM
365031	375030	370030.5	54	340.997956726977	0	75.41246569379021	0	1	0.996005996001	1.0000000000000036e-12	223.40740740740742	POOLED	AM
370031	380030	375030.5	89	350.997896806947	NA	77.59016568925662	0	1	0.996005996001	1.0000000000000036e-12	276.80898876404495	POOLED	AM
375031	385030	380030.5	75	350.997896806947	NA	77.59016568925662	0	1	0.996005996001	1.0000000000000036e-12	336.70666666666665	POOLED	AM
380031	390030	385030.5	67	351.997890814944	NA	77.80792593644868	0	1	0.996005996001	1.0000000000000036e-12	347.2089552238806	POOLED	AM
385031	395030	390030.5	81	351.997890814944	NA	77.80792593644868	0	1	0.996005996001	1.0000000000000036e-12	349.0617283950617	POOLED	AM
390031	400030	395030.5	81	349.99790279895	0	77.37240369918166	0	1	0.996005996001	1.0000000000000036e-12	344.82716049382714	POOLED	AM
395031	405030	400030.5	80	350.4978998029485	0	77.48128469421914	0	1	0.996005996001	1.0000000000000036e-12	343.2375	POOLED	AM
400031	410030	405030.5	99	350.997896806947	NA	77.59016568925662	0	1	0.996005996001	1.0000000000000036e-12	343.6060606060606	POOLED	AM
405031	415030	410030.5	87	351.997890814944	0	77.80792593644868	0	1	0.996005996001	1.0000000000000036e-12	339.1034482758621	POOLED	AM
410031	420030	415030.5	67	350.997896806947	0	77.59016568925662	0	1	0.996005996001	1.0000000000000036e-12	332.7014925373134	POOLED	AM
415031	425030	420030.5	78	347.997914782956	5.3576821922288526e-8	76.93687445062517	0	1	0.996005996001	1.0000000000000036e-12	333.8974358974359	POOLED	AM
420031	430030	425030.5	91	350.4978998029485	5.3576821922288526e-8	77.48128469421914	0	1	0.996005996001	1.0000000000000036e-12	336.83516483516485	POOLED	AM
425031	435030	430030.5	96	351.49789381094547	NA	77.69904581285266	0	1	0.996005996001	1.0000000000000036e-12	339.7708333333333	POOLED	AM
430031	440030	435030.5	96	351.997890814944	NA	77.80792593644868	0	1	0.996005996001	1.0000000000000036e-12	346.3229166666667	POOLED	AM
435031	445030	440030.5	93	350.997896806947	0.1321373373773524	77.59016568925662	0	1	0.996005996001	1.0000000000000036e-12	339.6559139784946	POOLED	AM
440031	450030	445030.5	80	348.997908790953	0.1321373373773524	77.15463995630556	0	1	0.996005996001	1.0000000000000036e-12	335.525	POOLED	AM
445031	455030	450030.5	75	349.99790279895	1.4717088596385859	77.37240369918166	0	1	0.996005996001	1.0000000000000036e-12	343.16	POOLED	AM
450031	460030	455030.5	96	352.4968247719996	NA	77.91657370552633	0	1	0.996005996001	1.0000000000000036e-12	345.9895833333333	POOLED	AM
455031	465030	460030.5	93	352.997884822941	0	78.02568445059217	0	1	0.996005996001	1.0000000000000036e-12	340.0860215053763	POOLED	AM
460031	470030	465030.5	97	349.4979057949515	0	77.2635218277436	0	1	0.996005996001	1.0000000000000036e-12	337.9896907216495	POOLED	AM
465031	475030	470030.5	85	349.99790279895	NA	77.37240369918166	0	1	0.996005996001	1.0000000000000036e-12	344.4	POOLED	AM
470031	480030	475030.5	61	351.997890814944	0.2012478256519019	77.80792593644868	0	1	0.996005996001	1.0000000000000036e-12	348.3114754098361	POOLED	AM
475031	485030	480030.5	77	351.9957467028291	0.2012478256519019	77.8074590331243	0	1	0.996005996001	1.0000000000000036e-12	348.4415584415584	POOLED	AM
480031	490030	485030.5	54	350.4978998029485	NA	77.48128469421914	0	1	0.996005996001	1.0000000000000036e-12	345.72222222222223	POOLED	AM
485031	495030	490030.5	40	351.49789381094547	NA	77.69904581285266	0	1	0.996005996001	1.0000000000000036e-12	347.7	POOLED	AM
490031	500030	495030.5	54	351.49789381094547	NA	77.69904581285266	0	1	0.996005996001	1.0000000000000036e-12	347.14814814814815	POOLED	AM
495031	505030	500030.5	65	350.997896806947	0	77.59016568925662	0	1	0.996005996001	1.0000000000000036e-12	339.44615384615383	POOLED	AM
500031	510030	505030.5	74	349.9797757121572	0	77.3684562686019	0	1	0.996005996001	1.0000000000000036e-12	341.5135135135135	POOLED	AM
505031	515030	510030.5	83	349.99790279895	NA	77.37240369918166	0	1	0.996005996001	1.0000000000000036e-12	336.89156626506025	POOLED	AM
510031	520030	515030.5	77	352.997884822941	0	78.02568445059217	0	1	0.996005996001	1.0000000000000036e-12	336.7922077922078	POOLED	AM
515031	525030	520030.5	59	352.997884822941	0	78.02568445059217	0	1	0.996005996001	1.0000000000000036e-12	346.7118644067797	POOLED	AM
520031	530030	525030.5	71	349.99790279895	0	77.37240369918166	0	1	0.996005996001	1.0000000000000036e-12	330.5211267605634	POOLED	AM
525031	535030	530030.5	76	347.997914782956	0	76.93687445062517	0	1	0.996005996001	1.0000000000000036e-12	319.60526315789474	POOLED	AM
530031	540030	535030.5	72	350.5867675632636	0	77.50063689441546	0	1	0.996005996001	1.0000000000000036e-12	318.72222222222223	POOLED	AM
535031	545030	540030.5	82	351.997890814944	3.3481574819354423e-7	77.80792593644868	0	1	0.996005996001	1.0000000000000036e-12	319.9146341463415	POOLED	AM
540031	550030	545030.5	97	351.49789381094547	0	77.69904581285266	0	1	0.996005996001	1.0000000000000036e-12	331.2371134020619	POOLED	AM
545031	555030	550030.5	95	348.997908790953	0	77.15463995630556	0	1	0.996005996001	1.0000000000000036e-12	338.9157894736842	POOLED	AM
550031	560030	555030.5	63	350.997896806947	0	77.59016568925662	0	1	0.996005996001	1.0000000000000036e-12	341.1111111111111	POOLED	AM
555031	565030	560030.5	46	350.99573460820784	1.351150843780419e-8	77.58969484361863	0	1	0.996005996001	1.0000000000000036e-12	343.4130434782609	POOLED	AM
560031	570030	565030.5	73	349.99790279895	1.351150843780419e-8	77.37240369918166	0	1	0.996005996001	1.0000000000000036e-12	343.24657534246575	POOLED	AM
565031	575030	570030.5	109	347.997914782956	0	76.93687445062517	0	1	0.996005996001	1.0000000000000036e-12	336.8256880733945	POOLED	AM
570031	580030	575030.5	102	347.997914782956	0	76.93687445062517	0	1	0.996005996001	1.0000000000000036e-12	333.62745098039215	POOLED	AM
575031	585030	580030.5	67	348.997908790953	0	77.15463995630556	0	1	0.996005996001	1.0000000000000036e-12	337.64179104477614	POOLED	AM
580031	590030	585030.5	70	348.4979117869545	0	77.04575720346537	0	1	0.996005996001	1.0000000000000036e-12	335.2	POOLED	AM
585031	595030	590030.5	79	348.997908790953	0	77.15463995630556	0	1	0.996005996001	1.0000000000000036e-12	331.59493670886076	POOLED	AM
590031	600030	595030.5	71	351.997890814944	0	77.80792593644868	0	1	0.996005996001	1.0000000000000036e-12	335.6478873239437	POOLED	AM
595031	605030	600030.5	86	352.997884822941	0	78.02568445059217	0	1	0.996005996001	1.0000000000000036e-12	341.95348837209303	POOLED	AM
600031	610030	605030.5	114	348.4979117869545	0	77.04575720346537	0	1	0.996005996001	1.0000000000000036e-12	332.9824561403509	POOLED	AM
605031	615030	610030.5	118	345.997926766962	0	76.50133811040844	0	1	0.996005996001	1.0000000000000036e-12	335.2542372881356	POOLED	AM
610031	620030	615030.5	107	350.997896806947	0	77.59016568925662	0	1	0.996005996001	1.0000000000000036e-12	346.23364485981307	POOLED	AM
615031	625030	620030.5	100	351.997890814944	NA	77.80792593644868	0	1	0.996005996001	1.0000000000000036e-12	349.12	POOLED	AM
620031	630030	625030.5	101	352.997884822941	NA	78.02568445059217	0	1	0.996005996001	1.0000000000000036e-12	349.54455445544556	POOLED	AM
625031	635030	630030.5	112	351.97460347544353	0	77.8028548685339	0	1	0.996005996001	1.0000000000000036e-12	340.38392857142856	POOLED	AM
630031	640030	635030.5	79	350.997896806947	0	77.59016568925662	0	1	0.996005996001	1.0000000000000036e-12	336.7974683544304	POOLED	AM
635031	645030	640030.5	41	350.997896806947	0	77.59016568925662	0	1	0.996005996001	1.0000000000000036e-12	342.3170731707317	POOLED	AM
640031	650030	645030.5	57	349.99790279895	NA	77.37240369918166	0	1	0.996005996001	1.0000000000000036e-12	332.719298245614	POOLED	AM
645031	655030	650030.5	63	352.997884822941	5.1858621398108684e-8	78.02568445059217	0	1	0.996005996001	1.0000000000000036e-12	338.6825396825397	POOLED	AM
650031	660030	655030.5	64	350.997896806947	0	77.59016568925662	0	1	0.996005996001	1.0000000000000036e-12	338.484375	POOLED	AM
655031	665030	660030.5	63	349.99790279895	0	77.37240369918166	0	1	0.996005996001	1.0000000000000036e-12	335.3968253968254	POOLED	AM
660031	670030	665030.5	53	352.997884822941	40135.71346584102	78.02568445059217	0	1	0.996005996001	1.0000000000000036e-12	340.0566037735849	POOLED	AM
665031	675030	670030.5	35	349.99790279895	NA	77.37240369918166	0	1	0.996005996001	1.0000000000000036e-12	338.8	POOLED	AM
670031	680030	675030.5	11	349.99572244460643	NA	77.3719288961243	0	1	0.996005996001	1.0000000000000036e-12	287.27272727272725	POOLED	AM
675031	685030	680030.5	9	NA	NA	NA	0	1	0.996005996001	1.0000000000000036e-12	32.666666666666664	POOLED	AM
680031	690030	685030.5	7	NA	NA	NA	0	1	0.996005996001	1.0000000000000036e-12	35.142857142857146	POOLED	AM
685031	695030	690030.5	0	NA	NA	NA	NA	NA	NA	NA	NA	POOLED	AM
690031	700030	695030.5	0	NA	NA	NA	NA	NA	NA	NA	NA	POOLED	AM
695031	705030	700030.5	0	NA	NA	NA	NA	NA	NA	NA	NA	POOLED	AM
700031	710030	705030.5	16	355.4978698429335	0	78.57007300524555	0	1	0.996005996001	1.0000000000000036e-12	319.25	POOLED	AM
705031	715030	710030.5	62	351.99789081494396	0	77.8079250699244	0	1	0.996005996001	1.0000000000000036e-12	334.96774193548384	POOLED	AM
710031	720030	715030.5	107	348.997908790953	0	77.15463995630556	0	1	0.996005996001	1.0000000000000036e-12	340.85981308411215	POOLED	AM
715031	725030	720030.5	99	347.997914782956	0	76.93687445062517	0	1	0.996005996001	1.0000000000000036e-12	340.32323232323233	POOLED	AM
720031	730030	725030.5	77	348.4979117869545	0	77.04575720346537	0	1	0.996005996001	1.0000000000000036e-12	342.7012987012987	POOLED	AM
725031	735030	730030.5	74	350.997896806947	0	77.59016568925662	0	1	0.996005996001	1.0000000000000036e-12	348.05405405405406	POOLED	AM
730031	740030	735030.5	66	350.997896806947	0	77.59016568925662	0	1	0.996005996001	1.0000000000000036e-12	344.969696969697	POOLED	AM
735031	745030	740030.5	71	350.997896806947	0	77.59016568925662	0	1	0.996005996001	1.0000000000000036e-12	343.22535211267603	POOLED	AM
740031	750030	745030.5	77	351.49789381094547	0	77.69904581285266	0	1	0.996005996001	1.0000000000000036e-12	343.1818181818182	POOLED	AM
745031	755030	750030.5	72	351.49789381094547	401084.7945762063	77.69904581285266	0	1	0.996005996001	1.0000000000000036e-12	336.59722222222223	POOLED	AM
750031	760030	755030.5	75	349.4979057949515	0	77.2635218277436	0	1	0.996005996001	1.0000000000000036e-12	335.06666666666666	POOLED	AM
755031	765030	760030.5	93	344.997932758965	0	76.28356725543244	0	1	0.996005996001	1.0000000000000036e-12	334.2903225806452	POOLED	AM
760031	770030	765030.5	92	344.997932758965	0	76.28356725543244	0	1	0.996005996001	1.0000000000000036e-12	330.45652173913044	POOLED	AM
765031	775030	770030.5	102	348.995710211433	0	77.15416118059304	0	1	0.996005996001	1.0000000000000036e-12	331.9901960784314	POOLED	AM
770031	780030	775030.5	98	348.995710211433	0	77.15416118059304	0	1	0.996005996001	1.0000000000000036e-12	335.1020408163265	POOLED	AM
775031	785030	780030.5	58	348.997908790953	NA	77.15463995630556	0	1	0.996005996001	1.0000000000000036e-12	340.2758620689655	POOLED	AM
780031	790030	785030.5	70	349.4979057949515	NA	77.2635218277436	0	1	0.996005996001	1.0000000000000036e-12	333.4428571428571	POOLED	AM
785031	795030	790030.5	87	348.997908790953	0	77.15463995630556	0	1	0.996005996001	1.0000000000000036e-12	329.2068965517241	POOLED	AM
790031	800030	795030.5	67	349.99790279895	0	77.37240369918166	0	1	0.996005996001	1.0000000000000036e-12	329.35820895522386	POOLED	AM
795031	805030	800030.5	70	348.997908790953	0	77.15463995630556	0	1	0.996005996001	1.0000000000000036e-12	327.4142857142857	POOLED	AM
800031	810030	805030.5	66	349.99790279895	0	77.37240369918166	0	1	0.996005996001	1.0000000000000036e-12	332.24242424242425	POOLED	AM
805031	815030	810030.5	34	352.997884822941	NA	78.02568445059217	0	1	0.996005996001	1.0000000000000036e-12	320.47058823529414	POOLED	AM
810031	820030	815030.5	91	346.997920774959	0	76.71910717205144	0	1	0.996005996001	1.0000000000000036e-12	313.85714285714283	POOLED	AM
815031	825030	820030.5	109	347.997914782956	0	76.93687445062517	0	1	0.996005996001	1.0000000000000036e-12	326.54128440366975	POOLED	AM
820031	830030	825030.5	62	350.997896806947	NA	77.59016568925662	0	1	0.996005996001	1.0000000000000036e-12	344.8709677419355	POOLED	AM
825031	835030	830030.5	77	350.997896806947	0	77.59016481781518	0	1	0.996005996001	1.0000000000000036e-12	341.2207792207792	POOLED	AM
830031	840030	835030.5	78	351.997890814944	0	77.80792593644868	0	1	0.996005996001	1.0000000000000036e-12	341.05128205128204	POOLED	AM
835031	845030	840030.5	84	349.4979057949515	0	77.2635218277436	0	1	0.996005996001	1.0000000000000036e-12	334.48809523809524	POOLED	AM
840031	850030	845030.5	91	350.997896806947	0	77.59016568925662	0	1	0.996005996001	1.0000000000000036e-12	339.6043956043956	POOLED	AM
845031	855030	850030.5	85	350.997896806947	8.171883682652532e-8	77.59016568925662	0	1	0.996005996001	1.0000000000000036e-12	343.4823529411765	POOLED	AM
850031	860030	855030.5	94	345.997926766962	0	76.50133811040844	0	1	0.996005996001	1.0000000000000036e-12	326.27659574468083	POOLED	AM
855031	865030	860030.5	107	347.4979177789575	0	76.82799081133831	0	1	0.996005996001	1.0000000000000036e-12	332.4766355140187	POOLED	AM
860031	870030	865030.5	118	346.997920774959	0	76.71910717205144	0	1	0.996005996001	1.0000000000000036e-12	338.02542372881356	POOLED	AM
865031	875030	870030.5	131	347.997914782956	0	76.93687445062517	0	1	0.996005996001	1.0000000000000036e-12	333.31297709923666	POOLED	AM
870031	880030	875030.5	100	351.997890814944	0.014152334115779402	77.80792593644868	0	1	0.996005996001	1.0000000000000036e-12	338.54	POOLED	AM
875031	885030	880030.5	50	352.9957587290552	3.1111576831623636e-7	78.025221474604	0	1	0.996005996001	1.0000000000000036e-12	309.5	POOLED	AM
880031	890030	885030.5	29	351.997890814944	3.1111576831623636e-7	77.80792593644868	0	1	0.996005996001	1.0000000000000036e-12	243.89655172413794	POOLED	AM
885031	895030	890030.5	44	346.997920774959	NA	76.71910717205144	0	1	0.996005996001	1.0000000000000036e-12	319.34090909090907	POOLED	AM
890031	900030	895030.5	66	346.997920774959	0	76.71910717205144	0	1	0.996005996001	1.0000000000000036e-12	319.42424242424244	POOLED	AM
895031	905030	900030.5	39	342.997944742971	0	75.84802012398085	0	1	0.996005996001	1.0000000000000036e-12	255.28205128205127	POOLED	AM
900031	910030	905030.5	26	340.997956726977	3.573847937997007e-8	75.41246569379021	0	1	0.996005996001	1.0000000000000036e-12	160.6153846153846	POOLED	AM
905031	915030	910030.5	55	346.997920774959	1.8171262825563092e-8	76.71910717205144	0	1	0.996005996001	1.0000000000000036e-12	285.3272727272727	POOLED	AM
910031	920030	915030.5	86	348.997908790953	0	77.15463995630556	0	1	0.996005996001	1.0000000000000036e-12	334.8488372093023	POOLED	AM
915031	925030	920030.5	88	349.4968156177797	0	77.26328442621494	0	1	0.996005996001	1.0000000000000036e-12	338.8863636363636	POOLED	AM
920031	930030	925030.5	107	349.99790279895	0	77.37240369918166	0	1	0.996005996001	1.0000000000000036e-12	341.29906542056074	POOLED	AM
925031	935030	930030.5	119	349.99790279895	0	77.37240369918166	0	1	0.996005996001	1.0000000000000036e-12	340.453781512605	POOLED	AM
930031	940030	935030.5	94	351.997890814944	0	77.80792593644868	0	1	0.996005996001	1.0000000000000036e-12	344.5425531914894	POOLED	AM
935031	945030	940030.5	97	352.997884822941	NA	78.02568445059217	0	1	0.996005996001	1.0000000000000036e-12	345.680412371134	POOLED	AM
940031	950030	945030.5	99	350.997896806947	0	77.59016568925662	0	1	0.996005996001	1.0000000000000036e-12	343.3838383838384	POOLED	AM
945031	955030	950030.5	71	351.997890814944	0	77.80792593644868	0	1	0.996005996001	1.0000000000000036e-12	339.28169014084506	POOLED	AM
950031	960030	955030.5	73	349.99790279895	0	77.37240369918166	0	1	0.996005996001	1.0000000000000036e-12	328.16438356164383	POOLED	AM
955031	965030	960030.5	66	349.99790279895	NA	77.37240369918166	0	1	0.996005996001	1.0000000000000036e-12	315.1666666666667	POOLED	AM
960031	970030	965030.5	62	351.997890814944	NA	77.80792593644868	0	1	0.996005996001	1.0000000000000036e-12	303.83870967741933	POOLED	AM
965031	975030	970030.5	57	348.997908790953	NA	77.15463995630556	0	1	0.996005996001	1.0000000000000036e-12	289.280701754386	POOLED	AM
970031	980030	975030.5	53	350.997896806947	NA	77.59016568925662	0	1	0.996005996001	1.0000000000000036e-12	316.66037735849056	POOLED	AM
975031	985030	980030.5	81	350.997896806947	0	77.59016568925662	0	1	0.996005996001	1.0000000000000036e-12	337.9259259259259	POOLED	AM
980031	990030	985030.5	65	350.4978998029485	0	77.48128469421914	0	1	0.996005996001	1.0000000000000036e-12	333.03076923076924	POOLED	AM
985031	995030	990030.5	67	349.99790279895	0	77.37240369918166	0	1	0.996005996001	1.0000000000000036e-12	336.8805970149254	POOLED	AM
990031	1000030	995030.5	78	349.99790279895	0	77.37240369918166	0	1	0.996005996001	1.0000000000000036e-12	333.70512820512823	POOLED	AM
995031	1005030	1000030.5	84	346.997920774959	0	76.71910717205144	0	1	0.996005996001	1.0000000000000036e-12	329.48809523809524	POOLED	AM
1000031	1010030	1005030.5	112	348.997908790953	0	77.15463995630556	0	1	0.996005996001	1.0000000000000036e-12	337.88392857142856	POOLED	AM
1005031	1015030	1010030.5	116	351.99045492886466	NA	77.80630669271513	0	1	0.996005996001	1.0000000000000036e-12	346.13793103448273	POOLED	AM
1010031	1020030	1015030.5	123	351.997890814944	0	77.80792593644868	0	1	0.996005996001	1.0000000000000036e-12	346.9349593495935	POOLED	AM
1015031	1025030	1020030.5	92	350.997896806947	0	77.59016568925662	0	1	0.996005996001	1.0000000000000036e-12	343.5	POOLED	AM
1020031	1030030	1025030.5	59	350.997896806947	0.003089167325423131	77.59016568925662	0	1	0.996005996001	1.0000000000000036e-12	338.8135593220339	POOLED	AM
1025031	1035030	1030030.5	64	348.4979117869545	0.0015445836627115655	77.04575720346537	0	1	0.996005996001	1.0000000000000036e-12	296.984375	POOLED	AM
1030031	1040030	1035030.5	108	346.997920774959	0	76.71910717205144	0	1	0.996005996001	1.0000000000000036e-12	311.06481481481484	POOLED	AM
1035031	1045030	1040030.5	134	349.99790279895	0	77.37240369918166	0	1	0.996005996001	1.0000000000000036e-12	336.9925373134328	POOLED	AM
1040031	1050030	1045030.5	133	349.99790279895	0	77.37240369918166	0	1	0.996005996001	1.0000000000000036e-12	341.38345864661653	POOLED	AM
1045031	1055030	1050030.5	122	350.997896806947	0	77.59016568925662	0	1	0.996005996001	1.0000000000000036e-12	341.61475409836066	POOLED	AM
1050031	1060030	1055030.5	95	349.4968156177797	0	77.26328442621494	0	1	0.996005996001	1.0000000000000036e-12	335.86315789473684	POOLED	AM
1055031	1065030	1060030.5	94	350.98614531205044	0	77.58760585458103	0	1	0.996005996001	1.0000000000000036e-12	340.1914893617021	POOLED	AM
1060031	1070030	1065030.5	71	351.997890814944	0	77.80792593644868	0	1	0.996005996001	1.0000000000000036e-12	346.6619718309859	POOLED	AM
1065031	1075030	1070030.5	68	349.99790279895	0	77.37240369918166	0	1	0.996005996001	1.0000000000000036e-12	342.4852941176471	POOLED	AM
1070031	1080030	1075030.5	102	346.997920774959	0	76.71910717205144	0	1	0.996005996001	1.0000000000000036e-12	335.1862745098039	POOLED	AM
1075031	1085030	1080030.5	109	347.997914782956	0	76.93687445062517	0	1	0.996005996001	1.0000000000000036e-12	334.60550458715596	POOLED	AM
1080031	1090030	1085030.5	98	349.99790279895	0	77.37240369918166	0	1	0.996005996001	1.0000000000000036e-12	339.8775510204082	POOLED	AM
1085031	1095030	1090030.5	110	350.997896806947	1.335943204348705e-11	77.59016568925662	0	1	0.996005996001	1.0000000000000036e-12	341.0272727272727	POOLED	AM
1090031	1100030	1095030.5	102	350.4968187035789	1.335943204348705e-11	77.48104927140014	0	1	0.996005996001	1.0000000000000036e-12	342.48039215686276	POOLED	AM
1095031	1105030	1100030.5	94	350.9968157075774	NA	77.58993026643762	0	1	0.996005996001	1.0000000000000036e-12	345.78723404255317	POOLED	AM
1100031	1110030	1105030.5	95	351.997890814944	NA	77.80792593644868	0	1	0.996005996001	1.0000000000000036e-12	347.85263157894735	POOLED	AM
1105031	1115030	1110030.5	79	349.99790279895	NA	77.37240369918166	0	1	0.996005996001	1.0000000000000036e-12	349.54430379746833	POOLED	AM
1110031	1120030	1115030.5	94	349.99790279895	0	77.37240369918166	0	1	0.996005996001	1.0000000000000036e-12	343.7659574468085	POOLED	AM
1115031	1125030	1120030.5	97	351.997890814944	0	77.80792593644868	0	1	0.996005996001	1.0000000000000036e-12	343.36082474226805	POOLED	AM
1120031	1130030	1125030.5	114	350.997896806947	NA	77.59016568925662	0	1	0.996005996001	1.0000000000000036e-12	342.9736842105263	POOLED	AM
1125031	1135030	1130030.5	161	350.997896806947	2.0251737563222905e-8	77.59016568925662	0	1	0.996005996001	1.0000000000000036e-12	343.93167701863354	POOLED	AM
1130031	1140030	1135030.5	147	351.997890814944	2.0251737563222905e-8	77.80792593644868	0	1	0.996005996001	1.0000000000000036e-12	344.70068027210885	POOLED	AM
1135031	1145030	1140030.5	120	351.49789381094547	0.003808072041272177	77.69904581285266	0	1	0.996005996001	1.0000000000000036e-12	338.55	POOLED	AM
1140031	1150030	1145030.5	107	348.9858525507599	0.003808072041272177	77.15201451785015	0	1	0.996005996001	1.0000000000000036e-12	338.8878504672897	POOLED	AM
1145031	1155030	1150030.5	98	345.4979297629635	0	76.39245268292044	0	1	0.996005996001	1.0000000000000036e-12	325.5204081632653	POOLED	AM
1150031	1160030	1155030.5	97	349.99790279895	0	77.37240369918166	0	1	0.996005996001	1.0000000000000036e-12	320.9381443298969	POOLED	AM
1155031	1165030	1160030.5	98	348.997908790953	NA	77.15463995630556	0	1	0.996005996001	1.0000000000000036e-12	335.07142857142856	POOLED	AM
1160031	1170030	1165030.5	109	347.997914782956	0	76.93687445062517	0	1	0.996005996001	1.0000000000000036e-12	339.29357798165137	POOLED	AM
1165031	1175030	1170030.5	123	349.99790279895	0	77.37240369918166	0	1	0.996005996001	1.0000000000000036e-12	337.7560975609756	POOLED	AM
1170031	1180030	1175030.5	108	351.997890814944	0	77.80792593644868	0	1	0.996005996001	1.0000000000000036e-12	338.3796296296296	POOLED	AM
1175031	1185030	1180030.5	85	351.997890814944	1.1302505612953355e-6	77.80792593644868	0	1	0.996005996001	1.0000000000000036e-12	254.01176470588234	POOLED	AM
1180031	1190030	1185030.5	59	330.998016647007	1.1302505612953355e-6	73.23458101999188	0	1	0.996005996001	1.0000000000000036e-12	143.72881355932202	POOLED	AM
1185031	1195030	1190030.5	62	346.4979237709605	3.698493000968823	76.61021727653815	0	1	0.996005996001	1.0000000000000036e-12	158.16129032258064	POOLED	AM
1190031	1200030	1195030.5	90	347.997914782956	1.8492465013978452	76.93687445062517	0	1	0.996005996001	1.0000000000000036e-12	259.2888888888889	POOLED	AM
1195031	1205030	1200030.5	110	346.997920774959	1.8268677434615122e-9	76.71910717205144	0	1	0.996005996001	1.0000000000000036e-12	341.8090909090909	POOLED	AM
1200031	1210030	1205030.5	132	349.99790279895	0	77.37240369918166	0	1	0.996005996001	1.0000000000000036e-12	342.8333333333333	POOLED	AM
1205031	1215030	1210030.5	113	350.997896806947	0	77.59016568925662	0	1	0.996005996001	1.0000000000000036e-12	343.2654867256637	POOLED	AM
1210031	1220030	1215030.5	72	349.99682169958044	0	77.3721673999621	0	1	0.996005996001	1.0000000000000036e-12	342.59722222222223	POOLED	AM
1215031	1225030	1220030.5	81	350.997896806947	0	77.59016568925662	0	1	0.996005996001	1.0000000000000036e-12	343.8888888888889	POOLED	AM
1220031	1230030	1225030.5	103	348.997908790953	0	77.15463995630556	0	1	0.996005996001	1.0000000000000036e-12	343.3203883495146	POOLED	AM
1225031	1235030	1230030.5	89	348.997908790953	0	77.15463995630556	0	1	0.996005996001	1.0000000000000036e-12	342.12359550561797	POOLED	AM
1230031	1240030	1235030.5	89	348.997908790953	NA	77.15463995630556	0	1	0.996005996001	1.0000000000000036e-12	345.4831460674157	POOLED	AM
1235031	1245030	1240030.5	111	348.997908790953	3.185230604435676e-10	77.15463995630556	0	1	0.996005996001	1.0000000000000036e-12	343.0990990990991	POOLED	AM
1240031	1250030	1245030.5	128	348.997908790953	3.185230604435676e-10	77.15463995630556	0	1	0.996005996001	1.0000000000000036e-12	340.078125	POOLED	AM
1245031	1255030	1250030.5	121	350.997896806947	0	77.59016568925662	0	1	0.996005996001	1.0000000000000036e-12	339.5702479338843	POOLED	AM
1250031	1260030	1255030.5	131	350.997896806947	0	77.59016568925662	0	1	0.996005996001	1.0000000000000036e-12	341.48854961832063	POOLED	AM
1255031	1265030	1260030.5	110	352.4978878189425	0	77.91680519352042	0	1	0.996005996001	1.0000000000000036e-12	345.4818181818182	POOLED	AM
1260031	1270030	1265030.5	110	354.997872838935	0	78.46119631865648	0	1	0.996005996001	1.0000000000000036e-12	348.4909090909091	POOLED	AM
1265031	1275030	1270030.5	144	352.997884822941	0	78.02568445059217	0	1	0.996005996001	1.0000000000000036e-12	345.11805555555554	POOLED	AM
1270031	1280030	1275030.5	138	350.4978998029485	0	77.48128469421914	0	1	0.996005996001	1.0000000000000036e-12	344.1231884057971	POOLED	AM
1275031	1285030	1280030.5	134	348.997908790953	0	77.15463995630556	0	1	0.996005996001	1.0000000000000036e-12	341.14179104477614	POOLED	AM
1280031	1290030	1285030.5	100	348.997908790953	2.3516323274451916e-5	77.15463995630556	0	1	0.996005996001	1.0000000000000036e-12	337.19	POOLED	AM
1285031	1295030	1290030.5	82	351.997890814944	2.3516323274451916e-5	77.80792593644868	0	1	0.996005996001	1.0000000000000036e-12	343.1951219512195	POOLED	AM
1290031	1300030	1295030.5	104	351.997890814944	0	77.80792593644868	0	1	0.996005996001	1.0000000000000036e-12	343.4807692307692	POOLED	AM
1295031	1305030	1300030.5	99	350.997896806947	0	77.59016568925662	0	1	0.996005996001	1.0000000000000036e-12	342.3030303030303	POOLED	AM
1300031	1310030	1305030.5	83	350.997896806947	0	77.59016568925662	0	1	0.996005996001	1.0000000000000036e-12	346.56626506024094	POOLED	AM
1305031	1315030	1310030.5	71	352.997884822941	NA	78.02568445059217	0	1	0.996005996001	1.0000000000000036e-12	350.7042253521127	POOLED	AM
1310031	1320030	1315030.5	66	354.997872838935	55.102883344673316	78.46119631865648	0	1	0.996005996001	1.0000000000000036e-12	349.2121212121212	POOLED	AM
1315031	1325030	1320030.5	94	350.4978998029485	55.102883344673316	77.48128469421914	0	1	0.996005996001	1.0000000000000036e-12	346.06382978723406	POOLED	AM
1320031	1330030	1325030.5	105	351.997890814944	NA	77.80792593644868	0	1	0.996005996001	1.0000000000000036e-12	346.76190476190476	POOLED	AM
1325031	1335030	1330030.5	93	351.997890814944	28.965594876924744	77.80792593644868	0	1	0.996005996001	1.0000000000000036e-12	343.68817204301075	POOLED	AM
1330031	1340030	1335030.5	79	351.997890814944	0	77.80792593644868	0	1	0.996005996001	1.0000000000000036e-12	339.49367088607596	POOLED	AM
1335031	1345030	1340030.5	93	349.99790279895	0	77.37240369918166	0	1	0.996005996001	1.0000000000000036e-12	332.6236559139785	POOLED	AM
1340031	1350030	1345030.5	102	349.4979057949515	0	77.2635218277436	0	1	0.996005996001	1.0000000000000036e-12	335.7647058823529	POOLED	AM
1345031	1355030	1350030.5	68	352.997884822941	0	78.02568445059217	0	1	0.996005996001	1.0000000000000036e-12	346.11764705882354	POOLED	AM
1350031	1360030	1355030.5	55	353.997878830938	NA	78.24344124143836	0	1	0.996005996001	1.0000000000000036e-12	350.8363636363636	POOLED	AM
1355031	1365030	1360030.5	79	350.997896806947	0	77.59016568925662	0	1	0.996005996001	1.0000000000000036e-12	342.7848101265823	POOLED	AM
1360031	1370030	1365030.5	72	348.9968186137812	0	77.15440167337474	0	1	0.996005996001	1.0000000000000036e-12	338.375	POOLED	AM
1365031	1375030	1370030.5	54	353.997878830938	NA	78.24344124143836	0	1	0.996005996001	1.0000000000000036e-12	348.27777777777777	POOLED	AM
1370031	1380030	1375030.5	77	352.997884822941	0	78.02568445059217	0	1	0.996005996001	1.0000000000000036e-12	333.2597402597403	POOLED	AM
1375031	1385030	1380030.5	104	350.997896806947	0	77.59016568925662	0	1	0.996005996001	1.0000000000000036e-12	331.25961538461536	POOLED	AM
1380031	1390030	1385030.5	105	351.997890814944	0	77.80792593644868	0	1	0.996005996001	1.0000000000000036e-12	340.74285714285713	POOLED	AM
1385031	1395030	1390030.5	101	352.997884822941	10.48412789366648	78.02568445059217	0	1	0.996005996001	1.0000000000000036e-12	344.1980198019802	POOLED	AM
1390031	1400030	1395030.5	109	352.4978878189425	0	77.91680519352042	0	1	0.996005996001	1.0000000000000036e-12	343.64220183486236	POOLED	AM
1395031	1405030	1400030.5	96	350.997896806947	0	77.59016568925662	0	1	0.996005996001	1.0000000000000036e-12	343.5520833333333	POOLED	AM
1400031	1410030	1405030.5	83	349.99790279895	NA	77.37240369918166	0	1	0.996005996001	1.0000000000000036e-12	345.4096385542169	POOLED	AM
1405031	1415030	1410030.5	82	350.4978998029485	NA	77.48128469421914	0	1	0.996005996001	1.0000000000000036e-12	344.1707317073171	POOLED	AM
1410031	1420030	1415030.5	101	352.997884822941	3.531123164881194e-8	78.02568445059217	0	1	0.996005996001	1.0000000000000036e-12	344.3267326732673	POOLED	AM
1415031	1425030	1420030.5	119	352.997884822941	0	78.02568445059217	0	1	0.996005996001	1.0000000000000036e-12	345.0840336134454	POOLED	AM
1420031	1430030	1425030.5	115	350.997896806947	0	77.59016568925662	0	1	0.996005996001	1.0000000000000036e-12	341.4695652173913	POOLED	AM
1425031	1435030	1430030.5	94	351.997890814944	NA	77.80792593644868	0	1	0.996005996001	1.0000000000000036e-12	340.6914893617021	POOLED	AM
1430031	1440030	1435030.5	73	352.997884822941	NA	78.02568445059217	0	1	0.996005996001	1.0000000000000036e-12	341.3835616438356	POOLED	AM
1435031	1445030	1440030.5	73	352.997884822941	39.71084337349395	78.02568445059217	0	1	0.996005996001	1.0000000000000036e-12	342.52054794520546	POOLED	AM
1440031	1450030	1445030.5	59	353.99049301221385	39.71084337349395	78.24183292591155	0	1	0.996005996001	1.0000000000000036e-12	347.8135593220339	POOLED	AM
1445031	1455030	1450030.5	61	352.997884822941	1.1837107539702903e-7	78.02568445059217	0	1	0.996005996001	1.0000000000000036e-12	346.59016393442624	POOLED	AM
1450031	1460030	1455030.5	88	353.997878830938	3.1764396316131164e-9	78.24344124143836	0	1	0.996005996001	1.0000000000000036e-12	347.4431818181818	POOLED	AM
1455031	1465030	1460030.5	106	352.997884822941	1.5882198158065582e-9	78.02568445059217	0	1	0.996005996001	1.0000000000000036e-12	347.811320754717	POOLED	AM
1460031	1470030	1465030.5	86	351.49789381094547	NA	77.69904581285266	0	1	0.996005996001	1.0000000000000036e-12	346.6046511627907	POOLED	AM
1465031	1475030	1470030.5	74	353.997878830938	NA	78.24344124143836	0	1	0.996005996001	1.0000000000000036e-12	348.2567567567568	POOLED	AM
1470031	1480030	1475030.5	78	353.997878830938	NA	78.24344124143836	0	1	0.996005996001	1.0000000000000036e-12	347.29487179487177	POOLED	AM
1475031	1485030	1480030.5	78	349.99790279895	0	77.37240369918166	0	1	0.996005996001	1.0000000000000036e-12	337.9230769230769	POOLED	AM
1480031	1490030	1485030.5	85	349.99790279895	0	77.37240369918166	0	1	0.996005996001	1.0000000000000036e-12	339.5529411764706	POOLED	AM
1485031	1495030	1490030.5	73	350.997896806947	NA	77.59016568925662	0	1	0.996005996001	1.0000000000000036e-12	345.2328767123288	POOLED	AM
1490031	1500030	1495030.5	77	349.99790279895	0	77.37240369918166	0	1	0.996005996001	1.0000000000000036e-12	342.1168831168831	POOLED	AM
1495031	1505030	1500030.5	75	349.99790279895	0	77.37240369918166	0	1	0.996005996001	1.0000000000000036e-12	344.17333333333335	POOLED	AM
1500031	1510030	1505030.5	60	351.997890814944	0	77.80792593644868	0	1	0.996005996001	1.0000000000000036e-12	346.8833333333333	POOLED	AM
1505031	1515030	1510030.5	66	351.997890814944	0	77.80792593644868	0	1	0.996005996001	1.0000000000000036e-12	346.2121212121212	POOLED	AM
1510031	1520030	1515030.5	70	349.99790279895	0	77.37240369918166	0	1	0.996005996001	1.0000000000000036e-12	344.3857142857143	POOLED	AM
1515031	1525030	1520030.5	68	348.997908790953	0	77.15463995630556	0	1	0.996005996001	1.0000000000000036e-12	329.05882352941177	POOLED	AM
31	10030	5030.5	140	19.997084548104954	0	5.110360356121066	0	1	0.996005996001	1.0000000000000036e-12	20.75	AM1	AM
5031	15030	10030.5	118	15.502281613048932	0	4.083083936086856	0	1	0.996005996001	1.0000000000000036e-12	22.466101694915253	AM1	AM
10031	20030	15030.5	124	15.502281613048932	0	4.083083936086856	0	1	0.996005996001	1.0000000000000036e-12	22.233870967741936	AM1	AM
15031	25030	20030.5	89	15.012173652648926	0	3.9713479346899563	0	1	0.996005996001	1.0000000000000036e-12	22.44943820224719	AM1	AM
20031	30030	25030.5	77	15.012173652648926	0	3.9713479346899563	0	1	0.996005996001	1.0000000000000036e-12	22.636363636363637	AM1	AM
25031	35030	30030.5	108	NA	NA	NA	0	1	0.996005996001	1.0000000000000036e-12	22.89814814814815	AM1	AM
30031	40030	35030.5	117	NA	NA	NA	0	1	0.996005996001	1.0000000000000036e-12	22.957264957264957	AM1	AM
35031	45030	40030.5	78	NA	NA	NA	0	1	0.996005996001	1.0000000000000036e-12	22.794871794871796	AM1	AM
40031	50030	45030.5	80	NA	NA	NA	0	1	0.996005996001	1.0000000000000036e-12	22.625	AM1	AM
45031	55030	50030.5	108	23.939222547743057	NA	6.002502991613978	0	1	0.996005996001	1.0000000000000036e-12	22.88888888888889	AM1	AM
50031	60030	55030.5	110	18.14755988937892	0	4.689452801735544	0	1	0.996005996001	1.0000000000000036e-12	23.081818181818182	AM1	AM
55031	65030	60030.5	97	17.73914452802279	0	4.596215319331922	0	1	0.996005996001	1.0000000000000036e-12	22.824742268041238	AM1	AM
60031	70030	65030.5	96	NA	NA	NA	0	1	0.996005996001	1.0000000000000036e-12	22.770833333333332	AM1	AM
65031	75030	70030.5	122	NA	NA	NA	0	1	0.996005996001	1.0000000000000036e-12	22.87704918032787	AM1	AM
70031	80030	75030.5	123	NA	NA	NA	0	1	0.996005996001	1.0000000000000036e-12	22.869918699186993	AM1	AM
75031	85030	80030.5	90	20.930818756073858	NA	5.322236307746349	0	1	0.996005996001	1.0000000000000036e-12	22.877777777777776	AM1	AM
80031	90030	85030.5	86	20.930818756073858	NA	5.322236307746349	0	1	0.996005996001	1.0000000000000036e-12	22.837209302325583	AM1	AM
85031	95030	90030.5	106	NA	NA	NA	0	1	0.996005996001	1.0000000000000036e-12	21.849056603773583	AM1	AM
90031	100030	95030.5	129	NA	NA	NA	0	1	0.996005996001	1.0000000000000036e-12	21.51937984496124	AM1	AM
95031	105030	100030.5	164	NA	NA	NA	0	1	0.996005996001	1.0000000000000036e-12	21.804878048780488	AM1	AM
100031	110030	105030.5	134	NA	NA	NA	0	1	0.996005996001	1.0000000000000036e-12	22.149253731343283	AM1	AM
105031	115030	110030.5	88	12.686579641796797	8.289464392576461e-4	3.4338108638274316	0	1	0.996005996001	1.0000000000000036e-12	23.011363636363637	AM1	AM
110031	120030	115030.5	99	13.795270565847893	175.50041447321965	3.3350824903041403	0	1	0.996005996001	1.0000000000000036e-12	23.01010101010101	AM1	AM
115031	125030	120030.5	99	14.90396148989899	351.00000000000006	3.236354116780849	0	1	0.996005996001	1.0000000000000036e-12	23.03030303030303	AM1	AM
120031	130030	125030.5	67	22.936657557327198	NA	5.776171170429911	0	1	0.996005996001	1.0000000000000036e-12	23.044776119402986	AM1	AM
125031	135030	130030.5	88	22.936657557327198	NA	5.776171170429911	0	1	0.996005996001	1.0000000000000036e-12	22.943181818181817	AM1	AM
130031	140030	135030.5	118	NA	NA	NA	0	1	0.996005996001	1.0000000000000036e-12	22.033898305084747	AM1	AM
135031	145030	140030.5	96	NA	NA	NA	0	1	0.996005996001	1.0000000000000036e-12	22.020833333333332	AM1	AM
140031	150030	145030.5	138	22.936657557327198	NA	5.776171170429911	0	1	0.996005996001	1.0000000000000036e-12	23.217391304347824	AM1	AM
145031	155030	150030.5	214	19.204983537116966	0	4.926778516478693	0	1	0.996005996001	1.0000000000000036e-12	23.08411214953271	AM1	AM
150031	160030	155030.5	199	15.473309516906738	0	4.077385862527477	0	1	0.996005996001	1.0000000000000036e-12	22.894472361809044	AM1	AM
155031	165030	160030.5	131	NA	NA	NA	0	1	0.996005996001	1.0000000000000036e-12	22.72519083969466	AM1	AM
160031	170030	165030.5	95	NA	NA	NA	0	1	0.996005996001	1.0000000000000036e-12	22.642105263157895	AM1	AM
165031	175030	170030.5	87	12.759922977355487	NA	3.4508428261997093	0	1	0.996005996001	1.0000000000000036e-12	22.137931034482758	AM1	AM
170031	180030	175030.5	81	12.759922977355487	NA	3.4508428261997093	0	1	0.996005996001	1.0000000000000036e-12	22.19753086419753	AM1	AM
175031	185030	180030.5	94	11.737134375555453	1809.525837813247	3.2127855559693543	0	1	0.996005996001	1.0000000000000036e-12	22.319148936170212	AM1	AM
180031	190030	185030.5	112	11.737134375555453	1809.525837813247	3.2127855559693543	0	1	0.996005996001	1.0000000000000036e-12	22.544642857142858	AM1	AM
185031	195030	190030.5	101	NA	NA	NA	0	1	0.996005996001	1.0000000000000036e-12	23.06930693069307	AM1	AM
190031	200030	195030.5	80	NA	NA	NA	0	1	0.996005996001	1.0000000000000036e-12	23.125	AM1	AM
195031	205030	200030.5	113	NA	NA	NA	0	1	0.996005996001	1.0000000000000036e-12	22.460176991150444	AM1	AM
200031	210030	205030.5	114	21.853474904324756	NA	5.531234552261473	0	1	0.996005996001	1.0000000000000036e-12	22.140350877192983	AM1	AM
205031	215030	210030.5	91	21.853474904324756	NA	5.531234552261473	0	1	0.996005996001	1.0000000000000036e-12	22.582417582417584	AM1	AM
210031	220030	215030.5	103	NA	NA	NA	0	1	0.996005996001	1.0000000000000036e-12	22.932038834951456	AM1	AM
215031	225030	220030.5	109	18.136643823172133	106858.93278463637	4.686963271415527	0	1	0.996005996001	1.0000000000000036e-12	22.853211009174313	AM1	AM
220031	230030	225030.5	84	19.180003254107355	106858.93278463637	4.9243523359655885	0	1	0.996005996001	1.0000000000000036e-12	22.845238095238095	AM1	AM
225031	235030	230030.5	51	20.22336268504258	NA	5.161741400515649	0	1	0.996005996001	1.0000000000000036e-12	23.098039215686274	AM1	AM
230031	240030	235030.5	89	NA	NA	NA	0	1	0.996005996001	1.0000000000000036e-12	22.831460674157302	AM1	AM
235031	245030	240030.5	105	NA	NA	NA	0	1	0.996005996001	1.0000000000000036e-12	22.752380952380953	AM1	AM
240031	250030	245030.5	100	NA	NA	NA	0	1	0.996005996001	1.0000000000000036e-12	23.01	AM1	AM
245031	255030	250030.5	99	NA	NA	NA	0	1	0.996005996001	1.0000000000000036e-12	23.07070707070707	AM1	AM
250031	260030	255030.5	98	NA	NA	NA	0	1	0.996005996001	1.0000000000000036e-12	22.908163265306122	AM1	AM
255031	265030	260030.5	104	21.853474904324756	NA	5.531234552261473	0	1	0.996005996001	1.0000000000000036e-12	22.701923076923077	AM1	AM
260031	270030	265030.5	87	21.853474904324756	NA	5.531234552261473	0	1	0.996005996001	1.0000000000000036e-12	22.57471264367816	AM1	AM
265031	275030	270030.5	80	18.451893365053053	0	4.758833128565428	0	1	0.996005996001	1.0000000000000036e-12	22.8625	AM1	AM
270031	280030	275030.5	82	18.451893365053053	0	4.758833128565428	0	1	0.996005996001	1.0000000000000036e-12	23.048780487804876	AM1	AM
275031	285030	280030.5	87	NA	NA	NA	0	1	0.996005996001	1.0000000000000036e-12	21.839080459770116	AM1	AM
280031	290030	285030.5	86	NA	NA	NA	0	1	0.996005996001	1.0000000000000036e-12	20.5	AM1	AM
285031	295030	290030.5	91	NA	NA	NA	0	1	0.996005996001	1.0000000000000036e-12	21.36263736263736	AM1	AM
290031	300030	295030.5	99	NA	NA	NA	0	1	0.996005996001	1.0000000000000036e-12	22.03030303030303	AM1	AM
295031	305030	300030.5	142	NA	NA	NA	0	1	0.996005996001	1.0000000000000036e-12	22.211267605633804	AM1	AM
300031	310030	305030.5	134	NA	NA	NA	0	1	0.996005996001	1.0000000000000036e-12	22.62686567164179	AM1	AM
305031	315030	310030.5	90	NA	NA	NA	0	1	0.996005996001	1.0000000000000036e-12	20.955555555555556	AM1	AM
310031	320030	315030.5	131	NA	NA	NA	0	1	0.996005996001	1.0000000000000036e-12	21.549618320610687	AM1	AM
315031	325030	320030.5	121	NA	NA	NA	0	1	0.996005996001	1.0000000000000036e-12	22.049586776859503	AM1	AM
320031	330030	325030.5	92	NA	NA	NA	0	1	0.996005996001	1.0000000000000036e-12	21.02173913043478	AM1	AM
325031	335030	330030.5	108	NA	NA	NA	0	1	0.996005996001	1.0000000000000036e-12	21.935185185185187	AM1	AM
330031	340030	335030.5	99	NA	NA	NA	0	1	0.996005996001	1.0000000000000036e-12	22.242424242424242	AM1	AM
335031	345030	340030.5	84	18.468449741028465	0	4.75933645084116	0	1	0.996005996001	1.0000000000000036e-12	22.345238095238095	AM1	AM
340031	350030	345030.5	67	18.468449741028465	0	4.75933645084116	0	1	0.996005996001	1.0000000000000036e-12	19.791044776119403	AM1	AM
345031	355030	350030.5	34	NA	NA	NA	0	1	0.996005996001	1.0000000000000036e-12	15.764705882352942	AM1	AM
350031	360030	355030.5	8	18.159343309082892	0	4.692140067593597	0	1	0.996005996001	1.0000000000000036e-12	15.375	AM1	AM
355031	365030	360030.5	7	18.159343309082892	0	4.692140067593597	0	1	0.996005996001	1.0000000000000036e-12	12.857142857142858	AM1	AM
360031	370030	365030.5	13	NA	NA	NA	0	1	0.996005996001	1.0000000000000036e-12	13.307692307692308	AM1	AM
365031	375030	370030.5	54	NA	NA	NA	0	1	0.996005996001	1.0000000000000036e-12	11.574074074074074	AM1	AM
370031	380030	375030.5	89	NA	NA	NA	0	1	0.996005996001	1.0000000000000036e-12	15.752808988764045	AM1	AM
375031	385030	380030.5	75	NA	NA	NA	0	1	0.996005996001	1.0000000000000036e-12	21.906666666666666	AM1	AM
380031	390030	385030.5	67	NA	NA	NA	0	1	0.996005996001	1.0000000000000036e-12	23.01492537313433	AM1	AM
385031	395030	390030.5	81	NA	NA	NA	0	1	0.996005996001	1.0000000000000036e-12	23.14814814814815	AM1	AM
390031	400030	395030.5	81	20.65972222222222	0	5.26076066158662	0	1	0.996005996001	1.0000000000000036e-12	22.80246913580247	AM1	AM
395031	405030	400030.5	80	20.65972222222222	0	5.26076066158662	0	1	0.996005996001	1.0000000000000036e-12	22.7125	AM1	AM
400031	410030	405030.5	99	NA	NA	NA	0	1	0.996005996001	1.0000000000000036e-12	22.737373737373737	AM1	AM
405031	415030	410030.5	87	18.402828400641493	0	4.747650962468147	0	1	0.996005996001	1.0000000000000036e-12	22.264367816091955	AM1	AM
410031	420030	415030.5	67	18.402828400641493	0	4.747650962468147	0	1	0.996005996001	1.0000000000000036e-12	21.865671641791046	AM1	AM
415031	425030	420030.5	78	NA	NA	NA	0	1	0.996005996001	1.0000000000000036e-12	22.256410256410255	AM1	AM
420031	430030	425030.5	91	NA	NA	NA	0	1	0.996005996001	1.0000000000000036e-12	22.626373626373628	AM1	AM
425031	435030	430030.5	96	NA	NA	NA	0	1	0.996005996001	1.0000000000000036e-12	22.416666666666668	AM1	AM
430031	440030	435030.5	96	NA	NA	NA	0	1	0.996005996001	1.0000000000000036e-12	22.760416666666668	AM1	AM
435031	445030	440030.5	93	18.548793669813385	NA	4.7809134310937464	0	1	0.996005996001	1.0000000000000036e-12	22.193548387096776	AM1	AM
440031	450030	445030.5	80	18.53942034194787	NA	4.778777762206845	0	1	0.996005996001	1.0000000000000036e-12	21.5625	AM1	AM
445031	455030	450030.5	75	18.530047014082356	NA	4.776642093319943	0	1	0.996005996001	1.0000000000000036e-12	22.613333333333333	AM1	AM
450031	460030	455030.5	96	NA	NA	NA	0	1	0.996005996001	1.0000000000000036e-12	23.041666666666668	AM1	AM
455031	465030	460030.5	93	NA	NA	NA	0	1	0.996005996001	1.0000000000000036e-12	21.870967741935484	AM1	AM
460031	470030	465030.5	97	NA	NA	NA	0	1	0.996005996001	1.0000000000000036e-12	21.835051546391753	AM1	AM
465031	475030	470030.5	85	NA	NA	NA	0	1	0.996005996001	1.0000000000000036e-12	22.96470588235294	AM1	AM
470031	480030	475030.5	61	15.849534348808625	1.0902619263712418e-4	4.163780920117855	0	1	0.996005996001	1.0000000000000036e-12	22.918032786885245	AM1	AM
475031	485030	480030.5	77	15.849534348808625	1.0902619263712418e-4	4.163780920117855	0	1	0.996005996001	1.0000000000000036e-12	22.948051948051948	AM1	AM
480031	490030	485030.5	54	NA	NA	NA	0	1	0.996005996001	1.0000000000000036e-12	23.01851851851852	AM1	AM
485031	495030	490030.5	40	NA	NA	NA	0	1	0.996005996001	1.0000000000000036e-12	23.05	AM1	AM
490031	500030	495030.5	54	NA	NA	NA	0	1	0.996005996001	1.0000000000000036e-12	22.85185185185185	AM1	AM
495031	505030	500030.5	65	NA	NA	NA	0	1	0.996005996001	1.0000000000000036e-12	22.353846153846153	AM1	AM
500031	510030	505030.5	74	NA	NA	NA	0	1	0.996005996001	1.0000000000000036e-12	22.64864864864865	AM1	AM
505031	515030	510030.5	83	NA	NA	NA	0	1	0.996005996001	1.0000000000000036e-12	22.253012048192772	AM1	AM
510031	520030	515030.5	77	20.595141126854806	0	5.245793266560425	0	1	0.996005996001	1.0000000000000036e-12	22.064935064935064	AM1	AM
515031	525030	520030.5	59	19.3906015625	0	4.972527926303158	0	1	0.996005996001	1.0000000000000036e-12	22.593220338983052	AM1	AM
520031	530030	525030.5	71	15.062805236816406	0	3.982717637248493	0	1	0.996005996001	1.0000000000000036e-12	20.929577464788732	AM1	AM
525031	535030	530030.5	76	15.910110473632812	NA	4.177681892346145	0	1	0.996005996001	1.0000000000000036e-12	19.81578947368421	AM1	AM
530031	540030	535030.5	72	NA	NA	NA	0	1	0.996005996001	1.0000000000000036e-12	19.65277777777778	AM1	AM
535031	545030	540030.5	82	NA	NA	NA	0	1	0.996005996001	1.0000000000000036e-12	19.670731707317074	AM1	AM
540031	550030	545030.5	97	NA	NA	NA	0	1	0.996005996001	1.0000000000000036e-12	21.175257731958762	AM1	AM
545031	555030	550030.5	95	15.614310009718173	0	4.108693451334851	0	1	0.996005996001	1.0000000000000036e-12	22.357894736842105	AM1	AM
550031	560030	555030.5	63	15.614310009718173	0	4.108693451334851	0	1	0.996005996001	1.0000000000000036e-12	22.61904761904762	AM1	AM
555031	565030	560030.5	46	NA	NA	NA	0	1	0.996005996001	1.0000000000000036e-12	22.76086956521739	AM1	AM
560031	570030	565030.5	73	NA	NA	NA	0	1	0.996005996001	1.0000000000000036e-12	22.561643835616437	AM1	AM
565031	575030	570030.5	109	14.634666666666668	NA	3.884416280825317	0	1	0.996005996001	1.0000000000000036e-12	21.96330275229358	AM1	AM
570031	580030	575030.5	102	14.634666666666668	NA	3.884416280825317	0	1	0.996005996001	1.0000000000000036e-12	21.862745098039216	AM1	AM
575031	585030	580030.5	67	14.344032845267161	0	3.810953439553965	0	1	0.996005996001	1.0000000000000036e-12	22.44776119402985	AM1	AM
580031	590030	585030.5	70	14.344032845267161	0	3.810953439553965	0	1	0.996005996001	1.0000000000000036e-12	22.17142857142857	AM1	AM
585031	595030	590030.5	79	18.923795378335036	NA	4.866317013194563	0	1	0.996005996001	1.0000000000000036e-12	21.696202531645568	AM1	AM
590031	600030	595030.5	71	18.421758157274517	NA	4.751897403578846	0	1	0.996005996001	1.0000000000000036e-12	21.760563380281692	AM1	AM
595031	605030	600030.5	86	15.339821956784741	NA	4.044160310081419	0	1	0.996005996001	1.0000000000000036e-12	22.58139534883721	AM1	AM
600031	610030	605030.5	114	11.815841466138298	NA	3.2306037515063046	0	1	0.996005996001	1.0000000000000036e-12	22.12280701754386	AM1	AM
605031	615030	610030.5	118	10.871759954921112	NA	3.0103646768129004	0	1	0.996005996001	1.0000000000000036e-12	22.110169491525422	AM1	AM
610031	620030	615030.5	107	NA	NA	NA	0	1	0.996005996001	1.0000000000000036e-12	22.962616822429908	AM1	AM
615031	625030	620030.5	100	NA	NA	NA	0	1	0.996005996001	1.0000000000000036e-12	23.14	AM1	AM
620031	630030	625030.5	101	NA	NA	NA	0	1	0.996005996001	1.0000000000000036e-12	22.99009900990099	AM1	AM
625031	635030	630030.5	112	19.3906015625	0	4.972527926303158	0	1	0.996005996001	1.0000000000000036e-12	22.098214285714285	AM1	AM
630031	640030	635030.5	79	19.3906015625	0	4.972527926303158	0	1	0.996005996001	1.0000000000000036e-12	21.759493670886076	AM1	AM
635031	645030	640030.5	41	NA	NA	NA	0	1	0.996005996001	1.0000000000000036e-12	22.658536585365855	AM1	AM
640031	650030	645030.5	57	NA	NA	NA	0	1	0.996005996001	1.0000000000000036e-12	21.035087719298247	AM1	AM
645031	655030	650030.5	63	NA	NA	NA	0	1	0.996005996001	1.0000000000000036e-12	21.428571428571427	AM1	AM
650031	660030	655030.5	64	15.159282877604166	0	4.005104977238654	0	1	0.996005996001	1.0000000000000036e-12	22.140625	AM1	AM
655031	665030	660030.5	63	15.637451171875	0	4.115091500400337	0	1	0.996005996001	1.0000000000000036e-12	22.063492063492063	AM1	AM
660031	670030	665030.5	53	15.840792655944824	0	4.161774666550539	0	1	0.996005996001	1.0000000000000036e-12	22.58490566037736	AM1	AM
665031	675030	670030.5	35	NA	NA	NA	0	1	0.996005996001	1.0000000000000036e-12	22.514285714285716	AM1	AM
670031	680030	675030.5	11	NA	NA	NA	0	1	0.996005996001	1.0000000000000036e-12	18.636363636363637	AM1	AM
675031	685030	680030.5	9	NA	NA	NA	NA	NA	NA	NA	0	AM1	AM
680031	690030	685030.5	7	NA	NA	NA	NA	NA	NA	NA	0	AM1	AM
685031	695030	690030.5	0	NA	NA	NA	NA	NA	NA	NA	NA	AM1	AM
690031	700030	695030.5	0	NA	NA	NA	NA	NA	NA	NA	NA	AM1	AM
695031	705030	700030.5	0	NA	NA	NA	NA	NA	NA	NA	NA	AM1	AM
700031	710030	705030.5	16	NA	NA	NA	0	1	0.996005996001	1.0000000000000036e-12	21.0625	AM1	AM
705031	715030	710030.5	62	42.129312440887325	10.097737643876343	9.148263959727691	0	1	0.996005996001	1.0000000000000036e-12	22.193548387096776	AM1	AM
710031	720030	715030.5	107	42.129312440887325	10.097737643876343	9.148263959727691	0	1	0.996005996001	1.0000000000000036e-12	22.49532710280374	AM1	AM
715031	725030	720030.5	99	9.69530078125	NA	2.7334394352473406	0	1	0.996005996001	1.0000000000000036e-12	22.454545454545453	AM1	AM
720031	730030	725030.5	77	16.63695647232212	0	4.335415304048453	0	1	0.996005996001	1.0000000000000036e-12	22.545454545454547	AM1	AM
725031	735030	730030.5	74	21.74772954721544	0	5.507298746878849	0	1	0.996005996001	1.0000000000000036e-12	22.864864864864863	AM1	AM
730031	740030	735030.5	66	NA	NA	NA	0	1	0.996005996001	1.0000000000000036e-12	22.96969696969697	AM1	AM
735031	745030	740030.5	71	NA	NA	NA	0	1	0.996005996001	1.0000000000000036e-12	22.816901408450704	AM1	AM
740031	750030	745030.5	77	NA	NA	NA	0	1	0.996005996001	1.0000000000000036e-12	22.662337662337663	AM1	AM
745031	755030	750030.5	72	NA	NA	NA	0	1	0.996005996001	1.0000000000000036e-12	22.01388888888889	AM1	AM
750031	760030	755030.5	75	NA	NA	NA	0	1	0.996005996001	1.0000000000000036e-12	22.133333333333333	AM1	AM
755031	765030	760030.5	93	16.91518674944026	NA	4.407960931748277	0	1	0.996005996001	1.0000000000000036e-12	22.301075268817204	AM1	AM
760031	770030	765030.5	92	16.91518674944026	0	4.407960931748277	0	1	0.996005996001	1.0000000000000036e-12	21.67391304347826	AM1	AM
765031	775030	770030.5	102	16.364901016991617	0	4.279692059387704	0	1	0.996005996001	1.0000000000000036e-12	21.666666666666668	AM1	AM
770031	780030	775030.5	98	NA	NA	NA	0	1	0.996005996001	1.0000000000000036e-12	21.979591836734695	AM1	AM
775031	785030	780030.5	58	NA	NA	NA	0	1	0.996005996001	1.0000000000000036e-12	22.46551724137931	AM1	AM
780031	790030	785030.5	70	NA	NA	NA	0	1	0.996005996001	1.0000000000000036e-12	21.32857142857143	AM1	AM
785031	795030	790030.5	87	22.279823562196924	0	5.627695948755919	0	1	0.996005996001	1.0000000000000036e-12	21.275862068965516	AM1	AM
790031	800030	795030.5	67	22.279823562196924	0	5.627695948755919	0	1	0.996005996001	1.0000000000000036e-12	21.253731343283583	AM1	AM
795031	805030	800030.5	70	NA	NA	NA	0	1	0.996005996001	1.0000000000000036e-12	20.37142857142857	AM1	AM
800031	810030	805030.5	66	NA	NA	NA	0	1	0.996005996001	1.0000000000000036e-12	21.151515151515152	AM1	AM
805031	815030	810030.5	34	NA	NA	NA	0	1	0.996005996001	1.0000000000000036e-12	20.41176470588235	AM1	AM
810031	820030	815030.5	91	15.631108527804194	362.6519994241082	4.1045879573361965	0	1	0.996005996001	1.0000000000000036e-12	20.13186813186813	AM1	AM
815031	825030	820030.5	109	20.50242954324587	362.6519994241082	5.225077326905916	0	1	0.996005996001	1.0000000000000036e-12	21.24770642201835	AM1	AM
820031	830030	825030.5	62	22.936657557327198	NA	5.776171170429911	0	1	0.996005996001	1.0000000000000036e-12	22.983870967741936	AM1	AM
825031	835030	830030.5	77	11.8818359375	NA	3.246539216511996	0	1	0.996005996001	1.0000000000000036e-12	22.571428571428573	AM1	AM
830031	840030	835030.5	78	11.8818359375	NA	3.246539216511996	0	1	0.996005996001	1.0000000000000036e-12	22.525641025641026	AM1	AM
835031	845030	840030.5	84	NA	NA	NA	0	1	0.996005996001	1.0000000000000036e-12	22.404761904761905	AM1	AM
840031	850030	845030.5	91	NA	NA	NA	0	1	0.996005996001	1.0000000000000036e-12	22.63736263736264	AM1	AM
845031	855030	850030.5	85	NA	NA	NA	0	1	0.996005996001	1.0000000000000036e-12	22.294117647058822	AM1	AM
850031	860030	855030.5	94	19.388660159604566	0	4.97208642944925	0	1	0.996005996001	1.0000000000000036e-12	20.78723404255319	AM1	AM
855031	865030	860030.5	107	19.388660159604566	0	4.97208642944925	0	1	0.996005996001	1.0000000000000036e-12	21.55140186915888	AM1	AM
860031	870030	865030.5	118	18.73625892987316	0	4.823616291397265	0	1	0.996005996001	1.0000000000000036e-12	22.161016949152543	AM1	AM
865031	875030	870030.5	131	18.73625892987316	0	4.823616291397265	0	1	0.996005996001	1.0000000000000036e-12	22.053435114503817	AM1	AM
870031	880030	875030.5	100	18.284266677623343	NA	4.716922421671229	0	1	0.996005996001	1.0000000000000036e-12	22.61	AM1	AM
875031	885030	880030.5	50	18.284266677623343	NA	4.716922421671229	0	1	0.996005996001	1.0000000000000036e-12	19.5	AM1	AM
880031	890030	885030.5	29	NA	NA	NA	0	1	0.996005996001	1.0000000000000036e-12	14.03448275862069	AM1	AM
885031	895030	890030.5	44	NA	NA	NA	0	1	0.996005996001	1.0000000000000036e-12	20.931818181818183	AM1	AM
890031	900030	895030.5	66	NA	NA	NA	0	1	0.996005996001	1.0000000000000036e-12	21.03030303030303	AM1	AM
895031	905030	900030.5	39	6.297376093294462	NA	1.9175132715301666	0	1	0.996005996001	1.0000000000000036e-12	15.974358974358974	AM1	AM
900031	910030	905030.5	26	6.297376093294462	NA	1.9175132715301666	0	1	0.996005996001	1.0000000000000036e-12	8.76923076923077	AM1	AM
905031	915030	910030.5	55	22.936657557327198	NA	5.776171170429911	0	1	0.996005996001	1.0000000000000036e-12	18.345454545454544	AM1	AM
910031	920030	915030.5	86	19.38872510663601	0	4.968972918490225	0	1	0.996005996001	1.0000000000000036e-12	22.197674418604652	AM1	AM
915031	925030	920030.5	88	15.840792655944824	0	4.161774666550539	0	1	0.996005996001	1.0000000000000036e-12	22.386363636363637	AM1	AM
920031	930030	925030.5	107	NA	NA	NA	0	1	0.996005996001	1.0000000000000036e-12	22.66355140186916	AM1	AM
925031	935030	930030.5	119	NA	NA	NA	0	1	0.996005996001	1.0000000000000036e-12	22.831932773109244	AM1	AM
930031	940030	935030.5	94	NA	NA	NA	0	1	0.996005996001	1.0000000000000036e-12	23.085106382978722	AM1	AM
935031	945030	940030.5	97	NA	NA	NA	0	1	0.996005996001	1.0000000000000036e-12	23.04123711340206	AM1	AM
940031	950030	945030.5	99	NA	NA	NA	0	1	0.996005996001	1.0000000000000036e-12	22.696969696969695	AM1	AM
945031	955030	950030.5	71	16.675758192550376	0	4.353164613539721	0	1	0.996005996001	1.0000000000000036e-12	22.422535211267604	AM1	AM
950031	960030	955030.5	73	16.675758192550376	0	4.353164613539721	0	1	0.996005996001	1.0000000000000036e-12	21.041095890410958	AM1	AM
955031	965030	960030.5	66	NA	NA	NA	0	1	0.996005996001	1.0000000000000036e-12	19.575757575757574	AM1	AM
960031	970030	965030.5	62	NA	NA	NA	0	1	0.996005996001	1.0000000000000036e-12	18.387096774193548	AM1	AM
965031	975030	970030.5	57	NA	NA	NA	0	1	0.996005996001	1.0000000000000036e-12	17.05263157894737	AM1	AM
970031	980030	975030.5	53	NA	NA	NA	0	1	0.996005996001	1.0000000000000036e-12	19.77358490566038	AM1	AM
975031	985030	980030.5	81	13.407407354682944	0	3.6009624575815935	0	1	0.996005996001	1.0000000000000036e-12	21.419753086419753	AM1	AM
980031	990030	985030.5	65	15.658436187629537	0	4.118049983765207	0	1	0.996005996001	1.0000000000000036e-12	21.16923076923077	AM1	AM
985031	995030	990030.5	67	17.909465020576132	0	4.63513750994882	0	1	0.996005996001	1.0000000000000036e-12	21.746268656716417	AM1	AM
990031	1000030	995030.5	78	11.553819444444443	NA	3.1699876271715097	0	1	0.996005996001	1.0000000000000036e-12	21.55128205128205	AM1	AM
995031	1005030	1000030.5	84	11.553819444444443	NA	3.1699876271715097	0	1	0.996005996001	1.0000000000000036e-12	21.738095238095237	AM1	AM
1000031	1010030	1005030.5	112	NA	NA	NA	0	1	0.996005996001	1.0000000000000036e-12	22.196428571428573	AM1	AM
1005031	1015030	1010030.5	116	NA	NA	NA	0	1	0.996005996001	1.0000000000000036e-12	22.68103448275862	AM1	AM
1010031	1020030	1015030.5	123	NA	NA	NA	0	1	0.996005996001	1.0000000000000036e-12	22.910569105691057	AM1	AM
1015031	1025030	1020030.5	92	NA	NA	NA	0	1	0.996005996001	1.0000000000000036e-12	22.815217391304348	AM1	AM
1020031	1030030	1025030.5	59	20.8059456439878	NA	5.293923175038089	0	1	0.996005996001	1.0000000000000036e-12	22.35593220338983	AM1	AM
1025031	1035030	1030030.5	64	20.8059456439878	NA	5.293923175038089	0	1	0.996005996001	1.0000000000000036e-12	17.921875	AM1	AM
1030031	1040030	1035030.5	108	NA	NA	NA	0	1	0.996005996001	1.0000000000000036e-12	19.324074074074073	AM1	AM
1035031	1045030	1040030.5	134	16.276836588541666	0	4.2609169200691035	0	1	0.996005996001	1.0000000000000036e-12	21.97761194029851	AM1	AM
1040031	1050030	1045030.5	133	17.87255859375	0	4.626715386061237	0	1	0.996005996001	1.0000000000000036e-12	22.50375939849624	AM1	AM
1045031	1055030	1050030.5	122	20.675694581056497	NA	5.264383538099007	0	1	0.996005996001	1.0000000000000036e-12	22.12295081967213	AM1	AM
1050031	1060030	1055030.5	95	13.775802033983236	NA	3.6861914206710082	0	1	0.996005996001	1.0000000000000036e-12	21.673684210526314	AM1	AM
1055031	1065030	1060030.5	94	13.775802033983236	NA	3.6861914206710082	0	1	0.996005996001	1.0000000000000036e-12	22.54255319148936	AM1	AM
1060031	1070030	1065030.5	71	NA	NA	NA	0	1	0.996005996001	1.0000000000000036e-12	22.971830985915492	AM1	AM
1065031	1075030	1070030.5	68	16.575885216959467	0	4.329246027765276	0	1	0.996005996001	1.0000000000000036e-12	22.735294117647058	AM1	AM
1070031	1080030	1075030.5	102	16.575885216959467	0	4.329246027765276	0	1	0.996005996001	1.0000000000000036e-12	22.04901960784314	AM1	AM
1075031	1085030	1080030.5	109	NA	NA	NA	0	1	0.996005996001	1.0000000000000036e-12	22.110091743119266	AM1	AM
1080031	1090030	1085030.5	98	NA	NA	NA	0	1	0.996005996001	1.0000000000000036e-12	22.53061224489796	AM1	AM
1085031	1095030	1090030.5	110	NA	NA	NA	0	1	0.996005996001	1.0000000000000036e-12	22.354545454545455	AM1	AM
1090031	1100030	1095030.5	102	NA	NA	NA	0	1	0.996005996001	1.0000000000000036e-12	22.529411764705884	AM1	AM
1095031	1105030	1100030.5	94	NA	NA	NA	0	1	0.996005996001	1.0000000000000036e-12	22.9468085106383	AM1	AM
1100031	1110030	1105030.5	95	NA	NA	NA	0	1	0.996005996001	1.0000000000000036e-12	23.126315789473683	AM1	AM
1105031	1115030	1110030.5	79	NA	NA	NA	0	1	0.996005996001	1.0000000000000036e-12	23.189873417721518	AM1	AM
1110031	1120030	1115030.5	94	18.349572762549272	NA	4.726672908906844	0	1	0.996005996001	1.0000000000000036e-12	22.659574468085108	AM1	AM
1115031	1125030	1120030.5	97	18.349572762549272	NA	4.726672908906844	0	1	0.996005996001	1.0000000000000036e-12	22.649484536082475	AM1	AM
1120031	1130030	1125030.5	114	NA	NA	NA	0	1	0.996005996001	1.0000000000000036e-12	22.68421052631579	AM1	AM
1125031	1135030	1130030.5	161	NA	NA	NA	0	1	0.996005996001	1.0000000000000036e-12	22.763975155279503	AM1	AM
1130031	1140030	1135030.5	147	NA	NA	NA	0	1	0.996005996001	1.0000000000000036e-12	22.687074829931973	AM1	AM
1135031	1145030	1140030.5	120	19.6628963594586	NA	5.0344327017363	0	1	0.996005996001	1.0000000000000036e-12	21.85	AM1	AM
1140031	1150030	1145030.5	107	19.6628963594586	NA	5.0344327017363	0	1	0.996005996001	1.0000000000000036e-12	22	AM1	AM
1145031	1155030	1150030.5	98	7.29915625	NA	2.15127620756484	0	1	0.996005996001	1.0000000000000036e-12	21.622448979591837	AM1	AM
1150031	1160030	1155030.5	97	7.29915625	NA	2.15127620756484	0	1	0.996005996001	1.0000000000000036e-12	21.02061855670103	AM1	AM
1155031	1165030	1160030.5	98	NA	NA	NA	0	1	0.996005996001	1.0000000000000036e-12	21.632653061224488	AM1	AM
1160031	1170030	1165030.5	109	18.07468334429001	0	4.66859097233399	0	1	0.996005996001	1.0000000000000036e-12	22.128440366972477	AM1	AM
1165031	1175030	1170030.5	123	15.910110473632812	0	4.177681892346145	0	1	0.996005996001	1.0000000000000036e-12	21.617886178861788	AM1	AM
1170031	1180030	1175030.5	108	15.910110473632812	NA	4.177681892346145	0	1	0.996005996001	1.0000000000000036e-12	21.703703703703702	AM1	AM
1175031	1185030	1180030.5	85	NA	NA	NA	0	1	0.996005996001	1.0000000000000036e-12	13.658823529411764	AM1	AM
1180031	1190030	1185030.5	59	NA	NA	NA	0	1	0.996005996001	1.0000000000000036e-12	2.440677966101695	AM1	AM
1185031	1195030	1190030.5	62	NA	NA	NA	0	1	0.996005996001	1.0000000000000036e-12	3.7419354838709675	AM1	AM
1190031	1200030	1195030.5	90	NA	NA	NA	0	1	0.996005996001	1.0000000000000036e-12	13.911111111111111	AM1	AM
1195031	1205030	1200030.5	110	NA	NA	NA	0	1	0.996005996001	1.0000000000000036e-12	22.318181818181817	AM1	AM
1200031	1210030	1205030.5	132	NA	NA	NA	0	1	0.996005996001	1.0000000000000036e-12	22.507575757575758	AM1	AM
1205031	1215030	1210030.5	113	NA	NA	NA	0	1	0.996005996001	1.0000000000000036e-12	22.672566371681416	AM1	AM
1210031	1220030	1215030.5	72	142.92444887844374	0	31.408519037826835	0	1	0.996005996001	1.0000000000000036e-12	22.77777777777778	AM1	AM
1215031	1225030	1220030.5	81	142.92444887844374	0	31.408519037826835	0	1	0.996005996001	1.0000000000000036e-12	22.71604938271605	AM1	AM
1220031	1230030	1225030.5	103	15.847761485098616	NA	4.1618346073170684	0	1	0.996005996001	1.0000000000000036e-12	22.640776699029125	AM1	AM
1225031	1235030	1230030.5	89	15.847761485098616	NA	4.1618346073170684	0	1	0.996005996001	1.0000000000000036e-12	22.617977528089888	AM1	AM
1230031	1240030	1235030.5	89	NA	NA	NA	0	1	0.996005996001	1.0000000000000036e-12	22.831460674157302	AM1	AM
1235031	1245030	1240030.5	111	NA	NA	NA	0	1	0.996005996001	1.0000000000000036e-12	22.61261261261261	AM1	AM
1240031	1250030	1245030.5	128	NA	NA	NA	0	1	0.996005996001	1.0000000000000036e-12	22.375	AM1	AM
1245031	1255030	1250030.5	121	16.8180185474944	0	4.384552672111531	0	1	0.996005996001	1.0000000000000036e-12	22.272727272727273	AM1	AM
1250031	1260030	1255030.5	131	14.90438888888889	0	3.946539111812079	0	1	0.996005996001	1.0000000000000036e-12	22.328244274809162	AM1	AM
1255031	1265030	1260030.5	110	12.355352205504115	0	3.3417978295584296	0	1	0.996005996001	1.0000000000000036e-12	22.563636363636363	AM1	AM
1260031	1270030	1265030.5	110	17.87255859375	0	4.626715386061237	0	1	0.996005996001	1.0000000000000036e-12	22.954545454545453	AM1	AM
1265031	1275030	1270030.5	144	19.50779507448582	0	4.998526333327355	0	1	0.996005996001	1.0000000000000036e-12	22.791666666666668	AM1	AM
1270031	1280030	1275030.5	138	16.592995464838186	0	4.334214704597926	0	1	0.996005996001	1.0000000000000036e-12	22.666666666666668	AM1	AM
1275031	1285030	1280030.5	134	16.592995464838186	0	4.334214704597926	0	1	0.996005996001	1.0000000000000036e-12	22.246268656716417	AM1	AM
1280031	1290030	1285030.5	100	20.930818756073858	NA	5.322236307746349	0	1	0.996005996001	1.0000000000000036e-12	21.66	AM1	AM
1285031	1295030	1290030.5	82	20.930818756073858	NA	5.322236307746349	0	1	0.996005996001	1.0000000000000036e-12	22.378048780487806	AM1	AM
1290031	1300030	1295030.5	104	NA	NA	NA	0	1	0.996005996001	1.0000000000000036e-12	22.615384615384617	AM1	AM
1295031	1305030	1300030.5	99	NA	NA	NA	0	1	0.996005996001	1.0000000000000036e-12	22.515151515151516	AM1	AM
1300031	1310030	1305030.5	83	NA	NA	NA	0	1	0.996005996001	1.0000000000000036e-12	22.903614457831324	AM1	AM
1305031	1315030	1310030.5	71	NA	NA	NA	0	1	0.996005996001	1.0000000000000036e-12	23.225352112676056	AM1	AM
1310031	1320030	1315030.5	66	19.6628963594586	1518666.2720000055	5.0344327017363	0	1	0.996005996001	1.0000000000000036e-12	23.257575757575758	AM1	AM
1315031	1325030	1320030.5	94	19.6628963594586	1518666.2720000055	5.0344327017363	0	1	0.996005996001	1.0000000000000036e-12	22.96808510638298	AM1	AM
1320031	1330030	1325030.5	105	NA	NA	NA	0	1	0.996005996001	1.0000000000000036e-12	22.98095238095238	AM1	AM
1325031	1335030	1330030.5	93	NA	NA	NA	0	1	0.996005996001	1.0000000000000036e-12	22.70967741935484	AM1	AM
1330031	1340030	1335030.5	79	NA	NA	NA	0	1	0.996005996001	1.0000000000000036e-12	22.151898734177216	AM1	AM
1335031	1345030	1340030.5	93	NA	NA	NA	0	1	0.996005996001	1.0000000000000036e-12	22.107526881720432	AM1	AM
1340031	1350030	1345030.5	102	NA	NA	NA	0	1	0.996005996001	1.0000000000000036e-12	22.568627450980394	AM1	AM
1345031	1355030	1350030.5	68	NA	NA	NA	0	1	0.996005996001	1.0000000000000036e-12	23.11764705882353	AM1	AM
1350031	1360030	1355030.5	55	23.939222547743057	NA	6.002502991613978	0	1	0.996005996001	1.0000000000000036e-12	23.10909090909091	AM1	AM
1355031	1365030	1360030.5	79	20.88320759588799	0	5.309432354613714	0	1	0.996005996001	1.0000000000000036e-12	22.481012658227847	AM1	AM
1360031	1370030	1365030.5	72	17.82719264403292	0	4.61636171761345	0	1	0.996005996001	1.0000000000000036e-12	22.305555555555557	AM1	AM
1365031	1375030	1370030.5	54	NA	NA	NA	0	1	0.996005996001	1.0000000000000036e-12	23	AM1	AM
1370031	1380030	1375030.5	77	12.753213310793889	NA	3.4473904788191088	0	1	0.996005996001	1.0000000000000036e-12	22.051948051948052	AM1	AM
1375031	1385030	1380030.5	104	15.145092122395834	0	4.001828339969573	0	1	0.996005996001	1.0000000000000036e-12	21.826923076923077	AM1	AM
1380031	1390030	1385030.5	105	17.7569580078125	0	4.599048795358719	0	1	0.996005996001	1.0000000000000036e-12	22.542857142857144	AM1	AM
1385031	1395030	1390030.5	101	20.675694581056497	1924935.9695999972	5.264383538099007	0	1	0.996005996001	1.0000000000000036e-12	22.96039603960396	AM1	AM
1390031	1400030	1395030.5	109	20.675694581056497	1924935.9695999972	5.264383538099007	0	1	0.996005996001	1.0000000000000036e-12	22.788990825688074	AM1	AM
1395031	1405030	1400030.5	96	NA	NA	NA	0	1	0.996005996001	1.0000000000000036e-12	22.635416666666668	AM1	AM
1400031	1410030	1405030.5	83	NA	NA	NA	0	1	0.996005996001	1.0000000000000036e-12	22.83132530120482	AM1	AM
1405031	1415030	1410030.5	82	NA	NA	NA	0	1	0.996005996001	1.0000000000000036e-12	22.804878048780488	AM1	AM
1410031	1420030	1415030.5	101	NA	NA	NA	0	1	0.996005996001	1.0000000000000036e-12	22.762376237623762	AM1	AM
1415031	1425030	1420030.5	119	NA	NA	NA	0	1	0.996005996001	1.0000000000000036e-12	22.865546218487395	AM1	AM
1420031	1430030	1425030.5	115	NA	NA	NA	0	1	0.996005996001	1.0000000000000036e-12	22.36521739130435	AM1	AM
1425031	1435030	1430030.5	94	NA	NA	NA	0	1	0.996005996001	1.0000000000000036e-12	22.30851063829787	AM1	AM
1430031	1440030	1435030.5	73	NA	NA	NA	0	1	0.996005996001	1.0000000000000036e-12	22.575342465753426	AM1	AM
1435031	1445030	1440030.5	73	NA	NA	NA	0	1	0.996005996001	1.0000000000000036e-12	22.534246575342465	AM1	AM
1440031	1450030	1445030.5	59	NA	NA	NA	0	1	0.996005996001	1.0000000000000036e-12	23.016949152542374	AM1	AM
1445031	1455030	1450030.5	61	NA	NA	NA	0	1	0.996005996001	1.0000000000000036e-12	23.049180327868854	AM1	AM
1450031	1460030	1455030.5	88	408.32600308641975	0	88.66686497902113	0	1	0.996005996001	1.0000000000000036e-12	23.09090909090909	AM1	AM
1455031	1465030	1460030.5	106	408.32600308641975	0	88.66686497902113	0	1	0.996005996001	1.0000000000000036e-12	23.150943396226417	AM1	AM
1460031	1470030	1465030.5	86	NA	NA	NA	0	1	0.996005996001	1.0000000000000036e-12	23.093023255813954	AM1	AM
1465031	1475030	1470030.5	74	NA	NA	NA	0	1	0.996005996001	1.0000000000000036e-12	23.12162162162162	AM1	AM
1470031	1480030	1475030.5	78	NA	NA	NA	0	1	0.996005996001	1.0000000000000036e-12	23.166666666666668	AM1	AM
1475031	1485030	1480030.5	78	NA	NA	NA	0	1	0.996005996001	1.0000000000000036e-12	21.987179487179485	AM1	AM
1480031	1490030	1485030.5	85	NA	NA	NA	0	1	0.996005996001	1.0000000000000036e-12	22.023529411764706	AM1	AM
1485031	1495030	1490030.5	73	21.22775300111091	NA	5.3895353116054805	0	1	0.996005996001	1.0000000000000036e-12	22.89041095890411	AM1	AM
1490031	1500030	1495030.5	77	16.554794469305456	NA	4.318037264058738	0	1	0.996005996001	1.0000000000000036e-12	22.714285714285715	AM1	AM
1495031	1505030	1500030.5	75	11.8818359375	NA	3.246539216511996	0	1	0.996005996001	1.0000000000000036e-12	22.866666666666667	AM1	AM
1500031	1510030	1505030.5	60	NA	NA	NA	0	1	0.996005996001	1.0000000000000036e-12	22.916666666666668	AM1	AM
1505031	1515030	1510030.5	66	22.936657557327198	NA	5.776171170429911	0	1	0.996005996001	1.0000000000000036e-12	22.984848484848484	AM1	AM
1510031	1520030	1515030.5	70	22.936657557327198	NA	5.776171170429911	0	1	0.996005996001	1.0000000000000036e-12	23.02857142857143	AM1	AM
1515031	1525030	1520030.5	68	NA	NA	NA	0	1	0.996005996001	1.0000000000000036e-12	21.014705882352942	AM1	AM
31	10030	5030.5	140	33.07072472020174	0	8.051259593076072	0	1	0.996005996001	1.0000000000000036e-12	29.014285714285716	AM10	AM
5031	15030	10030.5	118	25.81591796875	0	6.425299597816657	0	1	0.996005996001	1.0000000000000036e-12	31.093220338983052	AM10	AM
10031	20030	15030.5	124	25.81591796875	0	6.425299597816657	0	1	0.996005996001	1.0000000000000036e-12	30.870967741935484	AM10	AM
15031	25030	20030.5	89	27.708454810495628	0	6.850642564945195	0	1	0.996005996001	1.0000000000000036e-12	31.43820224719101	AM10	AM
20031	30030	25030.5	77	27.708454810495628	0	6.850642564945195	0	1	0.996005996001	1.0000000000000036e-12	31.558441558441558	AM10	AM
25031	35030	30030.5	108	27.945304661458742	NA	6.899263221634234	0	1	0.996005996001	1.0000000000000036e-12	31.944444444444443	AM10	AM
30031	40030	35030.5	117	27.945304661458742	NA	6.899263221634234	0	1	0.996005996001	1.0000000000000036e-12	32.23076923076923	AM10	AM
35031	45030	40030.5	78	NA	NA	NA	0	1	0.996005996001	1.0000000000000036e-12	31.96153846153846	AM10	AM
40031	50030	45030.5	80	13.897890852769677	NA	3.7144090657414024	0	1	0.996005996001	1.0000000000000036e-12	31.6	AM10	AM
45031	55030	50030.5	108	13.897890852769677	NA	3.7144090657414024	0	1	0.996005996001	1.0000000000000036e-12	31.935185185185187	AM10	AM
50031	60030	55030.5	110	27.315202477828265	0	6.762307463165853	0	1	0.996005996001	1.0000000000000036e-12	31.79090909090909	AM10	AM
55031	65030	60030.5	97	27.315202477828265	0	6.762307463165853	0	1	0.996005996001	1.0000000000000036e-12	31.65979381443299	AM10	AM
60031	70030	65030.5	96	27.280458677848998	0	6.7503006972774395	0	1	0.996005996001	1.0000000000000036e-12	31.84375	AM10	AM
65031	75030	70030.5	122	NA	NA	NA	0	1	0.996005996001	1.0000000000000036e-12	31.80327868852459	AM10	AM
70031	80030	75030.5	123	NA	NA	NA	0	1	0.996005996001	1.0000000000000036e-12	32.08943089430894	AM10	AM
75031	85030	80030.5	90	29.951104166666664	NA	7.353518338012161	0	1	0.996005996001	1.0000000000000036e-12	32.3	AM10	AM
80031	90030	85030.5	86	25.44096146137026	NA	6.337877322879255	0	1	0.996005996001	1.0000000000000036e-12	32.13953488372093	AM10	AM
85031	95030	90030.5	106	20.930818756073858	NA	5.322236307746349	0	1	0.996005996001	1.0000000000000036e-12	31.30188679245283	AM10	AM
90031	100030	95030.5	129	NA	NA	NA	0	1	0.996005996001	1.0000000000000036e-12	30.728682170542637	AM10	AM
95031	105030	100030.5	164	29.498192580440687	NA	7.252053444867476	0	1	0.996005996001	1.0000000000000036e-12	30.896341463414632	AM10	AM
100031	110030	105030.5	134	29.498192580440687	NA	7.252053444867476	0	1	0.996005996001	1.0000000000000036e-12	31.186567164179106	AM10	AM
105031	115030	110030.5	88	13.135389888879352	284.3479144439364	2.8523136731940353	0	1	0.996005996001	1.0000000000000036e-12	31.625	AM10	AM
110031	120030	115030.5	99	13.135389888879352	284.3479144439364	2.8523136731940353	0	1	0.996005996001	1.0000000000000036e-12	31.757575757575758	AM10	AM
115031	125030	120030.5	99	30.894609136358294	NA	7.56474910606575	0	1	0.996005996001	1.0000000000000036e-12	32.08080808080808	AM10	AM
120031	130030	125030.5	67	30.894609136358294	NA	7.56474910606575	0	1	0.996005996001	1.0000000000000036e-12	31.91044776119403	AM10	AM
125031	135030	130030.5	88	NA	NA	NA	0	1	0.996005996001	1.0000000000000036e-12	31.738636363636363	AM10	AM
130031	140030	135030.5	118	NA	NA	NA	0	1	0.996005996001	1.0000000000000036e-12	31.3135593220339	AM10	AM
135031	145030	140030.5	96	NA	NA	NA	0	1	0.996005996001	1.0000000000000036e-12	31.197916666666668	AM10	AM
140031	150030	145030.5	138	NA	NA	NA	0	1	0.996005996001	1.0000000000000036e-12	32.18115942028985	AM10	AM
145031	155030	150030.5	214	24.26365702187355	0	6.074734372862987	0	1	0.996005996001	1.0000000000000036e-12	32.070093457943926	AM10	AM
150031	160030	155030.5	199	24.26365702187355	0	6.074734372862987	0	1	0.996005996001	1.0000000000000036e-12	31.829145728643216	AM10	AM
155031	165030	160030.5	131	27.883725892003007	NA	6.889987087616625	0	1	0.996005996001	1.0000000000000036e-12	31.65648854961832	AM10	AM
160031	170030	165030.5	95	27.883725892003007	NA	6.889987087616625	0	1	0.996005996001	1.0000000000000036e-12	31.57894736842105	AM10	AM
165031	175030	170030.5	87	19.719625	NA	5.047325174002522	0	1	0.996005996001	1.0000000000000036e-12	31.49425287356322	AM10	AM
170031	180030	175030.5	81	19.719625	NA	5.047325174002522	0	1	0.996005996001	1.0000000000000036e-12	31.358024691358025	AM10	AM
175031	185030	180030.5	94	29.913924045138888	0	7.34519063446746	0	1	0.996005996001	1.0000000000000036e-12	30.882978723404257	AM10	AM
180031	190030	185030.5	112	29.913924045138888	0	7.34519063446746	0	1	0.996005996001	1.0000000000000036e-12	31.223214285714285	AM10	AM
185031	195030	190030.5	101	NA	NA	NA	0	1	0.996005996001	1.0000000000000036e-12	32.039603960396036	AM10	AM
190031	200030	195030.5	80	NA	NA	NA	0	1	0.996005996001	1.0000000000000036e-12	32.35	AM10	AM
195031	205030	200030.5	113	NA	NA	NA	0	1	0.996005996001	1.0000000000000036e-12	31.76991150442478	AM10	AM
200031	210030	205030.5	114	NA	NA	NA	0	1	0.996005996001	1.0000000000000036e-12	31.49122807017544	AM10	AM
205031	215030	210030.5	91	NA	NA	NA	0	1	0.996005996001	1.0000000000000036e-12	31.846153846153847	AM10	AM
210031	220030	215030.5	103	32.825444527923864	NA	7.996468171851167	0	1	0.996005996001	1.0000000000000036e-12	32.19417475728155	AM10	AM
215031	225030	220030.5	109	27.890188547464298	9414.223251028809	6.888384052458198	0	1	0.996005996001	1.0000000000000036e-12	31.779816513761467	AM10	AM
220031	230030	225030.5	84	22.954932567004732	9414.223251028809	5.780299933065228	0	1	0.996005996001	1.0000000000000036e-12	31.595238095238095	AM10	AM
225031	235030	230030.5	51	NA	NA	NA	0	1	0.996005996001	1.0000000000000036e-12	32.470588235294116	AM10	AM
230031	240030	235030.5	89	18.923795378335036	NA	4.866317013194563	0	1	0.996005996001	1.0000000000000036e-12	31.808988764044944	AM10	AM
235031	245030	240030.5	105	18.923795378335036	NA	4.866317013194563	0	1	0.996005996001	1.0000000000000036e-12	31.333333333333332	AM10	AM
240031	250030	245030.5	100	NA	NA	NA	0	1	0.996005996001	1.0000000000000036e-12	31.39	AM10	AM
245031	255030	250030.5	99	NA	NA	NA	0	1	0.996005996001	1.0000000000000036e-12	31.727272727272727	AM10	AM
250031	260030	255030.5	98	NA	NA	NA	0	1	0.996005996001	1.0000000000000036e-12	32.03061224489796	AM10	AM
255031	265030	260030.5	104	NA	NA	NA	0	1	0.996005996001	1.0000000000000036e-12	31.875	AM10	AM
260031	270030	265030.5	87	NA	NA	NA	0	1	0.996005996001	1.0000000000000036e-12	31.885057471264368	AM10	AM
265031	275030	270030.5	80	30.036678443153974	0	7.372684361637611	0	1	0.996005996001	1.0000000000000036e-12	32.15	AM10	AM
270031	280030	275030.5	82	30.036678443153974	0	7.372684361637611	0	1	0.996005996001	1.0000000000000036e-12	32.28048780487805	AM10	AM
275031	285030	280030.5	87	27.68477477137619	0	6.845326326817143	0	1	0.996005996001	1.0000000000000036e-12	31.022988505747126	AM10	AM
280031	290030	285030.5	86	27.68477477137619	0	6.845326326817143	0	1	0.996005996001	1.0000000000000036e-12	29.790697674418606	AM10	AM
285031	295030	290030.5	91	14.634666666666668	NA	3.884416280825317	0	1	0.996005996001	1.0000000000000036e-12	30.604395604395606	AM10	AM
290031	300030	295030.5	99	14.634666666666668	NA	3.884416280825317	0	1	0.996005996001	1.0000000000000036e-12	30.949494949494948	AM10	AM
295031	305030	300030.5	142	NA	NA	NA	0	1	0.996005996001	1.0000000000000036e-12	31.422535211267604	AM10	AM
300031	310030	305030.5	134	NA	NA	NA	0	1	0.996005996001	1.0000000000000036e-12	31.992537313432837	AM10	AM
305031	315030	310030.5	90	NA	NA	NA	0	1	0.996005996001	1.0000000000000036e-12	30.144444444444446	AM10	AM
310031	320030	315030.5	131	NA	NA	NA	0	1	0.996005996001	1.0000000000000036e-12	30.671755725190838	AM10	AM
315031	325030	320030.5	121	NA	NA	NA	0	1	0.996005996001	1.0000000000000036e-12	31.14876033057851	AM10	AM
320031	330030	325030.5	92	NA	NA	NA	0	1	0.996005996001	1.0000000000000036e-12	29.27173913043478	AM10	AM
325031	335030	330030.5	108	21.933866688580014	NA	5.54942856251714	0	1	0.996005996001	1.0000000000000036e-12	30.14814814814815	AM10	AM
330031	340030	335030.5	99	25.5936111695383	NA	6.373306385416699	0	1	0.996005996001	1.0000000000000036e-12	31.050505050505052	AM10	AM
335031	345030	340030.5	84	30.85971672183256	0	7.5569407265086355	0	1	0.996005996001	1.0000000000000036e-12	31.428571428571427	AM10	AM
340031	350030	345030.5	67	357.54432286042146	0	78.06768241896482	0	1	0.996005996001	1.0000000000000036e-12	30.34328358208955	AM10	AM
345031	355030	350030.5	34	18.362051683918935	0	4.738356743762547	0	1	0.996005996001	1.0000000000000036e-12	26.88235294117647	AM10	AM
350031	360030	355030.5	8	48.31364098619003	0	10.866717781672753	0	1	0.996005996001	1.0000000000000036e-12	20.375	AM10	AM
355031	365030	360030.5	7	78.26523028846113	0	16.995078819582957	0	1	0.996005996001	1.0000000000000036e-12	17	AM10	AM
360031	370030	365030.5	13	22.76793882787458	0	5.738047903012244	0	1	0.996005996001	1.0000000000000036e-12	16.153846153846153	AM10	AM
365031	375030	370030.5	54	22.76793882787458	0	5.738047903012244	0	1	0.996005996001	1.0000000000000036e-12	19.27777777777778	AM10	AM
370031	380030	375030.5	89	NA	NA	NA	0	1	0.996005996001	1.0000000000000036e-12	24.629213483146067	AM10	AM
375031	385030	380030.5	75	NA	NA	NA	0	1	0.996005996001	1.0000000000000036e-12	30.933333333333334	AM10	AM
380031	390030	385030.5	67	NA	NA	NA	0	1	0.996005996001	1.0000000000000036e-12	32.08955223880597	AM10	AM
385031	395030	390030.5	81	NA	NA	NA	0	1	0.996005996001	1.0000000000000036e-12	32.358024691358025	AM10	AM
390031	400030	395030.5	81	30.112403520568293	0	7.389643153880932	0	1	0.996005996001	1.0000000000000036e-12	32.04938271604938	AM10	AM
395031	405030	400030.5	80	30.112403520568293	0	7.389643153880932	0	1	0.996005996001	1.0000000000000036e-12	31.7	AM10	AM
400031	410030	405030.5	99	NA	NA	NA	0	1	0.996005996001	1.0000000000000036e-12	31.474747474747474	AM10	AM
405031	415030	410030.5	87	18.923795378335036	0	4.866317013194563	0	1	0.996005996001	1.0000000000000036e-12	31.114942528735632	AM10	AM
410031	420030	415030.5	67	18.923795378335036	0	4.866317013194563	0	1	0.996005996001	1.0000000000000036e-12	30.582089552238806	AM10	AM
415031	425030	420030.5	78	NA	NA	NA	0	1	0.996005996001	1.0000000000000036e-12	30.55128205128205	AM10	AM
420031	430030	425030.5	91	NA	NA	NA	0	1	0.996005996001	1.0000000000000036e-12	30.791208791208792	AM10	AM
425031	435030	430030.5	96	NA	NA	NA	0	1	0.996005996001	1.0000000000000036e-12	31.552083333333332	AM10	AM
430031	440030	435030.5	96	NA	NA	NA	0	1	0.996005996001	1.0000000000000036e-12	32.3125	AM10	AM
435031	445030	440030.5	93	24.626415425864224	NA	6.1574454551320486	0	1	0.996005996001	1.0000000000000036e-12	31.333333333333332	AM10	AM
440031	450030	445030.5	80	25.16654570163265	70655.16618075797	6.279081598185401	0	1	0.996005996001	1.0000000000000036e-12	31.175	AM10	AM
445031	455030	450030.5	75	25.70667597740108	70655.16618075797	6.400717741238753	0	1	0.996005996001	1.0000000000000036e-12	31.893333333333334	AM10	AM
450031	460030	455030.5	96	NA	NA	NA	0	1	0.996005996001	1.0000000000000036e-12	31.90625	AM10	AM
455031	465030	460030.5	93	18.705933809593237	NA	4.816709760873581	0	1	0.996005996001	1.0000000000000036e-12	31.602150537634408	AM10	AM
460031	470030	465030.5	97	18.705933809593237	NA	4.816709760873581	0	1	0.996005996001	1.0000000000000036e-12	31.556701030927837	AM10	AM
465031	475030	470030.5	85	NA	NA	NA	0	1	0.996005996001	1.0000000000000036e-12	31.929411764705883	AM10	AM
470031	480030	475030.5	61	23.65630277708272	NA	5.938667821412662	0	1	0.996005996001	1.0000000000000036e-12	32.24590163934426	AM10	AM
475031	485030	480030.5	77	23.65630277708272	NA	5.938667821412662	0	1	0.996005996001	1.0000000000000036e-12	32.246753246753244	AM10	AM
480031	490030	485030.5	54	NA	NA	NA	0	1	0.996005996001	1.0000000000000036e-12	31.833333333333332	AM10	AM
485031	495030	490030.5	40	NA	NA	NA	0	1	0.996005996001	1.0000000000000036e-12	32.125	AM10	AM
490031	500030	495030.5	54	NA	NA	NA	0	1	0.996005996001	1.0000000000000036e-12	31.925925925925927	AM10	AM
495031	505030	500030.5	65	17.330729166666668	0	4.5029778369283	0	1	0.996005996001	1.0000000000000036e-12	30.876923076923077	AM10	AM
500031	510030	505030.5	74	25.143093838696885	0	6.264245449309168	0	1	0.996005996001	1.0000000000000036e-12	31.2972972972973	AM10	AM
505031	515030	510030.5	83	32.955458510727105	NA	8.025513061690036	0	1	0.996005996001	1.0000000000000036e-12	30.80722891566265	AM10	AM
510031	520030	515030.5	77	23.2597115879718	0	5.849082717934606	0	1	0.996005996001	1.0000000000000036e-12	30.818181818181817	AM10	AM
515031	525030	520030.5	59	22.7128041012575	0	5.725587566150691	0	1	0.996005996001	1.0000000000000036e-12	32	AM10	AM
520031	530030	525030.5	71	23.238237988128752	0	5.844242108553409	0	1	0.996005996001	1.0000000000000036e-12	30.211267605633804	AM10	AM
525031	535030	530030.5	76	24.3207763125	0	6.08850152929537	0	1	0.996005996001	1.0000000000000036e-12	29.17105263157895	AM10	AM
530031	540030	535030.5	72	24.87788075	0	6.214106407634613	0	1	0.996005996001	1.0000000000000036e-12	29.22222222222222	AM10	AM
535031	545030	540030.5	82	NA	NA	NA	0	1	0.996005996001	1.0000000000000036e-12	29.414634146341463	AM10	AM
540031	550030	545030.5	97	NA	NA	NA	0	1	0.996005996001	1.0000000000000036e-12	30.463917525773194	AM10	AM
545031	555030	550030.5	95	27.84010337184539	0	6.88019549996745	0	1	0.996005996001	1.0000000000000036e-12	31.568421052631578	AM10	AM
550031	560030	555030.5	63	27.84010337184539	0	6.88019549996745	0	1	0.996005996001	1.0000000000000036e-12	31.952380952380953	AM10	AM
555031	565030	560030.5	46	13.335836621515796	0.012037553516569101	2.8958401281438073	0	1	0.996005996001	1.0000000000000036e-12	31.543478260869566	AM10	AM
560031	570030	565030.5	73	13.335836621515796	0.012037553516569101	2.8958401281438073	0	1	0.996005996001	1.0000000000000036e-12	31.671232876712327	AM10	AM
565031	575030	570030.5	109	23.98820955952561	0	6.0132457989955315	0	1	0.996005996001	1.0000000000000036e-12	31.027522935779817	AM10	AM
570031	580030	575030.5	102	23.98820955952561	0	6.0132457989955315	0	1	0.996005996001	1.0000000000000036e-12	30.705882352941178	AM10	AM
575031	585030	580030.5	67	238.45698130002967	0	52.172419027454225	0	1	0.996005996001	1.0000000000000036e-12	31.104477611940297	AM10	AM
580031	590030	585030.5	70	21.687940223516154	0	5.493763286458991	0	1	0.996005996001	1.0000000000000036e-12	30.457142857142856	AM10	AM
585031	595030	590030.5	79	20.42914765928693	NA	5.208393010084944	0	1	0.996005996001	1.0000000000000036e-12	29.873417721518987	AM10	AM
590031	600030	595030.5	71	22.84969605036698	0	5.754974102716892	0	1	0.996005996001	1.0000000000000036e-12	30.47887323943662	AM10	AM
595031	605030	600030.5	86	23.24834502312573	0	5.845456863813698	0	1	0.996005996001	1.0000000000000036e-12	31.5	AM10	AM
600031	610030	605030.5	114	32.26003303417914	0	7.87012030720541	0	1	0.996005996001	1.0000000000000036e-12	30.535087719298247	AM10	AM
605031	615030	610030.5	118	32.60774577245312	NA	7.947816684447723	0	1	0.996005996001	1.0000000000000036e-12	30.796610169491526	AM10	AM
610031	620030	615030.5	107	NA	NA	NA	0	1	0.996005996001	1.0000000000000036e-12	31.91588785046729	AM10	AM
615031	625030	620030.5	100	30.952647192104997	NA	7.577736571442697	0	1	0.996005996001	1.0000000000000036e-12	32.06	AM10	AM
620031	630030	625030.5	101	30.952647192104997	NA	7.577736571442697	0	1	0.996005996001	1.0000000000000036e-12	32.10891089108911	AM10	AM
625031	635030	630030.5	112	NA	NA	NA	0	1	0.996005996001	1.0000000000000036e-12	30.982142857142858	AM10	AM
630031	640030	635030.5	79	NA	NA	NA	0	1	0.996005996001	1.0000000000000036e-12	30.50632911392405	AM10	AM
635031	645030	640030.5	41	NA	NA	NA	0	1	0.996005996001	1.0000000000000036e-12	31.5609756097561	AM10	AM
640031	650030	645030.5	57	NA	NA	NA	0	1	0.996005996001	1.0000000000000036e-12	31	AM10	AM
645031	655030	650030.5	63	NA	NA	NA	0	1	0.996005996001	1.0000000000000036e-12	31.444444444444443	AM10	AM
650031	660030	655030.5	64	25.643634781340495	0	6.386445531651178	0	1	0.996005996001	1.0000000000000036e-12	31	AM10	AM
655031	665030	660030.5	63	24.38575425121519	0	6.103161824359071	0	1	0.996005996001	1.0000000000000036e-12	30.634920634920636	AM10	AM
660031	670030	665030.5	53	23.600201581700215	51887.94523939616	5.925991934586573	0	1	0.996005996001	1.0000000000000036e-12	31.339622641509433	AM10	AM
665031	675030	670030.5	35	NA	NA	NA	0	1	0.996005996001	1.0000000000000036e-12	31.2	AM10	AM
670031	680030	675030.5	11	NA	NA	NA	0	1	0.996005996001	1.0000000000000036e-12	25.818181818181817	AM10	AM
675031	685030	680030.5	9	NA	NA	NA	NA	NA	NA	NA	1.4444444444444444	AM10	AM
680031	690030	685030.5	7	NA	NA	NA	NA	NA	NA	NA	1.5714285714285714	AM10	AM
685031	695030	690030.5	0	NA	NA	NA	NA	NA	NA	NA	NA	AM10	AM
690031	700030	695030.5	0	NA	NA	NA	NA	NA	NA	NA	NA	AM10	AM
695031	705030	700030.5	0	NA	NA	NA	NA	NA	NA	NA	NA	AM10	AM
700031	710030	705030.5	16	17.52613610789609	0	4.547622803119342	0	1	0.996005996001	1.0000000000000036e-12	28.875	AM10	AM
705031	715030	710030.5	62	24.192926414864324	0	6.052281764813989	0	1	0.996005996001	1.0000000000000036e-12	30.919354838709676	AM10	AM
710031	720030	715030.5	107	24.8917560500838	NA	6.2116288698516	0	1	0.996005996001	1.0000000000000036e-12	31.49532710280374	AM10	AM
715031	725030	720030.5	99	20.907639757877966	0	5.316140956383326	0	1	0.996005996001	1.0000000000000036e-12	31.32323232323232	AM10	AM
720031	730030	725030.5	77	27.197894690456508	0	6.733557490348071	0	1	0.996005996001	1.0000000000000036e-12	31.571428571428573	AM10	AM
725031	735030	730030.5	74	31.504305243492126	0	7.701150081124052	0	1	0.996005996001	1.0000000000000036e-12	32.054054054054056	AM10	AM
730031	740030	735030.5	66	NA	NA	NA	0	1	0.996005996001	1.0000000000000036e-12	31.696969696969695	AM10	AM
735031	745030	740030.5	71	24.589753750124252	NA	6.144025542013636	0	1	0.996005996001	1.0000000000000036e-12	31.746478873239436	AM10	AM
740031	750030	745030.5	77	24.589753750124252	NA	6.144025542013636	0	1	0.996005996001	1.0000000000000036e-12	31.675324675324674	AM10	AM
745031	755030	750030.5	72	33.90363069359989	NA	8.237242452850495	0	1	0.996005996001	1.0000000000000036e-12	30.76388888888889	AM10	AM
750031	760030	755030.5	75	33.90363069359989	NA	8.237242452850495	0	1	0.996005996001	1.0000000000000036e-12	30.72	AM10	AM
755031	765030	760030.5	93	17.874839660644533	NA	4.626130583633763	0	1	0.996005996001	1.0000000000000036e-12	30.516129032258064	AM10	AM
760031	770030	765030.5	92	19.839568847656253	0	5.0745792749213825	0	1	0.996005996001	1.0000000000000036e-12	29.97826086956522	AM10	AM
765031	775030	770030.5	102	23.60266335206759	0	5.924828641901178	0	1	0.996005996001	1.0000000000000036e-12	30.205882352941178	AM10	AM
770031	780030	775030.5	98	20.416727405247816	0	5.205630400532258	0	1	0.996005996001	1.0000000000000036e-12	30.591836734693878	AM10	AM
775031	785030	780030.5	58	NA	NA	NA	0	1	0.996005996001	1.0000000000000036e-12	31.29310344827586	AM10	AM
780031	790030	785030.5	70	NA	NA	NA	0	1	0.996005996001	1.0000000000000036e-12	30.47142857142857	AM10	AM
785031	795030	790030.5	87	28.881544958792897	0	7.113833531181452	0	1	0.996005996001	1.0000000000000036e-12	30.022988505747126	AM10	AM
790031	800030	795030.5	67	28.881544958792897	0	7.113833531181452	0	1	0.996005996001	1.0000000000000036e-12	30.313432835820894	AM10	AM
795031	805030	800030.5	70	NA	NA	NA	0	1	0.996005996001	1.0000000000000036e-12	30.47142857142857	AM10	AM
800031	810030	805030.5	66	NA	NA	NA	0	1	0.996005996001	1.0000000000000036e-12	30.666666666666668	AM10	AM
805031	815030	810030.5	34	NA	NA	NA	0	1	0.996005996001	1.0000000000000036e-12	29.147058823529413	AM10	AM
810031	820030	815030.5	91	19.56939697265625	0	5.013180147025366	0	1	0.996005996001	1.0000000000000036e-12	29.164835164835164	AM10	AM
815031	825030	820030.5	109	19.56939697265625	0	5.013180147025366	0	1	0.996005996001	1.0000000000000036e-12	30.30275229357798	AM10	AM
820031	830030	825030.5	62	NA	NA	NA	0	1	0.996005996001	1.0000000000000036e-12	31.741935483870968	AM10	AM
825031	835030	830030.5	77	18.362051683918935	0	4.738356743762547	0	1	0.996005996001	1.0000000000000036e-12	31.051948051948052	AM10	AM
830031	840030	835030.5	78	18.362051683918935	0	4.738356743762547	0	1	0.996005996001	1.0000000000000036e-12	31.307692307692307	AM10	AM
835031	845030	840030.5	84	20.208116625905383	0	5.158187701341051	0	1	0.996005996001	1.0000000000000036e-12	30.988095238095237	AM10	AM
840031	850030	845030.5	91	20.208116625905383	0	5.158187701341051	0	1	0.996005996001	1.0000000000000036e-12	31.153846153846153	AM10	AM
845031	855030	850030.5	85	NA	NA	NA	0	1	0.996005996001	1.0000000000000036e-12	31.67058823529412	AM10	AM
850031	860030	855030.5	94	19.719625	0	5.047325174002522	0	1	0.996005996001	1.0000000000000036e-12	30.170212765957448	AM10	AM
855031	865030	860030.5	107	24.705293491720155	0	6.171284932878931	0	1	0.996005996001	1.0000000000000036e-12	30.542056074766354	AM10	AM
860031	870030	865030.5	118	30.08481808352618	0	7.383462352650084	0	1	0.996005996001	1.0000000000000036e-12	30.805084745762713	AM10	AM
865031	875030	870030.5	131	29.913924045138888	0	7.34519063446746	0	1	0.996005996001	1.0000000000000036e-12	30.282442748091604	AM10	AM
870031	880030	875030.5	100	25.44154192031202	0	6.340759040658018	0	1	0.996005996001	1.0000000000000036e-12	31.07	AM10	AM
875031	885030	880030.5	50	25.44154192031202	0	6.340759040658018	0	1	0.996005996001	1.0000000000000036e-12	28.34	AM10	AM
880031	890030	885030.5	29	NA	NA	NA	0	1	0.996005996001	1.0000000000000036e-12	22.275862068965516	AM10	AM
885031	895030	890030.5	44	NA	NA	NA	0	1	0.996005996001	1.0000000000000036e-12	29.772727272727273	AM10	AM
890031	900030	895030.5	66	NA	NA	NA	0	1	0.996005996001	1.0000000000000036e-12	29.333333333333332	AM10	AM
895031	905030	900030.5	39	15.651512765600067	0	4.118320725848878	0	1	0.996005996001	1.0000000000000036e-12	23.564102564102566	AM10	AM
900031	910030	905030.5	26	25.943776314292215	0	6.454066209715694	0	1	0.996005996001	1.0000000000000036e-12	13.692307692307692	AM10	AM
905031	915030	910030.5	55	25.943776314292215	NA	6.454066209715694	0	1	0.996005996001	1.0000000000000036e-12	25.836363636363636	AM10	AM
910031	920030	915030.5	86	18.73625892987316	0	4.823616291397265	0	1	0.996005996001	1.0000000000000036e-12	30.906976744186046	AM10	AM
915031	925030	920030.5	88	18.73625892987316	0	4.823616291397265	0	1	0.996005996001	1.0000000000000036e-12	31.045454545454547	AM10	AM
920031	930030	925030.5	107	NA	NA	NA	0	1	0.996005996001	1.0000000000000036e-12	31.373831775700936	AM10	AM
925031	935030	930030.5	119	23.86516571044922	NA	5.985796127382282	0	1	0.996005996001	1.0000000000000036e-12	31.310924369747898	AM10	AM
930031	940030	935030.5	94	23.86516571044922	NA	5.985796127382282	0	1	0.996005996001	1.0000000000000036e-12	31.638297872340427	AM10	AM
935031	945030	940030.5	97	NA	NA	NA	0	1	0.996005996001	1.0000000000000036e-12	31.7319587628866	AM10	AM
940031	950030	945030.5	99	NA	NA	NA	0	1	0.996005996001	1.0000000000000036e-12	31.626262626262626	AM10	AM
945031	955030	950030.5	71	30.48361770092297	0	7.472708223999826	0	1	0.996005996001	1.0000000000000036e-12	31.408450704225352	AM10	AM
950031	960030	955030.5	73	30.48361770092297	0	7.472708223999826	0	1	0.996005996001	1.0000000000000036e-12	30.301369863013697	AM10	AM
955031	965030	960030.5	66	NA	NA	NA	0	1	0.996005996001	1.0000000000000036e-12	28.636363636363637	AM10	AM
960031	970030	965030.5	62	31.820220947265625	NA	7.771797774546495	0	1	0.996005996001	1.0000000000000036e-12	27.338709677419356	AM10	AM
965031	975030	970030.5	57	31.820220947265625	NA	7.771797774546495	0	1	0.996005996001	1.0000000000000036e-12	26.157894736842106	AM10	AM
970031	980030	975030.5	53	NA	NA	NA	0	1	0.996005996001	1.0000000000000036e-12	28.92452830188679	AM10	AM
975031	985030	980030.5	81	29.379231692168737	0	7.223022872254759	0	1	0.996005996001	1.0000000000000036e-12	31.160493827160494	AM10	AM
980031	990030	985030.5	65	28.930488642420766	0	7.124807294621938	0	1	0.996005996001	1.0000000000000036e-12	30.53846153846154	AM10	AM
985031	995030	990030.5	67	28.930488642420766	0	7.124807294621938	0	1	0.996005996001	1.0000000000000036e-12	31.044776119402986	AM10	AM
990031	1000030	995030.5	78	19.644510986328125	0	5.030252660513944	0	1	0.996005996001	1.0000000000000036e-12	31.192307692307693	AM10	AM
995031	1005030	1000030.5	84	20.325221878036928	0	5.1847807408744355	0	1	0.996005996001	1.0000000000000036e-12	30.55952380952381	AM10	AM
1000031	1010030	1005030.5	112	26.01522041763363	NA	6.4664295666296425	0	1	0.996005996001	1.0000000000000036e-12	31.035714285714285	AM10	AM
1005031	1015030	1010030.5	116	NA	NA	NA	0	1	0.996005996001	1.0000000000000036e-12	31.870689655172413	AM10	AM
1010031	1020030	1015030.5	123	NA	NA	NA	0	1	0.996005996001	1.0000000000000036e-12	32.02439024390244	AM10	AM
1015031	1025030	1020030.5	92	NA	NA	NA	0	1	0.996005996001	1.0000000000000036e-12	31.695652173913043	AM10	AM
1020031	1030030	1025030.5	59	31.906222589332387	NA	7.790623652854009	0	1	0.996005996001	1.0000000000000036e-12	31.11864406779661	AM10	AM
1025031	1035030	1030030.5	64	31.906222589332387	NA	7.790623652854009	0	1	0.996005996001	1.0000000000000036e-12	27.4375	AM10	AM
1030031	1040030	1035030.5	108	NA	NA	NA	0	1	0.996005996001	1.0000000000000036e-12	28.63888888888889	AM10	AM
1035031	1045030	1040030.5	134	26.856893666600158	0	6.65899204691437	0	1	0.996005996001	1.0000000000000036e-12	30.992537313432837	AM10	AM
1040031	1050030	1045030.5	133	28.485813233645146	0	7.025085200726625	0	1	0.996005996001	1.0000000000000036e-12	31.428571428571427	AM10	AM
1045031	1055030	1050030.5	122	30.219954537049624	NA	7.413407688284073	0	1	0.996005996001	1.0000000000000036e-12	31.59016393442623	AM10	AM
1050031	1060030	1055030.5	95	21.267453244723075	0	5.397392878194803	0	1	0.996005996001	1.0000000000000036e-12	30.978947368421053	AM10	AM
1055031	1065030	1060030.5	94	18.923795378335036	0	4.866317013194563	0	1	0.996005996001	1.0000000000000036e-12	31.351063829787233	AM10	AM
1060031	1070030	1065030.5	71	NA	NA	NA	0	1	0.996005996001	1.0000000000000036e-12	32.08450704225352	AM10	AM
1065031	1075030	1070030.5	68	23.306775410970054	0	5.859766628089617	0	1	0.996005996001	1.0000000000000036e-12	31.514705882352942	AM10	AM
1070031	1080030	1075030.5	102	23.306775410970054	0	5.859766628089617	0	1	0.996005996001	1.0000000000000036e-12	31.00980392156863	AM10	AM
1075031	1085030	1080030.5	109	NA	NA	NA	0	1	0.996005996001	1.0000000000000036e-12	30.69724770642202	AM10	AM
1080031	1090030	1085030.5	98	31.385742934444593	NA	7.674631162027575	0	1	0.996005996001	1.0000000000000036e-12	31.285714285714285	AM10	AM
1085031	1095030	1090030.5	110	21.319238209355586	0.0010553681801376035	4.63513750994882	0	1	0.996005996001	1.0000000000000036e-12	31.545454545454547	AM10	AM
1090031	1100030	1095030.5	102	21.319238209355586	0.0010553681801376035	4.63513750994882	0	1	0.996005996001	1.0000000000000036e-12	31.53921568627451	AM10	AM
1095031	1105030	1100030.5	94	31.9540958404541	NA	7.801730175841519	0	1	0.996005996001	1.0000000000000036e-12	31.93617021276596	AM10	AM
1100031	1110030	1105030.5	95	33.95674263433747	NA	8.249097880751329	0	1	0.996005996001	1.0000000000000036e-12	32.09473684210526	AM10	AM
1105031	1115030	1110030.5	79	33.95674263433747	NA	8.249097880751329	0	1	0.996005996001	1.0000000000000036e-12	32.278481012658226	AM10	AM
1110031	1120030	1115030.5	94	15.655517578125	NA	4.1192403991138296	0	1	0.996005996001	1.0000000000000036e-12	31.659574468085108	AM10	AM
1115031	1125030	1120030.5	97	15.655517578125	NA	4.1192403991138296	0	1	0.996005996001	1.0000000000000036e-12	31.536082474226806	AM10	AM
1120031	1130030	1125030.5	114	NA	NA	NA	0	1	0.996005996001	1.0000000000000036e-12	31.50877192982456	AM10	AM
1125031	1135030	1130030.5	161	25.441047062895134	NA	6.336363595828031	0	1	0.996005996001	1.0000000000000036e-12	31.67080745341615	AM10	AM
1130031	1140030	1135030.5	147	25.441047062895134	NA	6.336363595828031	0	1	0.996005996001	1.0000000000000036e-12	31.755102040816325	AM10	AM
1135031	1145030	1140030.5	120	26.608609195515534	NA	6.603571990993889	0	1	0.996005996001	1.0000000000000036e-12	31.158333333333335	AM10	AM
1140031	1150030	1145030.5	107	26.608609195515534	NA	6.603571990993889	0	1	0.996005996001	1.0000000000000036e-12	31.1588785046729	AM10	AM
1145031	1155030	1150030.5	98	20.58821140063168	0	5.2445390974401125	0	1	0.996005996001	1.0000000000000036e-12	29.775510204081634	AM10	AM
1150031	1160030	1155030.5	97	20.58821140063168	0	5.2445390974401125	0	1	0.996005996001	1.0000000000000036e-12	29.22680412371134	AM10	AM
1155031	1165030	1160030.5	98	NA	NA	NA	0	1	0.996005996001	1.0000000000000036e-12	30.632653061224488	AM10	AM
1160031	1170030	1165030.5	109	25.17172209262631	0	6.280291100945771	0	1	0.996005996001	1.0000000000000036e-12	31.256880733944953	AM10	AM
1165031	1175030	1170030.5	123	25.684093023145955	0	6.3955977231826475	0	1	0.996005996001	1.0000000000000036e-12	31.097560975609756	AM10	AM
1170031	1180030	1175030.5	108	26.1964639536656	0	6.510904345419524	0	1	0.996005996001	1.0000000000000036e-12	30.99074074074074	AM10	AM
1175031	1185030	1180030.5	85	NA	NA	NA	0	1	0.996005996001	1.0000000000000036e-12	19.823529411764707	AM10	AM
1180031	1190030	1185030.5	59	NA	NA	NA	0	1	0.996005996001	1.0000000000000036e-12	5.745762711864407	AM10	AM
1185031	1195030	1190030.5	62	18.27013649870914	37436.415716139556	4.717403246434359	0	1	0.996005996001	1.0000000000000036e-12	7.870967741935484	AM10	AM
1190031	1200030	1195030.5	90	18.27013649870914	37436.415716139556	4.717403246434359	0	1	0.996005996001	1.0000000000000036e-12	20.788888888888888	AM10	AM
1195031	1205030	1200030.5	110	NA	NA	NA	0	1	0.996005996001	1.0000000000000036e-12	31.272727272727273	AM10	AM
1200031	1210030	1205030.5	132	27.78110073965418	0	6.862093106808086	0	1	0.996005996001	1.0000000000000036e-12	31.651515151515152	AM10	AM
1205031	1215030	1210030.5	113	27.78110073965418	0	6.862093106808086	0	1	0.996005996001	1.0000000000000036e-12	31.734513274336283	AM10	AM
1210031	1220030	1215030.5	72	376.20878029980634	0	82.10887313163552	0	1	0.996005996001	1.0000000000000036e-12	31.694444444444443	AM10	AM
1215031	1225030	1220030.5	81	27.507976161833692	0	6.805630063217637	0	1	0.996005996001	1.0000000000000036e-12	31.753086419753085	AM10	AM
1220031	1230030	1225030.5	103	24.962156536256824	0	6.233091331960599	0	1	0.996005996001	1.0000000000000036e-12	31.533980582524272	AM10	AM
1225031	1235030	1230030.5	89	22.775183968444253	0	5.738815214700356	0	1	0.996005996001	1.0000000000000036e-12	31.617977528089888	AM10	AM
1230031	1240030	1235030.5	89	NA	NA	NA	0	1	0.996005996001	1.0000000000000036e-12	32.03370786516854	AM10	AM
1235031	1245030	1240030.5	111	26.1964639536656	0	6.510904345419524	0	1	0.996005996001	1.0000000000000036e-12	31.774774774774773	AM10	AM
1240031	1250030	1245030.5	128	26.1964639536656	0	6.510904345419524	0	1	0.996005996001	1.0000000000000036e-12	31.46875	AM10	AM
1245031	1255030	1250030.5	121	23.4832763671875	0	5.899614614699962	0	1	0.996005996001	1.0000000000000036e-12	31.223140495867767	AM10	AM
1250031	1260030	1255030.5	131	22.267193739149306	0	5.624559588025534	0	1	0.996005996001	1.0000000000000036e-12	31.244274809160306	AM10	AM
1255031	1265030	1260030.5	110	29.08447265625	0	7.1593287708537865	0	1	0.996005996001	1.0000000000000036e-12	31.772727272727273	AM10	AM
1260031	1270030	1265030.5	110	29.08447265625	0	7.1593287708537865	0	1	0.996005996001	1.0000000000000036e-12	32.11818181818182	AM10	AM
1265031	1275030	1270030.5	144	28.85045047844315	0	7.10686148636715	0	1	0.996005996001	1.0000000000000036e-12	31.819444444444443	AM10	AM
1270031	1280030	1275030.5	138	25.776148843810002	NA	6.413991929941352	0	1	0.996005996001	1.0000000000000036e-12	31.942028985507246	AM10	AM
1275031	1285030	1280030.5	134	25.776148843810002	NA	6.413991929941352	0	1	0.996005996001	1.0000000000000036e-12	31.708955223880597	AM10	AM
1280031	1290030	1285030.5	100	18.784477430555558	1344.0000000000016	4.834597042276332	0	1	0.996005996001	1.0000000000000036e-12	31.41	AM10	AM
1285031	1295030	1290030.5	82	18.784477430555558	1344.0000000000016	4.834597042276332	0	1	0.996005996001	1.0000000000000036e-12	32.01219512195122	AM10	AM
1290031	1300030	1295030.5	104	22.754006739541385	NA	5.734899383436454	0	1	0.996005996001	1.0000000000000036e-12	31.548076923076923	AM10	AM
1295031	1305030	1300030.5	99	22.754006739541385	NA	5.734899383436454	0	1	0.996005996001	1.0000000000000036e-12	31.434343434343436	AM10	AM
1300031	1310030	1305030.5	83	NA	NA	NA	0	1	0.996005996001	1.0000000000000036e-12	32.25301204819277	AM10	AM
1305031	1315030	1310030.5	71	NA	NA	NA	0	1	0.996005996001	1.0000000000000036e-12	32.563380281690144	AM10	AM
1310031	1320030	1315030.5	66	26.973423615705112	122246.09876543209	6.685559328471754	0	1	0.996005996001	1.0000000000000036e-12	32.28787878787879	AM10	AM
1315031	1325030	1320030.5	94	26.973423615705112	122246.09876543209	6.685559328471754	0	1	0.996005996001	1.0000000000000036e-12	31.95744680851064	AM10	AM
1320031	1330030	1325030.5	105	NA	NA	NA	0	1	0.996005996001	1.0000000000000036e-12	31.923809523809524	AM10	AM
1325031	1335030	1330030.5	93	25.904365267336484	102442.66666666656	6.445199687437025	0	1	0.996005996001	1.0000000000000036e-12	31.602150537634408	AM10	AM
1330031	1340030	1335030.5	79	17.82275390625	51221.33333333328	4.615348621084202	0	1	0.996005996001	1.0000000000000036e-12	31.29113924050633	AM10	AM
1335031	1345030	1340030.5	93	17.82275390625	0	4.615348621084202	0	1	0.996005996001	1.0000000000000036e-12	30.86021505376344	AM10	AM
1340031	1350030	1345030.5	102	26.8641975308642	0	6.6610158910864605	0	1	0.996005996001	1.0000000000000036e-12	31.019607843137255	AM10	AM
1345031	1355030	1350030.5	68	NA	NA	NA	0	1	0.996005996001	1.0000000000000036e-12	31.691176470588236	AM10	AM
1350031	1360030	1355030.5	55	NA	NA	NA	0	1	0.996005996001	1.0000000000000036e-12	32.38181818181818	AM10	AM
1355031	1365030	1360030.5	79	18.19893820269576	0	4.695944820266696	0	1	0.996005996001	1.0000000000000036e-12	31.569620253164558	AM10	AM
1360031	1370030	1365030.5	72	18.19893820269576	0	4.695944820266696	0	1	0.996005996001	1.0000000000000036e-12	31.041666666666668	AM10	AM
1365031	1375030	1370030.5	54	NA	NA	NA	0	1	0.996005996001	1.0000000000000036e-12	32.074074074074076	AM10	AM
1370031	1380030	1375030.5	77	19.839568847656253	NA	5.0745792749213825	0	1	0.996005996001	1.0000000000000036e-12	30.4025974025974	AM10	AM
1375031	1385030	1380030.5	104	24.640427001953128	0	6.156940332262879	0	1	0.996005996001	1.0000000000000036e-12	30.365384615384617	AM10	AM
1380031	1390030	1385030.5	105	29.80877777777778	0	7.32163806928328	0	1	0.996005996001	1.0000000000000036e-12	31.323809523809523	AM10	AM
1385031	1395030	1390030.5	101	27.340793900034075	71755.01745387062	6.76645231943336	0	1	0.996005996001	1.0000000000000036e-12	31.495049504950494	AM10	AM
1390031	1400030	1395030.5	109	23.786978663709856	35877.50872693531	5.96815553280097	0	1	0.996005996001	1.0000000000000036e-12	31.568807339449542	AM10	AM
1395031	1405030	1400030.5	96	24.115151649216944	0	6.041349085932522	0	1	0.996005996001	1.0000000000000036e-12	31.739583333333332	AM10	AM
1400031	1410030	1405030.5	83	NA	NA	NA	0	1	0.996005996001	1.0000000000000036e-12	32.096385542168676	AM10	AM
1405031	1415030	1410030.5	82	NA	NA	NA	0	1	0.996005996001	1.0000000000000036e-12	32	AM10	AM
1410031	1420030	1415030.5	101	NA	NA	NA	0	1	0.996005996001	1.0000000000000036e-12	31.712871287128714	AM10	AM
1415031	1425030	1420030.5	119	NA	NA	NA	0	1	0.996005996001	1.0000000000000036e-12	31.6218487394958	AM10	AM
1420031	1430030	1425030.5	115	NA	NA	NA	0	1	0.996005996001	1.0000000000000036e-12	31.42608695652174	AM10	AM
1425031	1435030	1430030.5	94	NA	NA	NA	0	1	0.996005996001	1.0000000000000036e-12	31.393617021276597	AM10	AM
1430031	1440030	1435030.5	73	NA	NA	NA	0	1	0.996005996001	1.0000000000000036e-12	31.34246575342466	AM10	AM
1435031	1445030	1440030.5	73	28.631438678957053	4338314.432098782	7.0577480007256055	0	1	0.996005996001	1.0000000000000036e-12	31.493150684931507	AM10	AM
1440031	1450030	1445030.5	59	28.631438678957053	4338314.432098782	7.0577480007256055	0	1	0.996005996001	1.0000000000000036e-12	32.03389830508475	AM10	AM
1445031	1455030	1450030.5	61	NA	NA	NA	0	1	0.996005996001	1.0000000000000036e-12	31.901639344262296	AM10	AM
1450031	1460030	1455030.5	88	377.02439008579813	3.2112865490050694e-6	82.28889788162513	0	1	0.996005996001	1.0000000000000036e-12	32	AM10	AM
1455031	1465030	1460030.5	106	377.02439008579813	3.2112865490050694e-6	82.28889788162513	0	1	0.996005996001	1.0000000000000036e-12	32.14150943396226	AM10	AM
1460031	1470030	1465030.5	86	NA	NA	NA	0	1	0.996005996001	1.0000000000000036e-12	31.976744186046513	AM10	AM
1465031	1475030	1470030.5	74	31.89779818058014	NA	7.789143288972967	0	1	0.996005996001	1.0000000000000036e-12	31.756756756756758	AM10	AM
1470031	1480030	1475030.5	78	31.89779818058014	NA	7.789143288972967	0	1	0.996005996001	1.0000000000000036e-12	31.858974358974358	AM10	AM
1475031	1485030	1480030.5	78	NA	NA	NA	0	1	0.996005996001	1.0000000000000036e-12	31.08974358974359	AM10	AM
1480031	1490030	1485030.5	85	NA	NA	NA	0	1	0.996005996001	1.0000000000000036e-12	31.305882352941175	AM10	AM
1485031	1495030	1490030.5	73	NA	NA	NA	0	1	0.996005996001	1.0000000000000036e-12	32.082191780821915	AM10	AM
1490031	1500030	1495030.5	77	20.90498587827988	0	5.316379629938479	0	1	0.996005996001	1.0000000000000036e-12	31.805194805194805	AM10	AM
1495031	1505030	1500030.5	75	20.90498587827988	0	5.316379629938479	0	1	0.996005996001	1.0000000000000036e-12	31.88	AM10	AM
1500031	1510030	1505030.5	60	19.184920410156252	0	4.925743391185137	0	1	0.996005996001	1.0000000000000036e-12	32.166666666666664	AM10	AM
1505031	1515030	1510030.5	66	24.471818274992273	0	6.118083451384765	0	1	0.996005996001	1.0000000000000036e-12	32.015151515151516	AM10	AM
1510031	1520030	1515030.5	70	29.758716139828294	NA	7.310423511584393	0	1	0.996005996001	1.0000000000000036e-12	31.65714285714286	AM10	AM
1515031	1525030	1520030.5	68	32.955458510727105	NA	8.025513061690036	0	1	0.996005996001	1.0000000000000036e-12	30.294117647058822	AM10	AM
31	10030	5030.5	140	46.37451472881302	0	11.010098681778928	0	1	0.996005996001	1.0000000000000036e-12	41.378571428571426	AM11	AM
5031	15030	10030.5	118	38.28721385039509	0	9.214094912720126	0	1	0.996005996001	1.0000000000000036e-12	44.41525423728814	AM11	AM
10031	20030	15030.5	124	38.28721385039509	0	9.214094912720126	0	1	0.996005996001	1.0000000000000036e-12	44.306451612903224	AM11	AM
15031	25030	20030.5	89	39.673852722167965	0	9.522709747822562	0	1	0.996005996001	1.0000000000000036e-12	45.157303370786515	AM11	AM
20031	30030	25030.5	77	42.801034197759265	0	10.216992045787345	0	1	0.996005996001	1.0000000000000036e-12	45.22077922077922	AM11	AM
25031	35030	30030.5	108	45.928215673350564	NA	10.911274343752128	0	1	0.996005996001	1.0000000000000036e-12	45.30555555555556	AM11	AM
30031	40030	35030.5	117	NA	NA	NA	0	1	0.996005996001	1.0000000000000036e-12	45.427350427350426	AM11	AM
35031	45030	40030.5	78	NA	NA	NA	0	1	0.996005996001	1.0000000000000036e-12	45.1025641025641	AM11	AM
40031	50030	45030.5	80	30.81467557315968	NA	7.546860850878267	0	1	0.996005996001	1.0000000000000036e-12	44.95	AM11	AM
45031	55030	50030.5	108	30.81467557315968	NA	7.546860850878267	0	1	0.996005996001	1.0000000000000036e-12	45.648148148148145	AM11	AM
50031	60030	55030.5	110	40.310116312097776	0	9.664029891845336	0	1	0.996005996001	1.0000000000000036e-12	45.61818181818182	AM11	AM
55031	65030	60030.5	97	38.781093536640874	0	9.324132175952514	0	1	0.996005996001	1.0000000000000036e-12	45.09278350515464	AM11	AM
60031	70030	65030.5	96	25.943776314292215	NA	6.454066209715694	0	1	0.996005996001	1.0000000000000036e-12	44.96875	AM11	AM
65031	75030	70030.5	122	NA	NA	NA	0	1	0.996005996001	1.0000000000000036e-12	45.07377049180328	AM11	AM
70031	80030	75030.5	123	NA	NA	NA	0	1	0.996005996001	1.0000000000000036e-12	45.63414634146341	AM11	AM
75031	85030	80030.5	90	36.37585984527601	3.569941095971916e-5	8.788596404663195	0	1	0.996005996001	1.0000000000000036e-12	46	AM11	AM
80031	90030	85030.5	86	36.37585984527601	3.569941095971916e-5	8.788596404663195	0	1	0.996005996001	1.0000000000000036e-12	45.63953488372093	AM11	AM
85031	95030	90030.5	106	27.947695540269677	NA	6.904344976833615	0	1	0.996005996001	1.0000000000000036e-12	44.283018867924525	AM11	AM
90031	100030	95030.5	129	36.91050532746203	NA	8.901724170894374	0	1	0.996005996001	1.0000000000000036e-12	43.55038759689923	AM11	AM
95031	105030	100030.5	164	45.873315114654396	NA	10.899103364955133	0	1	0.996005996001	1.0000000000000036e-12	43.59756097560975	AM11	AM
100031	110030	105030.5	134	NA	NA	NA	0	1	0.996005996001	1.0000000000000036e-12	44.07462686567164	AM11	AM
105031	115030	110030.5	88	23.2299317720514	0.004163994453333337	5.044315591795476	0	1	0.996005996001	1.0000000000000036e-12	45.46590909090909	AM11	AM
110031	120030	115030.5	99	91.09747033651512	0.08329961777892782	19.278915581195186	0	1	0.996005996001	1.0000000000000036e-12	45.81818181818182	AM11	AM
115031	125030	120030.5	99	158.96500890097883	0.1624352411045223	33.5135155705949	0	1	0.996005996001	1.0000000000000036e-12	46.03030303030303	AM11	AM
120031	130030	125030.5	67	NA	NA	NA	0	1	0.996005996001	1.0000000000000036e-12	45.74626865671642	AM11	AM
125031	135030	130030.5	88	NA	NA	NA	0	1	0.996005996001	1.0000000000000036e-12	45.61363636363637	AM11	AM
130031	140030	135030.5	118	NA	NA	NA	0	1	0.996005996001	1.0000000000000036e-12	44.49152542372882	AM11	AM
135031	145030	140030.5	96	46.807534706002045	NA	11.106173111357483	0	1	0.996005996001	1.0000000000000036e-12	44.239583333333336	AM11	AM
140031	150030	145030.5	138	47.34298990074408	NA	11.224807557956277	0	1	0.996005996001	1.0000000000000036e-12	46	AM11	AM
145031	155030	150030.5	214	33.34825971911256	0	8.113245758430278	0	1	0.996005996001	1.0000000000000036e-12	45.532710280373834	AM11	AM
150031	160030	155030.5	199	31.899594148792126	0	7.789343708611577	0	1	0.996005996001	1.0000000000000036e-12	45.24120603015076	AM11	AM
155031	165030	160030.5	131	NA	NA	NA	0	1	0.996005996001	1.0000000000000036e-12	45.31297709923664	AM11	AM
160031	170030	165030.5	95	36.45615615412173	NA	8.797958536918653	0	1	0.996005996001	1.0000000000000036e-12	44.83157894736842	AM11	AM
165031	175030	170030.5	87	32.88322304919025	0	8.009376166579642	0	1	0.996005996001	1.0000000000000036e-12	44.6551724137931	AM11	AM
170031	180030	175030.5	81	32.88322304919025	0	8.009376166579642	0	1	0.996005996001	1.0000000000000036e-12	44.93827160493827	AM11	AM
175031	185030	180030.5	94	32.01167466493513	4.3682869257594615e-5	7.814354755980524	0	1	0.996005996001	1.0000000000000036e-12	44.287234042553195	AM11	AM
180031	190030	185030.5	112	32.01167466493513	4.3682869257594615e-5	7.814354755980524	0	1	0.996005996001	1.0000000000000036e-12	44.392857142857146	AM11	AM
185031	195030	190030.5	101	45.90110887207315	NA	10.905265036368913	0	1	0.996005996001	1.0000000000000036e-12	45.524752475247524	AM11	AM
190031	200030	195030.5	80	45.90110887207315	NA	10.905265036368913	0	1	0.996005996001	1.0000000000000036e-12	46.0375	AM11	AM
195031	205030	200030.5	113	34.861271366746315	NA	8.438375123779034	0	1	0.996005996001	1.0000000000000036e-12	44.92920353982301	AM11	AM
200031	210030	205030.5	114	34.861271366746315	NA	8.438375123779034	0	1	0.996005996001	1.0000000000000036e-12	44.53508771929825	AM11	AM
205031	215030	210030.5	91	NA	NA	NA	0	1	0.996005996001	1.0000000000000036e-12	45.26373626373626	AM11	AM
210031	220030	215030.5	103	NA	NA	NA	0	1	0.996005996001	1.0000000000000036e-12	45.689320388349515	AM11	AM
215031	225030	220030.5	109	41.569867461908466	NA	9.943946065216473	0	1	0.996005996001	1.0000000000000036e-12	45.137614678899084	AM11	AM
220031	230030	225030.5	84	41.569867461908466	NA	9.943946065216473	0	1	0.996005996001	1.0000000000000036e-12	44.833333333333336	AM11	AM
225031	235030	230030.5	51	NA	NA	NA	0	1	0.996005996001	1.0000000000000036e-12	45.90196078431372	AM11	AM
230031	240030	235030.5	89	NA	NA	NA	0	1	0.996005996001	1.0000000000000036e-12	45.1123595505618	AM11	AM
235031	245030	240030.5	105	NA	NA	NA	0	1	0.996005996001	1.0000000000000036e-12	44.76190476190476	AM11	AM
240031	250030	245030.5	100	NA	NA	NA	0	1	0.996005996001	1.0000000000000036e-12	44.93	AM11	AM
245031	255030	250030.5	99	46.40086406141054	NA	11.015935271872035	0	1	0.996005996001	1.0000000000000036e-12	45.303030303030305	AM11	AM
250031	260030	255030.5	98	46.40086406141054	NA	11.015935271872035	0	1	0.996005996001	1.0000000000000036e-12	45.57142857142857	AM11	AM
255031	265030	260030.5	104	NA	NA	NA	0	1	0.996005996001	1.0000000000000036e-12	45.25961538461539	AM11	AM
260031	270030	265030.5	87	NA	NA	NA	0	1	0.996005996001	1.0000000000000036e-12	45.4367816091954	AM11	AM
265031	275030	270030.5	80	1014.6740551327445	0	220.3336715372734	0	1	0.996005996001	1.0000000000000036e-12	46.0625	AM11	AM
270031	280030	275030.5	82	1014.6740551327445	0	220.3336715372734	0	1	0.996005996001	1.0000000000000036e-12	46.09756097560975	AM11	AM
275031	285030	280030.5	87	39.854953125	NA	9.562979731005953	0	1	0.996005996001	1.0000000000000036e-12	44.04597701149425	AM11	AM
280031	290030	285030.5	86	39.854953125	NA	9.562979731005953	0	1	0.996005996001	1.0000000000000036e-12	42.151162790697676	AM11	AM
285031	295030	290030.5	91	27.52710804887431	0	6.802935157495982	0	1	0.996005996001	1.0000000000000036e-12	42.83516483516483	AM11	AM
290031	300030	295030.5	99	27.947695540269677	0	6.904344976833615	0	1	0.996005996001	1.0000000000000036e-12	43.666666666666664	AM11	AM
295031	305030	300030.5	142	27.947695540269677	NA	6.904344976833615	0	1	0.996005996001	1.0000000000000036e-12	44.74647887323944	AM11	AM
300031	310030	305030.5	134	NA	NA	NA	0	1	0.996005996001	1.0000000000000036e-12	45.44776119402985	AM11	AM
305031	315030	310030.5	90	NA	NA	NA	0	1	0.996005996001	1.0000000000000036e-12	42.733333333333334	AM11	AM
310031	320030	315030.5	131	NA	NA	NA	0	1	0.996005996001	1.0000000000000036e-12	43.595419847328245	AM11	AM
315031	325030	320030.5	121	NA	NA	NA	0	1	0.996005996001	1.0000000000000036e-12	44.34710743801653	AM11	AM
320031	330030	325030.5	92	41.96485007693554	NA	10.031848948482402	0	1	0.996005996001	1.0000000000000036e-12	42.119565217391305	AM11	AM
325031	335030	330030.5	108	41.96485007693554	NA	10.031848948482402	0	1	0.996005996001	1.0000000000000036e-12	43.083333333333336	AM11	AM
330031	340030	335030.5	99	NA	NA	NA	0	1	0.996005996001	1.0000000000000036e-12	44.2020202020202	AM11	AM
335031	345030	340030.5	84	1007.5260455713693	0	218.78150098272494	0	1	0.996005996001	1.0000000000000036e-12	44.464285714285715	AM11	AM
340031	350030	345030.5	67	1007.5260455713693	0	218.78150098272494	0	1	0.996005996001	1.0000000000000036e-12	41.850746268656714	AM11	AM
345031	355030	350030.5	34	32.33016111528508	0	7.885794468690992	0	1	0.996005996001	1.0000000000000036e-12	37.470588235294116	AM11	AM
350031	360030	355030.5	8	183.99924453034367	0	40.38762287844032	0	1	0.996005996001	1.0000000000000036e-12	31.875	AM11	AM
355031	365030	360030.5	7	335.66832794540227	0	72.88945128818965	0	1	0.996005996001	1.0000000000000036e-12	24.285714285714285	AM11	AM
360031	370030	365030.5	13	27.324835581138256	0	6.764501484312738	0	1	0.996005996001	1.0000000000000036e-12	23.692307692307693	AM11	AM
365031	375030	370030.5	54	27.324835581138256	0	6.764501484312738	0	1	0.996005996001	1.0000000000000036e-12	26.38888888888889	AM11	AM
370031	380030	375030.5	89	NA	NA	NA	0	1	0.996005996001	1.0000000000000036e-12	34.651685393258425	AM11	AM
375031	385030	380030.5	75	47.96918233235677	NA	11.36354088443746	0	1	0.996005996001	1.0000000000000036e-12	44.49333333333333	AM11	AM
380031	390030	385030.5	67	47.96918233235677	NA	11.36354088443746	0	1	0.996005996001	1.0000000000000036e-12	45.865671641791046	AM11	AM
385031	395030	390030.5	81	44.713166666666666	NA	10.641840185153617	0	1	0.996005996001	1.0000000000000036e-12	46.03703703703704	AM11	AM
390031	400030	395030.5	81	40.90537700314672	0	9.795609083458494	0	1	0.996005996001	1.0000000000000036e-12	45.45679012345679	AM11	AM
395031	405030	400030.5	80	37.09758733962677	0	8.949377981763373	0	1	0.996005996001	1.0000000000000036e-12	45.125	AM11	AM
400031	410030	405030.5	99	NA	NA	NA	0	1	0.996005996001	1.0000000000000036e-12	45.13131313131313	AM11	AM
405031	415030	410030.5	87	38.77467020639065	0	9.321127381784052	0	1	0.996005996001	1.0000000000000036e-12	44.6551724137931	AM11	AM
410031	420030	415030.5	67	43.64570971918142	0	10.405012310717607	0	1	0.996005996001	1.0000000000000036e-12	43.35820895522388	AM11	AM
415031	425030	420030.5	78	45.967861967822806	NA	10.920063405724553	0	1	0.996005996001	1.0000000000000036e-12	43.62820512820513	AM11	AM
420031	430030	425030.5	91	NA	NA	NA	0	1	0.996005996001	1.0000000000000036e-12	44.38461538461539	AM11	AM
425031	435030	430030.5	96	NA	NA	NA	0	1	0.996005996001	1.0000000000000036e-12	44.614583333333336	AM11	AM
430031	440030	435030.5	96	NA	NA	NA	0	1	0.996005996001	1.0000000000000036e-12	45.46875	AM11	AM
435031	445030	440030.5	93	39.450115084546255	0	9.471846923860866	0	1	0.996005996001	1.0000000000000036e-12	44.494623655913976	AM11	AM
440031	450030	445030.5	80	35.29602793297717	0	8.54789284131794	0	1	0.996005996001	1.0000000000000036e-12	43.85	AM11	AM
445031	455030	450030.5	75	33.58923333333334	NA	8.167054075720518	0	1	0.996005996001	1.0000000000000036e-12	44.906666666666666	AM11	AM
450031	460030	455030.5	96	NA	NA	NA	0	1	0.996005996001	1.0000000000000036e-12	45.354166666666664	AM11	AM
455031	465030	460030.5	93	NA	NA	NA	0	1	0.996005996001	1.0000000000000036e-12	44.333333333333336	AM11	AM
460031	470030	465030.5	97	42.96565475366949	NA	10.25407206118808	0	1	0.996005996001	1.0000000000000036e-12	44.04123711340206	AM11	AM
465031	475030	470030.5	85	42.96565475366949	NA	10.25407206118808	0	1	0.996005996001	1.0000000000000036e-12	45.31764705882353	AM11	AM
470031	480030	475030.5	61	44.50499605882027	0	10.595555940947023	0	1	0.996005996001	1.0000000000000036e-12	45.91803278688525	AM11	AM
475031	485030	480030.5	77	44.50499605882027	0	10.595555940947023	0	1	0.996005996001	1.0000000000000036e-12	45.63636363636363	AM11	AM
480031	490030	485030.5	54	NA	NA	NA	0	1	0.996005996001	1.0000000000000036e-12	45.27777777777778	AM11	AM
485031	495030	490030.5	40	NA	NA	NA	0	1	0.996005996001	1.0000000000000036e-12	45.925	AM11	AM
490031	500030	495030.5	54	NA	NA	NA	0	1	0.996005996001	1.0000000000000036e-12	45.77777777777778	AM11	AM
495031	505030	500030.5	65	23.939222547743057	NA	6.002502991613978	0	1	0.996005996001	1.0000000000000036e-12	44.50769230769231	AM11	AM
500031	510030	505030.5	74	23.939222547743057	NA	6.002502991613978	0	1	0.996005996001	1.0000000000000036e-12	44.851351351351354	AM11	AM
505031	515030	510030.5	83	22.936657557327198	NA	5.776171170429911	0	1	0.996005996001	1.0000000000000036e-12	44.433734939759034	AM11	AM
510031	520030	515030.5	77	39.37308341459786	0	9.455820697258197	0	1	0.996005996001	1.0000000000000036e-12	44.311688311688314	AM11	AM
515031	525030	520030.5	59	37.091008179602134	0	8.947538187665808	0	1	0.996005996001	1.0000000000000036e-12	45.271186440677965	AM11	AM
520031	530030	525030.5	71	34.7447271319242	0	8.424932960047311	0	1	0.996005996001	1.0000000000000036e-12	42.42253521126761	AM11	AM
525031	535030	530030.5	76	31.148165599945337	0	7.620179724706297	0	1	0.996005996001	1.0000000000000036e-12	40.78947368421053	AM11	AM
530031	540030	535030.5	72	27.551604067966473	0	6.815426489365282	0	1	0.996005996001	1.0000000000000036e-12	41.09722222222222	AM11	AM
535031	545030	540030.5	82	NA	NA	NA	0	1	0.996005996001	1.0000000000000036e-12	41.1219512195122	AM11	AM
540031	550030	545030.5	97	NA	NA	NA	0	1	0.996005996001	1.0000000000000036e-12	42.91752577319588	AM11	AM
545031	555030	550030.5	95	38.168173791171554	0	9.186472338356905	0	1	0.996005996001	1.0000000000000036e-12	44.54736842105263	AM11	AM
550031	560030	555030.5	63	38.168173791171554	0	9.186472338356905	0	1	0.996005996001	1.0000000000000036e-12	45.03174603174603	AM11	AM
555031	565030	560030.5	46	NA	NA	NA	0	1	0.996005996001	1.0000000000000036e-12	44.95652173913044	AM11	AM
560031	570030	565030.5	73	NA	NA	NA	0	1	0.996005996001	1.0000000000000036e-12	45.21917808219178	AM11	AM
565031	575030	570030.5	109	32.601144108074365	0	7.9455791620077125	0	1	0.996005996001	1.0000000000000036e-12	44.37614678899082	AM11	AM
570031	580030	575030.5	102	32.601144108074365	0	7.9455791620077125	0	1	0.996005996001	1.0000000000000036e-12	43.6764705882353	AM11	AM
575031	585030	580030.5	67	351.0978878427204	0	76.65719414693942	0	1	0.996005996001	1.0000000000000036e-12	44.17910447761194	AM11	AM
580031	590030	585030.5	70	351.0978878427204	0	76.65719414693942	0	1	0.996005996001	1.0000000000000036e-12	44.05714285714286	AM11	AM
585031	595030	590030.5	79	35.908833821614586	NA	8.684514315271844	0	1	0.996005996001	1.0000000000000036e-12	43.392405063291136	AM11	AM
590031	600030	595030.5	71	36.798371933405335	0	8.882672345664819	0	1	0.996005996001	1.0000000000000036e-12	43.70422535211268	AM11	AM
595031	605030	600030.5	86	28.94945723481898	0	7.1290601329071706	0	1	0.996005996001	1.0000000000000036e-12	44.76744186046512	AM11	AM
600031	610030	605030.5	114	28.928788577201814	0	7.124426079531672	0	1	0.996005996001	1.0000000000000036e-12	43.59649122807018	AM11	AM
605031	615030	610030.5	118	29.334988133199708	NA	7.211936099846486	0	1	0.996005996001	1.0000000000000036e-12	43.95762711864407	AM11	AM
610031	620030	615030.5	107	NA	NA	NA	0	1	0.996005996001	1.0000000000000036e-12	45.61682242990654	AM11	AM
615031	625030	620030.5	100	NA	NA	NA	0	1	0.996005996001	1.0000000000000036e-12	45.95	AM11	AM
620031	630030	625030.5	101	NA	NA	NA	0	1	0.996005996001	1.0000000000000036e-12	45.93069306930693	AM11	AM
625031	635030	630030.5	112	32.73005330943735	0	7.975155997118623	0	1	0.996005996001	1.0000000000000036e-12	44.517857142857146	AM11	AM
630031	640030	635030.5	79	32.73005330943735	0	7.975155997118623	0	1	0.996005996001	1.0000000000000036e-12	43.936708860759495	AM11	AM
635031	645030	640030.5	41	NA	NA	NA	0	1	0.996005996001	1.0000000000000036e-12	44.90243902439025	AM11	AM
640031	650030	645030.5	57	45.967861967822806	NA	10.920063405724553	0	1	0.996005996001	1.0000000000000036e-12	43.19298245614035	AM11	AM
645031	655030	650030.5	63	45.967861967822806	NA	10.920063405724553	0	1	0.996005996001	1.0000000000000036e-12	44.22222222222222	AM11	AM
650031	660030	655030.5	64	33.727376687699305	0	8.197895877622894	0	1	0.996005996001	1.0000000000000036e-12	44.640625	AM11	AM
655031	665030	660030.5	63	33.656666666666666	0	8.182109823276699	0	1	0.996005996001	1.0000000000000036e-12	44.03174603174603	AM11	AM
660031	670030	665030.5	53	30.946619033813477	0	7.576387652211938	0	1	0.996005996001	1.0000000000000036e-12	44.528301886792455	AM11	AM
665031	675030	670030.5	35	46.96853599395124	NA	11.141850864121613	0	1	0.996005996001	1.0000000000000036e-12	44.65714285714286	AM11	AM
670031	680030	675030.5	11	46.96853599395124	NA	11.141850864121613	0	1	0.996005996001	1.0000000000000036e-12	37.72727272727273	AM11	AM
675031	685030	680030.5	9	NA	NA	NA	NA	NA	NA	NA	0	AM11	AM
680031	690030	685030.5	7	NA	NA	NA	NA	NA	NA	NA	0	AM11	AM
685031	695030	690030.5	0	NA	NA	NA	NA	NA	NA	NA	NA	AM11	AM
690031	700030	695030.5	0	NA	NA	NA	NA	NA	NA	NA	NA	AM11	AM
695031	705030	700030.5	0	NA	NA	NA	NA	NA	NA	NA	NA	AM11	AM
700031	710030	705030.5	16	27.883725892003007	NA	6.889987087616625	0	1	0.996005996001	1.0000000000000036e-12	41.75	AM11	AM
705031	715030	710030.5	62	23.58136187588459	NA	5.918566034775665	0	1	0.996005996001	1.0000000000000036e-12	43.854838709677416	AM11	AM
710031	720030	715030.5	107	19.101396619050604	NA	4.906730997564635	0	1	0.996005996001	1.0000000000000036e-12	44.52336448598131	AM11	AM
715031	725030	720030.5	99	23.362776595417518	0	5.868952505841406	0	1	0.996005996001	1.0000000000000036e-12	44.42424242424242	AM11	AM
720031	730030	725030.5	77	37.62584796581032	0	9.06701277015861	0	1	0.996005996001	1.0000000000000036e-12	45.01298701298701	AM11	AM
725031	735030	730030.5	74	40.65716226415516	0	9.740757836033836	0	1	0.996005996001	1.0000000000000036e-12	45.945945945945944	AM11	AM
730031	740030	735030.5	66	NA	NA	NA	0	1	0.996005996001	1.0000000000000036e-12	45.45454545454545	AM11	AM
735031	745030	740030.5	71	30.81467557315968	NA	7.546860850878267	0	1	0.996005996001	1.0000000000000036e-12	45.12676056338028	AM11	AM
740031	750030	745030.5	77	30.81467557315968	NA	7.546860850878267	0	1	0.996005996001	1.0000000000000036e-12	45.03896103896104	AM11	AM
745031	755030	750030.5	72	27.947695540269677	NA	6.904344976833615	0	1	0.996005996001	1.0000000000000036e-12	43.81944444444444	AM11	AM
750031	760030	755030.5	75	27.947695540269677	NA	6.904344976833615	0	1	0.996005996001	1.0000000000000036e-12	43.76	AM11	AM
755031	765030	760030.5	93	34.02787900874635	0	8.264975897331817	0	1	0.996005996001	1.0000000000000036e-12	43.903225806451616	AM11	AM
760031	770030	765030.5	92	33.254824431902605	0	8.092326472093584	0	1	0.996005996001	1.0000000000000036e-12	43.28260869565217	AM11	AM
765031	775030	770030.5	102	32.101918188351725	0	7.834763393471701	0	1	0.996005996001	1.0000000000000036e-12	43.1078431372549	AM11	AM
770031	780030	775030.5	98	26.05521585909669	0	6.475839377604724	0	1	0.996005996001	1.0000000000000036e-12	43.39795918367347	AM11	AM
775031	785030	780030.5	58	30.85971672183256	NA	7.5569407265086355	0	1	0.996005996001	1.0000000000000036e-12	44.3448275862069	AM11	AM
780031	790030	785030.5	70	47.93114376068115	NA	11.355115184741283	0	1	0.996005996001	1.0000000000000036e-12	43.8	AM11	AM
785031	795030	790030.5	87	45.3233840020327	0	10.776839857153469	0	1	0.996005996001	1.0000000000000036e-12	43.229885057471265	AM11	AM
790031	800030	795030.5	67	42.715624243384234	0	10.198564529565656	0	1	0.996005996001	1.0000000000000036e-12	43.134328358208954	AM11	AM
795031	805030	800030.5	70	19.997084548104954	0	5.110360356121066	0	1	0.996005996001	1.0000000000000036e-12	42.82857142857143	AM11	AM
800031	810030	805030.5	66	33.983133440230866	0	8.236950620279263	0	1	0.996005996001	1.0000000000000036e-12	43.333333333333336	AM11	AM
805031	815030	810030.5	34	47.96918233235677	NA	11.36354088443746	0	1	0.996005996001	1.0000000000000036e-12	41.55882352941177	AM11	AM
810031	820030	815030.5	91	31.679943457068035	0	7.740370297659621	0	1	0.996005996001	1.0000000000000036e-12	41.285714285714285	AM11	AM
815031	825030	820030.5	109	38.08611379321364	0	9.16729690836048	0	1	0.996005996001	1.0000000000000036e-12	42.972477064220186	AM11	AM
820031	830030	825030.5	62	46.298021374678626	NA	10.993244516740472	0	1	0.996005996001	1.0000000000000036e-12	45.08064516129032	AM11	AM
825031	835030	830030.5	77	26.788599298887366	NA	6.644026883270098	0	1	0.996005996001	1.0000000000000036e-12	44.48051948051948	AM11	AM
830031	840030	835030.5	78	26.788599298887366	NA	6.644026883270098	0	1	0.996005996001	1.0000000000000036e-12	44.56410256410256	AM11	AM
835031	845030	840030.5	84	33.95674263433747	NA	8.249097880751329	0	1	0.996005996001	1.0000000000000036e-12	43.904761904761905	AM11	AM
840031	850030	845030.5	91	33.95674263433747	NA	8.249097880751329	0	1	0.996005996001	1.0000000000000036e-12	44.54945054945055	AM11	AM
845031	855030	850030.5	85	42.89489670632747	NA	10.238364249901903	0	1	0.996005996001	1.0000000000000036e-12	45.07058823529412	AM11	AM
850031	860030	855030.5	94	31.446881482427578	0	7.6766365298270625	0	1	0.996005996001	1.0000000000000036e-12	42.62765957446808	AM11	AM
855031	865030	860030.5	107	31.446881482427578	0	7.6766365298270625	0	1	0.996005996001	1.0000000000000036e-12	43.598130841121495	AM11	AM
860031	870030	865030.5	118	43.85288330811831	0	10.45098539354014	0	1	0.996005996001	1.0000000000000036e-12	44.355932203389834	AM11	AM
865031	875030	870030.5	131	45.744212664987835	0	10.870309621262173	0	1	0.996005996001	1.0000000000000036e-12	43.55725190839695	AM11	AM
870031	880030	875030.5	100	42.366564680742066	0	10.11950591537379	0	1	0.996005996001	1.0000000000000036e-12	44.51	AM11	AM
875031	885030	880030.5	50	37.09758733962677	0	8.949377981763373	0	1	0.996005996001	1.0000000000000036e-12	39.86	AM11	AM
880031	890030	885030.5	29	NA	NA	NA	0	1	0.996005996001	1.0000000000000036e-12	30.20689655172414	AM11	AM
885031	895030	890030.5	44	45.873315114654396	NA	10.899103364955133	0	1	0.996005996001	1.0000000000000036e-12	41.31818181818182	AM11	AM
890031	900030	895030.5	66	45.873315114654396	NA	10.899103364955133	0	1	0.996005996001	1.0000000000000036e-12	41.24242424242424	AM11	AM
895031	905030	900030.5	39	15.13994942459875	0	4.000746259546396	0	1	0.996005996001	1.0000000000000036e-12	32.58974358974359	AM11	AM
900031	910030	905030.5	26	15.13994942459875	0	4.000746259546396	0	1	0.996005996001	1.0000000000000036e-12	20.346153846153847	AM11	AM
905031	915030	910030.5	55	NA	NA	NA	0	1	0.996005996001	1.0000000000000036e-12	37.27272727272727	AM11	AM
910031	920030	915030.5	86	28.55288292749805	0	7.040129100955817	0	1	0.996005996001	1.0000000000000036e-12	43.848837209302324	AM11	AM
915031	925030	920030.5	88	28.55288292749805	0	7.040129100955817	0	1	0.996005996001	1.0000000000000036e-12	44.42045454545455	AM11	AM
920031	930030	925030.5	107	NA	NA	NA	0	1	0.996005996001	1.0000000000000036e-12	44.8411214953271	AM11	AM
925031	935030	930030.5	119	27.947695540269677	NA	6.904344976833615	0	1	0.996005996001	1.0000000000000036e-12	44.865546218487395	AM11	AM
930031	940030	935030.5	94	27.947695540269677	NA	6.904344976833615	0	1	0.996005996001	1.0000000000000036e-12	45.1063829787234	AM11	AM
935031	945030	940030.5	97	NA	NA	NA	0	1	0.996005996001	1.0000000000000036e-12	45.30927835051546	AM11	AM
940031	950030	945030.5	99	NA	NA	NA	0	1	0.996005996001	1.0000000000000036e-12	45.38383838383838	AM11	AM
945031	955030	950030.5	71	37.90921515974515	0	9.1300977655298	0	1	0.996005996001	1.0000000000000036e-12	44.901408450704224	AM11	AM
950031	960030	955030.5	73	37.90921515974515	0	9.1300977655298	0	1	0.996005996001	1.0000000000000036e-12	43.3013698630137	AM11	AM
955031	965030	960030.5	66	NA	NA	NA	0	1	0.996005996001	1.0000000000000036e-12	41.03030303030303	AM11	AM
960031	970030	965030.5	62	NA	NA	NA	0	1	0.996005996001	1.0000000000000036e-12	38.91935483870968	AM11	AM
965031	975030	970030.5	57	NA	NA	NA	0	1	0.996005996001	1.0000000000000036e-12	36.73684210526316	AM11	AM
970031	980030	975030.5	53	NA	NA	NA	0	1	0.996005996001	1.0000000000000036e-12	40.943396226415096	AM11	AM
975031	985030	980030.5	81	39.793924564748096	0	9.54877689415115	0	1	0.996005996001	1.0000000000000036e-12	44.148148148148145	AM11	AM
980031	990030	985030.5	65	42.34192100420404	0	10.115588495225321	0	1	0.996005996001	1.0000000000000036e-12	43.53846153846154	AM11	AM
985031	995030	990030.5	67	42.34192100420404	0	10.115588495225321	0	1	0.996005996001	1.0000000000000036e-12	44.298507462686565	AM11	AM
990031	1000030	995030.5	78	25.66212026520539	0	6.390690737029879	0	1	0.996005996001	1.0000000000000036e-12	43.93589743589744	AM11	AM
995031	1005030	1000030.5	84	25.768625584959604	0	6.41465656113026	0	1	0.996005996001	1.0000000000000036e-12	43.11904761904762	AM11	AM
1000031	1010030	1005030.5	112	25.875130904713817	NA	6.438622385230642	0	1	0.996005996001	1.0000000000000036e-12	44.267857142857146	AM11	AM
1005031	1015030	1010030.5	116	NA	NA	NA	0	1	0.996005996001	1.0000000000000036e-12	45.66379310344828	AM11	AM
1010031	1020030	1015030.5	123	40.43105699702777	0	9.688456221010393	0	1	0.996005996001	1.0000000000000036e-12	45.67479674796748	AM11	AM
1015031	1025030	1020030.5	92	33.93240380670542	0	8.243665127842338	0	1	0.996005996001	1.0000000000000036e-12	45.16304347826087	AM11	AM
1020031	1030030	1025030.5	59	22.936657557327198	NA	5.776171170429911	0	1	0.996005996001	1.0000000000000036e-12	44.6271186440678	AM11	AM
1025031	1035030	1030030.5	64	39.9631220703125	NA	9.587030515844068	0	1	0.996005996001	1.0000000000000036e-12	38.390625	AM11	AM
1030031	1040030	1035030.5	108	33.955408805291086	NA	8.245687746338842	0	1	0.996005996001	1.0000000000000036e-12	40.379629629629626	AM11	AM
1035031	1045030	1040030.5	134	39.52581788875629	0	9.489157401092942	0	1	0.996005996001	1.0000000000000036e-12	43.985074626865675	AM11	AM
1040031	1050030	1045030.5	133	42.68010615201321	0	10.190678850568034	0	1	0.996005996001	1.0000000000000036e-12	44.69172932330827	AM11	AM
1045031	1055030	1050030.5	122	42.68560896721331	NA	10.191900588668453	0	1	0.996005996001	1.0000000000000036e-12	45.07377049180328	AM11	AM
1050031	1060030	1055030.5	95	25.340314625857935	0	6.317870467467449	0	1	0.996005996001	1.0000000000000036e-12	43.83157894736842	AM11	AM
1055031	1065030	1060030.5	94	25.340314625857935	0	6.317870467467449	0	1	0.996005996001	1.0000000000000036e-12	44.37234042553192	AM11	AM
1060031	1070030	1065030.5	71	22.936657557327198	NA	5.776171170429911	0	1	0.996005996001	1.0000000000000036e-12	45.54929577464789	AM11	AM
1065031	1075030	1070030.5	68	28.565964676698517	0	7.043063245956728	0	1	0.996005996001	1.0000000000000036e-12	44.6764705882353	AM11	AM
1070031	1080030	1075030.5	102	34.8705	0	8.4529891273733	0	1	0.996005996001	1.0000000000000036e-12	43.90196078431372	AM11	AM
1075031	1085030	1080030.5	109	34.95795481049563	NA	8.472496173965789	0	1	0.996005996001	1.0000000000000036e-12	43.89908256880734	AM11	AM
1080031	1090030	1085030.5	98	NA	NA	NA	0	1	0.996005996001	1.0000000000000036e-12	44.734693877551024	AM11	AM
1085031	1095030	1090030.5	110	27.551604067966473	0	6.815426489365282	0	1	0.996005996001	1.0000000000000036e-12	44.72727272727273	AM11	AM
1090031	1100030	1095030.5	102	27.551604067966473	0	6.815426489365282	0	1	0.996005996001	1.0000000000000036e-12	44.85294117647059	AM11	AM
1095031	1105030	1100030.5	94	45.873315114654396	NA	10.899103364955133	0	1	0.996005996001	1.0000000000000036e-12	45.58510638297872	AM11	AM
1100031	1110030	1105030.5	95	45.873315114654396	NA	10.899103364955133	0	1	0.996005996001	1.0000000000000036e-12	45.71578947368421	AM11	AM
1105031	1115030	1110030.5	79	NA	NA	NA	0	1	0.996005996001	1.0000000000000036e-12	45.91139240506329	AM11	AM
1110031	1120030	1115030.5	94	25.78089440145653	NA	6.417418896158763	0	1	0.996005996001	1.0000000000000036e-12	45.170212765957444	AM11	AM
1115031	1125030	1120030.5	97	27.865999284061594	NA	6.885468617085461	0	1	0.996005996001	1.0000000000000036e-12	44.876288659793815	AM11	AM
1120031	1130030	1125030.5	114	29.951104166666664	NA	7.353518338012161	0	1	0.996005996001	1.0000000000000036e-12	44.80701754385965	AM11	AM
1125031	1135030	1130030.5	161	NA	NA	NA	0	1	0.996005996001	1.0000000000000036e-12	45	AM11	AM
1130031	1140030	1135030.5	147	NA	NA	NA	0	1	0.996005996001	1.0000000000000036e-12	45.224489795918366	AM11	AM
1135031	1145030	1140030.5	120	NA	NA	NA	0	1	0.996005996001	1.0000000000000036e-12	44.61666666666667	AM11	AM
1140031	1150030	1145030.5	107	45.967861967822806	NA	10.920063405724553	0	1	0.996005996001	1.0000000000000036e-12	44.654205607476634	AM11	AM
1145031	1155030	1150030.5	98	38.391268770491244	NA	9.23346212830141	0	1	0.996005996001	1.0000000000000036e-12	42.94897959183673	AM11	AM
1150031	1160030	1155030.5	97	30.81467557315968	NA	7.546860850878267	0	1	0.996005996001	1.0000000000000036e-12	42.08247422680412	AM11	AM
1155031	1165030	1160030.5	98	NA	NA	NA	0	1	0.996005996001	1.0000000000000036e-12	43.734693877551024	AM11	AM
1160031	1170030	1165030.5	109	34.68567082725948	0	8.411758376964857	0	1	0.996005996001	1.0000000000000036e-12	44.477064220183486	AM11	AM
1165031	1175030	1170030.5	123	32.75017320020958	0	7.979309613921561	0	1	0.996005996001	1.0000000000000036e-12	44.048780487804876	AM11	AM
1170031	1180030	1175030.5	108	39.346560334322895	NA	9.445151427716668	0	1	0.996005996001	1.0000000000000036e-12	44.138888888888886	AM11	AM
1175031	1185030	1180030.5	85	47.878445095486114	NA	11.34344200455507	0	1	0.996005996001	1.0000000000000036e-12	26.223529411764705	AM11	AM
1180031	1190030	1185030.5	59	NA	NA	NA	0	1	0.996005996001	1.0000000000000036e-12	3.0508474576271185	AM11	AM
1185031	1195030	1190030.5	62	NA	NA	NA	0	1	0.996005996001	1.0000000000000036e-12	6.5	AM11	AM
1190031	1200030	1195030.5	90	42.62327903944435	0	10.178061887811939	0	1	0.996005996001	1.0000000000000036e-12	27.533333333333335	AM11	AM
1195031	1205030	1200030.5	110	42.62327903944435	0	10.178061887811939	0	1	0.996005996001	1.0000000000000036e-12	44.57272727272727	AM11	AM
1200031	1210030	1205030.5	132	29.56005069378861	0	7.265307465252262	0	1	0.996005996001	1.0000000000000036e-12	44.88636363636363	AM11	AM
1205031	1215030	1210030.5	113	29.56005069378861	0	7.265307465252262	0	1	0.996005996001	1.0000000000000036e-12	45.08849557522124	AM11	AM
1210031	1220030	1215030.5	72	462.86798278108273	0	100.95904339344744	0	1	0.996005996001	1.0000000000000036e-12	45.30555555555556	AM11	AM
1215031	1225030	1220030.5	81	462.86798278108273	0	100.95904339344744	0	1	0.996005996001	1.0000000000000036e-12	45.54320987654321	AM11	AM
1220031	1230030	1225030.5	103	32.16108365420737	0	7.8480027965767345	0	1	0.996005996001	1.0000000000000036e-12	45.18446601941748	AM11	AM
1225031	1235030	1230030.5	89	32.16108365420737	0	7.8480027965767345	0	1	0.996005996001	1.0000000000000036e-12	44.8876404494382	AM11	AM
1230031	1240030	1235030.5	89	NA	NA	NA	0	1	0.996005996001	1.0000000000000036e-12	45.46067415730337	AM11	AM
1235031	1245030	1240030.5	111	30.894609136358294	NA	7.56474910606575	0	1	0.996005996001	1.0000000000000036e-12	45.14414414414414	AM11	AM
1240031	1250030	1245030.5	128	30.894609136358294	NA	7.56474910606575	0	1	0.996005996001	1.0000000000000036e-12	44.8515625	AM11	AM
1245031	1255030	1250030.5	121	23.763671875	0	5.962896650956127	0	1	0.996005996001	1.0000000000000036e-12	44.51239669421488	AM11	AM
1250031	1260030	1255030.5	131	23.763671875	0	5.962896650956127	0	1	0.996005996001	1.0000000000000036e-12	44.7557251908397	AM11	AM
1255031	1265030	1260030.5	110	1014.6740551327445	0	220.3336715372734	0	1	0.996005996001	1.0000000000000036e-12	45.49090909090909	AM11	AM
1260031	1270030	1265030.5	110	43.37588044703231	0	10.345128784937893	0	1	0.996005996001	1.0000000000000036e-12	45.663636363636364	AM11	AM
1265031	1275030	1270030.5	144	42.55887073857932	0	10.163724490706963	0	1	0.996005996001	1.0000000000000036e-12	45.104166666666664	AM11	AM
1270031	1280030	1275030.5	138	43.08615492421592	0	10.280045118944745	0	1	0.996005996001	1.0000000000000036e-12	45.03623188405797	AM11	AM
1275031	1285030	1280030.5	134	43.08615492421592	0	10.280045118944745	0	1	0.996005996001	1.0000000000000036e-12	44.843283582089555	AM11	AM
1280031	1290030	1285030.5	100	34.2509883494201	0	8.314769545800818	0	1	0.996005996001	1.0000000000000036e-12	44.18	AM11	AM
1285031	1295030	1290030.5	82	34.2509883494201	0	8.314769545800818	0	1	0.996005996001	1.0000000000000036e-12	44.86585365853659	AM11	AM
1290031	1300030	1295030.5	104	NA	NA	NA	0	1	0.996005996001	1.0000000000000036e-12	45.02884615384615	AM11	AM
1295031	1305030	1300030.5	99	NA	NA	NA	0	1	0.996005996001	1.0000000000000036e-12	44.878787878787875	AM11	AM
1300031	1310030	1305030.5	83	NA	NA	NA	0	1	0.996005996001	1.0000000000000036e-12	45.40963855421687	AM11	AM
1305031	1315030	1310030.5	71	NA	NA	NA	0	1	0.996005996001	1.0000000000000036e-12	46	AM11	AM
1310031	1320030	1315030.5	66	39.36287036464424	1772711.6296296343	9.45354918197798	0	1	0.996005996001	1.0000000000000036e-12	45.92424242424242	AM11	AM
1315031	1325030	1320030.5	94	39.36287036464424	1772711.6296296343	9.45354918197798	0	1	0.996005996001	1.0000000000000036e-12	45.62765957446808	AM11	AM
1320031	1330030	1325030.5	105	NA	NA	NA	0	1	0.996005996001	1.0000000000000036e-12	45.733333333333334	AM11	AM
1325031	1335030	1330030.5	93	37.397975433623785	113140.8212890624	9.016274218630421	0	1	0.996005996001	1.0000000000000036e-12	45.26881720430107	AM11	AM
1330031	1340030	1335030.5	79	31.6423394242183	56570.4106445312	7.728750138872298	0	1	0.996005996001	1.0000000000000036e-12	44.46835443037975	AM11	AM
1335031	1345030	1340030.5	93	37.86473313746081	0	9.120195632208173	0	1	0.996005996001	1.0000000000000036e-12	43.73118279569893	AM11	AM
1340031	1350030	1345030.5	102	42.416634565706026	0	10.131023248164894	0	1	0.996005996001	1.0000000000000036e-12	44.15686274509804	AM11	AM
1345031	1355030	1350030.5	68	NA	NA	NA	0	1	0.996005996001	1.0000000000000036e-12	45.23529411764706	AM11	AM
1350031	1360030	1355030.5	55	NA	NA	NA	0	1	0.996005996001	1.0000000000000036e-12	46.10909090909091	AM11	AM
1355031	1365030	1360030.5	79	36.71701106980337	0	8.864605266679902	0	1	0.996005996001	1.0000000000000036e-12	45.12658227848101	AM11	AM
1360031	1370030	1365030.5	72	36.71701106980337	0	8.864605266679902	0	1	0.996005996001	1.0000000000000036e-12	44.486111111111114	AM11	AM
1365031	1375030	1370030.5	54	NA	NA	NA	0	1	0.996005996001	1.0000000000000036e-12	45.74074074074074	AM11	AM
1370031	1380030	1375030.5	77	23.34255395492111	NA	5.867401909939696	0	1	0.996005996001	1.0000000000000036e-12	43.23376623376623	AM11	AM
1375031	1385030	1380030.5	104	30.293547906249998	0	7.427136248323141	0	1	0.996005996001	1.0000000000000036e-12	43.17307692307692	AM11	AM
1380031	1390030	1385030.5	105	39.324249267578125	0	9.44408732219122	0	1	0.996005996001	1.0000000000000036e-12	44.838095238095235	AM11	AM
1385031	1395030	1390030.5	101	30.827060546022775	25355.253760000018	7.548781946849684	0	1	0.996005996001	1.0000000000000036e-12	45.34653465346535	AM11	AM
1390031	1400030	1395030.5	109	29.80877777777778	25355.253760000018	7.32163806928328	0	1	0.996005996001	1.0000000000000036e-12	45.091743119266056	AM11	AM
1395031	1405030	1400030.5	96	29.80877777777778	NA	7.32163806928328	0	1	0.996005996001	1.0000000000000036e-12	44.84375	AM11	AM
1400031	1410030	1405030.5	83	NA	NA	NA	0	1	0.996005996001	1.0000000000000036e-12	45.25301204819277	AM11	AM
1405031	1415030	1410030.5	82	NA	NA	NA	0	1	0.996005996001	1.0000000000000036e-12	45.09756097560975	AM11	AM
1410031	1420030	1415030.5	101	46.02787851184615	NA	10.93336799993907	0	1	0.996005996001	1.0000000000000036e-12	45.306930693069305	AM11	AM
1415031	1425030	1420030.5	119	46.02787851184615	NA	10.93336799993907	0	1	0.996005996001	1.0000000000000036e-12	45.54621848739496	AM11	AM
1420031	1430030	1425030.5	115	NA	NA	NA	0	1	0.996005996001	1.0000000000000036e-12	44.82608695652174	AM11	AM
1425031	1435030	1430030.5	94	NA	NA	NA	0	1	0.996005996001	1.0000000000000036e-12	44.53191489361702	AM11	AM
1430031	1440030	1435030.5	73	NA	NA	NA	0	1	0.996005996001	1.0000000000000036e-12	44.63013698630137	AM11	AM
1435031	1445030	1440030.5	73	36.576100367369534	51991.46535137116	8.83321229218399	0	1	0.996005996001	1.0000000000000036e-12	44.83561643835616	AM11	AM
1440031	1450030	1445030.5	59	41.752905277359815	51991.46535137116	9.983229803181219	0	1	0.996005996001	1.0000000000000036e-12	45.559322033898304	AM11	AM
1445031	1455030	1450030.5	61	46.9297101873501	NA	11.133247314178448	0	1	0.996005996001	1.0000000000000036e-12	45.42622950819672	AM11	AM
1450031	1460030	1455030.5	88	1109.1545920806382	0	240.84985945913667	0	1	0.996005996001	1.0000000000000036e-12	45.73863636363637	AM11	AM
1455031	1465030	1460030.5	106	1109.1545920806382	0	240.84985945913667	0	1	0.996005996001	1.0000000000000036e-12	45.9811320754717	AM11	AM
1460031	1470030	1465030.5	86	NA	NA	NA	0	1	0.996005996001	1.0000000000000036e-12	45.68604651162791	AM11	AM
1465031	1475030	1470030.5	74	NA	NA	NA	0	1	0.996005996001	1.0000000000000036e-12	45.71621621621622	AM11	AM
1470031	1480030	1475030.5	78	NA	NA	NA	0	1	0.996005996001	1.0000000000000036e-12	45.61538461538461	AM11	AM
1475031	1485030	1480030.5	78	NA	NA	NA	0	1	0.996005996001	1.0000000000000036e-12	44.34615384615385	AM11	AM
1480031	1490030	1485030.5	85	NA	NA	NA	0	1	0.996005996001	1.0000000000000036e-12	44.63529411764706	AM11	AM
1485031	1495030	1490030.5	73	NA	NA	NA	0	1	0.996005996001	1.0000000000000036e-12	45.45205479452055	AM11	AM
1490031	1500030	1495030.5	77	22.922007619056252	0	5.769960843966123	0	1	0.996005996001	1.0000000000000036e-12	45.116883116883116	AM11	AM
1495031	1505030	1500030.5	75	22.922007619056252	0	5.769960843966123	0	1	0.996005996001	1.0000000000000036e-12	45.24	AM11	AM
1500031	1510030	1505030.5	60	31.89779818058014	NA	7.789143288972967	0	1	0.996005996001	1.0000000000000036e-12	45.53333333333333	AM11	AM
1505031	1515030	1510030.5	66	36.61858541944726	NA	8.841025583533037	0	1	0.996005996001	1.0000000000000036e-12	45.60606060606061	AM11	AM
1510031	1520030	1515030.5	70	41.339372658314375	NA	9.892907878093107	0	1	0.996005996001	1.0000000000000036e-12	45.31428571428572	AM11	AM
1515031	1525030	1520030.5	68	46.96853599395124	NA	11.141850864121613	0	1	0.996005996001	1.0000000000000036e-12	42.794117647058826	AM11	AM
31	10030	5030.5	140	NA	NA	NA	NA	NA	NA	NA	2.45	AM12	AM
5031	15030	10030.5	118	NA	NA	NA	NA	NA	NA	NA	2.3559322033898304	AM12	AM
10031	20030	15030.5	124	NA	NA	NA	NA	NA	NA	NA	2.379032258064516	AM12	AM
15031	25030	20030.5	89	NA	NA	NA	NA	NA	NA	NA	2.5842696629213484	AM12	AM
20031	30030	25030.5	77	NA	NA	NA	NA	NA	NA	NA	2.5844155844155843	AM12	AM
25031	35030	30030.5	108	NA	NA	NA	NA	NA	NA	NA	2.564814814814815	AM12	AM
30031	40030	35030.5	117	NA	NA	NA	NA	NA	NA	NA	2.452991452991453	AM12	AM
35031	45030	40030.5	78	NA	NA	NA	NA	NA	NA	NA	2.3333333333333335	AM12	AM
40031	50030	45030.5	80	NA	NA	NA	NA	NA	NA	NA	2.475	AM12	AM
45031	55030	50030.5	108	NA	NA	NA	NA	NA	NA	NA	2.509259259259259	AM12	AM
50031	60030	55030.5	110	NA	NA	NA	NA	NA	NA	NA	2.481818181818182	AM12	AM
55031	65030	60030.5	97	NA	NA	NA	NA	NA	NA	NA	2.515463917525773	AM12	AM
60031	70030	65030.5	96	NA	NA	NA	NA	NA	NA	NA	2.46875	AM12	AM
65031	75030	70030.5	122	NA	NA	NA	NA	NA	NA	NA	2.278688524590164	AM12	AM
70031	80030	75030.5	123	NA	NA	NA	NA	NA	NA	NA	2.3333333333333335	AM12	AM
75031	85030	80030.5	90	NA	NA	NA	NA	NA	NA	NA	2.5	AM12	AM
80031	90030	85030.5	86	NA	NA	NA	NA	NA	NA	NA	2.488372093023256	AM12	AM
85031	95030	90030.5	106	NA	NA	NA	NA	NA	NA	NA	2.5283018867924527	AM12	AM
90031	100030	95030.5	129	NA	NA	NA	NA	NA	NA	NA	2.387596899224806	AM12	AM
95031	105030	100030.5	164	NA	NA	NA	NA	NA	NA	NA	2.3841463414634148	AM12	AM
100031	110030	105030.5	134	NA	NA	NA	NA	NA	NA	NA	2.5	AM12	AM
105031	115030	110030.5	88	NA	NA	NA	NA	NA	NA	NA	2.534090909090909	AM12	AM
110031	120030	115030.5	99	NA	NA	NA	NA	NA	NA	NA	2.5555555555555554	AM12	AM
115031	125030	120030.5	99	NA	NA	NA	NA	NA	NA	NA	2.6262626262626263	AM12	AM
120031	130030	125030.5	67	NA	NA	NA	NA	NA	NA	NA	2.6865671641791047	AM12	AM
125031	135030	130030.5	88	NA	NA	NA	NA	NA	NA	NA	2.534090909090909	AM12	AM
130031	140030	135030.5	118	NA	NA	NA	NA	NA	NA	NA	2.5762711864406778	AM12	AM
135031	145030	140030.5	96	NA	NA	NA	NA	NA	NA	NA	2.5104166666666665	AM12	AM
140031	150030	145030.5	138	NA	NA	NA	NA	NA	NA	NA	2.427536231884058	AM12	AM
145031	155030	150030.5	214	NA	NA	NA	NA	NA	NA	NA	2.2990654205607477	AM12	AM
150031	160030	155030.5	199	NA	NA	NA	NA	NA	NA	NA	2.336683417085427	AM12	AM
155031	165030	160030.5	131	NA	NA	NA	NA	NA	NA	NA	2.6030534351145036	AM12	AM
160031	170030	165030.5	95	NA	NA	NA	NA	NA	NA	NA	2.6210526315789475	AM12	AM
165031	175030	170030.5	87	NA	NA	NA	NA	NA	NA	NA	2.5517241379310347	AM12	AM
170031	180030	175030.5	81	NA	NA	NA	NA	NA	NA	NA	2.567901234567901	AM12	AM
175031	185030	180030.5	94	NA	NA	NA	NA	NA	NA	NA	2.5	AM12	AM
180031	190030	185030.5	112	NA	NA	NA	NA	NA	NA	NA	2.4017857142857144	AM12	AM
185031	195030	190030.5	101	NA	NA	NA	NA	NA	NA	NA	2.5445544554455446	AM12	AM
190031	200030	195030.5	80	NA	NA	NA	NA	NA	NA	NA	2.4875	AM12	AM
195031	205030	200030.5	113	NA	NA	NA	NA	NA	NA	NA	2.4867256637168142	AM12	AM
200031	210030	205030.5	114	NA	NA	NA	NA	NA	NA	NA	2.5526315789473686	AM12	AM
205031	215030	210030.5	91	NA	NA	NA	NA	NA	NA	NA	2.4725274725274726	AM12	AM
210031	220030	215030.5	103	NA	NA	NA	NA	NA	NA	NA	2.5145631067961167	AM12	AM
215031	225030	220030.5	109	NA	NA	NA	NA	NA	NA	NA	2.614678899082569	AM12	AM
220031	230030	225030.5	84	NA	NA	NA	NA	NA	NA	NA	2.6547619047619047	AM12	AM
225031	235030	230030.5	51	NA	NA	NA	NA	NA	NA	NA	2.5686274509803924	AM12	AM
230031	240030	235030.5	89	NA	NA	NA	NA	NA	NA	NA	2.3707865168539324	AM12	AM
235031	245030	240030.5	105	NA	NA	NA	NA	NA	NA	NA	2.342857142857143	AM12	AM
240031	250030	245030.5	100	NA	NA	NA	NA	NA	NA	NA	2.49	AM12	AM
245031	255030	250030.5	99	NA	NA	NA	NA	NA	NA	NA	2.5353535353535355	AM12	AM
250031	260030	255030.5	98	NA	NA	NA	NA	NA	NA	NA	2.4693877551020407	AM12	AM
255031	265030	260030.5	104	NA	NA	NA	NA	NA	NA	NA	2.4615384615384617	AM12	AM
260031	270030	265030.5	87	NA	NA	NA	NA	NA	NA	NA	2.4942528735632186	AM12	AM
265031	275030	270030.5	80	NA	NA	NA	NA	NA	NA	NA	2.575	AM12	AM
270031	280030	275030.5	82	NA	NA	NA	NA	NA	NA	NA	2.548780487804878	AM12	AM
275031	285030	280030.5	87	NA	NA	NA	NA	NA	NA	NA	2.471264367816092	AM12	AM
280031	290030	285030.5	86	NA	NA	NA	NA	NA	NA	NA	2.5813953488372094	AM12	AM
285031	295030	290030.5	91	NA	NA	NA	NA	NA	NA	NA	2.4835164835164836	AM12	AM
290031	300030	295030.5	99	NA	NA	NA	NA	NA	NA	NA	2.323232323232323	AM12	AM
295031	305030	300030.5	142	NA	NA	NA	NA	NA	NA	NA	2.443661971830986	AM12	AM
300031	310030	305030.5	134	NA	NA	NA	NA	NA	NA	NA	2.4776119402985075	AM12	AM
305031	315030	310030.5	90	NA	NA	NA	NA	NA	NA	NA	2.477777777777778	AM12	AM
310031	320030	315030.5	131	NA	NA	NA	NA	NA	NA	NA	2.5343511450381677	AM12	AM
315031	325030	320030.5	121	NA	NA	NA	NA	NA	NA	NA	2.5454545454545454	AM12	AM
320031	330030	325030.5	92	NA	NA	NA	NA	NA	NA	NA	2.5543478260869565	AM12	AM
325031	335030	330030.5	108	NA	NA	NA	NA	NA	NA	NA	2.4722222222222223	AM12	AM
330031	340030	335030.5	99	NA	NA	NA	NA	NA	NA	NA	2.414141414141414	AM12	AM
335031	345030	340030.5	84	NA	NA	NA	NA	NA	NA	NA	2.511904761904762	AM12	AM
340031	350030	345030.5	67	NA	NA	NA	NA	NA	NA	NA	2.611940298507463	AM12	AM
345031	355030	350030.5	34	NA	NA	NA	NA	NA	NA	NA	2.5294117647058822	AM12	AM
350031	360030	355030.5	8	NA	NA	NA	NA	NA	NA	NA	1.875	AM12	AM
355031	365030	360030.5	7	NA	NA	NA	NA	NA	NA	NA	1.4285714285714286	AM12	AM
360031	370030	365030.5	13	NA	NA	NA	NA	NA	NA	NA	1.6153846153846154	AM12	AM
365031	375030	370030.5	54	NA	NA	NA	NA	NA	NA	NA	2.0925925925925926	AM12	AM
370031	380030	375030.5	89	NA	NA	NA	NA	NA	NA	NA	2.168539325842697	AM12	AM
375031	385030	380030.5	75	NA	NA	NA	NA	NA	NA	NA	2.36	AM12	AM
380031	390030	385030.5	67	NA	NA	NA	NA	NA	NA	NA	2.5671641791044775	AM12	AM
385031	395030	390030.5	81	NA	NA	NA	NA	NA	NA	NA	2.5555555555555554	AM12	AM
390031	400030	395030.5	81	NA	NA	NA	NA	NA	NA	NA	2.5308641975308643	AM12	AM
395031	405030	400030.5	80	NA	NA	NA	NA	NA	NA	NA	2.4375	AM12	AM
400031	410030	405030.5	99	NA	NA	NA	NA	NA	NA	NA	2.4545454545454546	AM12	AM
405031	415030	410030.5	87	NA	NA	NA	NA	NA	NA	NA	2.4597701149425286	AM12	AM
410031	420030	415030.5	67	NA	NA	NA	NA	NA	NA	NA	2.4328358208955225	AM12	AM
415031	425030	420030.5	78	NA	NA	NA	NA	NA	NA	NA	2.5256410256410255	AM12	AM
420031	430030	425030.5	91	NA	NA	NA	NA	NA	NA	NA	2.5714285714285716	AM12	AM
425031	435030	430030.5	96	NA	NA	NA	NA	NA	NA	NA	2.5104166666666665	AM12	AM
430031	440030	435030.5	96	NA	NA	NA	NA	NA	NA	NA	2.40625	AM12	AM
435031	445030	440030.5	93	NA	NA	NA	NA	NA	NA	NA	2.5268817204301075	AM12	AM
440031	450030	445030.5	80	NA	NA	NA	NA	NA	NA	NA	2.8	AM12	AM
445031	455030	450030.5	75	NA	NA	NA	NA	NA	NA	NA	2.76	AM12	AM
450031	460030	455030.5	96	NA	NA	NA	NA	NA	NA	NA	2.5104166666666665	AM12	AM
455031	465030	460030.5	93	NA	NA	NA	NA	NA	NA	NA	2.3978494623655915	AM12	AM
460031	470030	465030.5	97	NA	NA	NA	NA	NA	NA	NA	2.4329896907216493	AM12	AM
465031	475030	470030.5	85	NA	NA	NA	NA	NA	NA	NA	2.4941176470588236	AM12	AM
470031	480030	475030.5	61	NA	NA	NA	NA	NA	NA	NA	2.5245901639344264	AM12	AM
475031	485030	480030.5	77	NA	NA	NA	NA	NA	NA	NA	2.5324675324675323	AM12	AM
480031	490030	485030.5	54	NA	NA	NA	NA	NA	NA	NA	2.462962962962963	AM12	AM
485031	495030	490030.5	40	NA	NA	NA	NA	NA	NA	NA	2.4	AM12	AM
490031	500030	495030.5	54	NA	NA	NA	NA	NA	NA	NA	2.4814814814814814	AM12	AM
495031	505030	500030.5	65	NA	NA	NA	NA	NA	NA	NA	2.4923076923076923	AM12	AM
500031	510030	505030.5	74	NA	NA	NA	NA	NA	NA	NA	2.472972972972973	AM12	AM
505031	515030	510030.5	83	NA	NA	NA	NA	NA	NA	NA	2.433734939759036	AM12	AM
510031	520030	515030.5	77	NA	NA	NA	NA	NA	NA	NA	2.4935064935064934	AM12	AM
515031	525030	520030.5	59	NA	NA	NA	NA	NA	NA	NA	2.5254237288135593	AM12	AM
520031	530030	525030.5	71	NA	NA	NA	NA	NA	NA	NA	2.3661971830985915	AM12	AM
525031	535030	530030.5	76	NA	NA	NA	NA	NA	NA	NA	2.3157894736842106	AM12	AM
530031	540030	535030.5	72	NA	NA	NA	NA	NA	NA	NA	2.4583333333333335	AM12	AM
535031	545030	540030.5	82	NA	NA	NA	NA	NA	NA	NA	2.4390243902439024	AM12	AM
540031	550030	545030.5	97	NA	NA	NA	NA	NA	NA	NA	2.4742268041237114	AM12	AM
545031	555030	550030.5	95	NA	NA	NA	NA	NA	NA	NA	2.536842105263158	AM12	AM
550031	560030	555030.5	63	NA	NA	NA	NA	NA	NA	NA	2.4126984126984126	AM12	AM
555031	565030	560030.5	46	NA	NA	NA	NA	NA	NA	NA	2.369565217391304	AM12	AM
560031	570030	565030.5	73	NA	NA	NA	NA	NA	NA	NA	2.4657534246575343	AM12	AM
565031	575030	570030.5	109	NA	NA	NA	NA	NA	NA	NA	2.5045871559633026	AM12	AM
570031	580030	575030.5	102	NA	NA	NA	NA	NA	NA	NA	2.4019607843137254	AM12	AM
575031	585030	580030.5	67	NA	NA	NA	NA	NA	NA	NA	2.3134328358208953	AM12	AM
580031	590030	585030.5	70	NA	NA	NA	NA	NA	NA	NA	2.342857142857143	AM12	AM
585031	595030	590030.5	79	NA	NA	NA	NA	NA	NA	NA	2.4050632911392404	AM12	AM
590031	600030	595030.5	71	NA	NA	NA	NA	NA	NA	NA	2.492957746478873	AM12	AM
595031	605030	600030.5	86	NA	NA	NA	NA	NA	NA	NA	2.5697674418604652	AM12	AM
600031	610030	605030.5	114	NA	NA	NA	NA	NA	NA	NA	2.5964912280701755	AM12	AM
605031	615030	610030.5	118	NA	NA	NA	NA	NA	NA	NA	2.4745762711864407	AM12	AM
610031	620030	615030.5	107	NA	NA	NA	NA	NA	NA	NA	2.364485981308411	AM12	AM
615031	625030	620030.5	100	NA	NA	NA	NA	NA	NA	NA	2.31	AM12	AM
620031	630030	625030.5	101	NA	NA	NA	NA	NA	NA	NA	2.4752475247524752	AM12	AM
625031	635030	630030.5	112	NA	NA	NA	NA	NA	NA	NA	2.5714285714285716	AM12	AM
630031	640030	635030.5	79	NA	NA	NA	NA	NA	NA	NA	2.5063291139240507	AM12	AM
635031	645030	640030.5	41	NA	NA	NA	NA	NA	NA	NA	2.3902439024390243	AM12	AM
640031	650030	645030.5	57	NA	NA	NA	NA	NA	NA	NA	2.4210526315789473	AM12	AM
645031	655030	650030.5	63	NA	NA	NA	NA	NA	NA	NA	2.5714285714285716	AM12	AM
650031	660030	655030.5	64	NA	NA	NA	NA	NA	NA	NA	2.5	AM12	AM
655031	665030	660030.5	63	NA	NA	NA	NA	NA	NA	NA	2.4285714285714284	AM12	AM
660031	670030	665030.5	53	NA	NA	NA	NA	NA	NA	NA	2.339622641509434	AM12	AM
665031	675030	670030.5	35	NA	NA	NA	NA	NA	NA	NA	2.2285714285714286	AM12	AM
670031	680030	675030.5	11	NA	NA	NA	NA	NA	NA	NA	1.9090909090909092	AM12	AM
675031	685030	680030.5	9	NA	NA	NA	NA	NA	NA	NA	0	AM12	AM
680031	690030	685030.5	7	NA	NA	NA	NA	NA	NA	NA	0	AM12	AM
685031	695030	690030.5	0	NA	NA	NA	NA	NA	NA	NA	NA	AM12	AM
690031	700030	695030.5	0	NA	NA	NA	NA	NA	NA	NA	NA	AM12	AM
695031	705030	700030.5	0	NA	NA	NA	NA	NA	NA	NA	NA	AM12	AM
700031	710030	705030.5	16	NA	NA	NA	NA	NA	NA	NA	2.875	AM12	AM
705031	715030	710030.5	62	NA	NA	NA	NA	NA	NA	NA	2.693548387096774	AM12	AM
710031	720030	715030.5	107	NA	NA	NA	NA	NA	NA	NA	2.439252336448598	AM12	AM
715031	725030	720030.5	99	NA	NA	NA	NA	NA	NA	NA	2.3434343434343434	AM12	AM
720031	730030	725030.5	77	NA	NA	NA	NA	NA	NA	NA	2.4285714285714284	AM12	AM
725031	735030	730030.5	74	NA	NA	NA	NA	NA	NA	NA	2.5405405405405403	AM12	AM
730031	740030	735030.5	66	NA	NA	NA	NA	NA	NA	NA	2.621212121212121	AM12	AM
735031	745030	740030.5	71	NA	NA	NA	NA	NA	NA	NA	2.535211267605634	AM12	AM
740031	750030	745030.5	77	NA	NA	NA	NA	NA	NA	NA	2.5064935064935066	AM12	AM
745031	755030	750030.5	72	NA	NA	NA	NA	NA	NA	NA	2.5555555555555554	AM12	AM
750031	760030	755030.5	75	NA	NA	NA	NA	NA	NA	NA	2.506666666666667	AM12	AM
755031	765030	760030.5	93	NA	NA	NA	NA	NA	NA	NA	2.5053763440860215	AM12	AM
760031	770030	765030.5	92	NA	NA	NA	NA	NA	NA	NA	2.5217391304347827	AM12	AM
765031	775030	770030.5	102	NA	NA	NA	NA	NA	NA	NA	2.4411764705882355	AM12	AM
770031	780030	775030.5	98	NA	NA	NA	NA	NA	NA	NA	2.520408163265306	AM12	AM
775031	785030	780030.5	58	NA	NA	NA	NA	NA	NA	NA	2.6551724137931036	AM12	AM
780031	790030	785030.5	70	NA	NA	NA	NA	NA	NA	NA	2.4714285714285715	AM12	AM
785031	795030	790030.5	87	NA	NA	NA	NA	NA	NA	NA	2.4482758620689653	AM12	AM
790031	800030	795030.5	67	NA	NA	NA	NA	NA	NA	NA	2.417910447761194	AM12	AM
795031	805030	800030.5	70	NA	NA	NA	NA	NA	NA	NA	2.442857142857143	AM12	AM
800031	810030	805030.5	66	NA	NA	NA	NA	NA	NA	NA	2.5303030303030303	AM12	AM
805031	815030	810030.5	34	NA	NA	NA	NA	NA	NA	NA	2.4411764705882355	AM12	AM
810031	820030	815030.5	91	NA	NA	NA	NA	NA	NA	NA	2.4725274725274726	AM12	AM
815031	825030	820030.5	109	NA	NA	NA	NA	NA	NA	NA	2.4954128440366974	AM12	AM
820031	830030	825030.5	62	NA	NA	NA	NA	NA	NA	NA	2.564516129032258	AM12	AM
825031	835030	830030.5	77	NA	NA	NA	NA	NA	NA	NA	2.4415584415584415	AM12	AM
830031	840030	835030.5	78	NA	NA	NA	NA	NA	NA	NA	2.2564102564102564	AM12	AM
835031	845030	840030.5	84	NA	NA	NA	NA	NA	NA	NA	2.2857142857142856	AM12	AM
840031	850030	845030.5	91	NA	NA	NA	NA	NA	NA	NA	2.4395604395604398	AM12	AM
845031	855030	850030.5	85	NA	NA	NA	NA	NA	NA	NA	2.5058823529411764	AM12	AM
850031	860030	855030.5	94	NA	NA	NA	NA	NA	NA	NA	2.4574468085106385	AM12	AM
855031	865030	860030.5	107	NA	NA	NA	NA	NA	NA	NA	2.4299065420560746	AM12	AM
860031	870030	865030.5	118	NA	NA	NA	NA	NA	NA	NA	2.3983050847457625	AM12	AM
865031	875030	870030.5	131	NA	NA	NA	NA	NA	NA	NA	2.3053435114503817	AM12	AM
870031	880030	875030.5	100	NA	NA	NA	NA	NA	NA	NA	2.28	AM12	AM
875031	885030	880030.5	50	NA	NA	NA	NA	NA	NA	NA	2.4	AM12	AM
880031	890030	885030.5	29	NA	NA	NA	NA	NA	NA	NA	2.0344827586206895	AM12	AM
885031	895030	890030.5	44	NA	NA	NA	NA	NA	NA	NA	2.272727272727273	AM12	AM
890031	900030	895030.5	66	NA	NA	NA	NA	NA	NA	NA	2.4242424242424243	AM12	AM
895031	905030	900030.5	39	NA	NA	NA	NA	NA	NA	NA	1.9743589743589745	AM12	AM
900031	910030	905030.5	26	NA	NA	NA	NA	NA	NA	NA	1.2692307692307692	AM12	AM
905031	915030	910030.5	55	NA	NA	NA	NA	NA	NA	NA	2.2545454545454544	AM12	AM
910031	920030	915030.5	86	NA	NA	NA	NA	NA	NA	NA	2.546511627906977	AM12	AM
915031	925030	920030.5	88	NA	NA	NA	NA	NA	NA	NA	2.4886363636363638	AM12	AM
920031	930030	925030.5	107	NA	NA	NA	NA	NA	NA	NA	2.439252336448598	AM12	AM
925031	935030	930030.5	119	NA	NA	NA	NA	NA	NA	NA	2.3865546218487395	AM12	AM
930031	940030	935030.5	94	NA	NA	NA	NA	NA	NA	NA	2.3404255319148937	AM12	AM
935031	945030	940030.5	97	NA	NA	NA	NA	NA	NA	NA	2.443298969072165	AM12	AM
940031	950030	945030.5	99	NA	NA	NA	NA	NA	NA	NA	2.474747474747475	AM12	AM
945031	955030	950030.5	71	NA	NA	NA	NA	NA	NA	NA	2.3380281690140845	AM12	AM
950031	960030	955030.5	73	NA	NA	NA	NA	NA	NA	NA	2.4383561643835616	AM12	AM
955031	965030	960030.5	66	NA	NA	NA	NA	NA	NA	NA	2.5454545454545454	AM12	AM
960031	970030	965030.5	62	NA	NA	NA	NA	NA	NA	NA	2.564516129032258	AM12	AM
965031	975030	970030.5	57	NA	NA	NA	NA	NA	NA	NA	2.543859649122807	AM12	AM
970031	980030	975030.5	53	NA	NA	NA	NA	NA	NA	NA	2.358490566037736	AM12	AM
975031	985030	980030.5	81	NA	NA	NA	NA	NA	NA	NA	2.345679012345679	AM12	AM
980031	990030	985030.5	65	NA	NA	NA	NA	NA	NA	NA	2.4307692307692306	AM12	AM
985031	995030	990030.5	67	NA	NA	NA	NA	NA	NA	NA	2.5970149253731343	AM12	AM
990031	1000030	995030.5	78	NA	NA	NA	NA	NA	NA	NA	2.5384615384615383	AM12	AM
995031	1005030	1000030.5	84	NA	NA	NA	NA	NA	NA	NA	2.4285714285714284	AM12	AM
1000031	1010030	1005030.5	112	NA	NA	NA	NA	NA	NA	NA	2.5	AM12	AM
1005031	1015030	1010030.5	116	NA	NA	NA	NA	NA	NA	NA	2.5	AM12	AM
1010031	1020030	1015030.5	123	NA	NA	NA	NA	NA	NA	NA	2.3902439024390243	AM12	AM
1015031	1025030	1020030.5	92	NA	NA	NA	NA	NA	NA	NA	2.391304347826087	AM12	AM
1020031	1030030	1025030.5	59	NA	NA	NA	NA	NA	NA	NA	2.4237288135593222	AM12	AM
1025031	1035030	1030030.5	64	NA	NA	NA	NA	NA	NA	NA	2.28125	AM12	AM
1030031	1040030	1035030.5	108	NA	NA	NA	NA	NA	NA	NA	2.3518518518518516	AM12	AM
1035031	1045030	1040030.5	134	NA	NA	NA	NA	NA	NA	NA	2.41044776119403	AM12	AM
1040031	1050030	1045030.5	133	NA	NA	NA	NA	NA	NA	NA	2.4511278195488724	AM12	AM
1045031	1055030	1050030.5	122	NA	NA	NA	NA	NA	NA	NA	2.4918032786885247	AM12	AM
1050031	1060030	1055030.5	95	NA	NA	NA	NA	NA	NA	NA	2.526315789473684	AM12	AM
1055031	1065030	1060030.5	94	NA	NA	NA	NA	NA	NA	NA	2.4361702127659575	AM12	AM
1060031	1070030	1065030.5	71	NA	NA	NA	NA	NA	NA	NA	2.352112676056338	AM12	AM
1065031	1075030	1070030.5	68	NA	NA	NA	NA	NA	NA	NA	2.411764705882353	AM12	AM
1070031	1080030	1075030.5	102	NA	NA	NA	NA	NA	NA	NA	2.372549019607843	AM12	AM
1075031	1085030	1080030.5	109	NA	NA	NA	NA	NA	NA	NA	2.293577981651376	AM12	AM
1080031	1090030	1085030.5	98	NA	NA	NA	NA	NA	NA	NA	2.326530612244898	AM12	AM
1085031	1095030	1090030.5	110	NA	NA	NA	NA	NA	NA	NA	2.463636363636364	AM12	AM
1090031	1100030	1095030.5	102	NA	NA	NA	NA	NA	NA	NA	2.4901960784313726	AM12	AM
1095031	1105030	1100030.5	94	NA	NA	NA	NA	NA	NA	NA	2.4574468085106385	AM12	AM
1100031	1110030	1105030.5	95	NA	NA	NA	NA	NA	NA	NA	2.4526315789473685	AM12	AM
1105031	1115030	1110030.5	79	NA	NA	NA	NA	NA	NA	NA	2.4936708860759493	AM12	AM
1110031	1120030	1115030.5	94	NA	NA	NA	NA	NA	NA	NA	2.5425531914893615	AM12	AM
1115031	1125030	1120030.5	97	NA	NA	NA	NA	NA	NA	NA	2.515463917525773	AM12	AM
1120031	1130030	1125030.5	114	NA	NA	NA	NA	NA	NA	NA	2.491228070175439	AM12	AM
1125031	1135030	1130030.5	161	NA	NA	NA	NA	NA	NA	NA	2.5093167701863353	AM12	AM
1130031	1140030	1135030.5	147	NA	NA	NA	NA	NA	NA	NA	2.3877551020408165	AM12	AM
1135031	1145030	1140030.5	120	NA	NA	NA	NA	NA	NA	NA	2.3333333333333335	AM12	AM
1140031	1150030	1145030.5	107	NA	NA	NA	NA	NA	NA	NA	2.4485981308411215	AM12	AM
1145031	1155030	1150030.5	98	NA	NA	NA	NA	NA	NA	NA	2.36734693877551	AM12	AM
1150031	1160030	1155030.5	97	NA	NA	NA	NA	NA	NA	NA	2.4536082474226806	AM12	AM
1155031	1165030	1160030.5	98	NA	NA	NA	NA	NA	NA	NA	2.510204081632653	AM12	AM
1160031	1170030	1165030.5	109	NA	NA	NA	NA	NA	NA	NA	2.4403669724770642	AM12	AM
1165031	1175030	1170030.5	123	NA	NA	NA	NA	NA	NA	NA	2.4796747967479673	AM12	AM
1170031	1180030	1175030.5	108	NA	NA	NA	NA	NA	NA	NA	2.435185185185185	AM12	AM
1175031	1185030	1180030.5	85	NA	NA	NA	NA	NA	NA	NA	1.388235294117647	AM12	AM
1180031	1190030	1185030.5	59	NA	NA	NA	NA	NA	NA	NA	0.1864406779661017	AM12	AM
1185031	1195030	1190030.5	62	NA	NA	NA	NA	NA	NA	NA	0.5161290322580645	AM12	AM
1190031	1200030	1195030.5	90	NA	NA	NA	NA	NA	NA	NA	1.6888888888888889	AM12	AM
1195031	1205030	1200030.5	110	NA	NA	NA	NA	NA	NA	NA	2.5636363636363635	AM12	AM
1200031	1210030	1205030.5	132	NA	NA	NA	NA	NA	NA	NA	2.5606060606060606	AM12	AM
1205031	1215030	1210030.5	113	NA	NA	NA	NA	NA	NA	NA	2.47787610619469	AM12	AM
1210031	1220030	1215030.5	72	NA	NA	NA	NA	NA	NA	NA	2.4305555555555554	AM12	AM
1215031	1225030	1220030.5	81	NA	NA	NA	NA	NA	NA	NA	2.345679012345679	AM12	AM
1220031	1230030	1225030.5	103	NA	NA	NA	NA	NA	NA	NA	2.3300970873786406	AM12	AM
1225031	1235030	1230030.5	89	NA	NA	NA	NA	NA	NA	NA	2.550561797752809	AM12	AM
1230031	1240030	1235030.5	89	NA	NA	NA	NA	NA	NA	NA	2.7191011235955056	AM12	AM
1235031	1245030	1240030.5	111	NA	NA	NA	NA	NA	NA	NA	2.5405405405405403	AM12	AM
1240031	1250030	1245030.5	128	NA	NA	NA	NA	NA	NA	NA	2.4453125	AM12	AM
1245031	1255030	1250030.5	121	NA	NA	NA	NA	NA	NA	NA	2.43801652892562	AM12	AM
1250031	1260030	1255030.5	131	NA	NA	NA	NA	NA	NA	NA	2.4580152671755724	AM12	AM
1255031	1265030	1260030.5	110	NA	NA	NA	NA	NA	NA	NA	2.463636363636364	AM12	AM
1260031	1270030	1265030.5	110	NA	NA	NA	NA	NA	NA	NA	2.418181818181818	AM12	AM
1265031	1275030	1270030.5	144	NA	NA	NA	NA	NA	NA	NA	2.548611111111111	AM12	AM
1270031	1280030	1275030.5	138	NA	NA	NA	NA	NA	NA	NA	2.5144927536231885	AM12	AM
1275031	1285030	1280030.5	134	NA	NA	NA	NA	NA	NA	NA	2.3358208955223883	AM12	AM
1280031	1290030	1285030.5	100	NA	NA	NA	NA	NA	NA	NA	2.37	AM12	AM
1285031	1295030	1290030.5	82	NA	NA	NA	NA	NA	NA	NA	2.6219512195121952	AM12	AM
1290031	1300030	1295030.5	104	NA	NA	NA	NA	NA	NA	NA	2.625	AM12	AM
1295031	1305030	1300030.5	99	NA	NA	NA	NA	NA	NA	NA	2.525252525252525	AM12	AM
1300031	1310030	1305030.5	83	NA	NA	NA	NA	NA	NA	NA	2.433734939759036	AM12	AM
1305031	1315030	1310030.5	71	NA	NA	NA	NA	NA	NA	NA	2.436619718309859	AM12	AM
1310031	1320030	1315030.5	66	NA	NA	NA	NA	NA	NA	NA	2.4545454545454546	AM12	AM
1315031	1325030	1320030.5	94	NA	NA	NA	NA	NA	NA	NA	2.4468085106382977	AM12	AM
1320031	1330030	1325030.5	105	NA	NA	NA	NA	NA	NA	NA	2.4571428571428573	AM12	AM
1325031	1335030	1330030.5	93	NA	NA	NA	NA	NA	NA	NA	2.4946236559139785	AM12	AM
1330031	1340030	1335030.5	79	NA	NA	NA	NA	NA	NA	NA	2.481012658227848	AM12	AM
1335031	1345030	1340030.5	93	NA	NA	NA	NA	NA	NA	NA	2.3763440860215055	AM12	AM
1340031	1350030	1345030.5	102	NA	NA	NA	NA	NA	NA	NA	2.411764705882353	AM12	AM
1345031	1355030	1350030.5	68	NA	NA	NA	NA	NA	NA	NA	2.5441176470588234	AM12	AM
1350031	1360030	1355030.5	55	NA	NA	NA	NA	NA	NA	NA	2.618181818181818	AM12	AM
1355031	1365030	1360030.5	79	NA	NA	NA	NA	NA	NA	NA	2.5949367088607596	AM12	AM
1360031	1370030	1365030.5	72	NA	NA	NA	NA	NA	NA	NA	2.5694444444444446	AM12	AM
1365031	1375030	1370030.5	54	NA	NA	NA	NA	NA	NA	NA	2.5185185185185186	AM12	AM
1370031	1380030	1375030.5	77	NA	NA	NA	NA	NA	NA	NA	2.5714285714285716	AM12	AM
1375031	1385030	1380030.5	104	NA	NA	NA	NA	NA	NA	NA	2.6153846153846154	AM12	AM
1380031	1390030	1385030.5	105	NA	NA	NA	NA	NA	NA	NA	2.6	AM12	AM
1385031	1395030	1390030.5	101	NA	NA	NA	NA	NA	NA	NA	2.5445544554455446	AM12	AM
1390031	1400030	1395030.5	109	NA	NA	NA	NA	NA	NA	NA	2.4862385321100917	AM12	AM
1395031	1405030	1400030.5	96	NA	NA	NA	NA	NA	NA	NA	2.4375	AM12	AM
1400031	1410030	1405030.5	83	NA	NA	NA	NA	NA	NA	NA	2.4457831325301207	AM12	AM
1405031	1415030	1410030.5	82	NA	NA	NA	NA	NA	NA	NA	2.3658536585365852	AM12	AM
1410031	1420030	1415030.5	101	NA	NA	NA	NA	NA	NA	NA	2.514851485148515	AM12	AM
1415031	1425030	1420030.5	119	NA	NA	NA	NA	NA	NA	NA	2.672268907563025	AM12	AM
1420031	1430030	1425030.5	115	NA	NA	NA	NA	NA	NA	NA	2.5304347826086957	AM12	AM
1425031	1435030	1430030.5	94	NA	NA	NA	NA	NA	NA	NA	2.478723404255319	AM12	AM
1430031	1440030	1435030.5	73	NA	NA	NA	NA	NA	NA	NA	2.5205479452054793	AM12	AM
1435031	1445030	1440030.5	73	NA	NA	NA	NA	NA	NA	NA	2.493150684931507	AM12	AM
1440031	1450030	1445030.5	59	NA	NA	NA	NA	NA	NA	NA	2.5762711864406778	AM12	AM
1445031	1455030	1450030.5	61	NA	NA	NA	NA	NA	NA	NA	2.540983606557377	AM12	AM
1450031	1460030	1455030.5	88	NA	NA	NA	NA	NA	NA	NA	2.5454545454545454	AM12	AM
1455031	1465030	1460030.5	106	NA	NA	NA	NA	NA	NA	NA	2.4716981132075473	AM12	AM
1460031	1470030	1465030.5	86	NA	NA	NA	NA	NA	NA	NA	2.4767441860465116	AM12	AM
1465031	1475030	1470030.5	74	NA	NA	NA	NA	NA	NA	NA	2.6216216216216215	AM12	AM
1470031	1480030	1475030.5	78	NA	NA	NA	NA	NA	NA	NA	2.5128205128205128	AM12	AM
1475031	1485030	1480030.5	78	NA	NA	NA	NA	NA	NA	NA	2.5256410256410255	AM12	AM
1480031	1490030	1485030.5	85	NA	NA	NA	NA	NA	NA	NA	2.447058823529412	AM12	AM
1485031	1495030	1490030.5	73	NA	NA	NA	NA	NA	NA	NA	2.3698630136986303	AM12	AM
1490031	1500030	1495030.5	77	NA	NA	NA	NA	NA	NA	NA	2.5844155844155843	AM12	AM
1495031	1505030	1500030.5	75	NA	NA	NA	NA	NA	NA	NA	2.6533333333333333	AM12	AM
1500031	1510030	1505030.5	60	NA	NA	NA	NA	NA	NA	NA	2.6	AM12	AM
1505031	1515030	1510030.5	66	NA	NA	NA	NA	NA	NA	NA	2.4393939393939394	AM12	AM
1510031	1520030	1515030.5	70	NA	NA	NA	NA	NA	NA	NA	2.4714285714285715	AM12	AM
1515031	1525030	1520030.5	68	NA	NA	NA	NA	NA	NA	NA	2.6323529411764706	AM12	AM
31	10030	5030.5	140	1226.4514490041581	0	266.3205483123767	0	1	0.996005996001	1.0000000000000036e-12	52.292857142857144	AM2	AM
5031	15030	10030.5	118	58.290835573461486	NA	13.64570930091354	0	1	0.996005996001	1.0000000000000036e-12	59.90677966101695	AM2	AM
10031	20030	15030.5	124	58.290835573461486	NA	13.64570930091354	0	1	0.996005996001	1.0000000000000036e-12	60.12096774193548	AM2	AM
15031	25030	20030.5	89	NA	NA	NA	0	1	0.996005996001	1.0000000000000036e-12	60.53932584269663	AM2	AM
20031	30030	25030.5	77	NA	NA	NA	0	1	0.996005996001	1.0000000000000036e-12	60.44155844155844	AM2	AM
25031	35030	30030.5	108	NA	NA	NA	0	1	0.996005996001	1.0000000000000036e-12	60.907407407407405	AM2	AM
30031	40030	35030.5	117	NA	NA	NA	0	1	0.996005996001	1.0000000000000036e-12	61.12820512820513	AM2	AM
35031	45030	40030.5	78	62.976441678964356	NA	14.679451249672688	0	1	0.996005996001	1.0000000000000036e-12	61.17948717948718	AM2	AM
40031	50030	45030.5	80	62.976441678964356	NA	14.679451249672688	0	1	0.996005996001	1.0000000000000036e-12	60.45	AM2	AM
45031	55030	50030.5	108	NA	NA	NA	0	1	0.996005996001	1.0000000000000036e-12	60.629629629629626	AM2	AM
50031	60030	55030.5	110	NA	NA	NA	0	1	0.996005996001	1.0000000000000036e-12	60.06363636363636	AM2	AM
55031	65030	60030.5	97	61.905294384209995	NA	14.443240161644042	0	1	0.996005996001	1.0000000000000036e-12	59.7319587628866	AM2	AM
60031	70030	65030.5	96	61.905294384209995	NA	14.443240161644042	0	1	0.996005996001	1.0000000000000036e-12	60.65625	AM2	AM
65031	75030	70030.5	122	NA	NA	NA	0	1	0.996005996001	1.0000000000000036e-12	60.60655737704918	AM2	AM
70031	80030	75030.5	123	NA	NA	NA	0	1	0.996005996001	1.0000000000000036e-12	61.03252032520325	AM2	AM
75031	85030	80030.5	90	NA	NA	NA	0	1	0.996005996001	1.0000000000000036e-12	61.13333333333333	AM2	AM
80031	90030	85030.5	86	60.97567775496628	NA	14.23819005902893	0	1	0.996005996001	1.0000000000000036e-12	61.093023255813954	AM2	AM
85031	95030	90030.5	106	60.94968270385993	NA	14.232455508032928	0	1	0.996005996001	1.0000000000000036e-12	58.91509433962264	AM2	AM
90031	100030	95030.5	129	61.41449101848178	NA	14.334980559340483	0	1	0.996005996001	1.0000000000000036e-12	58.325581395348834	AM2	AM
95031	105030	100030.5	164	138.67823786069383	2.9051010063985867	30.078626676378583	0	1	0.996005996001	1.0000000000000036e-12	59.65243902439025	AM2	AM
100031	110030	105030.5	134	138.71362357387062	2.9051010063985867	30.08643092330743	0	1	0.996005996001	1.0000000000000036e-12	60.03731343283582	AM2	AM
105031	115030	110030.5	88	61.97606581056358	3.3219370817091103	14.45884865550173	0	1	0.996005996001	1.0000000000000036e-12	60.64772727272727	AM2	AM
110031	120030	115030.5	99	145.73860479075142	3.3219370817091103	31.593914700413126	0	1	0.996005996001	1.0000000000000036e-12	60.666666666666664	AM2	AM
115031	125030	120030.5	99	61.905294384209995	NA	14.443240161644042	0	1	0.996005996001	1.0000000000000036e-12	61.01010101010101	AM2	AM
120031	130030	125030.5	67	61.905294384209995	NA	14.443240161644042	0	1	0.996005996001	1.0000000000000036e-12	61.53731343283582	AM2	AM
125031	135030	130030.5	88	NA	NA	NA	0	1	0.996005996001	1.0000000000000036e-12	61.23863636363637	AM2	AM
130031	140030	135030.5	118	NA	NA	NA	0	1	0.996005996001	1.0000000000000036e-12	60.432203389830505	AM2	AM
135031	145030	140030.5	96	55.97353209559493	NA	13.133988915685098	0	1	0.996005996001	1.0000000000000036e-12	60.385416666666664	AM2	AM
140031	150030	145030.5	138	55.97353209559493	NA	13.133988915685098	0	1	0.996005996001	1.0000000000000036e-12	61.27536231884058	AM2	AM
145031	155030	150030.5	214	NA	NA	NA	0	1	0.996005996001	1.0000000000000036e-12	60.981308411214954	AM2	AM
150031	160030	155030.5	199	NA	NA	NA	0	1	0.996005996001	1.0000000000000036e-12	60.834170854271356	AM2	AM
155031	165030	160030.5	131	NA	NA	NA	0	1	0.996005996001	1.0000000000000036e-12	60.93893129770992	AM2	AM
160031	170030	165030.5	95	NA	NA	NA	0	1	0.996005996001	1.0000000000000036e-12	60.873684210526314	AM2	AM
165031	175030	170030.5	87	NA	NA	NA	0	1	0.996005996001	1.0000000000000036e-12	60.839080459770116	AM2	AM
170031	180030	175030.5	81	NA	NA	NA	0	1	0.996005996001	1.0000000000000036e-12	60.77777777777778	AM2	AM
175031	185030	180030.5	94	NA	NA	NA	0	1	0.996005996001	1.0000000000000036e-12	60.62765957446808	AM2	AM
180031	190030	185030.5	112	60.92368765275358	NA	14.226720957036923	0	1	0.996005996001	1.0000000000000036e-12	60.61607142857143	AM2	AM
185031	195030	190030.5	101	60.92368765275358	NA	14.226720957036923	0	1	0.996005996001	1.0000000000000036e-12	60.851485148514854	AM2	AM
190031	200030	195030.5	80	NA	NA	NA	0	1	0.996005996001	1.0000000000000036e-12	60.75	AM2	AM
195031	205030	200030.5	113	NA	NA	NA	0	1	0.996005996001	1.0000000000000036e-12	59.902654867256636	AM2	AM
200031	210030	205030.5	114	61.97606581056358	NA	14.45884865550173	0	1	0.996005996001	1.0000000000000036e-12	59.64035087719298	AM2	AM
205031	215030	210030.5	91	61.97606581056358	NA	14.45884865550173	0	1	0.996005996001	1.0000000000000036e-12	60.120879120879124	AM2	AM
210031	220030	215030.5	103	59.93343250824762	NA	14.008211213476883	0	1	0.996005996001	1.0000000000000036e-12	60.9126213592233	AM2	AM
215031	225030	220030.5	109	60.94557496346061	0.15236015851242204	14.231549351877941	0	1	0.996005996001	1.0000000000000036e-12	60.69724770642202	AM2	AM
220031	230030	225030.5	84	181.8410858036281	0.15236015851242204	39.41309571223219	0	1	0.996005996001	1.0000000000000036e-12	60.357142857142854	AM2	AM
225031	235030	230030.5	51	60.97567775496628	NA	14.23819005902893	0	1	0.996005996001	1.0000000000000036e-12	61.03921568627451	AM2	AM
230031	240030	235030.5	89	60.06542581480235	NA	14.037365286983265	0	1	0.996005996001	1.0000000000000036e-12	60.8876404494382	AM2	AM
235031	245030	240030.5	105	60.06542581480235	NA	14.037365286983265	0	1	0.996005996001	1.0000000000000036e-12	60.838095238095235	AM2	AM
240031	250030	245030.5	100	NA	NA	NA	0	1	0.996005996001	1.0000000000000036e-12	61.12	AM2	AM
245031	255030	250030.5	99	NA	NA	NA	0	1	0.996005996001	1.0000000000000036e-12	61.09090909090909	AM2	AM
250031	260030	255030.5	98	NA	NA	NA	0	1	0.996005996001	1.0000000000000036e-12	60.795918367346935	AM2	AM
255031	265030	260030.5	104	NA	NA	NA	0	1	0.996005996001	1.0000000000000036e-12	60.82692307692308	AM2	AM
260031	270030	265030.5	87	NA	NA	NA	0	1	0.996005996001	1.0000000000000036e-12	60.724137931034484	AM2	AM
265031	275030	270030.5	80	52.97141809559014	NA	12.468182140962911	0	1	0.996005996001	1.0000000000000036e-12	60.5125	AM2	AM
270031	280030	275030.5	82	52.97141809559014	NA	12.468182140962911	0	1	0.996005996001	1.0000000000000036e-12	60.69512195121951	AM2	AM
275031	285030	280030.5	87	59.97527690972221	NA	14.01747361105163	0	1	0.996005996001	1.0000000000000036e-12	59.367816091954026	AM2	AM
280031	290030	285030.5	86	59.97527690972221	NA	14.01747361105163	0	1	0.996005996001	1.0000000000000036e-12	58.2093023255814	AM2	AM
285031	295030	290030.5	91	53.68434406439935	NA	12.628134675630072	0	1	0.996005996001	1.0000000000000036e-12	59.21978021978022	AM2	AM
290031	300030	295030.5	99	57.794819224304675	NA	13.535687418637057	0	1	0.996005996001	1.0000000000000036e-12	60.282828282828284	AM2	AM
295031	305030	300030.5	142	61.905294384209995	NA	14.443240161644042	0	1	0.996005996001	1.0000000000000036e-12	60.82394366197183	AM2	AM
300031	310030	305030.5	134	NA	NA	NA	0	1	0.996005996001	1.0000000000000036e-12	60.97014925373134	AM2	AM
305031	315030	310030.5	90	58.974862632012034	NA	13.7966973690519	0	1	0.996005996001	1.0000000000000036e-12	59.63333333333333	AM2	AM
310031	320030	315030.5	131	58.974862632012034	NA	13.7966973690519	0	1	0.996005996001	1.0000000000000036e-12	59.76335877862596	AM2	AM
315031	325030	320030.5	121	56.36995084426628	NA	13.221552368181428	0	1	0.996005996001	1.0000000000000036e-12	60.1900826446281	AM2	AM
320031	330030	325030.5	92	57.01286841222091	NA	13.363529737229943	0	1	0.996005996001	1.0000000000000036e-12	58.608695652173914	AM2	AM
325031	335030	330030.5	108	59.31573186757091	NA	13.871848582653694	0	1	0.996005996001	1.0000000000000036e-12	57.898148148148145	AM2	AM
330031	340030	335030.5	99	60.97567775496628	NA	14.23819005902893	0	1	0.996005996001	1.0000000000000036e-12	59.111111111111114	AM2	AM
335031	345030	340030.5	84	46.1347748860736	0	10.949059416753052	0	1	0.996005996001	1.0000000000000036e-12	60.5	AM2	AM
340031	350030	345030.5	67	46.1347748860736	0	10.949059416753052	0	1	0.996005996001	1.0000000000000036e-12	59.8955223880597	AM2	AM
345031	355030	350030.5	34	NA	NA	NA	0	1	0.996005996001	1.0000000000000036e-12	52.64705882352941	AM2	AM
350031	360030	355030.5	8	NA	NA	NA	0	1	0.996005996001	1.0000000000000036e-12	22.625	AM2	AM
355031	365030	360030.5	7	NA	NA	NA	0	1	0.996005996001	1.0000000000000036e-12	36.57142857142857	AM2	AM
360031	370030	365030.5	13	NA	NA	NA	0	1	0.996005996001	1.0000000000000036e-12	24	AM2	AM
365031	375030	370030.5	54	58.44700710822246	NA	13.680114392253795	0	1	0.996005996001	1.0000000000000036e-12	45.27777777777778	AM2	AM
370031	380030	375030.5	89	58.44700710822246	NA	13.680114392253795	0	1	0.996005996001	1.0000000000000036e-12	54.146067415730336	AM2	AM
375031	385030	380030.5	75	NA	NA	NA	0	1	0.996005996001	1.0000000000000036e-12	59.24	AM2	AM
380031	390030	385030.5	67	NA	NA	NA	0	1	0.996005996001	1.0000000000000036e-12	60.507462686567166	AM2	AM
385031	395030	390030.5	81	NA	NA	NA	0	1	0.996005996001	1.0000000000000036e-12	60.46913580246913	AM2	AM
390031	400030	395030.5	81	33.92844955003801	NA	8.24243089358335	0	1	0.996005996001	1.0000000000000036e-12	60.111111111111114	AM2	AM
395031	405030	400030.5	80	33.92844955003801	NA	8.24243089358335	0	1	0.996005996001	1.0000000000000036e-12	60.1375	AM2	AM
400031	410030	405030.5	99	NA	NA	NA	0	1	0.996005996001	1.0000000000000036e-12	60.878787878787875	AM2	AM
405031	415030	410030.5	87	33.95674263433747	0.04670358383867311	8.249097880751329	0	1	0.996005996001	1.0000000000000036e-12	60.05747126436781	AM2	AM
410031	420030	415030.5	67	33.95674263433747	0.04670358383867311	8.249097880751329	0	1	0.996005996001	1.0000000000000036e-12	59.223880597014926	AM2	AM
415031	425030	420030.5	78	NA	NA	NA	0	1	0.996005996001	1.0000000000000036e-12	60.01282051282051	AM2	AM
420031	430030	425030.5	91	NA	NA	NA	0	1	0.996005996001	1.0000000000000036e-12	60.1978021978022	AM2	AM
425031	435030	430030.5	96	NA	NA	NA	0	1	0.996005996001	1.0000000000000036e-12	60.302083333333336	AM2	AM
430031	440030	435030.5	96	62.976441678964356	NA	14.679451249672688	0	1	0.996005996001	1.0000000000000036e-12	60.5625	AM2	AM
435031	445030	440030.5	93	57.058824830968966	40.80604274967732	13.373691302760106	0	1	0.996005996001	1.0000000000000036e-12	60.236559139784944	AM2	AM
440031	450030	445030.5	80	57.058824830968966	20.420479769289713	13.373691302760106	0	1	0.996005996001	1.0000000000000036e-12	60.2625	AM2	AM
445031	455030	450030.5	75	775.8775432990461	0.034916788902108455	167.13227252321005	0	1	0.996005996001	1.0000000000000036e-12	60.626666666666665	AM2	AM
450031	460030	455030.5	96	NA	NA	NA	0	1	0.996005996001	1.0000000000000036e-12	60.697916666666664	AM2	AM
455031	465030	460030.5	93	NA	NA	NA	0	1	0.996005996001	1.0000000000000036e-12	61.01075268817204	AM2	AM
460031	470030	465030.5	97	NA	NA	NA	0	1	0.996005996001	1.0000000000000036e-12	60.76288659793814	AM2	AM
465031	475030	470030.5	85	62.906765528080726	NA	14.664087978061984	0	1	0.996005996001	1.0000000000000036e-12	60.71764705882353	AM2	AM
470031	480030	475030.5	61	62.906765528080726	28.639517877877218	14.664087978061984	0	1	0.996005996001	1.0000000000000036e-12	61.14754098360656	AM2	AM
475031	485030	480030.5	77	60.92368765275358	28.639517877877218	14.226720957036923	0	1	0.996005996001	1.0000000000000036e-12	61.44155844155844	AM2	AM
480031	490030	485030.5	54	58.7072180558074	NA	13.737622398981616	0	1	0.996005996001	1.0000000000000036e-12	61.31481481481482	AM2	AM
485031	495030	490030.5	40	62.976441678964356	NA	14.679451249672688	0	1	0.996005996001	1.0000000000000036e-12	60.825	AM2	AM
490031	500030	495030.5	54	62.976441678964356	NA	14.679451249672688	0	1	0.996005996001	1.0000000000000036e-12	61	AM2	AM
495031	505030	500030.5	65	NA	NA	NA	0	1	0.996005996001	1.0000000000000036e-12	60.50769230769231	AM2	AM
500031	510030	505030.5	74	NA	NA	NA	0	1	0.996005996001	1.0000000000000036e-12	60.027027027027025	AM2	AM
505031	515030	510030.5	83	59.97527690972221	NA	14.01747361105163	0	1	0.996005996001	1.0000000000000036e-12	59.69879518072289	AM2	AM
510031	520030	515030.5	77	59.97527690972221	13.505473585303708	14.01747361105163	0	1	0.996005996001	1.0000000000000036e-12	60.246753246753244	AM2	AM
515031	525030	520030.5	59	59.47505599508739	13.505473585303708	13.907024674913824	0	1	0.996005996001	1.0000000000000036e-12	61.49152542372882	AM2	AM
520031	530030	525030.5	71	59.47505599508739	NA	13.907024674913824	0	1	0.996005996001	1.0000000000000036e-12	61.2112676056338	AM2	AM
525031	535030	530030.5	76	25.355092926789368	0	6.3215802991267545	0	1	0.996005996001	1.0000000000000036e-12	60.421052631578945	AM2	AM
530031	540030	535030.5	72	41.46768718947787	0	9.905208181866225	0	1	0.996005996001	1.0000000000000036e-12	60.166666666666664	AM2	AM
535031	545030	540030.5	82	57.58028145216637	0	13.488836064605694	0	1	0.996005996001	1.0000000000000036e-12	60.51219512195122	AM2	AM
540031	550030	545030.5	97	NA	NA	NA	0	1	0.996005996001	1.0000000000000036e-12	60.4639175257732	AM2	AM
545031	555030	550030.5	95	55.688212691190856	0	13.070956806076694	0	1	0.996005996001	1.0000000000000036e-12	59.757894736842104	AM2	AM
550031	560030	555030.5	63	55.688212691190856	0	13.070956806076694	0	1	0.996005996001	1.0000000000000036e-12	59.714285714285715	AM2	AM
555031	565030	560030.5	46	59.97527690972221	NA	14.01747361105163	0	1	0.996005996001	1.0000000000000036e-12	60.52173913043478	AM2	AM
560031	570030	565030.5	73	60.9756713601429	NA	14.23816113327668	0	1	0.996005996001	1.0000000000000036e-12	60.32876712328767	AM2	AM
565031	575030	570030.5	109	33.90363069359989	0	8.237242452850495	0	1	0.996005996001	1.0000000000000036e-12	59.678899082568805	AM2	AM
570031	580030	575030.5	102	33.90363069359989	0	8.237242452850495	0	1	0.996005996001	1.0000000000000036e-12	58.931372549019606	AM2	AM
575031	585030	580030.5	67	53.972332643259115	NA	12.690917428019208	0	1	0.996005996001	1.0000000000000036e-12	59.04477611940298	AM2	AM
580031	590030	585030.5	70	48.969802654506196	NA	11.585137486986516	0	1	0.996005996001	1.0000000000000036e-12	60.41428571428571	AM2	AM
585031	595030	590030.5	79	NA	NA	NA	0	1	0.996005996001	1.0000000000000036e-12	60.77215189873418	AM2	AM
590031	600030	595030.5	71	NA	NA	NA	0	1	0.996005996001	1.0000000000000036e-12	60.605633802816904	AM2	AM
595031	605030	600030.5	86	NA	NA	NA	0	1	0.996005996001	1.0000000000000036e-12	60.45348837209303	AM2	AM
600031	610030	605030.5	114	48.233963360257476	NA	11.417518307559504	0	1	0.996005996001	1.0000000000000036e-12	59.92982456140351	AM2	AM
605031	615030	610030.5	118	48.233963360257476	NA	11.417518307559504	0	1	0.996005996001	1.0000000000000036e-12	60.440677966101696	AM2	AM
610031	620030	615030.5	107	NA	NA	NA	0	1	0.996005996001	1.0000000000000036e-12	60.925233644859816	AM2	AM
615031	625030	620030.5	100	NA	NA	NA	0	1	0.996005996001	1.0000000000000036e-12	60.94	AM2	AM
620031	630030	625030.5	101	NA	NA	NA	0	1	0.996005996001	1.0000000000000036e-12	61.23762376237624	AM2	AM
625031	635030	630030.5	112	NA	NA	NA	0	1	0.996005996001	1.0000000000000036e-12	60.794642857142854	AM2	AM
630031	640030	635030.5	79	62.976441678964356	NA	14.679451249672688	0	1	0.996005996001	1.0000000000000036e-12	60.74683544303797	AM2	AM
635031	645030	640030.5	41	62.976441678964356	NA	14.679451249672688	0	1	0.996005996001	1.0000000000000036e-12	61.02439024390244	AM2	AM
640031	650030	645030.5	57	NA	NA	NA	0	1	0.996005996001	1.0000000000000036e-12	60.87719298245614	AM2	AM
645031	655030	650030.5	63	NA	NA	NA	0	1	0.996005996001	1.0000000000000036e-12	61.15873015873016	AM2	AM
650031	660030	655030.5	64	59.97527690972221	NA	14.01747361105163	0	1	0.996005996001	1.0000000000000036e-12	60.328125	AM2	AM
655031	665030	660030.5	63	56.129568715400694	537824.0000000006	13.167977910726883	0	1	0.996005996001	1.0000000000000036e-12	60.15873015873016	AM2	AM
660031	670030	665030.5	53	52.283860521079184	537824.0000000006	12.318482210402138	0	1	0.996005996001	1.0000000000000036e-12	60.43396226415094	AM2	AM
665031	675030	670030.5	35	NA	NA	NA	0	1	0.996005996001	1.0000000000000036e-12	60.285714285714285	AM2	AM
670031	680030	675030.5	11	NA	NA	NA	0	1	0.996005996001	1.0000000000000036e-12	51.18181818181818	AM2	AM
675031	685030	680030.5	9	NA	NA	NA	0	1	0.996005996001	1.0000000000000036e-12	5	AM2	AM
680031	690030	685030.5	7	NA	NA	NA	0	1	0.996005996001	1.0000000000000036e-12	5.428571428571429	AM2	AM
685031	695030	690030.5	0	NA	NA	NA	NA	NA	NA	NA	NA	AM2	AM
690031	700030	695030.5	0	NA	NA	NA	NA	NA	NA	NA	NA	AM2	AM
695031	705030	700030.5	0	NA	NA	NA	NA	NA	NA	NA	NA	AM2	AM
700031	710030	705030.5	16	NA	NA	NA	0	1	0.996005996001	1.0000000000000036e-12	56.5625	AM2	AM
705031	715030	710030.5	62	38.17222217800351	9.004495360128369e-4	8.288992726945926	0	1	0.996005996001	1.0000000000000036e-12	59	AM2	AM
710031	720030	715030.5	107	48.04612808743104	9.004495360128369e-4	10.926420898110903	0	1	0.996005996001	1.0000000000000036e-12	60.018691588785046	AM2	AM
715031	725030	720030.5	99	57.447012490969506	NA	13.459403148333696	0	1	0.996005996001	1.0000000000000036e-12	60.121212121212125	AM2	AM
720031	730030	725030.5	77	57.338450078045575	NA	13.435434366771462	0	1	0.996005996001	1.0000000000000036e-12	60.23376623376623	AM2	AM
725031	735030	730030.5	74	57.70290917101072	NA	13.515911506151415	0	1	0.996005996001	1.0000000000000036e-12	60.62162162162162	AM2	AM
730031	740030	735030.5	66	54.61862483782198	NA	12.834630629624334	0	1	0.996005996001	1.0000000000000036e-12	60.378787878787875	AM2	AM
735031	745030	740030.5	71	54.61862483782198	NA	12.834630629624334	0	1	0.996005996001	1.0000000000000036e-12	59.929577464788736	AM2	AM
740031	750030	745030.5	77	NA	NA	NA	0	1	0.996005996001	1.0000000000000036e-12	59.922077922077925	AM2	AM
745031	755030	750030.5	72	NA	NA	NA	0	1	0.996005996001	1.0000000000000036e-12	60.25	AM2	AM
750031	760030	755030.5	75	NA	NA	NA	0	1	0.996005996001	1.0000000000000036e-12	60.373333333333335	AM2	AM
755031	765030	760030.5	93	NA	NA	NA	0	1	0.996005996001	1.0000000000000036e-12	59.924731182795696	AM2	AM
760031	770030	765030.5	92	NA	NA	NA	0	1	0.996005996001	1.0000000000000036e-12	59.98913043478261	AM2	AM
765031	775030	770030.5	102	NA	NA	NA	0	1	0.996005996001	1.0000000000000036e-12	60.1764705882353	AM2	AM
770031	780030	775030.5	98	NA	NA	NA	0	1	0.996005996001	1.0000000000000036e-12	60.183673469387756	AM2	AM
775031	785030	780030.5	58	NA	NA	NA	0	1	0.996005996001	1.0000000000000036e-12	60.62068965517241	AM2	AM
780031	790030	785030.5	70	NA	NA	NA	0	1	0.996005996001	1.0000000000000036e-12	61.08571428571429	AM2	AM
785031	795030	790030.5	87	NA	NA	NA	0	1	0.996005996001	1.0000000000000036e-12	60.14942528735632	AM2	AM
790031	800030	795030.5	67	NA	NA	NA	0	1	0.996005996001	1.0000000000000036e-12	59.67164179104478	AM2	AM
795031	805030	800030.5	70	NA	NA	NA	0	1	0.996005996001	1.0000000000000036e-12	60.01428571428571	AM2	AM
800031	810030	805030.5	66	NA	NA	NA	0	1	0.996005996001	1.0000000000000036e-12	60.13636363636363	AM2	AM
805031	815030	810030.5	34	NA	NA	NA	0	1	0.996005996001	1.0000000000000036e-12	57.35294117647059	AM2	AM
810031	820030	815030.5	91	NA	NA	NA	0	1	0.996005996001	1.0000000000000036e-12	56.73626373626374	AM2	AM
815031	825030	820030.5	109	NA	NA	NA	0	1	0.996005996001	1.0000000000000036e-12	58.41284403669725	AM2	AM
820031	830030	825030.5	62	60.92368765275358	NA	14.226720957036923	0	1	0.996005996001	1.0000000000000036e-12	59.95161290322581	AM2	AM
825031	835030	830030.5	77	60.92368765275358	NA	14.226720957036923	0	1	0.996005996001	1.0000000000000036e-12	60.09090909090909	AM2	AM
830031	840030	835030.5	78	NA	NA	NA	0	1	0.996005996001	1.0000000000000036e-12	60.56410256410256	AM2	AM
835031	845030	840030.5	84	NA	NA	NA	0	1	0.996005996001	1.0000000000000036e-12	60.01190476190476	AM2	AM
840031	850030	845030.5	91	NA	NA	NA	0	1	0.996005996001	1.0000000000000036e-12	60.16483516483517	AM2	AM
845031	855030	850030.5	85	NA	NA	NA	0	1	0.996005996001	1.0000000000000036e-12	60.78823529411765	AM2	AM
850031	860030	855030.5	94	23.939222547743057	NA	6.002502991613978	0	1	0.996005996001	1.0000000000000036e-12	59.819148936170215	AM2	AM
855031	865030	860030.5	107	23.939222547743057	NA	6.002502991613978	0	1	0.996005996001	1.0000000000000036e-12	59.94392523364486	AM2	AM
860031	870030	865030.5	118	62.476253744763966	NA	14.56914995258721	0	1	0.996005996001	1.0000000000000036e-12	60.29661016949152	AM2	AM
865031	875030	870030.5	131	61.97606581056358	NA	14.45884865550173	0	1	0.996005996001	1.0000000000000036e-12	59.83969465648855	AM2	AM
870031	880030	875030.5	100	44.30017623585523	112.15699810363864	10.120119523137475	0	1	0.996005996001	1.0000000000000036e-12	59.82	AM2	AM
875031	885030	880030.5	50	46.78782590309027	56.0785096251854	11.10180549376487	0	1	0.996005996001	1.0000000000000036e-12	57.44	AM2	AM
880031	890030	885030.5	29	54.882133791027314	2.1146732146266614e-5	12.89062837171878	0	1	0.996005996001	1.0000000000000036e-12	45.689655172413794	AM2	AM
885031	895030	890030.5	44	61.97606581056358	NA	14.45884865550173	0	1	0.996005996001	1.0000000000000036e-12	53.90909090909091	AM2	AM
890031	900030	895030.5	66	61.97606581056358	NA	14.45884865550173	0	1	0.996005996001	1.0000000000000036e-12	55.71212121212121	AM2	AM
895031	905030	900030.5	39	NA	NA	NA	0	1	0.996005996001	1.0000000000000036e-12	44.666666666666664	AM2	AM
900031	910030	905030.5	26	53.31814125412891	NA	12.547179402998612	0	1	0.996005996001	1.0000000000000036e-12	32.53846153846154	AM2	AM
905031	915030	910030.5	55	53.31814125412891	NA	12.547179402998612	0	1	0.996005996001	1.0000000000000036e-12	52.69090909090909	AM2	AM
910031	920030	915030.5	86	744.9157553113934	0	161.75640100726554	0	1	0.996005996001	1.0000000000000036e-12	59.52325581395349	AM2	AM
915031	925030	920030.5	88	398.2991167958513	1.406432404320611e-5	86.97093552330182	0	1	0.996005996001	1.0000000000000036e-12	59.90909090909091	AM2	AM
920031	930030	925030.5	107	51.682478280309326	2.812864808641222e-5	12.185470039338092	0	1	0.996005996001	1.0000000000000036e-12	60.532710280373834	AM2	AM
925031	935030	930030.5	119	NA	NA	NA	0	1	0.996005996001	1.0000000000000036e-12	60.23529411764706	AM2	AM
930031	940030	935030.5	94	62.976441678964356	NA	14.679451249672688	0	1	0.996005996001	1.0000000000000036e-12	60.680851063829785	AM2	AM
935031	945030	940030.5	97	62.976441678964356	NA	14.679451249672688	0	1	0.996005996001	1.0000000000000036e-12	61.02061855670103	AM2	AM
940031	950030	945030.5	99	61.97606581056358	NA	14.45884865550173	0	1	0.996005996001	1.0000000000000036e-12	60.56565656565657	AM2	AM
945031	955030	950030.5	71	39.461660239274956	NA	9.472788233707295	0	1	0.996005996001	1.0000000000000036e-12	59.2112676056338	AM2	AM
950031	960030	955030.5	73	39.461660239274956	NA	9.472788233707295	0	1	0.996005996001	1.0000000000000036e-12	57.73972602739726	AM2	AM
955031	965030	960030.5	66	57.92003399685858	NA	13.56384906927588	0	1	0.996005996001	1.0000000000000036e-12	57.57575757575758	AM2	AM
960031	970030	965030.5	62	NA	NA	NA	0	1	0.996005996001	1.0000000000000036e-12	58.806451612903224	AM2	AM
965031	975030	970030.5	57	NA	NA	NA	0	1	0.996005996001	1.0000000000000036e-12	57.421052631578945	AM2	AM
970031	980030	975030.5	53	NA	NA	NA	0	1	0.996005996001	1.0000000000000036e-12	58.81132075471698	AM2	AM
975031	985030	980030.5	81	NA	NA	NA	0	1	0.996005996001	1.0000000000000036e-12	61.160493827160494	AM2	AM
980031	990030	985030.5	65	NA	NA	NA	0	1	0.996005996001	1.0000000000000036e-12	60.323076923076925	AM2	AM
985031	995030	990030.5	67	NA	NA	NA	0	1	0.996005996001	1.0000000000000036e-12	60.059701492537314	AM2	AM
990031	1000030	995030.5	78	NA	NA	NA	0	1	0.996005996001	1.0000000000000036e-12	59.44871794871795	AM2	AM
995031	1005030	1000030.5	84	52.972052852354636	NA	12.470661966755243	0	1	0.996005996001	1.0000000000000036e-12	59.11904761904762	AM2	AM
1000031	1010030	1005030.5	112	52.972052852354636	NA	12.470661966755243	0	1	0.996005996001	1.0000000000000036e-12	60.339285714285715	AM2	AM
1005031	1015030	1010030.5	116	NA	NA	NA	0	1	0.996005996001	1.0000000000000036e-12	60.88793103448276	AM2	AM
1010031	1020030	1015030.5	123	NA	NA	NA	0	1	0.996005996001	1.0000000000000036e-12	60.926829268292686	AM2	AM
1015031	1025030	1020030.5	92	NA	NA	NA	0	1	0.996005996001	1.0000000000000036e-12	60.47826086956522	AM2	AM
1020031	1030030	1025030.5	59	243.82314430740527	3.3160242551031103	51.848275185172625	0	1	0.996005996001	1.0000000000000036e-12	59.69491525423729	AM2	AM
1025031	1035030	1030030.5	64	243.82314430740527	3.3160242551031103	51.848275185172625	0	1	0.996005996001	1.0000000000000036e-12	54.984375	AM2	AM
1030031	1040030	1035030.5	108	58.99265931297351	1.9919398527712102e-7	13.800187125713677	0	1	0.996005996001	1.0000000000000036e-12	57.27777777777778	AM2	AM
1035031	1045030	1040030.5	134	58.99265931297351	1.9919398527712102e-7	13.800187125713677	0	1	0.996005996001	1.0000000000000036e-12	60.134328358208954	AM2	AM
1040031	1050030	1045030.5	133	209.88566050080564	0.5339916149775185	44.511106040571505	0	1	0.996005996001	1.0000000000000036e-12	60.34586466165413	AM2	AM
1045031	1055030	1050030.5	122	209.88566050080564	0.5339916149775185	44.511106040571505	0	1	0.996005996001	1.0000000000000036e-12	60.74590163934426	AM2	AM
1050031	1060030	1055030.5	95	NA	NA	NA	0	1	0.996005996001	1.0000000000000036e-12	60.421052631578945	AM2	AM
1055031	1065030	1060030.5	94	59.9225073509052	NA	14.00582960655856	0	1	0.996005996001	1.0000000000000036e-12	60.297872340425535	AM2	AM
1060031	1070030	1065030.5	71	59.9225073509052	NA	14.00582960655856	0	1	0.996005996001	1.0000000000000036e-12	60.61971830985915	AM2	AM
1065031	1075030	1070030.5	68	NA	NA	NA	0	1	0.996005996001	1.0000000000000036e-12	60.60294117647059	AM2	AM
1070031	1080030	1075030.5	102	57.92003399685858	NA	13.56384906927588	0	1	0.996005996001	1.0000000000000036e-12	60.372549019607845	AM2	AM
1075031	1085030	1080030.5	109	57.92003399685858	NA	13.56384906927588	0	1	0.996005996001	1.0000000000000036e-12	60.04587155963303	AM2	AM
1080031	1090030	1085030.5	98	NA	NA	NA	0	1	0.996005996001	1.0000000000000036e-12	59.8469387755102	AM2	AM
1085031	1095030	1090030.5	110	62.9472751154033	NA	14.673020186751618	0	1	0.996005996001	1.0000000000000036e-12	60.45454545454545	AM2	AM
1090031	1100030	1095030.5	102	62.9472751154033	NA	14.673020186751618	0	1	0.996005996001	1.0000000000000036e-12	60.77450980392157	AM2	AM
1095031	1105030	1100030.5	94	NA	NA	NA	0	1	0.996005996001	1.0000000000000036e-12	60.691489361702125	AM2	AM
1100031	1110030	1105030.5	95	61.97606581056358	NA	14.45884865550173	0	1	0.996005996001	1.0000000000000036e-12	60.82105263157895	AM2	AM
1105031	1115030	1110030.5	79	61.97606581056358	NA	14.45884865550173	0	1	0.996005996001	1.0000000000000036e-12	60.87341772151899	AM2	AM
1110031	1120030	1115030.5	94	NA	NA	NA	0	1	0.996005996001	1.0000000000000036e-12	60.734042553191486	AM2	AM
1115031	1125030	1120030.5	97	NA	NA	NA	0	1	0.996005996001	1.0000000000000036e-12	60.95876288659794	AM2	AM
1120031	1130030	1125030.5	114	NA	NA	NA	0	1	0.996005996001	1.0000000000000036e-12	61.01754385964912	AM2	AM
1125031	1135030	1130030.5	161	55.36121890274388	NA	12.998717247161808	0	1	0.996005996001	1.0000000000000036e-12	60.6583850931677	AM2	AM
1130031	1140030	1135030.5	147	55.36121890274388	NA	12.998717247161808	0	1	0.996005996001	1.0000000000000036e-12	60.85034013605442	AM2	AM
1135031	1145030	1140030.5	120	223.12888357325906	0.32070150161808664	47.37367002153286	0	1	0.996005996001	1.0000000000000036e-12	61.09166666666667	AM2	AM
1140031	1150030	1145030.5	107	223.12888357325906	0.32070150161808664	47.37367002153286	0	1	0.996005996001	1.0000000000000036e-12	60.728971962616825	AM2	AM
1145031	1155030	1150030.5	98	NA	NA	NA	0	1	0.996005996001	1.0000000000000036e-12	56.95918367346939	AM2	AM
1150031	1160030	1155030.5	97	62.906765528080726	NA	14.664087978061984	0	1	0.996005996001	1.0000000000000036e-12	57.1958762886598	AM2	AM
1155031	1165030	1160030.5	98	61.09913877831772	NA	14.265335660650525	0	1	0.996005996001	1.0000000000000036e-12	61.11224489795919	AM2	AM
1160031	1170030	1165030.5	109	60.59840320638236	NA	14.154911752441553	0	1	0.996005996001	1.0000000000000036e-12	60.85321100917431	AM2	AM
1165031	1175030	1170030.5	123	61.97606581056358	NA	14.45884865550173	0	1	0.996005996001	1.0000000000000036e-12	60.63414634146341	AM2	AM
1170031	1180030	1175030.5	108	62.476253744763966	NA	14.56914995258721	0	1	0.996005996001	1.0000000000000036e-12	60.833333333333336	AM2	AM
1175031	1185030	1180030.5	85	31.604028701782227	0	7.723453165404236	0	1	0.996005996001	1.0000000000000036e-12	51.411764705882355	AM2	AM
1180031	1190030	1185030.5	59	33.781564810639054	0	8.209585831798984	0	1	0.996005996001	1.0000000000000036e-12	39.94915254237288	AM2	AM
1185031	1195030	1190030.5	62	62.476253744763966	0.5313661595192406	14.56914995258721	0	1	0.996005996001	1.0000000000000036e-12	42.75806451612903	AM2	AM
1190031	1200030	1195030.5	90	62.476253744763966	0.5313661595192406	14.56914995258721	0	1	0.996005996001	1.0000000000000036e-12	53.166666666666664	AM2	AM
1195031	1205030	1200030.5	110	61.940108882974805	NA	14.45088982158438	0	1	0.996005996001	1.0000000000000036e-12	60.92727272727273	AM2	AM
1200031	1210030	1205030.5	132	62.476253744763966	NA	14.56914995258721	0	1	0.996005996001	1.0000000000000036e-12	60.734848484848484	AM2	AM
1205031	1215030	1210030.5	113	61.97606581056358	NA	14.45884865550173	0	1	0.996005996001	1.0000000000000036e-12	60.716814159292035	AM2	AM
1210031	1220030	1215030.5	72	30.1512233415436	0	7.398281628960754	0	1	0.996005996001	1.0000000000000036e-12	59.833333333333336	AM2	AM
1215031	1225030	1220030.5	81	30.868349894892756	0	7.558872719434452	0	1	0.996005996001	1.0000000000000036e-12	59.96296296296296	AM2	AM
1220031	1230030	1225030.5	103	341.34825772542234	0.1541419658545655	72.95302671467712	0	1	0.996005996001	1.0000000000000036e-12	60.58252427184466	AM2	AM
1225031	1235030	1230030.5	89	NA	NA	NA	0	1	0.996005996001	1.0000000000000036e-12	60.58426966292135	AM2	AM
1230031	1240030	1235030.5	89	NA	NA	NA	0	1	0.996005996001	1.0000000000000036e-12	60.831460674157306	AM2	AM
1235031	1245030	1240030.5	111	NA	NA	NA	0	1	0.996005996001	1.0000000000000036e-12	60.21621621621622	AM2	AM
1240031	1250030	1245030.5	128	62.976441678964356	NA	14.679451249672688	0	1	0.996005996001	1.0000000000000036e-12	60.09375	AM2	AM
1245031	1255030	1250030.5	121	60.47543795708643	NA	14.127655270235703	0	1	0.996005996001	1.0000000000000036e-12	60.53719008264463	AM2	AM
1250031	1260030	1255030.5	131	57.33645367705416	NA	13.43498504086093	0	1	0.996005996001	1.0000000000000036e-12	60.82442748091603	AM2	AM
1255031	1265030	1260030.5	110	41.0267830228446	0	9.80784554502495	0	1	0.996005996001	1.0000000000000036e-12	60.872727272727275	AM2	AM
1260031	1270030	1265030.5	110	43.96642341871713	0	10.47617873918789	0	1	0.996005996001	1.0000000000000036e-12	60.481818181818184	AM2	AM
1265031	1275030	1270030.5	144	44.96714269326996	NA	10.698121072456221	0	1	0.996005996001	1.0000000000000036e-12	60.625	AM2	AM
1270031	1280030	1275030.5	138	NA	NA	NA	0	1	0.996005996001	1.0000000000000036e-12	60.666666666666664	AM2	AM
1275031	1285030	1280030.5	134	NA	NA	NA	0	1	0.996005996001	1.0000000000000036e-12	60.46268656716418	AM2	AM
1280031	1290030	1285030.5	100	NA	NA	NA	0	1	0.996005996001	1.0000000000000036e-12	60.71	AM2	AM
1285031	1295030	1290030.5	82	61.97606581056358	NA	14.45884865550173	0	1	0.996005996001	1.0000000000000036e-12	60.90243902439025	AM2	AM
1290031	1300030	1295030.5	104	61.97606581056358	NA	14.45884865550173	0	1	0.996005996001	1.0000000000000036e-12	60.57692307692308	AM2	AM
1295031	1305030	1300030.5	99	40.96400679763788	NA	9.8095037799474	0	1	0.996005996001	1.0000000000000036e-12	60.303030303030305	AM2	AM
1300031	1310030	1305030.5	83	40.96400679763788	NA	9.8095037799474	0	1	0.996005996001	1.0000000000000036e-12	60.66265060240964	AM2	AM
1305031	1315030	1310030.5	71	NA	NA	NA	0	1	0.996005996001	1.0000000000000036e-12	61.309859154929576	AM2	AM
1310031	1320030	1315030.5	66	173.09128845739806	0.22839283631820081	37.521615609371516	0	1	0.996005996001	1.0000000000000036e-12	61.196969696969695	AM2	AM
1315031	1325030	1320030.5	94	173.09128845739806	0.22839283631820081	37.521615609371516	0	1	0.996005996001	1.0000000000000036e-12	60.702127659574465	AM2	AM
1320031	1330030	1325030.5	105	NA	NA	NA	0	1	0.996005996001	1.0000000000000036e-12	60.74285714285714	AM2	AM
1325031	1335030	1330030.5	93	146.51276846389106	0.2943012855970548	31.770293209515295	0	1	0.996005996001	1.0000000000000036e-12	60.55913978494624	AM2	AM
1330031	1340030	1335030.5	79	60.97567775496628	0.2943012855970548	14.23819005902893	0	1	0.996005996001	1.0000000000000036e-12	59.936708860759495	AM2	AM
1335031	1345030	1340030.5	93	56.654993097572536	0	13.284508056033065	0	1	0.996005996001	1.0000000000000036e-12	59.376344086021504	AM2	AM
1340031	1350030	1345030.5	102	59.315529454068056	0	13.871678355767397	0	1	0.996005996001	1.0000000000000036e-12	59.970588235294116	AM2	AM
1345031	1355030	1350030.5	68	60.97567775496628	NA	14.23819005902893	0	1	0.996005996001	1.0000000000000036e-12	60.75	AM2	AM
1350031	1360030	1355030.5	55	60.97567775496628	NA	14.23819005902893	0	1	0.996005996001	1.0000000000000036e-12	60.92727272727273	AM2	AM
1355031	1365030	1360030.5	79	NA	NA	NA	0	1	0.996005996001	1.0000000000000036e-12	60.18987341772152	AM2	AM
1360031	1370030	1365030.5	72	NA	NA	NA	0	1	0.996005996001	1.0000000000000036e-12	60.09722222222222	AM2	AM
1365031	1375030	1370030.5	54	NA	NA	NA	0	1	0.996005996001	1.0000000000000036e-12	61.46296296296296	AM2	AM
1370031	1380030	1375030.5	77	61.97606581056358	NA	14.45884865550173	0	1	0.996005996001	1.0000000000000036e-12	59.883116883116884	AM2	AM
1375031	1385030	1380030.5	104	61.97606581056358	NA	14.45884865550173	0	1	0.996005996001	1.0000000000000036e-12	59.54807692307692	AM2	AM
1380031	1390030	1385030.5	105	58.290835573461486	NA	13.64570930091354	0	1	0.996005996001	1.0000000000000036e-12	60.22857142857143	AM2	AM
1385031	1395030	1390030.5	101	61.94643852497923	0.28906861151776814	14.452314450543527	0	1	0.996005996001	1.0000000000000036e-12	60.62376237623762	AM2	AM
1390031	1400030	1395030.5	109	61.94643852497923	0.28906861151776814	14.452314450543527	0	1	0.996005996001	1.0000000000000036e-12	60.908256880733944	AM2	AM
1395031	1405030	1400030.5	96	59.97527690972221	NA	14.01747361105163	0	1	0.996005996001	1.0000000000000036e-12	60.989583333333336	AM2	AM
1400031	1410030	1405030.5	83	NA	NA	NA	0	1	0.996005996001	1.0000000000000036e-12	60.54216867469879	AM2	AM
1405031	1415030	1410030.5	82	NA	NA	NA	0	1	0.996005996001	1.0000000000000036e-12	60.19512195121951	AM2	AM
1410031	1420030	1415030.5	101	61.905294384209995	NA	14.443240161644042	0	1	0.996005996001	1.0000000000000036e-12	60.801980198019805	AM2	AM
1415031	1425030	1420030.5	119	61.905294384209995	NA	14.443240161644042	0	1	0.996005996001	1.0000000000000036e-12	60.94957983193277	AM2	AM
1420031	1430030	1425030.5	115	NA	NA	NA	0	1	0.996005996001	1.0000000000000036e-12	60.51304347826087	AM2	AM
1425031	1435030	1430030.5	94	NA	NA	NA	0	1	0.996005996001	1.0000000000000036e-12	60.54255319148936	AM2	AM
1430031	1440030	1435030.5	73	61.475871782764926	NA	14.348519357265332	0	1	0.996005996001	1.0000000000000036e-12	60.726027397260275	AM2	AM
1435031	1445030	1440030.5	73	61.97606581056358	0.2877628353422974	14.45884865550173	0	1	0.996005996001	1.0000000000000036e-12	60.71232876712329	AM2	AM
1440031	1450030	1445030.5	59	222.28220589590603	0.2877628353422974	47.19063453129853	0	1	0.996005996001	1.0000000000000036e-12	60.67796610169491	AM2	AM
1445031	1455030	1450030.5	61	NA	NA	NA	0	1	0.996005996001	1.0000000000000036e-12	60.42622950819672	AM2	AM
1450031	1460030	1455030.5	88	27.68477477137619	0	6.845326326817143	0	1	0.996005996001	1.0000000000000036e-12	60.5	AM2	AM
1455031	1465030	1460030.5	106	27.68477477137619	0	6.845326326817143	0	1	0.996005996001	1.0000000000000036e-12	60.4811320754717	AM2	AM
1460031	1470030	1465030.5	86	NA	NA	NA	0	1	0.996005996001	1.0000000000000036e-12	60.5	AM2	AM
1465031	1475030	1470030.5	74	62.976441678964356	NA	14.679451249672688	0	1	0.996005996001	1.0000000000000036e-12	60.74324324324324	AM2	AM
1470031	1480030	1475030.5	78	62.476253744763966	NA	14.56914995258721	0	1	0.996005996001	1.0000000000000036e-12	60.69230769230769	AM2	AM
1475031	1485030	1480030.5	78	61.97606581056358	NA	14.45884865550173	0	1	0.996005996001	1.0000000000000036e-12	59.67948717948718	AM2	AM
1480031	1490030	1485030.5	85	NA	NA	NA	0	1	0.996005996001	1.0000000000000036e-12	59.8	AM2	AM
1485031	1495030	1490030.5	73	62.976441678964356	NA	14.679451249672688	0	1	0.996005996001	1.0000000000000036e-12	60.397260273972606	AM2	AM
1490031	1500030	1495030.5	77	62.976441678964356	NA	14.679451249672688	0	1	0.996005996001	1.0000000000000036e-12	60.20779220779221	AM2	AM
1495031	1505030	1500030.5	75	62.976441678964356	NA	14.679451249672688	0	1	0.996005996001	1.0000000000000036e-12	60.693333333333335	AM2	AM
1500031	1510030	1505030.5	60	62.976441678964356	NA	14.679451249672688	0	1	0.996005996001	1.0000000000000036e-12	61.333333333333336	AM2	AM
1505031	1515030	1510030.5	66	51.416680061293555	3.0513047898018356e-4	11.667086749211798	0	1	0.996005996001	1.0000000000000036e-12	61.166666666666664	AM2	AM
1510031	1520030	1515030.5	70	51.416680061293555	3.0513047898018356e-4	11.667086749211798	0	1	0.996005996001	1.0000000000000036e-12	60.885714285714286	AM2	AM
1515031	1525030	1520030.5	68	NA	NA	NA	0	1	0.996005996001	1.0000000000000036e-12	59.529411764705884	AM2	AM
31	10030	5030.5	140	16.390865910594343	0	4.287914853498048	0	1	0.996005996001	1.0000000000000036e-12	16.95	AM3	AM
5031	15030	10030.5	118	15.473309516906738	0	4.077385862527477	0	1	0.996005996001	1.0000000000000036e-12	18.516949152542374	AM3	AM
10031	20030	15030.5	124	15.767528285956931	0	4.144926946696577	0	1	0.996005996001	1.0000000000000036e-12	18.29032258064516	AM3	AM
15031	25030	20030.5	89	15.754114348248082	NA	4.138198803444652	0	1	0.996005996001	1.0000000000000036e-12	18.629213483146067	AM3	AM
20031	30030	25030.5	77	12.584433318161128	NA	3.4100805936947403	0	1	0.996005996001	1.0000000000000036e-12	18.844155844155843	AM3	AM
25031	35030	30030.5	108	17.370844767451338	NA	4.511502087818944	0	1	0.996005996001	1.0000000000000036e-12	19.064814814814813	AM3	AM
30031	40030	35030.5	117	17.370844767451338	NA	4.511502087818944	0	1	0.996005996001	1.0000000000000036e-12	19.196581196581196	AM3	AM
35031	45030	40030.5	78	NA	NA	NA	0	1	0.996005996001	1.0000000000000036e-12	19.128205128205128	AM3	AM
40031	50030	45030.5	80	13.167934584548107	0	3.5454898229611835	0	1	0.996005996001	1.0000000000000036e-12	19.0875	AM3	AM
45031	55030	50030.5	108	13.167934584548107	0	3.5454898229611835	0	1	0.996005996001	1.0000000000000036e-12	19.175925925925927	AM3	AM
50031	60030	55030.5	110	14.634666666666668	0	3.884416280825317	0	1	0.996005996001	1.0000000000000036e-12	18.954545454545453	AM3	AM
55031	65030	60030.5	97	14.634666666666668	0	3.884416280825317	0	1	0.996005996001	1.0000000000000036e-12	18.77319587628866	AM3	AM
60031	70030	65030.5	96	18.213400896306986	NA	4.704467178724424	0	1	0.996005996001	1.0000000000000036e-12	18.895833333333332	AM3	AM
65031	75030	70030.5	122	18.018077401278493	NA	4.659907899904313	0	1	0.996005996001	1.0000000000000036e-12	18.983606557377048	AM3	AM
70031	80030	75030.5	123	17.919720936213995	NA	4.637477793963129	0	1	0.996005996001	1.0000000000000036e-12	19.130081300813007	AM3	AM
75031	85030	80030.5	90	17.919720936213995	NA	4.637477793963129	0	1	0.996005996001	1.0000000000000036e-12	19.18888888888889	AM3	AM
80031	90030	85030.5	86	17.20772029245856	NA	4.474861998340634	0	1	0.996005996001	1.0000000000000036e-12	19.069767441860463	AM3	AM
85031	95030	90030.5	106	NA	NA	NA	0	1	0.996005996001	1.0000000000000036e-12	18.632075471698112	AM3	AM
90031	100030	95030.5	129	18.705933809593237	NA	4.816709760873581	0	1	0.996005996001	1.0000000000000036e-12	18.06201550387597	AM3	AM
95031	105030	100030.5	164	16.482788928303936	NA	4.307325070055888	0	1	0.996005996001	1.0000000000000036e-12	17.75	AM3	AM
100031	110030	105030.5	134	14.259644047014637	NA	3.797940379238194	0	1	0.996005996001	1.0000000000000036e-12	18.03731343283582	AM3	AM
105031	115030	110030.5	88	7.716965663580247	0.0022446689113355778	2.261978824275388	0	1	0.996005996001	1.0000000000000036e-12	19.022727272727273	AM3	AM
110031	120030	115030.5	99	7.716965663580247	0.0022446689113355778	2.261978824275388	0	1	0.996005996001	1.0000000000000036e-12	19.151515151515152	AM3	AM
115031	125030	120030.5	99	NA	NA	NA	0	1	0.996005996001	1.0000000000000036e-12	19.22222222222222	AM3	AM
120031	130030	125030.5	67	NA	NA	NA	0	1	0.996005996001	1.0000000000000036e-12	19.19402985074627	AM3	AM
125031	135030	130030.5	88	NA	NA	NA	0	1	0.996005996001	1.0000000000000036e-12	19.125	AM3	AM
130031	140030	135030.5	118	NA	NA	NA	0	1	0.996005996001	1.0000000000000036e-12	18.71186440677966	AM3	AM
135031	145030	140030.5	96	NA	NA	NA	0	1	0.996005996001	1.0000000000000036e-12	18.541666666666668	AM3	AM
140031	150030	145030.5	138	NA	NA	NA	0	1	0.996005996001	1.0000000000000036e-12	19.26086956521739	AM3	AM
145031	155030	150030.5	214	14.442274305555557	0	3.84006764957102	0	1	0.996005996001	1.0000000000000036e-12	19.19158878504673	AM3	AM
150031	160030	155030.5	199	16.91518674944026	0	4.407960931748277	0	1	0.996005996001	1.0000000000000036e-12	18.949748743718594	AM3	AM
155031	165030	160030.5	131	18.705933809593237	NA	4.816709760873581	0	1	0.996005996001	1.0000000000000036e-12	18.916030534351144	AM3	AM
160031	170030	165030.5	95	18.459667352950113	NA	4.760588469799003	0	1	0.996005996001	1.0000000000000036e-12	18.94736842105263	AM3	AM
165031	175030	170030.5	87	18.213400896306986	NA	4.704467178724424	0	1	0.996005996001	1.0000000000000036e-12	18.689655172413794	AM3	AM
170031	180030	175030.5	81	NA	NA	NA	0	1	0.996005996001	1.0000000000000036e-12	18.74074074074074	AM3	AM
175031	185030	180030.5	94	15.910110473632812	NA	4.177681892346145	0	1	0.996005996001	1.0000000000000036e-12	18.48936170212766	AM3	AM
180031	190030	185030.5	112	15.910110473632812	NA	4.177681892346145	0	1	0.996005996001	1.0000000000000036e-12	18.758928571428573	AM3	AM
185031	195030	190030.5	101	19.9274765625	NA	5.094549712423539	0	1	0.996005996001	1.0000000000000036e-12	19.366336633663366	AM3	AM
190031	200030	195030.5	80	19.9274765625	NA	5.094549712423539	0	1	0.996005996001	1.0000000000000036e-12	19.4625	AM3	AM
195031	205030	200030.5	113	NA	NA	NA	0	1	0.996005996001	1.0000000000000036e-12	18.787610619469028	AM3	AM
200031	210030	205030.5	114	NA	NA	NA	0	1	0.996005996001	1.0000000000000036e-12	18.640350877192983	AM3	AM
205031	215030	210030.5	91	NA	NA	NA	0	1	0.996005996001	1.0000000000000036e-12	19.043956043956044	AM3	AM
210031	220030	215030.5	103	NA	NA	NA	0	1	0.996005996001	1.0000000000000036e-12	19.174757281553397	AM3	AM
215031	225030	220030.5	109	13.291039946608123	3524.276986099928	3.5740135932925132	0	1	0.996005996001	1.0000000000000036e-12	19	AM3	AM
220031	230030	225030.5	84	13.291039946608123	3524.276986099928	3.5740135932925132	0	1	0.996005996001	1.0000000000000036e-12	18.892857142857142	AM3	AM
225031	235030	230030.5	51	NA	NA	NA	0	1	0.996005996001	1.0000000000000036e-12	19.313725490196077	AM3	AM
230031	240030	235030.5	89	NA	NA	NA	0	1	0.996005996001	1.0000000000000036e-12	19.146067415730336	AM3	AM
235031	245030	240030.5	105	16.794092640786616	NA	4.380251562441536	0	1	0.996005996001	1.0000000000000036e-12	19.01904761904762	AM3	AM
240031	250030	245030.5	100	17.356906788500304	NA	4.5088646782023325	0	1	0.996005996001	1.0000000000000036e-12	19.01	AM3	AM
245031	255030	250030.5	99	17.919720936213995	NA	4.637477793963129	0	1	0.996005996001	1.0000000000000036e-12	19.21212121212121	AM3	AM
250031	260030	255030.5	98	NA	NA	NA	0	1	0.996005996001	1.0000000000000036e-12	19.214285714285715	AM3	AM
255031	265030	260030.5	104	15.194605712364918	NA	4.013317566702625	0	1	0.996005996001	1.0000000000000036e-12	18.971153846153847	AM3	AM
260031	270030	265030.5	87	15.194605712364918	NA	4.013317566702625	0	1	0.996005996001	1.0000000000000036e-12	18.96551724137931	AM3	AM
265031	275030	270030.5	80	17.75287603254197	0	4.599195582581048	0	1	0.996005996001	1.0000000000000036e-12	19.225	AM3	AM
270031	280030	275030.5	82	18.59056531564368	0	4.790430233413819	0	1	0.996005996001	1.0000000000000036e-12	19.402439024390244	AM3	AM
275031	285030	280030.5	87	16.805161349241065	NA	4.381624436342831	0	1	0.996005996001	1.0000000000000036e-12	18.482758620689655	AM3	AM
280031	290030	285030.5	86	14.90438888888889	NA	3.946539111812079	0	1	0.996005996001	1.0000000000000036e-12	17.406976744186046	AM3	AM
285031	295030	290030.5	91	9.69530078125	NA	2.7334394352473406	0	1	0.996005996001	1.0000000000000036e-12	17.846153846153847	AM3	AM
290031	300030	295030.5	99	9.69530078125	NA	2.7334394352473406	0	1	0.996005996001	1.0000000000000036e-12	18.2020202020202	AM3	AM
295031	305030	300030.5	142	NA	NA	NA	0	1	0.996005996001	1.0000000000000036e-12	18.58450704225352	AM3	AM
300031	310030	305030.5	134	NA	NA	NA	0	1	0.996005996001	1.0000000000000036e-12	19.05223880597015	AM3	AM
305031	315030	310030.5	90	NA	NA	NA	0	1	0.996005996001	1.0000000000000036e-12	17.866666666666667	AM3	AM
310031	320030	315030.5	131	NA	NA	NA	0	1	0.996005996001	1.0000000000000036e-12	18.18320610687023	AM3	AM
315031	325030	320030.5	121	23.94877457348943	0.195833617922273	5.200410322805681	0	1	0.996005996001	1.0000000000000036e-12	18.611570247933884	AM3	AM
320031	330030	325030.5	92	21.327354191541332	0.195833617922273	5.008560041839631	0	1	0.996005996001	1.0000000000000036e-12	17.804347826086957	AM3	AM
325031	335030	330030.5	108	18.705933809593237	NA	4.816709760873581	0	1	0.996005996001	1.0000000000000036e-12	18.02777777777778	AM3	AM
330031	340030	335030.5	99	NA	NA	NA	0	1	0.996005996001	1.0000000000000036e-12	18.333333333333332	AM3	AM
335031	345030	340030.5	84	15.746902334734248	0	4.139844390446846	0	1	0.996005996001	1.0000000000000036e-12	18.75	AM3	AM
340031	350030	345030.5	67	14.722532115781373	0	3.9046600731318457	0	1	0.996005996001	1.0000000000000036e-12	17.52238805970149	AM3	AM
345031	355030	350030.5	34	11.8818359375	NA	3.246539216511996	0	1	0.996005996001	1.0000000000000036e-12	15.088235294117647	AM3	AM
350031	360030	355030.5	8	8.165311973905723	0	2.3695809872055893	0	1	0.996005996001	1.0000000000000036e-12	12.625	AM3	AM
355031	365030	360030.5	7	8.165311973905723	0	2.3695809872055893	0	1	0.996005996001	1.0000000000000036e-12	10.714285714285714	AM3	AM
360031	370030	365030.5	13	13.407407354682944	0	3.6009624575815935	0	1	0.996005996001	1.0000000000000036e-12	10.846153846153847	AM3	AM
365031	375030	370030.5	54	13.407407354682944	0	3.6009624575815935	0	1	0.996005996001	1.0000000000000036e-12	11.055555555555555	AM3	AM
370031	380030	375030.5	89	NA	NA	NA	0	1	0.996005996001	1.0000000000000036e-12	14.325842696629213	AM3	AM
375031	385030	380030.5	75	NA	NA	NA	0	1	0.996005996001	1.0000000000000036e-12	18.506666666666668	AM3	AM
380031	390030	385030.5	67	NA	NA	NA	0	1	0.996005996001	1.0000000000000036e-12	19.104477611940297	AM3	AM
385031	395030	390030.5	81	NA	NA	NA	0	1	0.996005996001	1.0000000000000036e-12	19.17283950617284	AM3	AM
390031	400030	395030.5	81	15.012173652648926	0	3.9713479346899563	0	1	0.996005996001	1.0000000000000036e-12	18.962962962962962	AM3	AM
395031	405030	400030.5	80	15.012173652648926	0	3.9713479346899563	0	1	0.996005996001	1.0000000000000036e-12	18.8	AM3	AM
400031	410030	405030.5	99	18.923795378335036	NA	4.866317013194563	0	1	0.996005996001	1.0000000000000036e-12	18.8989898989899	AM3	AM
405031	415030	410030.5	87	16.592661414126802	0	4.333839429637581	0	1	0.996005996001	1.0000000000000036e-12	18.770114942528735	AM3	AM
410031	420030	415030.5	67	15.637451171875	0	4.115091500400337	0	1	0.996005996001	1.0000000000000036e-12	18.34328358208955	AM3	AM
415031	425030	420030.5	78	NA	NA	NA	0	1	0.996005996001	1.0000000000000036e-12	18.46153846153846	AM3	AM
420031	430030	425030.5	91	NA	NA	NA	0	1	0.996005996001	1.0000000000000036e-12	18.64835164835165	AM3	AM
425031	435030	430030.5	96	NA	NA	NA	0	1	0.996005996001	1.0000000000000036e-12	18.614583333333332	AM3	AM
430031	440030	435030.5	96	NA	NA	NA	0	1	0.996005996001	1.0000000000000036e-12	19	AM3	AM
435031	445030	440030.5	93	7.12856656754499	0.002752705020982453	2.119956513040897	0	1	0.996005996001	1.0000000000000036e-12	18.462365591397848	AM3	AM
440031	450030	445030.5	80	8.839669853878481	569.3644380809055	2.5305425611428083	0	1	0.996005996001	1.0000000000000036e-12	17.9875	AM3	AM
445031	455030	450030.5	75	13.88173261610676	1138.72612345679	3.6984297871686858	0	1	0.996005996001	1.0000000000000036e-12	18.6	AM3	AM
450031	460030	455030.5	96	NA	NA	NA	0	1	0.996005996001	1.0000000000000036e-12	19	AM3	AM
455031	465030	460030.5	93	NA	NA	NA	0	1	0.996005996001	1.0000000000000036e-12	18.677419354838708	AM3	AM
460031	470030	465030.5	97	NA	NA	NA	0	1	0.996005996001	1.0000000000000036e-12	18.52577319587629	AM3	AM
465031	475030	470030.5	85	NA	NA	NA	0	1	0.996005996001	1.0000000000000036e-12	19	AM3	AM
470031	480030	475030.5	61	6.999436863380625	0.03808596444581987	1.519908403098205	0	1	0.996005996001	1.0000000000000036e-12	19.18032786885246	AM3	AM
475031	485030	480030.5	77	6.999436863380625	0.03808596444581987	1.519908403098205	0	1	0.996005996001	1.0000000000000036e-12	19.22077922077922	AM3	AM
480031	490030	485030.5	54	NA	NA	NA	0	1	0.996005996001	1.0000000000000036e-12	19.11111111111111	AM3	AM
485031	495030	490030.5	40	NA	NA	NA	0	1	0.996005996001	1.0000000000000036e-12	19.05	AM3	AM
490031	500030	495030.5	54	19.9274765625	NA	5.094549712423539	0	1	0.996005996001	1.0000000000000036e-12	19.11111111111111	AM3	AM
495031	505030	500030.5	65	15.90465625	NA	4.170544464467767	0	1	0.996005996001	1.0000000000000036e-12	18.584615384615386	AM3	AM
500031	510030	505030.5	74	15.80073046875	NA	4.146932195257259	0	1	0.996005996001	1.0000000000000036e-12	18.64864864864865	AM3	AM
505031	515030	510030.5	83	19.21277940479662	NA	4.932017467438051	0	1	0.996005996001	1.0000000000000036e-12	18.481927710843372	AM3	AM
510031	520030	515030.5	77	17.296326279796617	0	4.494512021551362	0	1	0.996005996001	1.0000000000000036e-12	18.493506493506494	AM3	AM
515031	525030	520030.5	59	16.392881052182986	0	4.288290868790332	0	1	0.996005996001	1.0000000000000036e-12	19.06779661016949	AM3	AM
520031	530030	525030.5	71	15.398467103567823	0	4.059338260546461	0	1	0.996005996001	1.0000000000000036e-12	17.929577464788732	AM3	AM
525031	535030	530030.5	76	10.720361218069122	NA	2.974845819395357	0	1	0.996005996001	1.0000000000000036e-12	17.013157894736842	AM3	AM
530031	540030	535030.5	72	8.248635470145672	NA	2.3821557525607484	0	1	0.996005996001	1.0000000000000036e-12	16.84722222222222	AM3	AM
535031	545030	540030.5	82	NA	NA	NA	0	1	0.996005996001	1.0000000000000036e-12	17.01219512195122	AM3	AM
540031	550030	545030.5	97	18.831579061269863	NA	4.845322283291743	0	1	0.996005996001	1.0000000000000036e-12	18.123711340206185	AM3	AM
545031	555030	550030.5	95	13.957218750000001	0	3.728116270320011	0	1	0.996005996001	1.0000000000000036e-12	18.768421052631577	AM3	AM
550031	560030	555030.5	63	13.876388478270773	0	3.7094373700444763	0	1	0.996005996001	1.0000000000000036e-12	18.77777777777778	AM3	AM
555031	565030	560030.5	46	18.213400896306986	NA	4.704467178724424	0	1	0.996005996001	1.0000000000000036e-12	19.17391304347826	AM3	AM
560031	570030	565030.5	73	18.213400896306986	NA	4.704467178724424	0	1	0.996005996001	1.0000000000000036e-12	19.123287671232877	AM3	AM
565031	575030	570030.5	109	9.591885897977711	NA	2.7082236336111913	0	1	0.996005996001	1.0000000000000036e-12	18.541284403669724	AM3	AM
570031	580030	575030.5	102	9.591885897977711	NA	2.7082236336111913	0	1	0.996005996001	1.0000000000000036e-12	18.392156862745097	AM3	AM
575031	585030	580030.5	67	10.059427734375	0	2.8010608971172832	0	1	0.996005996001	1.0000000000000036e-12	18.791044776119403	AM3	AM
580031	590030	585030.5	70	10.059427734375	0	2.8010608971172832	0	1	0.996005996001	1.0000000000000036e-12	18.52857142857143	AM3	AM
585031	595030	590030.5	79	NA	NA	NA	0	1	0.996005996001	1.0000000000000036e-12	18.31645569620253	AM3	AM
590031	600030	595030.5	71	17.330729166666668	0	4.5029778369283	0	1	0.996005996001	1.0000000000000036e-12	18.633802816901408	AM3	AM
595031	605030	600030.5	86	13.513014973958335	0	3.61820863608782	0	1	0.996005996001	1.0000000000000036e-12	18.74418604651163	AM3	AM
600031	610030	605030.5	114	10.871759954921112	NA	3.0103646768129004	0	1	0.996005996001	1.0000000000000036e-12	18.24561403508772	AM3	AM
605031	615030	610030.5	118	14.897777666628073	NA	3.938340845003732	0	1	0.996005996001	1.0000000000000036e-12	18.440677966101696	AM3	AM
610031	620030	615030.5	107	15.760670371557818	NA	4.143383737501651	0	1	0.996005996001	1.0000000000000036e-12	19.05607476635514	AM3	AM
615031	625030	620030.5	100	15.760670371557818	NA	4.143383737501651	0	1	0.996005996001	1.0000000000000036e-12	19.29	AM3	AM
620031	630030	625030.5	101	19.9274765625	NA	5.094549712423539	0	1	0.996005996001	1.0000000000000036e-12	19.207920792079207	AM3	AM
625031	635030	630030.5	112	18.923795378335036	NA	4.866317013194563	0	1	0.996005996001	1.0000000000000036e-12	18.642857142857142	AM3	AM
630031	640030	635030.5	79	16.410843115552357	NA	4.290363039467983	0	1	0.996005996001	1.0000000000000036e-12	18.49367088607595	AM3	AM
635031	645030	640030.5	41	NA	NA	NA	0	1	0.996005996001	1.0000000000000036e-12	18.878048780487806	AM3	AM
640031	650030	645030.5	57	NA	NA	NA	0	1	0.996005996001	1.0000000000000036e-12	17.92982456140351	AM3	AM
645031	655030	650030.5	63	NA	NA	NA	0	1	0.996005996001	1.0000000000000036e-12	18.333333333333332	AM3	AM
650031	660030	655030.5	64	11.371454413351422	0	3.1265756044854993	0	1	0.996005996001	1.0000000000000036e-12	18.734375	AM3	AM
655031	665030	660030.5	63	12.680999658625396	0	3.4324913255503136	0	1	0.996005996001	1.0000000000000036e-12	18.523809523809526	AM3	AM
660031	670030	665030.5	53	13.3169902670308	6875.000000000007	3.579935239090846	0	1	0.996005996001	1.0000000000000036e-12	18.92452830188679	AM3	AM
665031	675030	670030.5	35	NA	NA	NA	0	1	0.996005996001	1.0000000000000036e-12	19.17142857142857	AM3	AM
670031	680030	675030.5	11	NA	NA	NA	0	1	0.996005996001	1.0000000000000036e-12	16.272727272727273	AM3	AM
675031	685030	680030.5	9	NA	NA	NA	NA	NA	NA	NA	2	AM3	AM
680031	690030	685030.5	7	NA	NA	NA	NA	NA	NA	NA	2.2857142857142856	AM3	AM
685031	695030	690030.5	0	NA	NA	NA	NA	NA	NA	NA	NA	AM3	AM
690031	700030	695030.5	0	NA	NA	NA	NA	NA	NA	NA	NA	AM3	AM
695031	705030	700030.5	0	NA	NA	NA	NA	NA	NA	NA	NA	AM3	AM
700031	710030	705030.5	16	NA	NA	NA	0	1	0.996005996001	1.0000000000000036e-12	17.5	AM3	AM
705031	715030	710030.5	62	15.910110473632812	NA	4.177681892346145	0	1	0.996005996001	1.0000000000000036e-12	18.338709677419356	AM3	AM
710031	720030	715030.5	107	14.400278837180538	NA	3.8294106514775437	0	1	0.996005996001	1.0000000000000036e-12	18.700934579439252	AM3	AM
715031	725030	720030.5	99	12.386141569114132	NA	3.363839313560469	0	1	0.996005996001	1.0000000000000036e-12	18.636363636363637	AM3	AM
720031	730030	725030.5	77	15.012173652648926	0	3.9713479346899563	0	1	0.996005996001	1.0000000000000036e-12	18.818181818181817	AM3	AM
725031	735030	730030.5	74	16.948585675919887	0	4.414416240204797	0	1	0.996005996001	1.0000000000000036e-12	19.243243243243242	AM3	AM
730031	740030	735030.5	66	NA	NA	NA	0	1	0.996005996001	1.0000000000000036e-12	19.09090909090909	AM3	AM
735031	745030	740030.5	71	NA	NA	NA	0	1	0.996005996001	1.0000000000000036e-12	18.91549295774648	AM3	AM
740031	750030	745030.5	77	NA	NA	NA	0	1	0.996005996001	1.0000000000000036e-12	18.974025974025974	AM3	AM
745031	755030	750030.5	72	18.705933809593233	NA	4.8167097608735805	0	1	0.996005996001	1.0000000000000036e-12	18.63888888888889	AM3	AM
750031	760030	755030.5	75	18.705933809593233	NA	4.8167097608735805	0	1	0.996005996001	1.0000000000000036e-12	18.293333333333333	AM3	AM
755031	765030	760030.5	93	NA	NA	NA	0	1	0.996005996001	1.0000000000000036e-12	18.311827956989248	AM3	AM
760031	770030	765030.5	92	15.40803282784513	0	4.061530218918553	0	1	0.996005996001	1.0000000000000036e-12	18.130434782608695	AM3	AM
765031	775030	770030.5	102	13.90087890625	0	3.7150995060888294	0	1	0.996005996001	1.0000000000000036e-12	18.333333333333332	AM3	AM
770031	780030	775030.5	98	6.805575801749272	NA	2.0415620560177925	0	1	0.996005996001	1.0000000000000036e-12	18.6734693877551	AM3	AM
775031	785030	780030.5	58	NA	NA	NA	0	1	0.996005996001	1.0000000000000036e-12	18.948275862068964	AM3	AM
780031	790030	785030.5	70	NA	NA	NA	0	1	0.996005996001	1.0000000000000036e-12	18.02857142857143	AM3	AM
785031	795030	790030.5	87	12.765395638939463	0	3.4521134713389166	0	1	0.996005996001	1.0000000000000036e-12	17.71264367816092	AM3	AM
790031	800030	795030.5	67	12.765395638939463	0	3.4521134713389166	0	1	0.996005996001	1.0000000000000036e-12	17.746268656716417	AM3	AM
795031	805030	800030.5	70	19.9274765625	NA	5.094549712423539	0	1	0.996005996001	1.0000000000000036e-12	17.585714285714285	AM3	AM
800031	810030	805030.5	66	19.9274765625	NA	5.094549712423539	0	1	0.996005996001	1.0000000000000036e-12	17.954545454545453	AM3	AM
805031	815030	810030.5	34	NA	NA	NA	0	1	0.996005996001	1.0000000000000036e-12	17.235294117647058	AM3	AM
810031	820030	815030.5	91	9.984457175056349	0	2.801708406154169	0	1	0.996005996001	1.0000000000000036e-12	16.967032967032967	AM3	AM
815031	825030	820030.5	109	9.984457175056349	0	2.801708406154169	0	1	0.996005996001	1.0000000000000036e-12	17.761467889908257	AM3	AM
820031	830030	825030.5	62	NA	NA	NA	0	1	0.996005996001	1.0000000000000036e-12	19.193548387096776	AM3	AM
825031	835030	830030.5	77	17.919720936213995	NA	4.637477793963129	0	1	0.996005996001	1.0000000000000036e-12	19.025974025974026	AM3	AM
830031	840030	835030.5	78	17.919720936213995	NA	4.637477793963129	0	1	0.996005996001	1.0000000000000036e-12	18.82051282051282	AM3	AM
835031	845030	840030.5	84	15.953171810699589	0	4.186494827515062	0	1	0.996005996001	1.0000000000000036e-12	18.428571428571427	AM3	AM
840031	850030	845030.5	91	15.953171810699589	0	4.186494827515062	0	1	0.996005996001	1.0000000000000036e-12	18.692307692307693	AM3	AM
845031	855030	850030.5	85	NA	NA	NA	0	1	0.996005996001	1.0000000000000036e-12	18.870588235294118	AM3	AM
850031	860030	855030.5	94	14.57332979694816	0	3.8702807823462155	0	1	0.996005996001	1.0000000000000036e-12	17.74468085106383	AM3	AM
855031	865030	860030.5	107	16.13208670917367	0	4.22775852761275	0	1	0.996005996001	1.0000000000000036e-12	18.08411214953271	AM3	AM
860031	870030	865030.5	118	18.62736373970331	0	4.798811595983663	0	1	0.996005996001	1.0000000000000036e-12	18.56779661016949	AM3	AM
865031	875030	870030.5	131	18.705933809593233	0	4.8167097608735805	0	1	0.996005996001	1.0000000000000036e-12	18.328244274809162	AM3	AM
870031	880030	875030.5	100	12.352406349495048	0.020412305559228287	3.043569526852285	0	1	0.996005996001	1.0000000000000036e-12	18.61	AM3	AM
875031	885030	880030.5	50	15.88671875	0.020412305559228287	4.172314282229143	0	1	0.996005996001	1.0000000000000036e-12	16.66	AM3	AM
880031	890030	885030.5	29	18.831579061269863	NA	4.845322283291743	0	1	0.996005996001	1.0000000000000036e-12	12.517241379310345	AM3	AM
885031	895030	890030.5	44	NA	NA	NA	0	1	0.996005996001	1.0000000000000036e-12	17.40909090909091	AM3	AM
890031	900030	895030.5	66	NA	NA	NA	0	1	0.996005996001	1.0000000000000036e-12	17.62121212121212	AM3	AM
895031	905030	900030.5	39	6.805575801749272	NA	2.0415620560177925	0	1	0.996005996001	1.0000000000000036e-12	13.794871794871796	AM3	AM
900031	910030	905030.5	26	6.805575801749272	NA	2.0415620560177925	0	1	0.996005996001	1.0000000000000036e-12	8.346153846153847	AM3	AM
905031	915030	910030.5	55	19.9274765625	NA	5.094549712423539	0	1	0.996005996001	1.0000000000000036e-12	15.636363636363637	AM3	AM
910031	920030	915030.5	86	16.40671716580849	0	4.287323678153545	0	1	0.996005996001	1.0000000000000036e-12	18.476744186046513	AM3	AM
915031	925030	920030.5	88	12.88595776911698	0	3.480097643883551	0	1	0.996005996001	1.0000000000000036e-12	18.806818181818183	AM3	AM
920031	930030	925030.5	107	NA	NA	NA	0	1	0.996005996001	1.0000000000000036e-12	18.710280373831775	AM3	AM
925031	935030	930030.5	119	NA	NA	NA	0	1	0.996005996001	1.0000000000000036e-12	18.613445378151262	AM3	AM
930031	940030	935030.5	94	NA	NA	NA	0	1	0.996005996001	1.0000000000000036e-12	18.96808510638298	AM3	AM
935031	945030	940030.5	97	19.719625	NA	5.047325174002522	0	1	0.996005996001	1.0000000000000036e-12	19.082474226804123	AM3	AM
940031	950030	945030.5	99	17.814867736816407	NA	4.612503533174333	0	1	0.996005996001	1.0000000000000036e-12	18.91919191919192	AM3	AM
945031	955030	950030.5	71	15.584060668945312	0	4.102790092109418	0	1	0.996005996001	1.0000000000000036e-12	18.704225352112676	AM3	AM
950031	960030	955030.5	73	15.258010864257812	0	4.027898291872689	0	1	0.996005996001	1.0000000000000036e-12	18.095890410958905	AM3	AM
955031	965030	960030.5	66	NA	NA	NA	0	1	0.996005996001	1.0000000000000036e-12	17.136363636363637	AM3	AM
960031	970030	965030.5	62	NA	NA	NA	0	1	0.996005996001	1.0000000000000036e-12	16.096774193548388	AM3	AM
965031	975030	970030.5	57	NA	NA	NA	0	1	0.996005996001	1.0000000000000036e-12	15.157894736842104	AM3	AM
970031	980030	975030.5	53	19.9274765625	NA	5.094549712423539	0	1	0.996005996001	1.0000000000000036e-12	17.09433962264151	AM3	AM
975031	985030	980030.5	81	19.9274765625	NA	5.094549712423539	0	1	0.996005996001	1.0000000000000036e-12	18.40740740740741	AM3	AM
980031	990030	985030.5	65	19.184920410156252	0	4.925743391185137	0	1	0.996005996001	1.0000000000000036e-12	18.26153846153846	AM3	AM
985031	995030	990030.5	67	19.184920410156252	0	4.925743391185137	0	1	0.996005996001	1.0000000000000036e-12	18.62686567164179	AM3	AM
990031	1000030	995030.5	78	14.252466715494794	NA	3.7818060458583362	0	1	0.996005996001	1.0000000000000036e-12	18.423076923076923	AM3	AM
995031	1005030	1000030.5	84	14.252466715494794	NA	3.7818060458583362	0	1	0.996005996001	1.0000000000000036e-12	18.25	AM3	AM
1000031	1010030	1005030.5	112	NA	NA	NA	0	1	0.996005996001	1.0000000000000036e-12	18.553571428571427	AM3	AM
1005031	1015030	1010030.5	116	NA	NA	NA	0	1	0.996005996001	1.0000000000000036e-12	19.086206896551722	AM3	AM
1010031	1020030	1015030.5	123	NA	NA	NA	0	1	0.996005996001	1.0000000000000036e-12	19.089430894308943	AM3	AM
1015031	1025030	1020030.5	92	NA	NA	NA	0	1	0.996005996001	1.0000000000000036e-12	18.77173913043478	AM3	AM
1020031	1030030	1025030.5	59	15.98760730957341	NA	4.1954620402426634	0	1	0.996005996001	1.0000000000000036e-12	18.627118644067796	AM3	AM
1025031	1035030	1030030.5	64	15.98760730957341	NA	4.1954620402426634	0	1	0.996005996001	1.0000000000000036e-12	15.671875	AM3	AM
1030031	1040030	1035030.5	108	NA	NA	NA	0	1	0.996005996001	1.0000000000000036e-12	16.712962962962962	AM3	AM
1035031	1045030	1040030.5	134	17.20772029245856	0	4.474861998340634	0	1	0.996005996001	1.0000000000000036e-12	18.44776119402985	AM3	AM
1040031	1050030	1045030.5	133	17.007654925386618	0	4.429101228064194	0	1	0.996005996001	1.0000000000000036e-12	18.586466165413533	AM3	AM
1045031	1055030	1050030.5	122	14.752602690644672	NA	3.9115867449881607	0	1	0.996005996001	1.0000000000000036e-12	18.647540983606557	AM3	AM
1050031	1060030	1055030.5	95	13.167934584548107	0	3.5454898229611835	0	1	0.996005996001	1.0000000000000036e-12	18.347368421052632	AM3	AM
1055031	1065030	1060030.5	94	13.167934584548107	0	3.5454898229611835	0	1	0.996005996001	1.0000000000000036e-12	18.585106382978722	AM3	AM
1060031	1070030	1065030.5	71	NA	NA	NA	0	1	0.996005996001	1.0000000000000036e-12	19.014084507042252	AM3	AM
1065031	1075030	1070030.5	68	12.338789984034563	0	3.351481044857684	0	1	0.996005996001	1.0000000000000036e-12	18.897058823529413	AM3	AM
1070031	1080030	1075030.5	102	12.338789984034563	0	3.351481044857684	0	1	0.996005996001	1.0000000000000036e-12	18.42156862745098	AM3	AM
1075031	1085030	1080030.5	109	NA	NA	NA	0	1	0.996005996001	1.0000000000000036e-12	18.458715596330276	AM3	AM
1080031	1090030	1085030.5	98	19.9274765625	NA	5.094549712423539	0	1	0.996005996001	1.0000000000000036e-12	18.775510204081634	AM3	AM
1085031	1095030	1090030.5	110	18.705933809593237	NA	4.816709760873581	0	1	0.996005996001	1.0000000000000036e-12	18.654545454545456	AM3	AM
1090031	1100030	1095030.5	102	18.013002861262805	NA	4.658626029110624	0	1	0.996005996001	1.0000000000000036e-12	18.745098039215687	AM3	AM
1095031	1105030	1100030.5	94	17.69084362139918	NA	4.585236272879284	0	1	0.996005996001	1.0000000000000036e-12	19.117021276595743	AM3	AM
1100031	1110030	1105030.5	95	17.69084362139918	NA	4.585236272879284	0	1	0.996005996001	1.0000000000000036e-12	19.294736842105262	AM3	AM
1105031	1115030	1110030.5	79	NA	NA	NA	0	1	0.996005996001	1.0000000000000036e-12	19.21518987341772	AM3	AM
1110031	1120030	1115030.5	94	11.553819444444443	NA	3.1699876271715097	0	1	0.996005996001	1.0000000000000036e-12	18.893617021276597	AM3	AM
1115031	1125030	1120030.5	97	11.553819444444443	NA	3.1699876271715097	0	1	0.996005996001	1.0000000000000036e-12	18.989690721649485	AM3	AM
1120031	1130030	1125030.5	114	17.69084362139918	NA	4.585236272879284	0	1	0.996005996001	1.0000000000000036e-12	19.017543859649123	AM3	AM
1125031	1135030	1130030.5	161	50.17875514403293	1	10.83515409369425	0	1	0.996005996001	1.0000000000000036e-12	19.055900621118013	AM3	AM
1130031	1140030	1135030.5	147	82.66666666666667	1	17.085071914509214	0	1	0.996005996001	1.0000000000000036e-12	19.006802721088434	AM3	AM
1135031	1145030	1140030.5	120	15.77698438753651	2.3256416213413526e-5	4.147128760396513	0	1	0.996005996001	1.0000000000000036e-12	18.491666666666667	AM3	AM
1140031	1150030	1145030.5	107	17.304281724403186	2.3256416213413526e-5	4.496225521844128	0	1	0.996005996001	1.0000000000000036e-12	18.7196261682243	AM3	AM
1145031	1155030	1150030.5	98	16.91518674944026	NA	4.407960931748277	0	1	0.996005996001	1.0000000000000036e-12	17.897959183673468	AM3	AM
1150031	1160030	1155030.5	97	14.39851134347013	NA	3.8272500741301365	0	1	0.996005996001	1.0000000000000036e-12	17.4020618556701	AM3	AM
1155031	1165030	1160030.5	98	NA	NA	NA	0	1	0.996005996001	1.0000000000000036e-12	18.357142857142858	AM3	AM
1160031	1170030	1165030.5	109	12.961099755879282	0	3.484812306131148	0	1	0.996005996001	1.0000000000000036e-12	18.458715596330276	AM3	AM
1165031	1175030	1170030.5	123	12.961099755879282	0	3.484812306131148	0	1	0.996005996001	1.0000000000000036e-12	18.235772357723576	AM3	AM
1170031	1180030	1175030.5	108	19.9274765625	NA	5.094549712423539	0	1	0.996005996001	1.0000000000000036e-12	18.435185185185187	AM3	AM
1175031	1185030	1180030.5	85	19.9274765625	NA	5.094549712423539	0	1	0.996005996001	1.0000000000000036e-12	12.729411764705882	AM3	AM
1180031	1190030	1185030.5	59	NA	NA	NA	0	1	0.996005996001	1.0000000000000036e-12	5.0508474576271185	AM3	AM
1185031	1195030	1190030.5	62	4.504942063028289	73.7973760932944	1.4711213197693351	0	1	0.996005996001	1.0000000000000036e-12	5.854838709677419	AM3	AM
1190031	1200030	1195030.5	90	4.504942063028289	73.7973760932944	1.4711213197693351	0	1	0.996005996001	1.0000000000000036e-12	12.933333333333334	AM3	AM
1195031	1205030	1200030.5	110	NA	NA	NA	0	1	0.996005996001	1.0000000000000036e-12	18.927272727272726	AM3	AM
1200031	1210030	1205030.5	132	NA	NA	NA	0	1	0.996005996001	1.0000000000000036e-12	19.068181818181817	AM3	AM
1205031	1215030	1210030.5	113	19.9274765625	NA	5.094549712423539	0	1	0.996005996001	1.0000000000000036e-12	18.964601769911503	AM3	AM
1210031	1220030	1215030.5	72	18.780531338413066	0	4.833356080884755	0	1	0.996005996001	1.0000000000000036e-12	18.916666666666668	AM3	AM
1215031	1225030	1220030.5	81	17.035873603841225	0	4.435456588457536	0	1	0.996005996001	1.0000000000000036e-12	18.987654320987655	AM3	AM
1220031	1230030	1225030.5	103	11.806960774928093	0.05501782430369101	3.128451946662448	0	1	0.996005996001	1.0000000000000036e-12	18.737864077669904	AM3	AM
1225031	1235030	1230030.5	89	15.293884873546618	NA	4.031624488692788	0	1	0.996005996001	1.0000000000000036e-12	18.707865168539325	AM3	AM
1230031	1240030	1235030.5	89	19.425635970417517	NA	4.980433362809051	0	1	0.996005996001	1.0000000000000036e-12	19.078651685393258	AM3	AM
1235031	1245030	1240030.5	111	18.923795378335036	NA	4.866317013194563	0	1	0.996005996001	1.0000000000000036e-12	18.873873873873872	AM3	AM
1240031	1250030	1245030.5	128	NA	NA	NA	0	1	0.996005996001	1.0000000000000036e-12	18.703125	AM3	AM
1245031	1255030	1250030.5	121	14.681114583333333	0	3.8951184540769708	0	1	0.996005996001	1.0000000000000036e-12	18.65289256198347	AM3	AM
1250031	1260030	1255030.5	131	13.785780892030798	0	3.6881289323429565	0	1	0.996005996001	1.0000000000000036e-12	18.717557251908396	AM3	AM
1255031	1265030	1260030.5	110	15.530052839320248	0	4.087815919644889	0	1	0.996005996001	1.0000000000000036e-12	18.954545454545453	AM3	AM
1260031	1270030	1265030.5	110	18.021108535831118	0	4.660603907371037	0	1	0.996005996001	1.0000000000000036e-12	19.12727272727273	AM3	AM
1265031	1275030	1270030.5	144	17.87255859375	0	4.626715386061237	0	1	0.996005996001	1.0000000000000036e-12	18.95138888888889	AM3	AM
1270031	1280030	1275030.5	138	16.857993938276003	0	4.394874942813771	0	1	0.996005996001	1.0000000000000036e-12	18.840579710144926	AM3	AM
1275031	1285030	1280030.5	134	16.857993938276003	0	4.394874942813771	0	1	0.996005996001	1.0000000000000036e-12	18.567164179104477	AM3	AM
1280031	1290030	1285030.5	100	10.146181393470293	NA	2.839830312929988	0	1	0.996005996001	1.0000000000000036e-12	18.22	AM3	AM
1285031	1295030	1290030.5	82	10.146181393470293	NA	2.839830312929988	0	1	0.996005996001	1.0000000000000036e-12	18.76829268292683	AM3	AM
1290031	1300030	1295030.5	104	NA	NA	NA	0	1	0.996005996001	1.0000000000000036e-12	19.048076923076923	AM3	AM
1295031	1305030	1300030.5	99	NA	NA	NA	0	1	0.996005996001	1.0000000000000036e-12	18.95959595959596	AM3	AM
1300031	1310030	1305030.5	83	NA	NA	NA	0	1	0.996005996001	1.0000000000000036e-12	19.180722891566266	AM3	AM
1305031	1315030	1310030.5	71	NA	NA	NA	0	1	0.996005996001	1.0000000000000036e-12	19.338028169014084	AM3	AM
1310031	1320030	1315030.5	66	12.075339226881104	NA	3.291637183758841	0	1	0.996005996001	1.0000000000000036e-12	19.045454545454547	AM3	AM
1315031	1325030	1320030.5	94	12.075339226881104	NA	3.291637183758841	0	1	0.996005996001	1.0000000000000036e-12	19.03191489361702	AM3	AM
1320031	1330030	1325030.5	105	NA	NA	NA	0	1	0.996005996001	1.0000000000000036e-12	19.095238095238095	AM3	AM
1325031	1335030	1330030.5	93	16.296216670059025	NA	4.266225114757106	0	1	0.996005996001	1.0000000000000036e-12	18.913978494623656	AM3	AM
1330031	1340030	1335030.5	79	12.570819240379308	NA	3.399068196721257	0	1	0.996005996001	1.0000000000000036e-12	18.70886075949367	AM3	AM
1335031	1345030	1340030.5	93	14.90438888888889	0	3.946539111812079	0	1	0.996005996001	1.0000000000000036e-12	18.408602150537636	AM3	AM
1340031	1350030	1345030.5	102	15.702746630608704	0	4.129854283179317	0	1	0.996005996001	1.0000000000000036e-12	18.774509803921568	AM3	AM
1345031	1355030	1350030.5	68	NA	NA	NA	0	1	0.996005996001	1.0000000000000036e-12	19.33823529411765	AM3	AM
1350031	1360030	1355030.5	55	NA	NA	NA	0	1	0.996005996001	1.0000000000000036e-12	19.345454545454544	AM3	AM
1355031	1365030	1360030.5	79	16.547705573524055	0	4.3200197676923615	0	1	0.996005996001	1.0000000000000036e-12	18.78481012658228	AM3	AM
1360031	1370030	1365030.5	72	16.547705573524055	0	4.3200197676923615	0	1	0.996005996001	1.0000000000000036e-12	18.5	AM3	AM
1365031	1375030	1370030.5	54	18.923795378335036	NA	4.866317013194563	0	1	0.996005996001	1.0000000000000036e-12	19.14814814814815	AM3	AM
1370031	1380030	1375030.5	77	18.923795378335036	NA	4.866317013194563	0	1	0.996005996001	1.0000000000000036e-12	18.38961038961039	AM3	AM
1375031	1385030	1380030.5	104	14.359086051384839	0	3.8207913463894148	0	1	0.996005996001	1.0000000000000036e-12	18.326923076923077	AM3	AM
1380031	1390030	1385030.5	105	14.359086051384839	0	3.8207913463894148	0	1	0.996005996001	1.0000000000000036e-12	18.866666666666667	AM3	AM
1385031	1395030	1390030.5	101	13.320071664322393	7170.214383249891	3.5807381217600396	0	1	0.996005996001	1.0000000000000036e-12	18.92079207920792	AM3	AM
1390031	1400030	1395030.5	109	13.320071664322393	7170.214383249891	3.5807381217600396	0	1	0.996005996001	1.0000000000000036e-12	18.853211009174313	AM3	AM
1395031	1405030	1400030.5	96	NA	NA	NA	0	1	0.996005996001	1.0000000000000036e-12	18.833333333333332	AM3	AM
1400031	1410030	1405030.5	83	NA	NA	NA	0	1	0.996005996001	1.0000000000000036e-12	19.08433734939759	AM3	AM
1405031	1415030	1410030.5	82	NA	NA	NA	0	1	0.996005996001	1.0000000000000036e-12	19.23170731707317	AM3	AM
1410031	1420030	1415030.5	101	NA	NA	NA	0	1	0.996005996001	1.0000000000000036e-12	19.04950495049505	AM3	AM
1415031	1425030	1420030.5	119	NA	NA	NA	0	1	0.996005996001	1.0000000000000036e-12	19.050420168067227	AM3	AM
1420031	1430030	1425030.5	115	NA	NA	NA	0	1	0.996005996001	1.0000000000000036e-12	18.843478260869563	AM3	AM
1425031	1435030	1430030.5	94	NA	NA	NA	0	1	0.996005996001	1.0000000000000036e-12	18.77659574468085	AM3	AM
1430031	1440030	1435030.5	73	NA	NA	NA	0	1	0.996005996001	1.0000000000000036e-12	18.945205479452056	AM3	AM
1435031	1445030	1440030.5	73	17.601184680314674	NA	4.564763259243606	0	1	0.996005996001	1.0000000000000036e-12	18.91780821917808	AM3	AM
1440031	1450030	1445030.5	59	17.601184680314674	NA	4.564763259243606	0	1	0.996005996001	1.0000000000000036e-12	19.271186440677965	AM3	AM
1445031	1455030	1450030.5	61	NA	NA	NA	0	1	0.996005996001	1.0000000000000036e-12	19.278688524590162	AM3	AM
1450031	1460030	1455030.5	88	15.504733848814245	0	4.084606011334448	0	1	0.996005996001	1.0000000000000036e-12	19.204545454545453	AM3	AM
1455031	1465030	1460030.5	106	15.504733848814245	0	4.084606011334448	0	1	0.996005996001	1.0000000000000036e-12	19.264150943396228	AM3	AM
1460031	1470030	1465030.5	86	NA	NA	NA	0	1	0.996005996001	1.0000000000000036e-12	19.22093023255814	AM3	AM
1465031	1475030	1470030.5	74	18.923795378335036	NA	4.866317013194563	0	1	0.996005996001	1.0000000000000036e-12	19.216216216216218	AM3	AM
1470031	1480030	1475030.5	78	18.923795378335036	NA	4.866317013194563	0	1	0.996005996001	1.0000000000000036e-12	19.128205128205128	AM3	AM
1475031	1485030	1480030.5	78	NA	NA	NA	0	1	0.996005996001	1.0000000000000036e-12	18.71794871794872	AM3	AM
1480031	1490030	1485030.5	85	NA	NA	NA	0	1	0.996005996001	1.0000000000000036e-12	18.847058823529412	AM3	AM
1485031	1495030	1490030.5	73	NA	NA	NA	0	1	0.996005996001	1.0000000000000036e-12	19.054794520547944	AM3	AM
1490031	1500030	1495030.5	77	NA	NA	NA	0	1	0.996005996001	1.0000000000000036e-12	18.92207792207792	AM3	AM
1495031	1505030	1500030.5	75	NA	NA	NA	0	1	0.996005996001	1.0000000000000036e-12	19	AM3	AM
1500031	1510030	1505030.5	60	NA	NA	NA	0	1	0.996005996001	1.0000000000000036e-12	19.033333333333335	AM3	AM
1505031	1515030	1510030.5	66	27.82552338658973	0.42637192915814	6.042235631432901	0	1	0.996005996001	1.0000000000000036e-12	19	AM3	AM
1510031	1520030	1515030.5	70	27.82552338658973	0.42637192915814	6.042235631432901	0	1	0.996005996001	1.0000000000000036e-12	19.02857142857143	AM3	AM
1515031	1525030	1520030.5	68	NA	NA	NA	0	1	0.996005996001	1.0000000000000036e-12	18.11764705882353	AM3	AM
31	10030	5030.5	140	11.390625	0	3.131851311247012	0	1	0.996005996001	1.0000000000000036e-12	13.507142857142858	AM4	AM
5031	15030	10030.5	118	13.167934584548107	0	3.5454898229611835	0	1	0.996005996001	1.0000000000000036e-12	15.322033898305085	AM4	AM
10031	20030	15030.5	124	13.167934584548107	0	3.5454898229611835	0	1	0.996005996001	1.0000000000000036e-12	15.161290322580646	AM4	AM
15031	25030	20030.5	89	14.442274305555557	0	3.84006764957102	0	1	0.996005996001	1.0000000000000036e-12	15.51685393258427	AM4	AM
20031	30030	25030.5	77	14.725972129721683	0	3.904944825466033	0	1	0.996005996001	1.0000000000000036e-12	15.480519480519481	AM4	AM
25031	35030	30030.5	108	13.611151603498543	NA	3.6481149843815266	0	1	0.996005996001	1.0000000000000036e-12	15.657407407407407	AM4	AM
30031	40030	35030.5	117	NA	NA	NA	0	1	0.996005996001	1.0000000000000036e-12	15.863247863247864	AM4	AM
35031	45030	40030.5	78	NA	NA	NA	0	1	0.996005996001	1.0000000000000036e-12	15.576923076923077	AM4	AM
40031	50030	45030.5	80	7.8277587890625	NA	2.2886158357380983	0	1	0.996005996001	1.0000000000000036e-12	15.2875	AM4	AM
45031	55030	50030.5	108	7.8277587890625	NA	2.2886158357380983	0	1	0.996005996001	1.0000000000000036e-12	15.74074074074074	AM4	AM
50031	60030	55030.5	110	14.712192708333333	0	3.902275796296661	0	1	0.996005996001	1.0000000000000036e-12	15.89090909090909	AM4	AM
55031	65030	60030.5	97	14.712192708333333	0	3.902275796296661	0	1	0.996005996001	1.0000000000000036e-12	15.597938144329897	AM4	AM
60031	70030	65030.5	96	6.5866942662779415	117.18750000000003	1.9882444492083948	0	1	0.996005996001	1.0000000000000036e-12	15.614583333333334	AM4	AM
65031	75030	70030.5	122	6.5866942662779415	117.18750000000003	1.9882444492083948	0	1	0.996005996001	1.0000000000000036e-12	15.532786885245901	AM4	AM
70031	80030	75030.5	123	14.749096290220344	NA	3.9107790934519198	0	1	0.996005996001	1.0000000000000036e-12	15.463414634146341	AM4	AM
75031	85030	80030.5	90	14.749096290220344	NA	3.9107790934519198	0	1	0.996005996001	1.0000000000000036e-12	15.61111111111111	AM4	AM
80031	90030	85030.5	86	NA	NA	NA	0	1	0.996005996001	1.0000000000000036e-12	15.720930232558139	AM4	AM
85031	95030	90030.5	106	13.604668511284721	NA	3.64461401314267	0	1	0.996005996001	1.0000000000000036e-12	15.471698113207546	AM4	AM
90031	100030	95030.5	129	13.604668511284721	NA	3.64461401314267	0	1	0.996005996001	1.0000000000000036e-12	15.30232558139535	AM4	AM
95031	105030	100030.5	164	NA	NA	NA	0	1	0.996005996001	1.0000000000000036e-12	15.195121951219512	AM4	AM
100031	110030	105030.5	134	NA	NA	NA	0	1	0.996005996001	1.0000000000000036e-12	15.343283582089553	AM4	AM
105031	115030	110030.5	88	NA	NA	NA	0	1	0.996005996001	1.0000000000000036e-12	15.75	AM4	AM
110031	120030	115030.5	99	13.73642622010031	759375	3.677087811251104	0	1	0.996005996001	1.0000000000000036e-12	15.818181818181818	AM4	AM
115031	125030	120030.5	99	13.73642622010031	759375	3.677087811251104	0	1	0.996005996001	1.0000000000000036e-12	16	AM4	AM
120031	130030	125030.5	67	NA	NA	NA	0	1	0.996005996001	1.0000000000000036e-12	15.761194029850746	AM4	AM
125031	135030	130030.5	88	13.73642622010031	759375	3.677087811251104	0	1	0.996005996001	1.0000000000000036e-12	15.5	AM4	AM
130031	140030	135030.5	118	13.73642622010031	759375	3.677087811251104	0	1	0.996005996001	1.0000000000000036e-12	15.457627118644067	AM4	AM
135031	145030	140030.5	96	NA	NA	NA	0	1	0.996005996001	1.0000000000000036e-12	15.34375	AM4	AM
140031	150030	145030.5	138	NA	NA	NA	0	1	0.996005996001	1.0000000000000036e-12	15.876811594202898	AM4	AM
145031	155030	150030.5	214	11.200121575061043	NA	3.0869768334695444	0	1	0.996005996001	1.0000000000000036e-12	15.92056074766355	AM4	AM
150031	160030	155030.5	199	11.200121575061043	NA	3.0869768334695444	0	1	0.996005996001	1.0000000000000036e-12	15.768844221105528	AM4	AM
155031	165030	160030.5	131	NA	NA	NA	0	1	0.996005996001	1.0000000000000036e-12	15.702290076335878	AM4	AM
160031	170030	165030.5	95	NA	NA	NA	0	1	0.996005996001	1.0000000000000036e-12	15.715789473684211	AM4	AM
165031	175030	170030.5	87	9.8598125	NA	2.772297533220275	0	1	0.996005996001	1.0000000000000036e-12	15.64367816091954	AM4	AM
170031	180030	175030.5	81	13.33638404170059	NA	3.5784330117619585	0	1	0.996005996001	1.0000000000000036e-12	15.518518518518519	AM4	AM
175031	185030	180030.5	94	14.277296883497465	NA	3.799202504425062	0	1	0.996005996001	1.0000000000000036e-12	15.24468085106383	AM4	AM
180031	190030	185030.5	112	11.74163818359375	NA	3.213836518546482	0	1	0.996005996001	1.0000000000000036e-12	15.392857142857142	AM4	AM
185031	195030	190030.5	101	NA	NA	NA	0	1	0.996005996001	1.0000000000000036e-12	15.92079207920792	AM4	AM
190031	200030	195030.5	80	NA	NA	NA	0	1	0.996005996001	1.0000000000000036e-12	16.2	AM4	AM
195031	205030	200030.5	113	NA	NA	NA	0	1	0.996005996001	1.0000000000000036e-12	15.646017699115044	AM4	AM
200031	210030	205030.5	114	NA	NA	NA	0	1	0.996005996001	1.0000000000000036e-12	15.421052631578947	AM4	AM
205031	215030	210030.5	91	13.897890852769677	NA	3.7144090657414024	0	1	0.996005996001	1.0000000000000036e-12	15.725274725274724	AM4	AM
210031	220030	215030.5	103	13.897890852769677	NA	3.7144090657414024	0	1	0.996005996001	1.0000000000000036e-12	15.805825242718447	AM4	AM
215031	225030	220030.5	109	14.749096290220344	1048575.9999999992	3.9107790934519198	0	1	0.996005996001	1.0000000000000036e-12	15.614678899082568	AM4	AM
220031	230030	225030.5	84	14.749096290220344	1048575.9999999992	3.9107790934519198	0	1	0.996005996001	1.0000000000000036e-12	15.5	AM4	AM
225031	235030	230030.5	51	NA	NA	NA	0	1	0.996005996001	1.0000000000000036e-12	15.882352941176471	AM4	AM
230031	240030	235030.5	89	NA	NA	NA	0	1	0.996005996001	1.0000000000000036e-12	15.820224719101123	AM4	AM
235031	245030	240030.5	105	NA	NA	NA	0	1	0.996005996001	1.0000000000000036e-12	15.59047619047619	AM4	AM
240031	250030	245030.5	100	12.890447200728264	NA	3.481139410608942	0	1	0.996005996001	1.0000000000000036e-12	15.74	AM4	AM
245031	255030	250030.5	99	12.890447200728264	NA	3.481139410608942	0	1	0.996005996001	1.0000000000000036e-12	15.777777777777779	AM4	AM
250031	260030	255030.5	98	NA	NA	NA	0	1	0.996005996001	1.0000000000000036e-12	15.428571428571429	AM4	AM
255031	265030	260030.5	104	NA	NA	NA	0	1	0.996005996001	1.0000000000000036e-12	15.365384615384615	AM4	AM
260031	270030	265030.5	87	NA	NA	NA	0	1	0.996005996001	1.0000000000000036e-12	15.505747126436782	AM4	AM
265031	275030	270030.5	80	15.88671875	0	4.172314282229143	0	1	0.996005996001	1.0000000000000036e-12	15.8625	AM4	AM
270031	280030	275030.5	82	15.88671875	0	4.172314282229143	0	1	0.996005996001	1.0000000000000036e-12	16.20731707317073	AM4	AM
275031	285030	280030.5	87	12.734728754144733	1048575.9999999992	3.4428124564236384	0	1	0.996005996001	1.0000000000000036e-12	15.597701149425287	AM4	AM
280031	290030	285030.5	86	12.734728754144733	1048575.9999999992	3.4428124564236384	0	1	0.996005996001	1.0000000000000036e-12	15.279069767441861	AM4	AM
285031	295030	290030.5	91	12.759922977355487	NA	3.4508428261997093	0	1	0.996005996001	1.0000000000000036e-12	15.494505494505495	AM4	AM
290031	300030	295030.5	99	12.759922977355487	NA	3.4508428261997093	0	1	0.996005996001	1.0000000000000036e-12	15.282828282828282	AM4	AM
295031	305030	300030.5	142	16.91518674944026	NA	4.407960931748277	0	1	0.996005996001	1.0000000000000036e-12	15.619718309859154	AM4	AM
300031	310030	305030.5	134	16.91518674944026	NA	4.407960931748277	0	1	0.996005996001	1.0000000000000036e-12	15.880597014925373	AM4	AM
305031	315030	310030.5	90	NA	NA	NA	0	1	0.996005996001	1.0000000000000036e-12	15.144444444444444	AM4	AM
310031	320030	315030.5	131	NA	NA	NA	0	1	0.996005996001	1.0000000000000036e-12	15.251908396946565	AM4	AM
315031	325030	320030.5	121	NA	NA	NA	0	1	0.996005996001	1.0000000000000036e-12	15.388429752066116	AM4	AM
320031	330030	325030.5	92	5.559714962063694	0.36595031245237003	1.7356921506329317	0	1	0.996005996001	1.0000000000000036e-12	14.826086956521738	AM4	AM
325031	335030	330030.5	108	5.559714962063694	0.36595031245237003	1.7356921506329317	0	1	0.996005996001	1.0000000000000036e-12	14.944444444444445	AM4	AM
330031	340030	335030.5	99	NA	NA	NA	0	1	0.996005996001	1.0000000000000036e-12	15.272727272727273	AM4	AM
335031	345030	340030.5	84	12.357170401869947	42941.19280000001	3.3552512328309194	0	1	0.996005996001	1.0000000000000036e-12	15.30952380952381	AM4	AM
340031	350030	345030.5	67	12.357170401869947	42941.19280000001	3.3552512328309194	0	1	0.996005996001	1.0000000000000036e-12	15	AM4	AM
345031	355030	350030.5	34	7.629005432128906	NA	2.240808501431016	0	1	0.996005996001	1.0000000000000036e-12	14.382352941176471	AM4	AM
350031	360030	355030.5	8	7.721385336507956	0	2.263030867838045	0	1	0.996005996001	1.0000000000000036e-12	11.375	AM4	AM
355031	365030	360030.5	7	7.813765240887006	0	2.285253234245074	0	1	0.996005996001	1.0000000000000036e-12	10.571428571428571	AM4	AM
360031	370030	365030.5	13	10.871759954921112	NA	3.0103646768129004	0	1	0.996005996001	1.0000000000000036e-12	9.384615384615385	AM4	AM
365031	375030	370030.5	54	10.871759954921112	NA	3.0103646768129004	0	1	0.996005996001	1.0000000000000036e-12	12.222222222222221	AM4	AM
370031	380030	375030.5	89	NA	NA	NA	0	1	0.996005996001	1.0000000000000036e-12	14.112359550561798	AM4	AM
375031	385030	380030.5	75	NA	NA	NA	0	1	0.996005996001	1.0000000000000036e-12	15.533333333333333	AM4	AM
380031	390030	385030.5	67	NA	NA	NA	0	1	0.996005996001	1.0000000000000036e-12	15.64179104477612	AM4	AM
385031	395030	390030.5	81	NA	NA	NA	0	1	0.996005996001	1.0000000000000036e-12	15.864197530864198	AM4	AM
390031	400030	395030.5	81	12.114388939462906	0	3.3007327674932805	0	1	0.996005996001	1.0000000000000036e-12	15.555555555555555	AM4	AM
395031	405030	400030.5	80	12.114388939462906	0	3.3007327674932805	0	1	0.996005996001	1.0000000000000036e-12	15.6375	AM4	AM
400031	410030	405030.5	99	NA	NA	NA	0	1	0.996005996001	1.0000000000000036e-12	15.727272727272727	AM4	AM
405031	415030	410030.5	87	13.795558206541543	0	3.6907584697689413	0	1	0.996005996001	1.0000000000000036e-12	15.367816091954023	AM4	AM
410031	420030	415030.5	67	13.795558206541543	0	3.6907584697689413	0	1	0.996005996001	1.0000000000000036e-12	15.014925373134329	AM4	AM
415031	425030	420030.5	78	7.395743094775794	214.22353260457447	2.1845656401822837	0	1	0.996005996001	1.0000000000000036e-12	15.14102564102564	AM4	AM
420031	430030	425030.5	91	7.395743094775794	214.22353260457447	2.1845656401822837	0	1	0.996005996001	1.0000000000000036e-12	15.054945054945055	AM4	AM
425031	435030	430030.5	96	NA	NA	NA	0	1	0.996005996001	1.0000000000000036e-12	15.260416666666666	AM4	AM
430031	440030	435030.5	96	NA	NA	NA	0	1	0.996005996001	1.0000000000000036e-12	15.729166666666666	AM4	AM
435031	445030	440030.5	93	NA	NA	NA	0	1	0.996005996001	1.0000000000000036e-12	15.344086021505376	AM4	AM
440031	450030	445030.5	80	17.723453443877553	0	4.592681345511451	0	1	0.996005996001	1.0000000000000036e-12	15.325	AM4	AM
445031	455030	450030.5	75	17.723453443877553	0	4.592681345511451	0	1	0.996005996001	1.0000000000000036e-12	15.573333333333334	AM4	AM
450031	460030	455030.5	96	NA	NA	NA	0	1	0.996005996001	1.0000000000000036e-12	15.645833333333334	AM4	AM
455031	465030	460030.5	93	NA	NA	NA	0	1	0.996005996001	1.0000000000000036e-12	15.53763440860215	AM4	AM
460031	470030	465030.5	97	NA	NA	NA	0	1	0.996005996001	1.0000000000000036e-12	15.237113402061855	AM4	AM
465031	475030	470030.5	85	NA	NA	NA	0	1	0.996005996001	1.0000000000000036e-12	15.423529411764706	AM4	AM
470031	480030	475030.5	61	15.910110473632812	NA	4.177681892346145	0	1	0.996005996001	1.0000000000000036e-12	15.967213114754099	AM4	AM
475031	485030	480030.5	77	15.910110473632812	NA	4.177681892346145	0	1	0.996005996001	1.0000000000000036e-12	15.922077922077921	AM4	AM
480031	490030	485030.5	54	NA	NA	NA	0	1	0.996005996001	1.0000000000000036e-12	15.61111111111111	AM4	AM
485031	495030	490030.5	40	NA	NA	NA	0	1	0.996005996001	1.0000000000000036e-12	15.55	AM4	AM
490031	500030	495030.5	54	NA	NA	NA	0	1	0.996005996001	1.0000000000000036e-12	15.444444444444445	AM4	AM
495031	505030	500030.5	65	NA	NA	NA	0	1	0.996005996001	1.0000000000000036e-12	15.138461538461538	AM4	AM
500031	510030	505030.5	74	NA	NA	NA	0	1	0.996005996001	1.0000000000000036e-12	15.621621621621621	AM4	AM
505031	515030	510030.5	83	NA	NA	NA	0	1	0.996005996001	1.0000000000000036e-12	15.36144578313253	AM4	AM
510031	520030	515030.5	77	11.0537109375	0	3.053008332608523	0	1	0.996005996001	1.0000000000000036e-12	15.142857142857142	AM4	AM
515031	525030	520030.5	59	11.303765190972221	0	3.111497979890016	0	1	0.996005996001	1.0000000000000036e-12	15.779661016949152	AM4	AM
520031	530030	525030.5	71	11.137090331256783	NA	3.0724167232834336	0	1	0.996005996001	1.0000000000000036e-12	15.112676056338028	AM4	AM
525031	535030	530030.5	76	10.720361218069122	NA	2.974845819395357	0	1	0.996005996001	1.0000000000000036e-12	14.75	AM4	AM
530031	540030	535030.5	72	NA	NA	NA	0	1	0.996005996001	1.0000000000000036e-12	14.819444444444445	AM4	AM
535031	545030	540030.5	82	NA	NA	NA	0	1	0.996005996001	1.0000000000000036e-12	14.829268292682928	AM4	AM
540031	550030	545030.5	97	10.720361218069122	NA	2.974845819395357	0	1	0.996005996001	1.0000000000000036e-12	15.1340206185567	AM4	AM
545031	555030	550030.5	95	10.720361218069122	0	2.974845819395357	0	1	0.996005996001	1.0000000000000036e-12	15.231578947368421	AM4	AM
550031	560030	555030.5	63	12.174500000000002	0	3.3104427789127793	0	1	0.996005996001	1.0000000000000036e-12	15.206349206349206	AM4	AM
555031	565030	560030.5	46	NA	NA	NA	0	1	0.996005996001	1.0000000000000036e-12	15.347826086956522	AM4	AM
560031	570030	565030.5	73	NA	NA	NA	0	1	0.996005996001	1.0000000000000036e-12	15.520547945205479	AM4	AM
565031	575030	570030.5	109	11.717827690972221	NA	3.208263421841753	0	1	0.996005996001	1.0000000000000036e-12	15.357798165137615	AM4	AM
570031	580030	575030.5	102	11.717827690972221	NA	3.208263421841753	0	1	0.996005996001	1.0000000000000036e-12	15.352941176470589	AM4	AM
575031	585030	580030.5	67	14.884559048546686	0	3.9419673648188356	0	1	0.996005996001	1.0000000000000036e-12	15.582089552238806	AM4	AM
580031	590030	585030.5	70	14.884559048546686	0	3.9419673648188356	0	1	0.996005996001	1.0000000000000036e-12	15.228571428571428	AM4	AM
585031	595030	590030.5	79	NA	NA	NA	0	1	0.996005996001	1.0000000000000036e-12	15.113924050632912	AM4	AM
590031	600030	595030.5	71	13.407407354682944	0	3.6009624575815935	0	1	0.996005996001	1.0000000000000036e-12	15.47887323943662	AM4	AM
595031	605030	600030.5	86	11.017121766504218	0	3.044422052915455	0	1	0.996005996001	1.0000000000000036e-12	15.755813953488373	AM4	AM
600031	610030	605030.5	114	10.871759954921112	0	3.0103646768129004	0	1	0.996005996001	1.0000000000000036e-12	15.114035087719298	AM4	AM
605031	615030	610030.5	118	NA	NA	NA	0	1	0.996005996001	1.0000000000000036e-12	15.042372881355933	AM4	AM
610031	620030	615030.5	107	NA	NA	NA	0	1	0.996005996001	1.0000000000000036e-12	15.607476635514018	AM4	AM
615031	625030	620030.5	100	NA	NA	NA	0	1	0.996005996001	1.0000000000000036e-12	15.86	AM4	AM
620031	630030	625030.5	101	NA	NA	NA	0	1	0.996005996001	1.0000000000000036e-12	15.910891089108912	AM4	AM
625031	635030	630030.5	112	NA	NA	NA	0	1	0.996005996001	1.0000000000000036e-12	15.625	AM4	AM
630031	640030	635030.5	79	NA	NA	NA	0	1	0.996005996001	1.0000000000000036e-12	15.50632911392405	AM4	AM
635031	645030	640030.5	41	NA	NA	NA	0	1	0.996005996001	1.0000000000000036e-12	15.487804878048781	AM4	AM
640031	650030	645030.5	57	NA	NA	NA	0	1	0.996005996001	1.0000000000000036e-12	15.43859649122807	AM4	AM
645031	655030	650030.5	63	8.150462962962964	297	2.3660251372281578	0	1	0.996005996001	1.0000000000000036e-12	15.904761904761905	AM4	AM
650031	660030	655030.5	64	9.984457175056349	0	2.801708406154169	0	1	0.996005996001	1.0000000000000036e-12	15.5625	AM4	AM
655031	665030	660030.5	63	10.519084056278174	0	2.927358369381346	0	1	0.996005996001	1.0000000000000036e-12	15.174603174603174	AM4	AM
660031	670030	665030.5	53	NA	NA	NA	0	1	0.996005996001	1.0000000000000036e-12	15.377358490566039	AM4	AM
665031	675030	670030.5	35	NA	NA	NA	0	1	0.996005996001	1.0000000000000036e-12	15.371428571428572	AM4	AM
670031	680030	675030.5	11	NA	NA	NA	0	1	0.996005996001	1.0000000000000036e-12	15.090909090909092	AM4	AM
675031	685030	680030.5	9	NA	NA	NA	0	1	0.996005996001	1.0000000000000036e-12	15	AM4	AM
680031	690030	685030.5	7	NA	NA	NA	0	1	0.996005996001	1.0000000000000036e-12	15.857142857142858	AM4	AM
685031	695030	690030.5	0	NA	NA	NA	NA	NA	NA	NA	NA	AM4	AM
690031	700030	695030.5	0	NA	NA	NA	NA	NA	NA	NA	NA	AM4	AM
695031	705030	700030.5	0	NA	NA	NA	NA	NA	NA	NA	NA	AM4	AM
700031	710030	705030.5	16	8.84542181069959	NA	2.531911278685407	0	1	0.996005996001	1.0000000000000036e-12	14.4375	AM4	AM
705031	715030	710030.5	62	11.015656250407353	0	3.040781253587918	0	1	0.996005996001	1.0000000000000036e-12	15.306451612903226	AM4	AM
710031	720030	715030.5	107	13.18589069011512	0	3.549651228490429	0	1	0.996005996001	1.0000000000000036e-12	15.69158878504673	AM4	AM
715031	725030	720030.5	99	9.477	NA	2.6818032016504154	0	1	0.996005996001	1.0000000000000036e-12	15.595959595959595	AM4	AM
720031	730030	725030.5	77	12.837116735028928	0	3.468488740936912	0	1	0.996005996001	1.0000000000000036e-12	15.519480519480519	AM4	AM
725031	735030	730030.5	74	13.55984453059495	0	3.6362447143805436	0	1	0.996005996001	1.0000000000000036e-12	15.77027027027027	AM4	AM
730031	740030	735030.5	66	12.963928780951797	0	3.4981663245804464	0	1	0.996005996001	1.0000000000000036e-12	15.636363636363637	AM4	AM
735031	745030	740030.5	71	12.963928780951797	0	3.4981663245804464	0	1	0.996005996001	1.0000000000000036e-12	15.591549295774648	AM4	AM
740031	750030	745030.5	77	NA	NA	NA	0	1	0.996005996001	1.0000000000000036e-12	15.688311688311689	AM4	AM
745031	755030	750030.5	72	9.8598125	NA	2.772297533220275	0	1	0.996005996001	1.0000000000000036e-12	15.51388888888889	AM4	AM
750031	760030	755030.5	75	9.8598125	NA	2.772297533220275	0	1	0.996005996001	1.0000000000000036e-12	15.346666666666666	AM4	AM
755031	765030	760030.5	93	13.229104166666666	NA	3.5582633694917947	0	1	0.996005996001	1.0000000000000036e-12	15.043010752688172	AM4	AM
760031	770030	765030.5	92	15.279953233506944	0	4.032889755462954	0	1	0.996005996001	1.0000000000000036e-12	15.01086956521739	AM4	AM
765031	775030	770030.5	102	15.655517578125	0	4.1192403991138296	0	1	0.996005996001	1.0000000000000036e-12	15.088235294117647	AM4	AM
770031	780030	775030.5	98	12.759922977355487	NA	3.4508428261997093	0	1	0.996005996001	1.0000000000000036e-12	15.03061224489796	AM4	AM
775031	785030	780030.5	58	NA	NA	NA	0	1	0.996005996001	1.0000000000000036e-12	15.39655172413793	AM4	AM
780031	790030	785030.5	70	NA	NA	NA	0	1	0.996005996001	1.0000000000000036e-12	15.442857142857143	AM4	AM
785031	795030	790030.5	87	13.407407354682944	0	3.6009624575815935	0	1	0.996005996001	1.0000000000000036e-12	15.241379310344827	AM4	AM
790031	800030	795030.5	67	13.407407354682944	0	3.6009624575815935	0	1	0.996005996001	1.0000000000000036e-12	15.373134328358208	AM4	AM
795031	805030	800030.5	70	NA	NA	NA	0	1	0.996005996001	1.0000000000000036e-12	15.128571428571428	AM4	AM
800031	810030	805030.5	66	NA	NA	NA	0	1	0.996005996001	1.0000000000000036e-12	15.075757575757576	AM4	AM
805031	815030	810030.5	34	NA	NA	NA	0	1	0.996005996001	1.0000000000000036e-12	15.088235294117647	AM4	AM
810031	820030	815030.5	91	8.008500791499635	0	2.3302150837016447	0	1	0.996005996001	1.0000000000000036e-12	14.153846153846153	AM4	AM
815031	825030	820030.5	109	8.008500791499635	0	2.3302150837016447	0	1	0.996005996001	1.0000000000000036e-12	14.577981651376147	AM4	AM
820031	830030	825030.5	62	NA	NA	NA	0	1	0.996005996001	1.0000000000000036e-12	15.709677419354838	AM4	AM
825031	835030	830030.5	77	11.8818359375	NA	3.246539216511996	0	1	0.996005996001	1.0000000000000036e-12	15.714285714285714	AM4	AM
830031	840030	835030.5	78	11.8818359375	NA	3.246539216511996	0	1	0.996005996001	1.0000000000000036e-12	15.5	AM4	AM
835031	845030	840030.5	84	11.227611879302742	NA	3.092141130723525	0	1	0.996005996001	1.0000000000000036e-12	15	AM4	AM
840031	850030	845030.5	91	11.707226670898145	371293.00000000076	3.205805964376154	0	1	0.996005996001	1.0000000000000036e-12	15.43956043956044	AM4	AM
845031	855030	850030.5	85	11.707226670898145	371293.00000000076	3.205805964376154	0	1	0.996005996001	1.0000000000000036e-12	15.564705882352941	AM4	AM
850031	860030	855030.5	94	9.69530078125	NA	2.7334394352473406	0	1	0.996005996001	1.0000000000000036e-12	14.712765957446809	AM4	AM
855031	865030	860030.5	107	11.454845635888468	NA	3.1448474780646576	0	1	0.996005996001	1.0000000000000036e-12	15.158878504672897	AM4	AM
860031	870030	865030.5	118	13.214390490526938	0	3.556255520881975	0	1	0.996005996001	1.0000000000000036e-12	15.415254237288135	AM4	AM
865031	875030	870030.5	131	13.036034315259446	0	3.5146837941162268	0	1	0.996005996001	1.0000000000000036e-12	15.106870229007633	AM4	AM
870031	880030	875030.5	100	10.720361218069122	NA	2.974845819395357	0	1	0.996005996001	1.0000000000000036e-12	15.32	AM4	AM
875031	885030	880030.5	50	10.720361218069122	NA	2.974845819395357	0	1	0.996005996001	1.0000000000000036e-12	14.54	AM4	AM
880031	890030	885030.5	29	NA	NA	NA	0	1	0.996005996001	1.0000000000000036e-12	11.517241379310345	AM4	AM
885031	895030	890030.5	44	NA	NA	NA	0	1	0.996005996001	1.0000000000000036e-12	14.090909090909092	AM4	AM
890031	900030	895030.5	66	NA	NA	NA	0	1	0.996005996001	1.0000000000000036e-12	14.43939393939394	AM4	AM
895031	905030	900030.5	39	5.994093765447169	405	1.8374214930688908	0	1	0.996005996001	1.0000000000000036e-12	11.871794871794872	AM4	AM
900031	910030	905030.5	26	6.454409742662117	405	1.955941422840592	0	1	0.996005996001	1.0000000000000036e-12	8.115384615384615	AM4	AM
905031	915030	910030.5	55	6.454409742662117	NA	1.955941422840592	0	1	0.996005996001	1.0000000000000036e-12	13.309090909090909	AM4	AM
910031	920030	915030.5	86	11.805555555555557	0	3.228748935690102	0	1	0.996005996001	1.0000000000000036e-12	15.209302325581396	AM4	AM
915031	925030	920030.5	88	11.805555555555557	0	3.228748935690102	0	1	0.996005996001	1.0000000000000036e-12	15.386363636363637	AM4	AM
920031	930030	925030.5	107	NA	NA	NA	0	1	0.996005996001	1.0000000000000036e-12	15.411214953271028	AM4	AM
925031	935030	930030.5	119	NA	NA	NA	0	1	0.996005996001	1.0000000000000036e-12	15.302521008403362	AM4	AM
930031	940030	935030.5	94	NA	NA	NA	0	1	0.996005996001	1.0000000000000036e-12	15.712765957446809	AM4	AM
935031	945030	940030.5	97	NA	NA	NA	0	1	0.996005996001	1.0000000000000036e-12	15.793814432989691	AM4	AM
940031	950030	945030.5	99	5.776909722222221	NA	1.7894656857261395	0	1	0.996005996001	1.0000000000000036e-12	15.535353535353535	AM4	AM
945031	955030	950030.5	71	13.52399943104233	0	3.627722170501853	0	1	0.996005996001	1.0000000000000036e-12	15.43661971830986	AM4	AM
950031	960030	955030.5	73	14.215499999999999	0	3.7877533821508407	0	1	0.996005996001	1.0000000000000036e-12	15.04109589041096	AM4	AM
955031	965030	960030.5	66	NA	NA	NA	0	1	0.996005996001	1.0000000000000036e-12	14.575757575757576	AM4	AM
960031	970030	965030.5	62	NA	NA	NA	0	1	0.996005996001	1.0000000000000036e-12	14.5	AM4	AM
965031	975030	970030.5	57	NA	NA	NA	0	1	0.996005996001	1.0000000000000036e-12	13.807017543859649	AM4	AM
970031	980030	975030.5	53	NA	NA	NA	0	1	0.996005996001	1.0000000000000036e-12	14.622641509433961	AM4	AM
975031	985030	980030.5	81	6.503301826131687	405	1.9678877366832894	0	1	0.996005996001	1.0000000000000036e-12	15.432098765432098	AM4	AM
980031	990030	985030.5	65	9.955354590407316	202.5	2.7844250971324414	0	1	0.996005996001	1.0000000000000036e-12	15.153846153846153	AM4	AM
985031	995030	990030.5	67	13.407407354682944	0	3.6009624575815935	0	1	0.996005996001	1.0000000000000036e-12	15.238805970149254	AM4	AM
990031	1000030	995030.5	78	NA	NA	NA	0	1	0.996005996001	1.0000000000000036e-12	15.038461538461538	AM4	AM
995031	1005030	1000030.5	84	NA	NA	NA	0	1	0.996005996001	1.0000000000000036e-12	14.785714285714286	AM4	AM
1000031	1010030	1005030.5	112	NA	NA	NA	0	1	0.996005996001	1.0000000000000036e-12	15.383928571428571	AM4	AM
1005031	1015030	1010030.5	116	NA	NA	NA	0	1	0.996005996001	1.0000000000000036e-12	15.844827586206897	AM4	AM
1010031	1020030	1015030.5	123	12.884961486816406	NA	3.47498971278321	0	1	0.996005996001	1.0000000000000036e-12	15.886178861788618	AM4	AM
1015031	1025030	1020030.5	92	12.884961486816406	NA	3.47498971278321	0	1	0.996005996001	1.0000000000000036e-12	15.597826086956522	AM4	AM
1020031	1030030	1025030.5	59	NA	NA	NA	0	1	0.996005996001	1.0000000000000036e-12	15.322033898305085	AM4	AM
1025031	1035030	1030030.5	64	NA	NA	NA	0	1	0.996005996001	1.0000000000000036e-12	13.96875	AM4	AM
1030031	1040030	1035030.5	108	NA	NA	NA	0	1	0.996005996001	1.0000000000000036e-12	14.287037037037036	AM4	AM
1035031	1045030	1040030.5	134	10.843970111758077	0	3.003847506632555	0	1	0.996005996001	1.0000000000000036e-12	15.26865671641791	AM4	AM
1040031	1050030	1045030.5	133	11.292804147675913	0	2.8826361966188228	0	1	0.996005996001	1.0000000000000036e-12	15.526315789473685	AM4	AM
1045031	1055030	1050030.5	122	10.764083676436865	0	2.651411258091575	0	1	0.996005996001	1.0000000000000036e-12	15.663934426229508	AM4	AM
1050031	1060030	1055030.5	95	13.90087890625	0	3.7150995060888294	0	1	0.996005996001	1.0000000000000036e-12	15.326315789473684	AM4	AM
1055031	1065030	1060030.5	94	14.7781982421875	0	3.9171699526013297	0	1	0.996005996001	1.0000000000000036e-12	15.297872340425531	AM4	AM
1060031	1070030	1065030.5	71	NA	NA	NA	0	1	0.996005996001	1.0000000000000036e-12	15.80281690140845	AM4	AM
1065031	1075030	1070030.5	68	10.600982107804125	894.8094543940025	2.9438554473388336	0	1	0.996005996001	1.0000000000000036e-12	15.544117647058824	AM4	AM
1070031	1080030	1075030.5	102	11.8818359375	894.8094543940025	3.246539216511996	0	1	0.996005996001	1.0000000000000036e-12	15.176470588235293	AM4	AM
1075031	1085030	1080030.5	109	12.889863395134839	NA	3.4804741411266993	0	1	0.996005996001	1.0000000000000036e-12	15.256880733944953	AM4	AM
1080031	1090030	1085030.5	98	13.897890852769677	NA	3.7144090657414024	0	1	0.996005996001	1.0000000000000036e-12	15.459183673469388	AM4	AM
1085031	1095030	1090030.5	110	11.553819444444443	NA	3.1699876271715097	0	1	0.996005996001	1.0000000000000036e-12	15.645454545454545	AM4	AM
1090031	1100030	1095030.5	102	11.553819444444443	NA	3.1699876271715097	0	1	0.996005996001	1.0000000000000036e-12	15.696078431372548	AM4	AM
1095031	1105030	1100030.5	94	NA	NA	NA	0	1	0.996005996001	1.0000000000000036e-12	15.670212765957446	AM4	AM
1100031	1110030	1105030.5	95	14.749096290220344	NA	3.9107790934519198	0	1	0.996005996001	1.0000000000000036e-12	15.821052631578947	AM4	AM
1105031	1115030	1110030.5	79	14.749096290220344	NA	3.9107790934519198	0	1	0.996005996001	1.0000000000000036e-12	15.974683544303797	AM4	AM
1110031	1120030	1115030.5	94	NA	NA	NA	0	1	0.996005996001	1.0000000000000036e-12	15.712765957446809	AM4	AM
1115031	1125030	1120030.5	97	NA	NA	NA	0	1	0.996005996001	1.0000000000000036e-12	15.65979381443299	AM4	AM
1120031	1130030	1125030.5	114	NA	NA	NA	0	1	0.996005996001	1.0000000000000036e-12	15.649122807017545	AM4	AM
1125031	1135030	1130030.5	161	NA	NA	NA	0	1	0.996005996001	1.0000000000000036e-12	15.807453416149068	AM4	AM
1130031	1140030	1135030.5	147	NA	NA	NA	0	1	0.996005996001	1.0000000000000036e-12	15.91156462585034	AM4	AM
1135031	1145030	1140030.5	120	NA	NA	NA	0	1	0.996005996001	1.0000000000000036e-12	15.583333333333334	AM4	AM
1140031	1150030	1145030.5	107	NA	NA	NA	0	1	0.996005996001	1.0000000000000036e-12	15.392523364485982	AM4	AM
1145031	1155030	1150030.5	98	6.805575801749272	NA	2.0415620560177925	0	1	0.996005996001	1.0000000000000036e-12	14.775510204081632	AM4	AM
1150031	1160030	1155030.5	97	6.805575801749272	NA	2.0415620560177925	0	1	0.996005996001	1.0000000000000036e-12	14.731958762886597	AM4	AM
1155031	1165030	1160030.5	98	NA	NA	NA	0	1	0.996005996001	1.0000000000000036e-12	15.428571428571429	AM4	AM
1160031	1170030	1165030.5	109	14.634666666666668	0	3.884416280825317	0	1	0.996005996001	1.0000000000000036e-12	15.403669724770642	AM4	AM
1165031	1175030	1170030.5	123	14.295942708333335	0	3.806266275572664	0	1	0.996005996001	1.0000000000000036e-12	15.373983739837398	AM4	AM
1170031	1180030	1175030.5	108	13.897890852769677	NA	3.7144090657414024	0	1	0.996005996001	1.0000000000000036e-12	15.601851851851851	AM4	AM
1175031	1185030	1180030.5	85	NA	NA	NA	0	1	0.996005996001	1.0000000000000036e-12	15.964705882352941	AM4	AM
1180031	1190030	1185030.5	59	NA	NA	NA	0	1	0.996005996001	1.0000000000000036e-12	15.88135593220339	AM4	AM
1185031	1195030	1190030.5	62	12.722520685825351	NA	3.44215789375218	0	1	0.996005996001	1.0000000000000036e-12	15.548387096774194	AM4	AM
1190031	1200030	1195030.5	90	14.818853717632805	NA	3.9250594127502287	0	1	0.996005996001	1.0000000000000036e-12	15.588888888888889	AM4	AM
1195031	1205030	1200030.5	110	16.91518674944026	NA	4.407960931748277	0	1	0.996005996001	1.0000000000000036e-12	15.527272727272727	AM4	AM
1200031	1210030	1205030.5	132	13.775802033983236	NA	3.6861914206710082	0	1	0.996005996001	1.0000000000000036e-12	15.462121212121213	AM4	AM
1205031	1215030	1210030.5	113	13.775802033983236	NA	3.6861914206710082	0	1	0.996005996001	1.0000000000000036e-12	15.530973451327434	AM4	AM
1210031	1220030	1215030.5	72	12.724456467626307	0	3.4426065326168507	0	1	0.996005996001	1.0000000000000036e-12	15.527777777777779	AM4	AM
1215031	1225030	1220030.5	81	12.724456467626307	0	3.4426065326168507	0	1	0.996005996001	1.0000000000000036e-12	15.716049382716049	AM4	AM
1220031	1230030	1225030.5	103	12.759922977355487	NA	3.4508428261997093	0	1	0.996005996001	1.0000000000000036e-12	15.718446601941748	AM4	AM
1225031	1235030	1230030.5	89	12.759922977355487	NA	3.4508428261997093	0	1	0.996005996001	1.0000000000000036e-12	15.573033707865168	AM4	AM
1230031	1240030	1235030.5	89	NA	NA	NA	0	1	0.996005996001	1.0000000000000036e-12	15.595505617977528	AM4	AM
1235031	1245030	1240030.5	111	10.871759954921112	NA	3.0103646768129004	0	1	0.996005996001	1.0000000000000036e-12	15.504504504504505	AM4	AM
1240031	1250030	1245030.5	128	10.871759954921112	NA	3.0103646768129004	0	1	0.996005996001	1.0000000000000036e-12	15.4921875	AM4	AM
1245031	1255030	1250030.5	121	10.86304767932505	0	3.0077724623503252	0	1	0.996005996001	1.0000000000000036e-12	15.462809917355372	AM4	AM
1250031	1260030	1255030.5	131	10.86304767932505	0	3.0077724623503252	0	1	0.996005996001	1.0000000000000036e-12	15.534351145038167	AM4	AM
1255031	1265030	1260030.5	110	9.984457175056349	0	2.801708406154169	0	1	0.996005996001	1.0000000000000036e-12	15.763636363636364	AM4	AM
1260031	1270030	1265030.5	110	11.301098577784561	0	3.1106925179536766	0	1	0.996005996001	1.0000000000000036e-12	15.963636363636363	AM4	AM
1265031	1275030	1270030.5	144	11.8818359375	0	3.246539216511996	0	1	0.996005996001	1.0000000000000036e-12	15.770833333333334	AM4	AM
1270031	1280030	1275030.5	138	13.33312461735575	NA	3.583665415639975	0	1	0.996005996001	1.0000000000000036e-12	15.695652173913043	AM4	AM
1275031	1285030	1280030.5	134	13.33312461735575	NA	3.583665415639975	0	1	0.996005996001	1.0000000000000036e-12	15.58955223880597	AM4	AM
1280031	1290030	1285030.5	100	NA	NA	NA	0	1	0.996005996001	1.0000000000000036e-12	15.45	AM4	AM
1285031	1295030	1290030.5	82	11.707226670898145	NA	3.205805964376154	0	1	0.996005996001	1.0000000000000036e-12	15.731707317073171	AM4	AM
1290031	1300030	1295030.5	104	11.707226670898145	NA	3.205805964376154	0	1	0.996005996001	1.0000000000000036e-12	15.586538461538462	AM4	AM
1295031	1305030	1300030.5	99	NA	NA	NA	0	1	0.996005996001	1.0000000000000036e-12	15.404040404040405	AM4	AM
1300031	1310030	1305030.5	83	NA	NA	NA	0	1	0.996005996001	1.0000000000000036e-12	15.819277108433734	AM4	AM
1305031	1315030	1310030.5	71	NA	NA	NA	0	1	0.996005996001	1.0000000000000036e-12	16.140845070422536	AM4	AM
1310031	1320030	1315030.5	66	NA	NA	NA	0	1	0.996005996001	1.0000000000000036e-12	15.787878787878787	AM4	AM
1315031	1325030	1320030.5	94	NA	NA	NA	0	1	0.996005996001	1.0000000000000036e-12	15.75531914893617	AM4	AM
1320031	1330030	1325030.5	105	NA	NA	NA	0	1	0.996005996001	1.0000000000000036e-12	15.771428571428572	AM4	AM
1325031	1335030	1330030.5	93	NA	NA	NA	0	1	0.996005996001	1.0000000000000036e-12	15.483870967741936	AM4	AM
1330031	1340030	1335030.5	79	9.8598125	NA	2.772297533220275	0	1	0.996005996001	1.0000000000000036e-12	15.544303797468354	AM4	AM
1335031	1345030	1340030.5	93	11.74163818359375	0	3.213836518546482	0	1	0.996005996001	1.0000000000000036e-12	14.817204301075268	AM4	AM
1340031	1350030	1345030.5	102	11.74163818359375	0	3.213836518546482	0	1	0.996005996001	1.0000000000000036e-12	14.823529411764707	AM4	AM
1345031	1355030	1350030.5	68	9.69530078125	NA	2.7334394352473406	0	1	0.996005996001	1.0000000000000036e-12	15.676470588235293	AM4	AM
1350031	1360030	1355030.5	55	NA	NA	NA	0	1	0.996005996001	1.0000000000000036e-12	16.01818181818182	AM4	AM
1355031	1365030	1360030.5	79	NA	NA	NA	0	1	0.996005996001	1.0000000000000036e-12	15.367088607594937	AM4	AM
1360031	1370030	1365030.5	72	NA	NA	NA	0	1	0.996005996001	1.0000000000000036e-12	15.027777777777779	AM4	AM
1365031	1375030	1370030.5	54	NA	NA	NA	0	1	0.996005996001	1.0000000000000036e-12	15.74074074074074	AM4	AM
1370031	1380030	1375030.5	77	13.167934584548107	0	3.5454898229611835	0	1	0.996005996001	1.0000000000000036e-12	15.285714285714286	AM4	AM
1375031	1385030	1380030.5	104	12.51767294006051	0	3.3943327164836896	0	1	0.996005996001	1.0000000000000036e-12	15.038461538461538	AM4	AM
1380031	1390030	1385030.5	105	11.867411295572916	0	3.243175610006196	0	1	0.996005996001	1.0000000000000036e-12	15.247619047619047	AM4	AM
1385031	1395030	1390030.5	101	NA	NA	NA	0	1	0.996005996001	1.0000000000000036e-12	15.465346534653465	AM4	AM
1390031	1400030	1395030.5	109	13.33577734375	NA	3.5833372641400008	0	1	0.996005996001	1.0000000000000036e-12	15.302752293577981	AM4	AM
1395031	1405030	1400030.5	96	13.33577734375	NA	3.5833372641400008	0	1	0.996005996001	1.0000000000000036e-12	15.3125	AM4	AM
1400031	1410030	1405030.5	83	NA	NA	NA	0	1	0.996005996001	1.0000000000000036e-12	15.91566265060241	AM4	AM
1405031	1415030	1410030.5	82	NA	NA	NA	0	1	0.996005996001	1.0000000000000036e-12	15.902439024390244	AM4	AM
1410031	1420030	1415030.5	101	11.51124225921867	129891.85919999988	3.160041214061462	0	1	0.996005996001	1.0000000000000036e-12	15.544554455445544	AM4	AM
1415031	1425030	1420030.5	119	11.51124225921867	129891.85919999988	3.160041214061462	0	1	0.996005996001	1.0000000000000036e-12	15.53781512605042	AM4	AM
1420031	1430030	1425030.5	115	NA	NA	NA	0	1	0.996005996001	1.0000000000000036e-12	15.582608695652175	AM4	AM
1425031	1435030	1430030.5	94	NA	NA	NA	0	1	0.996005996001	1.0000000000000036e-12	15.670212765957446	AM4	AM
1430031	1440030	1435030.5	73	NA	NA	NA	0	1	0.996005996001	1.0000000000000036e-12	15.520547945205479	AM4	AM
1435031	1445030	1440030.5	73	13.55984453059495	NA	3.6362447143805436	0	1	0.996005996001	1.0000000000000036e-12	15.465753424657533	AM4	AM
1440031	1450030	1445030.5	59	13.55984453059495	NA	3.6362447143805436	0	1	0.996005996001	1.0000000000000036e-12	15.813559322033898	AM4	AM
1445031	1455030	1450030.5	61	12.722520685825351	537824.0000000006	3.44215789375218	0	1	0.996005996001	1.0000000000000036e-12	15.540983606557377	AM4	AM
1450031	1460030	1455030.5	88	13.13002856448702	268912.0000000003	3.536620344977818	0	1	0.996005996001	1.0000000000000036e-12	15.590909090909092	AM4	AM
1455031	1465030	1460030.5	106	13.537536443148689	0	3.6310827962034558	0	1	0.996005996001	1.0000000000000036e-12	15.70754716981132	AM4	AM
1460031	1470030	1465030.5	86	NA	NA	NA	0	1	0.996005996001	1.0000000000000036e-12	15.651162790697674	AM4	AM
1465031	1475030	1470030.5	74	NA	NA	NA	0	1	0.996005996001	1.0000000000000036e-12	15.878378378378379	AM4	AM
1470031	1480030	1475030.5	78	NA	NA	NA	0	1	0.996005996001	1.0000000000000036e-12	16.025641025641026	AM4	AM
1475031	1485030	1480030.5	78	NA	NA	NA	0	1	0.996005996001	1.0000000000000036e-12	15.73076923076923	AM4	AM
1480031	1490030	1485030.5	85	16.91518674944026	NA	4.407960931748277	0	1	0.996005996001	1.0000000000000036e-12	15.51764705882353	AM4	AM
1485031	1495030	1490030.5	73	16.91518674944026	NA	4.407960931748277	0	1	0.996005996001	1.0000000000000036e-12	15.547945205479452	AM4	AM
1490031	1500030	1495030.5	77	NA	NA	NA	0	1	0.996005996001	1.0000000000000036e-12	15.246753246753247	AM4	AM
1495031	1505030	1500030.5	75	NA	NA	NA	0	1	0.996005996001	1.0000000000000036e-12	15.28	AM4	AM
1500031	1510030	1505030.5	60	13.775802033983236	NA	3.6861914206710082	0	1	0.996005996001	1.0000000000000036e-12	15.5	AM4	AM
1505031	1515030	1510030.5	66	13.775802033983236	NA	3.6861914206710082	0	1	0.996005996001	1.0000000000000036e-12	15.666666666666666	AM4	AM
1510031	1520030	1515030.5	70	10.871759954921112	NA	3.0103646768129004	0	1	0.996005996001	1.0000000000000036e-12	15.471428571428572	AM4	AM
1515031	1525030	1520030.5	68	10.871759954921112	NA	3.0103646768129004	0	1	0.996005996001	1.0000000000000036e-12	15.132352941176471	AM4	AM
31	10030	5030.5	140	13.795558206541543	0	3.6907584697689413	0	1	0.996005996001	1.0000000000000036e-12	11.378571428571428	AM5	AM
5031	15030	10030.5	118	NA	NA	NA	0	1	0.996005996001	1.0000000000000036e-12	13.76271186440678	AM5	AM
10031	20030	15030.5	124	14.592	0	3.8745837872968334	0	1	0.996005996001	1.0000000000000036e-12	13.879032258064516	AM5	AM
15031	25030	20030.5	89	14.592	0	3.8745837872968334	0	1	0.996005996001	1.0000000000000036e-12	14.48314606741573	AM5	AM
20031	30030	25030.5	77	13.795558206541543	0	3.6907584697689413	0	1	0.996005996001	1.0000000000000036e-12	14.181818181818182	AM5	AM
25031	35030	30030.5	108	13.795558206541543	0	3.6907584697689413	0	1	0.996005996001	1.0000000000000036e-12	14.342592592592593	AM5	AM
30031	40030	35030.5	117	NA	NA	NA	0	1	0.996005996001	1.0000000000000036e-12	14.58974358974359	AM5	AM
35031	45030	40030.5	78	12.890447200728264	NA	3.481139410608942	0	1	0.996005996001	1.0000000000000036e-12	14.23076923076923	AM5	AM
40031	50030	45030.5	80	10.867934505713926	NA	3.0065253446471747	0	1	0.996005996001	1.0000000000000036e-12	13.8875	AM5	AM
45031	55030	50030.5	108	8.84542181069959	NA	2.531911278685407	0	1	0.996005996001	1.0000000000000036e-12	14.314814814814815	AM5	AM
50031	60030	55030.5	110	12.890447200728264	NA	3.481139410608942	0	1	0.996005996001	1.0000000000000036e-12	14.363636363636363	AM5	AM
55031	65030	60030.5	97	13.538716784183372	NA	3.6311559411044976	0	1	0.996005996001	1.0000000000000036e-12	14.309278350515465	AM5	AM
60031	70030	65030.5	96	14.186986367638477	NA	3.781172471600053	0	1	0.996005996001	1.0000000000000036e-12	14.489583333333334	AM5	AM
65031	75030	70030.5	122	NA	NA	NA	0	1	0.996005996001	1.0000000000000036e-12	14.155737704918034	AM5	AM
70031	80030	75030.5	123	20.185609467455627	NA	5.153170390181676	0	1	0.996005996001	1.0000000000000036e-12	14.016260162601625	AM5	AM
75031	85030	80030.5	90	20.185609467455627	NA	5.153170390181676	0	1	0.996005996001	1.0000000000000036e-12	14.088888888888889	AM5	AM
80031	90030	85030.5	86	NA	NA	NA	0	1	0.996005996001	1.0000000000000036e-12	14.511627906976743	AM5	AM
85031	95030	90030.5	106	NA	NA	NA	0	1	0.996005996001	1.0000000000000036e-12	14.783018867924529	AM5	AM
90031	100030	95030.5	129	NA	NA	NA	0	1	0.996005996001	1.0000000000000036e-12	14.565891472868216	AM5	AM
95031	105030	100030.5	164	NA	NA	NA	0	1	0.996005996001	1.0000000000000036e-12	14.347560975609756	AM5	AM
100031	110030	105030.5	134	NA	NA	NA	0	1	0.996005996001	1.0000000000000036e-12	14.373134328358208	AM5	AM
105031	115030	110030.5	88	13.167934584548107	0	3.5454898229611835	0	1	0.996005996001	1.0000000000000036e-12	14.590909090909092	AM5	AM
110031	120030	115030.5	99	13.167934584548107	0	3.5454898229611835	0	1	0.996005996001	1.0000000000000036e-12	14.535353535353535	AM5	AM
115031	125030	120030.5	99	NA	NA	NA	0	1	0.996005996001	1.0000000000000036e-12	14.818181818181818	AM5	AM
120031	130030	125030.5	67	NA	NA	NA	0	1	0.996005996001	1.0000000000000036e-12	14.880597014925373	AM5	AM
125031	135030	130030.5	88	NA	NA	NA	0	1	0.996005996001	1.0000000000000036e-12	14.488636363636363	AM5	AM
130031	140030	135030.5	118	NA	NA	NA	0	1	0.996005996001	1.0000000000000036e-12	14.669491525423728	AM5	AM
135031	145030	140030.5	96	NA	NA	NA	0	1	0.996005996001	1.0000000000000036e-12	14.354166666666666	AM5	AM
140031	150030	145030.5	138	NA	NA	NA	0	1	0.996005996001	1.0000000000000036e-12	14.478260869565217	AM5	AM
145031	155030	150030.5	214	NA	NA	NA	0	1	0.996005996001	1.0000000000000036e-12	14.766355140186915	AM5	AM
150031	160030	155030.5	199	NA	NA	NA	0	1	0.996005996001	1.0000000000000036e-12	14.613065326633166	AM5	AM
155031	165030	160030.5	131	NA	NA	NA	0	1	0.996005996001	1.0000000000000036e-12	14.259541984732824	AM5	AM
160031	170030	165030.5	95	NA	NA	NA	0	1	0.996005996001	1.0000000000000036e-12	14.48421052631579	AM5	AM
165031	175030	170030.5	87	NA	NA	NA	0	1	0.996005996001	1.0000000000000036e-12	14.563218390804598	AM5	AM
170031	180030	175030.5	81	NA	NA	NA	0	1	0.996005996001	1.0000000000000036e-12	14.382716049382717	AM5	AM
175031	185030	180030.5	94	13.854227405247814	0	3.704318962202045	0	1	0.996005996001	1.0000000000000036e-12	14.27659574468085	AM5	AM
180031	190030	185030.5	112	13.854227405247814	0	3.704318962202045	0	1	0.996005996001	1.0000000000000036e-12	14.303571428571429	AM5	AM
185031	195030	190030.5	101	NA	NA	NA	0	1	0.996005996001	1.0000000000000036e-12	14.653465346534654	AM5	AM
190031	200030	195030.5	80	15.473309516906738	NA	4.077385862527477	0	1	0.996005996001	1.0000000000000036e-12	14.725	AM5	AM
195031	205030	200030.5	113	15.473309516906738	NA	4.077385862527477	0	1	0.996005996001	1.0000000000000036e-12	14.044247787610619	AM5	AM
200031	210030	205030.5	114	NA	NA	NA	0	1	0.996005996001	1.0000000000000036e-12	13.929824561403509	AM5	AM
205031	215030	210030.5	91	9.477	NA	2.6818032016504154	0	1	0.996005996001	1.0000000000000036e-12	14.417582417582418	AM5	AM
210031	220030	215030.5	103	10.491372222222223	0	2.920279954123747	0	1	0.996005996001	1.0000000000000036e-12	14.640776699029127	AM5	AM
215031	225030	220030.5	109	11.505744444444446	0	3.158756706597079	0	1	0.996005996001	1.0000000000000036e-12	14.128440366972477	AM5	AM
220031	230030	225030.5	84	NA	NA	NA	0	1	0.996005996001	1.0000000000000036e-12	13.857142857142858	AM5	AM
225031	235030	230030.5	51	15.258010864257812	NA	4.027898291872689	0	1	0.996005996001	1.0000000000000036e-12	14.980392156862745	AM5	AM
230031	240030	235030.5	89	15.291783209906686	NA	4.03566293326748	0	1	0.996005996001	1.0000000000000036e-12	14.820224719101123	AM5	AM
235031	245030	240030.5	105	15.32555555555556	NA	4.04342757466227	0	1	0.996005996001	1.0000000000000036e-12	14.380952380952381	AM5	AM
240031	250030	245030.5	100	10.86865568104233	0	3.0068653518109363	0	1	0.996005996001	1.0000000000000036e-12	14.46	AM5	AM
245031	255030	250030.5	99	10.86865568104233	0	3.0068653518109363	0	1	0.996005996001	1.0000000000000036e-12	14.545454545454545	AM5	AM
250031	260030	255030.5	98	7.629005432128906	NA	2.240808501431016	0	1	0.996005996001	1.0000000000000036e-12	14.53061224489796	AM5	AM
255031	265030	260030.5	104	7.629005432128906	NA	2.240808501431016	0	1	0.996005996001	1.0000000000000036e-12	14.576923076923077	AM5	AM
260031	270030	265030.5	87	14.442274305555557	NA	3.84006764957102	0	1	0.996005996001	1.0000000000000036e-12	14.494252873563218	AM5	AM
265031	275030	270030.5	80	14.442274305555557	NA	3.84006764957102	0	1	0.996005996001	1.0000000000000036e-12	14.75	AM5	AM
270031	280030	275030.5	82	13.55630086856171	NA	3.635424770067483	0	1	0.996005996001	1.0000000000000036e-12	14.890243902439025	AM5	AM
275031	285030	280030.5	87	12.595044965530855	0	3.4120439059137393	0	1	0.996005996001	1.0000000000000036e-12	14.586206896551724	AM5	AM
280031	290030	285030.5	86	11.6337890625	0	3.188663041759996	0	1	0.996005996001	1.0000000000000036e-12	14.604651162790697	AM5	AM
285031	295030	290030.5	91	NA	NA	NA	0	1	0.996005996001	1.0000000000000036e-12	14.637362637362637	AM5	AM
290031	300030	295030.5	99	7.629005432128906	NA	2.240808501431016	0	1	0.996005996001	1.0000000000000036e-12	14.272727272727273	AM5	AM
295031	305030	300030.5	142	10.871759954921112	NA	3.0103646768129004	0	1	0.996005996001	1.0000000000000036e-12	14.211267605633802	AM5	AM
300031	310030	305030.5	134	11.212789699682777	NA	3.090176151992205	0	1	0.996005996001	1.0000000000000036e-12	14.238805970149254	AM5	AM
305031	315030	310030.5	90	13.897890852769677	NA	3.7144090657414024	0	1	0.996005996001	1.0000000000000036e-12	14.1	AM5	AM
310031	320030	315030.5	131	13.836846443376457	NA	3.7003002432062053	0	1	0.996005996001	1.0000000000000036e-12	14.526717557251908	AM5	AM
315031	325030	320030.5	121	13.775802033983236	NA	3.6861914206710082	0	1	0.996005996001	1.0000000000000036e-12	14.636363636363637	AM5	AM
320031	330030	325030.5	92	NA	NA	NA	0	1	0.996005996001	1.0000000000000036e-12	14.271739130434783	AM5	AM
325031	335030	330030.5	108	NA	NA	NA	0	1	0.996005996001	1.0000000000000036e-12	14.046296296296296	AM5	AM
330031	340030	335030.5	99	NA	NA	NA	0	1	0.996005996001	1.0000000000000036e-12	14.252525252525253	AM5	AM
335031	345030	340030.5	84	15.910110473632812	NA	4.177681892346145	0	1	0.996005996001	1.0000000000000036e-12	14.571428571428571	AM5	AM
340031	350030	345030.5	67	15.910110473632812	NA	4.177681892346145	0	1	0.996005996001	1.0000000000000036e-12	14.537313432835822	AM5	AM
345031	355030	350030.5	34	NA	NA	NA	0	1	0.996005996001	1.0000000000000036e-12	13.588235294117647	AM5	AM
350031	360030	355030.5	8	NA	NA	NA	0	1	0.996005996001	1.0000000000000036e-12	7.75	AM5	AM
355031	365030	360030.5	7	NA	NA	NA	0	1	0.996005996001	1.0000000000000036e-12	8.714285714285714	AM5	AM
360031	370030	365030.5	13	NA	NA	NA	0	1	0.996005996001	1.0000000000000036e-12	8.307692307692308	AM5	AM
365031	375030	370030.5	54	14.186986367638477	NA	3.781172471600053	0	1	0.996005996001	1.0000000000000036e-12	11.11111111111111	AM5	AM
370031	380030	375030.5	89	14.830147942272607	NA	3.929279167063765	0	1	0.996005996001	1.0000000000000036e-12	13.134831460674157	AM5	AM
375031	385030	380030.5	75	12.302829670143627	NA	3.3387445278537546	0	1	0.996005996001	1.0000000000000036e-12	14.413333333333334	AM5	AM
380031	390030	385030.5	67	9.132349823380517	NA	2.6001031931800322	0	1	0.996005996001	1.0000000000000036e-12	14.313432835820896	AM5	AM
385031	395030	390030.5	81	15.655517578125	NA	4.1192403991138296	0	1	0.996005996001	1.0000000000000036e-12	14.728395061728396	AM5	AM
390031	400030	395030.5	81	11.185949107781852	0	3.069547344961994	0	1	0.996005996001	1.0000000000000036e-12	14.407407407407407	AM5	AM
395031	405030	400030.5	80	6.716380637438705	0	2.019854290810159	0	1	0.996005996001	1.0000000000000036e-12	14.55	AM5	AM
400031	410030	405030.5	99	NA	NA	NA	0	1	0.996005996001	1.0000000000000036e-12	14.666666666666666	AM5	AM
405031	415030	410030.5	87	9.923983134920634	NA	2.787442330934369	0	1	0.996005996001	1.0000000000000036e-12	14.333333333333334	AM5	AM
410031	420030	415030.5	67	9.923983134920634	NA	2.787442330934369	0	1	0.996005996001	1.0000000000000036e-12	14.044776119402986	AM5	AM
415031	425030	420030.5	78	NA	NA	NA	0	1	0.996005996001	1.0000000000000036e-12	14.076923076923077	AM5	AM
420031	430030	425030.5	91	NA	NA	NA	0	1	0.996005996001	1.0000000000000036e-12	14.208791208791208	AM5	AM
425031	435030	430030.5	96	NA	NA	NA	0	1	0.996005996001	1.0000000000000036e-12	14.395833333333334	AM5	AM
430031	440030	435030.5	96	NA	NA	NA	0	1	0.996005996001	1.0000000000000036e-12	14.6875	AM5	AM
435031	445030	440030.5	93	NA	NA	NA	0	1	0.996005996001	1.0000000000000036e-12	14.279569892473118	AM5	AM
440031	450030	445030.5	80	11.83226227792871	NA	3.2349783407438735	0	1	0.996005996001	1.0000000000000036e-12	14.1875	AM5	AM
445031	455030	450030.5	75	11.83226227792871	NA	3.2349783407438735	0	1	0.996005996001	1.0000000000000036e-12	14.546666666666667	AM5	AM
450031	460030	455030.5	96	NA	NA	NA	0	1	0.996005996001	1.0000000000000036e-12	14.729166666666666	AM5	AM
455031	465030	460030.5	93	14.90438888888889	NA	3.946539111812079	0	1	0.996005996001	1.0000000000000036e-12	14.655913978494624	AM5	AM
460031	470030	465030.5	97	14.90438888888889	NA	3.946539111812079	0	1	0.996005996001	1.0000000000000036e-12	14.22680412371134	AM5	AM
465031	475030	470030.5	85	NA	NA	NA	0	1	0.996005996001	1.0000000000000036e-12	14.31764705882353	AM5	AM
470031	480030	475030.5	61	NA	NA	NA	0	1	0.996005996001	1.0000000000000036e-12	14.672131147540984	AM5	AM
475031	485030	480030.5	77	NA	NA	NA	0	1	0.996005996001	1.0000000000000036e-12	14.74025974025974	AM5	AM
480031	490030	485030.5	54	NA	NA	NA	0	1	0.996005996001	1.0000000000000036e-12	14.61111111111111	AM5	AM
485031	495030	490030.5	40	NA	NA	NA	0	1	0.996005996001	1.0000000000000036e-12	14.3	AM5	AM
490031	500030	495030.5	54	NA	NA	NA	0	1	0.996005996001	1.0000000000000036e-12	14.24074074074074	AM5	AM
495031	505030	500030.5	65	NA	NA	NA	0	1	0.996005996001	1.0000000000000036e-12	14.276923076923078	AM5	AM
500031	510030	505030.5	74	NA	NA	NA	0	1	0.996005996001	1.0000000000000036e-12	14.608108108108109	AM5	AM
505031	515030	510030.5	83	NA	NA	NA	0	1	0.996005996001	1.0000000000000036e-12	14.036144578313253	AM5	AM
510031	520030	515030.5	77	NA	NA	NA	0	1	0.996005996001	1.0000000000000036e-12	14	AM5	AM
515031	525030	520030.5	59	NA	NA	NA	0	1	0.996005996001	1.0000000000000036e-12	14.76271186440678	AM5	AM
520031	530030	525030.5	71	9.8598125	NA	2.772297533220275	0	1	0.996005996001	1.0000000000000036e-12	14.76056338028169	AM5	AM
525031	535030	530030.5	76	9.8598125	NA	2.772297533220275	0	1	0.996005996001	1.0000000000000036e-12	14.486842105263158	AM5	AM
530031	540030	535030.5	72	NA	NA	NA	0	1	0.996005996001	1.0000000000000036e-12	14	AM5	AM
535031	545030	540030.5	82	NA	NA	NA	0	1	0.996005996001	1.0000000000000036e-12	14.012195121951219	AM5	AM
540031	550030	545030.5	97	7.369140625	NA	2.1781418188677018	0	1	0.996005996001	1.0000000000000036e-12	14.164948453608247	AM5	AM
545031	555030	550030.5	95	8.6144765625	NA	2.4752196760439884	0	1	0.996005996001	1.0000000000000036e-12	13.863157894736842	AM5	AM
550031	560030	555030.5	63	9.8598125	NA	2.772297533220275	0	1	0.996005996001	1.0000000000000036e-12	13.825396825396826	AM5	AM
555031	565030	560030.5	46	NA	NA	NA	0	1	0.996005996001	1.0000000000000036e-12	14.23913043478261	AM5	AM
560031	570030	565030.5	73	NA	NA	NA	0	1	0.996005996001	1.0000000000000036e-12	14.356164383561644	AM5	AM
565031	575030	570030.5	109	9.8598125	0	2.772297533220275	0	1	0.996005996001	1.0000000000000036e-12	14.26605504587156	AM5	AM
570031	580030	575030.5	102	12.247239583333334	0	3.328356907022796	0	1	0.996005996001	1.0000000000000036e-12	14.245098039215685	AM5	AM
575031	585030	580030.5	67	13.897418044808578	NA	3.7138392612105107	0	1	0.996005996001	1.0000000000000036e-12	14.417910447761194	AM5	AM
580031	590030	585030.5	70	12.890447200728264	NA	3.481139410608942	0	1	0.996005996001	1.0000000000000036e-12	14.228571428571428	AM5	AM
585031	595030	590030.5	79	NA	NA	NA	0	1	0.996005996001	1.0000000000000036e-12	14.265822784810126	AM5	AM
590031	600030	595030.5	71	9.8598125	NA	2.772297533220275	0	1	0.996005996001	1.0000000000000036e-12	14.56338028169014	AM5	AM
595031	605030	600030.5	86	15.839252019557824	NA	4.147829621410864	0	1	0.996005996001	1.0000000000000036e-12	14.709302325581396	AM5	AM
600031	610030	605030.5	114	21.818691539115648	NA	5.523361709601453	0	1	0.996005996001	1.0000000000000036e-12	14.12280701754386	AM5	AM
605031	615030	610030.5	118	10.035534662873571	NA	2.8077587759484572	0	1	0.996005996001	1.0000000000000036e-12	14.076271186440678	AM5	AM
610031	620030	615030.5	107	10.035534662873571	NA	2.8077587759484572	0	1	0.996005996001	1.0000000000000036e-12	14.69158878504673	AM5	AM
615031	625030	620030.5	100	NA	NA	NA	0	1	0.996005996001	1.0000000000000036e-12	14.83	AM5	AM
620031	630030	625030.5	101	13.728587807286962	NA	3.6752754147888633	0	1	0.996005996001	1.0000000000000036e-12	14.871287128712872	AM5	AM
625031	635030	630030.5	112	13.728587807286962	NA	3.6752754147888633	0	1	0.996005996001	1.0000000000000036e-12	14.669642857142858	AM5	AM
630031	640030	635030.5	79	NA	NA	NA	0	1	0.996005996001	1.0000000000000036e-12	14.341772151898734	AM5	AM
635031	645030	640030.5	41	NA	NA	NA	0	1	0.996005996001	1.0000000000000036e-12	14.390243902439025	AM5	AM
640031	650030	645030.5	57	NA	NA	NA	0	1	0.996005996001	1.0000000000000036e-12	14.578947368421053	AM5	AM
645031	655030	650030.5	63	NA	NA	NA	0	1	0.996005996001	1.0000000000000036e-12	14.444444444444445	AM5	AM
650031	660030	655030.5	64	NA	NA	NA	0	1	0.996005996001	1.0000000000000036e-12	14.0625	AM5	AM
655031	665030	660030.5	63	12.292103755195729	NA	3.3421043931297083	0	1	0.996005996001	1.0000000000000036e-12	14.301587301587302	AM5	AM
660031	670030	665030.5	53	12.292103755195729	NA	3.3421043931297083	0	1	0.996005996001	1.0000000000000036e-12	13.962264150943396	AM5	AM
665031	675030	670030.5	35	NA	NA	NA	0	1	0.996005996001	1.0000000000000036e-12	13.314285714285715	AM5	AM
670031	680030	675030.5	11	NA	NA	NA	0	1	0.996005996001	1.0000000000000036e-12	11.727272727272727	AM5	AM
675031	685030	680030.5	9	NA	NA	NA	NA	NA	NA	NA	3.111111111111111	AM5	AM
680031	690030	685030.5	7	NA	NA	NA	NA	NA	NA	NA	3.2857142857142856	AM5	AM
685031	695030	690030.5	0	NA	NA	NA	NA	NA	NA	NA	NA	AM5	AM
690031	700030	695030.5	0	NA	NA	NA	NA	NA	NA	NA	NA	AM5	AM
695031	705030	700030.5	0	NA	NA	NA	NA	NA	NA	NA	NA	AM5	AM
700031	710030	705030.5	16	NA	NA	NA	0	1	0.996005996001	1.0000000000000036e-12	13.8125	AM5	AM
705031	715030	710030.5	62	19.133223417565837	0	4.15472667563546	0	1	0.996005996001	1.0000000000000036e-12	14.209677419354838	AM5	AM
710031	720030	715030.5	107	13.992190315093962	0	3.344001332455199	0	1	0.996005996001	1.0000000000000036e-12	14.663551401869158	AM5	AM
715031	725030	720030.5	99	8.851157212622088	NA	2.5332759892749377	0	1	0.996005996001	1.0000000000000036e-12	14.666666666666666	AM5	AM
720031	730030	725030.5	77	13.897890852769677	NA	3.7144090657414024	0	1	0.996005996001	1.0000000000000036e-12	14.25974025974026	AM5	AM
725031	735030	730030.5	74	13.897890852769677	NA	3.7144090657414024	0	1	0.996005996001	1.0000000000000036e-12	14.41891891891892	AM5	AM
730031	740030	735030.5	66	14.198687074615243	0	3.782967163300023	0	1	0.996005996001	1.0000000000000036e-12	14.424242424242424	AM5	AM
735031	745030	740030.5	71	14.198687074615243	0	3.782967163300023	0	1	0.996005996001	1.0000000000000036e-12	14.43661971830986	AM5	AM
740031	750030	745030.5	77	NA	NA	NA	0	1	0.996005996001	1.0000000000000036e-12	14.74025974025974	AM5	AM
745031	755030	750030.5	72	8.246668441972659	525.8213982112284	2.3890539712040018	0	1	0.996005996001	1.0000000000000036e-12	14.583333333333334	AM5	AM
750031	760030	755030.5	75	8.546045126336125	525.8213982112284	2.4604826249447047	0	1	0.996005996001	1.0000000000000036e-12	14.4	AM5	AM
755031	765030	760030.5	93	8.84542181069959	NA	2.531911278685407	0	1	0.996005996001	1.0000000000000036e-12	14.225806451612904	AM5	AM
760031	770030	765030.5	92	13.897890852769677	NA	3.7144090657414024	0	1	0.996005996001	1.0000000000000036e-12	14.217391304347826	AM5	AM
765031	775030	770030.5	102	13.897890852769677	NA	3.7144090657414024	0	1	0.996005996001	1.0000000000000036e-12	14.235294117647058	AM5	AM
770031	780030	775030.5	98	NA	NA	NA	0	1	0.996005996001	1.0000000000000036e-12	14.295918367346939	AM5	AM
775031	785030	780030.5	58	NA	NA	NA	0	1	0.996005996001	1.0000000000000036e-12	14.586206896551724	AM5	AM
780031	790030	785030.5	70	NA	NA	NA	0	1	0.996005996001	1.0000000000000036e-12	14.5	AM5	AM
785031	795030	790030.5	87	7.8277587890625	NA	2.2886158357380983	0	1	0.996005996001	1.0000000000000036e-12	14.32183908045977	AM5	AM
790031	800030	795030.5	67	7.8277587890625	NA	2.2886158357380983	0	1	0.996005996001	1.0000000000000036e-12	14.417910447761194	AM5	AM
795031	805030	800030.5	70	7.59375	NA	2.232317428895354	0	1	0.996005996001	1.0000000000000036e-12	14.128571428571428	AM5	AM
800031	810030	805030.5	66	7.59375	NA	2.232317428895354	0	1	0.996005996001	1.0000000000000036e-12	14.045454545454545	AM5	AM
805031	815030	810030.5	34	NA	NA	NA	0	1	0.996005996001	1.0000000000000036e-12	14.647058823529411	AM5	AM
810031	820030	815030.5	91	8.077538904092629	0	2.3419536482682117	0	1	0.996005996001	1.0000000000000036e-12	12.494505494505495	AM5	AM
815031	825030	820030.5	109	8.077538904092629	0	2.3419536482682117	0	1	0.996005996001	1.0000000000000036e-12	12.926605504587156	AM5	AM
820031	830030	825030.5	62	NA	NA	NA	0	1	0.996005996001	1.0000000000000036e-12	14.5	AM5	AM
825031	835030	830030.5	77	NA	NA	NA	0	1	0.996005996001	1.0000000000000036e-12	14.688311688311689	AM5	AM
830031	840030	835030.5	78	10.351754531461165	NA	2.88804044137321	0	1	0.996005996001	1.0000000000000036e-12	14.512820512820513	AM5	AM
835031	845030	840030.5	84	8.83926904296875	0	2.529371389275228	0	1	0.996005996001	1.0000000000000036e-12	13.44047619047619	AM5	AM
840031	850030	845030.5	91	7.312150693843385	0	2.164003650673987	0	1	0.996005996001	1.0000000000000036e-12	14.197802197802197	AM5	AM
845031	855030	850030.5	85	NA	NA	NA	0	1	0.996005996001	1.0000000000000036e-12	14.929411764705883	AM5	AM
850031	860030	855030.5	94	6.583967292274053	NA	1.9875791577072734	0	1	0.996005996001	1.0000000000000036e-12	13.98936170212766	AM5	AM
855031	865030	860030.5	107	8.198192311096223	12373.48148148147	2.3743432891520837	0	1	0.996005996001	1.0000000000000036e-12	14.242990654205608	AM5	AM
860031	870030	865030.5	118	9.663675167047028	364.5	2.7259446460430805	0	1	0.996005996001	1.0000000000000036e-12	14.372881355932204	AM5	AM
865031	875030	870030.5	131	9.514933004175665	0	2.6907818714892673	0	1	0.996005996001	1.0000000000000036e-12	14.053435114503817	AM5	AM
870031	880030	875030.5	100	10.871759954921112	NA	3.0103646768129004	0	1	0.996005996001	1.0000000000000036e-12	14.31	AM5	AM
875031	885030	880030.5	50	10.871759954921112	NA	3.0103646768129004	0	1	0.996005996001	1.0000000000000036e-12	14.48	AM5	AM
880031	890030	885030.5	29	NA	NA	NA	0	1	0.996005996001	1.0000000000000036e-12	12.379310344827585	AM5	AM
885031	895030	890030.5	44	NA	NA	NA	0	1	0.996005996001	1.0000000000000036e-12	13.340909090909092	AM5	AM
890031	900030	895030.5	66	8.846480498326287	NA	2.5279842812131204	0	1	0.996005996001	1.0000000000000036e-12	14.303030303030303	AM5	AM
895031	905030	900030.5	39	8.846480498326287	NA	2.5279842812131204	0	1	0.996005996001	1.0000000000000036e-12	12.692307692307692	AM5	AM
900031	910030	905030.5	26	NA	NA	NA	0	1	0.996005996001	1.0000000000000036e-12	5.076923076923077	AM5	AM
905031	915030	910030.5	55	NA	NA	NA	0	1	0.996005996001	1.0000000000000036e-12	11.072727272727272	AM5	AM
910031	920030	915030.5	86	NA	NA	NA	0	1	0.996005996001	1.0000000000000036e-12	14.174418604651162	AM5	AM
915031	925030	920030.5	88	NA	NA	NA	0	1	0.996005996001	1.0000000000000036e-12	14.397727272727273	AM5	AM
920031	930030	925030.5	107	NA	NA	NA	0	1	0.996005996001	1.0000000000000036e-12	14.429906542056075	AM5	AM
925031	935030	930030.5	119	NA	NA	NA	0	1	0.996005996001	1.0000000000000036e-12	14.176470588235293	AM5	AM
930031	940030	935030.5	94	NA	NA	NA	0	1	0.996005996001	1.0000000000000036e-12	14.617021276595745	AM5	AM
935031	945030	940030.5	97	NA	NA	NA	0	1	0.996005996001	1.0000000000000036e-12	14.824742268041238	AM5	AM
940031	950030	945030.5	99	5.52685546875	NA	1.7275380069377333	0	1	0.996005996001	1.0000000000000036e-12	14.383838383838384	AM5	AM
945031	955030	950030.5	71	5.52685546875	NA	1.7275380069377333	0	1	0.996005996001	1.0000000000000036e-12	14.267605633802816	AM5	AM
950031	960030	955030.5	73	NA	NA	NA	0	1	0.996005996001	1.0000000000000036e-12	13.945205479452055	AM5	AM
955031	965030	960030.5	66	NA	NA	NA	0	1	0.996005996001	1.0000000000000036e-12	14.030303030303031	AM5	AM
960031	970030	965030.5	62	15.910110473632812	NA	4.177681892346145	0	1	0.996005996001	1.0000000000000036e-12	14.661290322580646	AM5	AM
965031	975030	970030.5	57	15.910110473632812	NA	4.177681892346145	0	1	0.996005996001	1.0000000000000036e-12	14.052631578947368	AM5	AM
970031	980030	975030.5	53	NA	NA	NA	0	1	0.996005996001	1.0000000000000036e-12	14.679245283018869	AM5	AM
975031	985030	980030.5	81	NA	NA	NA	0	1	0.996005996001	1.0000000000000036e-12	14.716049382716049	AM5	AM
980031	990030	985030.5	65	13.638101027241254	0	3.654348938491678	0	1	0.996005996001	1.0000000000000036e-12	14.338461538461539	AM5	AM
985031	995030	990030.5	67	13.638101027241254	0	3.654348938491678	0	1	0.996005996001	1.0000000000000036e-12	14.328358208955224	AM5	AM
990031	1000030	995030.5	78	NA	NA	NA	0	1	0.996005996001	1.0000000000000036e-12	13.782051282051283	AM5	AM
995031	1005030	1000030.5	84	NA	NA	NA	0	1	0.996005996001	1.0000000000000036e-12	13.821428571428571	AM5	AM
1000031	1010030	1005030.5	112	NA	NA	NA	0	1	0.996005996001	1.0000000000000036e-12	14.607142857142858	AM5	AM
1005031	1015030	1010030.5	116	NA	NA	NA	0	1	0.996005996001	1.0000000000000036e-12	14.775862068965518	AM5	AM
1010031	1020030	1015030.5	123	5.52685546875	NA	1.7275380069377333	0	1	0.996005996001	1.0000000000000036e-12	14.674796747967479	AM5	AM
1015031	1025030	1020030.5	92	5.52685546875	NA	1.7275380069377333	0	1	0.996005996001	1.0000000000000036e-12	14.58695652173913	AM5	AM
1020031	1030030	1025030.5	59	NA	NA	NA	0	1	0.996005996001	1.0000000000000036e-12	14.372881355932204	AM5	AM
1025031	1035030	1030030.5	64	7.629005432128906	NA	2.240808501431016	0	1	0.996005996001	1.0000000000000036e-12	13.328125	AM5	AM
1030031	1040030	1035030.5	108	10.165467066438024	NA	2.8390921172301145	0	1	0.996005996001	1.0000000000000036e-12	13.583333333333334	AM5	AM
1035031	1045030	1040030.5	134	11.711144959408132	NA	3.2061107762122854	0	1	0.996005996001	1.0000000000000036e-12	14.022388059701493	AM5	AM
1040031	1050030	1045030.5	133	10.720361218069122	NA	2.974845819395357	0	1	0.996005996001	1.0000000000000036e-12	14.135338345864662	AM5	AM
1045031	1055030	1050030.5	122	14.371166666666666	0	3.8236686559307773	0	1	0.996005996001	1.0000000000000036e-12	14.62295081967213	AM5	AM
1050031	1060030	1055030.5	95	15.013342122395834	0	3.9714545275223037	0	1	0.996005996001	1.0000000000000036e-12	14.505263157894737	AM5	AM
1055031	1065030	1060030.5	94	15.655517578125	NA	4.1192403991138296	0	1	0.996005996001	1.0000000000000036e-12	14.5	AM5	AM
1060031	1070030	1065030.5	71	12.890447200728264	NA	3.481139410608942	0	1	0.996005996001	1.0000000000000036e-12	15.028169014084508	AM5	AM
1065031	1075030	1070030.5	68	13.897890852769677	1	3.7144090657414024	0	1	0.996005996001	1.0000000000000036e-12	14.602941176470589	AM5	AM
1070031	1080030	1075030.5	102	12.61045462234838	0.5	3.4152257625483804	0	1	0.996005996001	1.0000000000000036e-12	14.382352941176471	AM5	AM
1075031	1085030	1080030.5	109	11.097389173424098	0	3.0632035680841296	0	1	0.996005996001	1.0000000000000036e-12	14.311926605504587	AM5	AM
1080031	1090030	1085030.5	98	10.297902425130209	0	2.8739142827931166	0	1	0.996005996001	1.0000000000000036e-12	14.306122448979592	AM5	AM
1085031	1095030	1090030.5	110	7.074828384429166	327.46743932663645	2.106935950562263	0	1	0.996005996001	1.0000000000000036e-12	14.60909090909091	AM5	AM
1090031	1100030	1095030.5	102	7.074828384429166	327.46743932663645	2.106935950562263	0	1	0.996005996001	1.0000000000000036e-12	14.598039215686274	AM5	AM
1095031	1105030	1100030.5	94	NA	NA	NA	0	1	0.996005996001	1.0000000000000036e-12	14.393617021276595	AM5	AM
1100031	1110030	1105030.5	95	NA	NA	NA	0	1	0.996005996001	1.0000000000000036e-12	14.578947368421053	AM5	AM
1105031	1115030	1110030.5	79	NA	NA	NA	0	1	0.996005996001	1.0000000000000036e-12	14.924050632911392	AM5	AM
1110031	1120030	1115030.5	94	NA	NA	NA	0	1	0.996005996001	1.0000000000000036e-12	14.563829787234043	AM5	AM
1115031	1125030	1120030.5	97	NA	NA	NA	0	1	0.996005996001	1.0000000000000036e-12	14.556701030927835	AM5	AM
1120031	1130030	1125030.5	114	NA	NA	NA	0	1	0.996005996001	1.0000000000000036e-12	14.640350877192983	AM5	AM
1125031	1135030	1130030.5	161	17.072645660260644	0	4.44397765798237	0	1	0.996005996001	1.0000000000000036e-12	14.5527950310559	AM5	AM
1130031	1140030	1135030.5	147	17.072645660260644	0	4.44397765798237	0	1	0.996005996001	1.0000000000000036e-12	14.693877551020408	AM5	AM
1135031	1145030	1140030.5	120	NA	NA	NA	0	1	0.996005996001	1.0000000000000036e-12	14.591666666666667	AM5	AM
1140031	1150030	1145030.5	107	NA	NA	NA	0	1	0.996005996001	1.0000000000000036e-12	14.25233644859813	AM5	AM
1145031	1155030	1150030.5	98	2.119107100088556	NA	0.8372225835296081	0	1	0.996005996001	1.0000000000000036e-12	13.5	AM5	AM
1150031	1160030	1155030.5	97	2.119107100088556	NA	0.8372225835296081	0	1	0.996005996001	1.0000000000000036e-12	13.876288659793815	AM5	AM
1155031	1165030	1160030.5	98	NA	NA	NA	0	1	0.996005996001	1.0000000000000036e-12	14.540816326530612	AM5	AM
1160031	1170030	1165030.5	109	8.904812499999998	0	2.546039744769007	0	1	0.996005996001	1.0000000000000036e-12	14.073394495412844	AM5	AM
1165031	1175030	1170030.5	123	11.51124225921867	0	3.160041214061462	0	1	0.996005996001	1.0000000000000036e-12	14.032520325203253	AM5	AM
1170031	1180030	1175030.5	108	12.430956096958331	0	3.3739329132655262	0	1	0.996005996001	1.0000000000000036e-12	14.314814814814815	AM5	AM
1175031	1185030	1180030.5	85	6.017492711370262	NA	1.8487908868781173	0	1	0.996005996001	1.0000000000000036e-12	11.094117647058823	AM5	AM
1180031	1190030	1185030.5	59	6.017492711370262	NA	1.8487908868781173	0	1	0.996005996001	1.0000000000000036e-12	7	AM5	AM
1185031	1195030	1190030.5	62	7.386786154852429	NA	2.182402989932434	0	1	0.996005996001	1.0000000000000036e-12	7.887096774193548	AM5	AM
1190031	1200030	1195030.5	90	7.386786154852429	NA	2.182402989932434	0	1	0.996005996001	1.0000000000000036e-12	11.588888888888889	AM5	AM
1195031	1205030	1200030.5	110	12.890447200728264	NA	3.481139410608942	0	1	0.996005996001	1.0000000000000036e-12	14.354545454545455	AM5	AM
1200031	1210030	1205030.5	132	12.890447200728264	NA	3.481139410608942	0	1	0.996005996001	1.0000000000000036e-12	14.136363636363637	AM5	AM
1205031	1215030	1210030.5	113	NA	NA	NA	0	1	0.996005996001	1.0000000000000036e-12	14.256637168141593	AM5	AM
1210031	1220030	1215030.5	72	6.805575801749272	NA	2.0415620560177925	0	1	0.996005996001	1.0000000000000036e-12	14.26388888888889	AM5	AM
1215031	1225030	1220030.5	81	7.526122121860965	525.8213982112284	2.215308013610897	0	1	0.996005996001	1.0000000000000036e-12	14.444444444444445	AM5	AM
1220031	1230030	1225030.5	103	8.246668441972659	525.8213982112284	2.3890539712040018	0	1	0.996005996001	1.0000000000000036e-12	14.631067961165048	AM5	AM
1225031	1235030	1230030.5	89	21.818691539115648	NA	5.523361709601453	0	1	0.996005996001	1.0000000000000036e-12	14.404494382022472	AM5	AM
1230031	1240030	1235030.5	89	21.818691539115648	NA	5.523361709601453	0	1	0.996005996001	1.0000000000000036e-12	14.191011235955056	AM5	AM
1235031	1245030	1240030.5	111	7.8277587890625	NA	2.2886158357380983	0	1	0.996005996001	1.0000000000000036e-12	14.00900900900901	AM5	AM
1240031	1250030	1245030.5	128	7.8277587890625	NA	2.2886158357380983	0	1	0.996005996001	1.0000000000000036e-12	14.140625	AM5	AM
1245031	1255030	1250030.5	121	13.73642622010031	NA	3.677087811251104	0	1	0.996005996001	1.0000000000000036e-12	14.24793388429752	AM5	AM
1250031	1260030	1255030.5	131	12.809131078800155	NA	3.46181351388155	0	1	0.996005996001	1.0000000000000036e-12	14.435114503816793	AM5	AM
1255031	1265030	1260030.5	110	9.8598125	NA	2.772297533220275	0	1	0.996005996001	1.0000000000000036e-12	14.727272727272727	AM5	AM
1260031	1270030	1265030.5	110	11.375129850364132	NA	3.1267184719146086	0	1	0.996005996001	1.0000000000000036e-12	14.872727272727273	AM5	AM
1265031	1275030	1270030.5	144	14.400278837180538	NA	3.8294106514775437	0	1	0.996005996001	1.0000000000000036e-12	14.680555555555555	AM5	AM
1270031	1280030	1275030.5	138	7.057960510253906	0	2.1028471173757284	0	1	0.996005996001	1.0000000000000036e-12	14.41304347826087	AM5	AM
1275031	1285030	1280030.5	134	7.057960510253906	0	2.1028471173757284	0	1	0.996005996001	1.0000000000000036e-12	14.074626865671641	AM5	AM
1280031	1290030	1285030.5	100	9.586033500447869	NA	2.707604256639636	0	1	0.996005996001	1.0000000000000036e-12	13.98	AM5	AM
1285031	1295030	1290030.5	82	9.586033500447869	NA	2.707604256639636	0	1	0.996005996001	1.0000000000000036e-12	14.28048780487805	AM5	AM
1290031	1300030	1295030.5	104	8.84542181069959	NA	2.531911278685407	0	1	0.996005996001	1.0000000000000036e-12	14.471153846153847	AM5	AM
1295031	1305030	1300030.5	99	8.84542181069959	NA	2.531911278685407	0	1	0.996005996001	1.0000000000000036e-12	14.535353535353535	AM5	AM
1300031	1310030	1305030.5	83	NA	NA	NA	0	1	0.996005996001	1.0000000000000036e-12	14.578313253012048	AM5	AM
1305031	1315030	1310030.5	71	NA	NA	NA	0	1	0.996005996001	1.0000000000000036e-12	14.887323943661972	AM5	AM
1310031	1320030	1315030.5	66	16.858139315640067	NA	4.394908208478343	0	1	0.996005996001	1.0000000000000036e-12	14.818181818181818	AM5	AM
1315031	1325030	1320030.5	94	16.858139315640067	NA	4.394908208478343	0	1	0.996005996001	1.0000000000000036e-12	14.563829787234043	AM5	AM
1320031	1330030	1325030.5	105	NA	NA	NA	0	1	0.996005996001	1.0000000000000036e-12	14.638095238095238	AM5	AM
1325031	1335030	1330030.5	93	16.858139315640067	NA	4.394908208478343	0	1	0.996005996001	1.0000000000000036e-12	14.53763440860215	AM5	AM
1330031	1340030	1335030.5	79	16.858139315640067	NA	4.394908208478343	0	1	0.996005996001	1.0000000000000036e-12	14.531645569620252	AM5	AM
1335031	1345030	1340030.5	93	9.966685356871414	0	2.79751659079562	0	1	0.996005996001	1.0000000000000036e-12	12.903225806451612	AM5	AM
1340031	1350030	1345030.5	102	10.369142828698667	0	2.892193513853635	0	1	0.996005996001	1.0000000000000036e-12	13.098039215686274	AM5	AM
1345031	1355030	1350030.5	68	12.88595776911698	0	3.480097643883551	0	1	0.996005996001	1.0000000000000036e-12	14.691176470588236	AM5	AM
1350031	1360030	1355030.5	55	NA	NA	NA	0	1	0.996005996001	1.0000000000000036e-12	14.745454545454546	AM5	AM
1355031	1365030	1360030.5	79	7.629005432128906	NA	2.240808501431016	0	1	0.996005996001	1.0000000000000036e-12	14.50632911392405	AM5	AM
1360031	1370030	1365030.5	72	7.629005432128906	NA	2.240808501431016	0	1	0.996005996001	1.0000000000000036e-12	14.26388888888889	AM5	AM
1365031	1375030	1370030.5	54	NA	NA	NA	0	1	0.996005996001	1.0000000000000036e-12	14.833333333333334	AM5	AM
1370031	1380030	1375030.5	77	9.156027835590152	0	2.5991268784072594	0	1	0.996005996001	1.0000000000000036e-12	14.376623376623376	AM5	AM
1375031	1385030	1380030.5	104	9.156027835590152	0	2.5991268784072594	0	1	0.996005996001	1.0000000000000036e-12	13.740384615384615	AM5	AM
1380031	1390030	1385030.5	105	NA	NA	NA	0	1	0.996005996001	1.0000000000000036e-12	13.933333333333334	AM5	AM
1385031	1395030	1390030.5	101	11.774083719135803	NA	3.2214069390819504	0	1	0.996005996001	1.0000000000000036e-12	14.504950495049505	AM5	AM
1390031	1400030	1395030.5	109	8.665364583333334	0	2.4890328167952895	0	1	0.996005996001	1.0000000000000036e-12	14.495412844036696	AM5	AM
1395031	1405030	1400030.5	96	8.403276105967079	0	2.4264182754403807	0	1	0.996005996001	1.0000000000000036e-12	14.489583333333334	AM5	AM
1400031	1410030	1405030.5	83	20.185609467455627	NA	5.153170390181676	0	1	0.996005996001	1.0000000000000036e-12	14.493975903614459	AM5	AM
1405031	1415030	1410030.5	82	20.185609467455627	NA	5.153170390181676	0	1	0.996005996001	1.0000000000000036e-12	14.353658536585366	AM5	AM
1410031	1420030	1415030.5	101	NA	NA	NA	0	1	0.996005996001	1.0000000000000036e-12	14.257425742574258	AM5	AM
1415031	1425030	1420030.5	119	NA	NA	NA	0	1	0.996005996001	1.0000000000000036e-12	14.344537815126051	AM5	AM
1420031	1430030	1425030.5	115	NA	NA	NA	0	1	0.996005996001	1.0000000000000036e-12	14.57391304347826	AM5	AM
1425031	1435030	1430030.5	94	NA	NA	NA	0	1	0.996005996001	1.0000000000000036e-12	14.648936170212766	AM5	AM
1430031	1440030	1435030.5	73	15.655517578125	NA	4.1192403991138296	0	1	0.996005996001	1.0000000000000036e-12	14.561643835616438	AM5	AM
1435031	1445030	1440030.5	73	15.655517578125	NA	4.1192403991138296	0	1	0.996005996001	1.0000000000000036e-12	14.424657534246576	AM5	AM
1440031	1450030	1445030.5	59	15.49053656684028	NA	4.081333986888049	0	1	0.996005996001	1.0000000000000036e-12	14.457627118644067	AM5	AM
1445031	1455030	1450030.5	61	NA	NA	NA	0	1	0.996005996001	1.0000000000000036e-12	14.426229508196721	AM5	AM
1450031	1460030	1455030.5	88	7.5775239736773035	0.02191215382957577	1.9864121577791425	0	1	0.996005996001	1.0000000000000036e-12	14.602272727272727	AM5	AM
1455031	1465030	1460030.5	106	7.5775239736773035	0.02191215382957577	1.9864121577791425	0	1	0.996005996001	1.0000000000000036e-12	14.367924528301886	AM5	AM
1460031	1470030	1465030.5	86	NA	NA	NA	0	1	0.996005996001	1.0000000000000036e-12	14.19767441860465	AM5	AM
1465031	1475030	1470030.5	74	NA	NA	NA	0	1	0.996005996001	1.0000000000000036e-12	14.527027027027026	AM5	AM
1470031	1480030	1475030.5	78	NA	NA	NA	0	1	0.996005996001	1.0000000000000036e-12	14.397435897435898	AM5	AM
1475031	1485030	1480030.5	78	13.728587807286962	NA	3.6752754147888633	0	1	0.996005996001	1.0000000000000036e-12	14.294871794871796	AM5	AM
1480031	1490030	1485030.5	85	13.728587807286962	NA	3.6752754147888633	0	1	0.996005996001	1.0000000000000036e-12	14.2	AM5	AM
1485031	1495030	1490030.5	73	12.584433318161128	NA	3.4100805936947403	0	1	0.996005996001	1.0000000000000036e-12	13.876712328767123	AM5	AM
1490031	1500030	1495030.5	77	12.584433318161128	NA	3.4100805936947403	0	1	0.996005996001	1.0000000000000036e-12	13.467532467532468	AM5	AM
1495031	1505030	1500030.5	75	NA	NA	NA	0	1	0.996005996001	1.0000000000000036e-12	13.813333333333333	AM5	AM
1500031	1510030	1505030.5	60	13.591604694333089	0	3.6435769391263007	0	1	0.996005996001	1.0000000000000036e-12	14.233333333333333	AM5	AM
1505031	1515030	1510030.5	66	13.591604694333089	0	3.6435769391263007	0	1	0.996005996001	1.0000000000000036e-12	14.090909090909092	AM5	AM
1510031	1520030	1515030.5	70	NA	NA	NA	0	1	0.996005996001	1.0000000000000036e-12	13.871428571428572	AM5	AM
1515031	1525030	1520030.5	68	15.655517578125	NA	4.1192403991138296	0	1	0.996005996001	1.0000000000000036e-12	13.779411764705882	AM5	AM
31	10030	5030.5	140	22.309646577904346	0	5.228502510709653	0	1	0.996005996001	1.0000000000000036e-12	32.72857142857143	AM6	AM
5031	15030	10030.5	118	29.69506987847222	0	7.296165003410749	0	1	0.996005996001	1.0000000000000036e-12	34.57627118644068	AM6	AM
10031	20030	15030.5	124	29.69506987847222	0	7.296165003410749	0	1	0.996005996001	1.0000000000000036e-12	34.266129032258064	AM6	AM
15031	25030	20030.5	89	30.895773891443724	0	7.56500975585713	0	1	0.996005996001	1.0000000000000036e-12	35.157303370786515	AM6	AM
20031	30030	25030.5	77	30.895773891443724	0	7.56500975585713	0	1	0.996005996001	1.0000000000000036e-12	35.23376623376623	AM6	AM
25031	35030	30030.5	108	29.89121484375	NA	7.340104019389835	0	1	0.996005996001	1.0000000000000036e-12	35.333333333333336	AM6	AM
30031	40030	35030.5	117	29.89121484375	NA	7.340104019389835	0	1	0.996005996001	1.0000000000000036e-12	35.547008547008545	AM6	AM
35031	45030	40030.5	78	NA	NA	NA	0	1	0.996005996001	1.0000000000000036e-12	35.15384615384615	AM6	AM
40031	50030	45030.5	80	24.64953125	0	6.16265480453023	0	1	0.996005996001	1.0000000000000036e-12	35.3125	AM6	AM
45031	55030	50030.5	108	24.64953125	0	6.16265480453023	0	1	0.996005996001	1.0000000000000036e-12	35.629629629629626	AM6	AM
50031	60030	55030.5	110	31.525202351899903	0	7.705823532372587	0	1	0.996005996001	1.0000000000000036e-12	35.42727272727273	AM6	AM
55031	65030	60030.5	97	31.525202351899903	0	7.705823532372587	0	1	0.996005996001	1.0000000000000036e-12	34.97938144329897	AM6	AM
60031	70030	65030.5	96	36.96018621799301	NA	8.918774535340894	0	1	0.996005996001	1.0000000000000036e-12	34.989583333333336	AM6	AM
65031	75030	70030.5	122	35.395279858436766	NA	8.56983201527006	0	1	0.996005996001	1.0000000000000036e-12	35.385245901639344	AM6	AM
70031	80030	75030.5	123	34.907730160074415	NA	8.461199958658291	0	1	0.996005996001	1.0000000000000036e-12	35.56910569105691	AM6	AM
75031	85030	80030.5	90	27.630836609062413	0.0025404078661364253	6.443683986580195	0	1	0.996005996001	1.0000000000000036e-12	35.68888888888889	AM6	AM
80031	90030	85030.5	86	25.271816773417633	0.0025404078661364253	5.916968579146466	0	1	0.996005996001	1.0000000000000036e-12	35.56976744186046	AM6	AM
85031	95030	90030.5	106	31.26704714997875	NA	7.648079607249895	0	1	0.996005996001	1.0000000000000036e-12	35	AM6	AM
90031	100030	95030.5	129	NA	NA	NA	0	1	0.996005996001	1.0000000000000036e-12	34.27906976744186	AM6	AM
95031	105030	100030.5	164	35.26568434977686	NA	8.5411263932916	0	1	0.996005996001	1.0000000000000036e-12	33.90853658536585	AM6	AM
100031	110030	105030.5	134	35.26568434977686	NA	8.5411263932916	0	1	0.996005996001	1.0000000000000036e-12	34.298507462686565	AM6	AM
105031	115030	110030.5	88	11.242381856299618	0.010253052587156336	2.44125220182008	0	1	0.996005996001	1.0000000000000036e-12	35.29545454545455	AM6	AM
110031	120030	115030.5	99	22.939177079753307	0.010253052587156336	5.4209615681743255	0	1	0.996005996001	1.0000000000000036e-12	35.62626262626262	AM6	AM
115031	125030	120030.5	99	34.635972303207	NA	8.400670934528572	0	1	0.996005996001	1.0000000000000036e-12	35.85858585858586	AM6	AM
120031	130030	125030.5	67	NA	NA	NA	0	1	0.996005996001	1.0000000000000036e-12	35.701492537313435	AM6	AM
125031	135030	130030.5	88	NA	NA	NA	0	1	0.996005996001	1.0000000000000036e-12	35.53409090909091	AM6	AM
130031	140030	135030.5	118	NA	NA	NA	0	1	0.996005996001	1.0000000000000036e-12	34.52542372881356	AM6	AM
135031	145030	140030.5	96	NA	NA	NA	0	1	0.996005996001	1.0000000000000036e-12	34.135416666666664	AM6	AM
140031	150030	145030.5	138	35.55376097383339	NA	8.605230437375864	0	1	0.996005996001	1.0000000000000036e-12	35.6231884057971	AM6	AM
145031	155030	150030.5	214	32.579836773127596	0	7.9413302985842655	0	1	0.996005996001	1.0000000000000036e-12	35.654205607476634	AM6	AM
150031	160030	155030.5	199	30.164935339819085	0	7.401350147172092	0	1	0.996005996001	1.0000000000000036e-12	35.462311557788944	AM6	AM
155031	165030	160030.5	131	NA	NA	NA	0	1	0.996005996001	1.0000000000000036e-12	35.3206106870229	AM6	AM
160031	170030	165030.5	95	16.67412985955628	NA	4.352791822437954	0	1	0.996005996001	1.0000000000000036e-12	34.926315789473684	AM6	AM
165031	175030	170030.5	87	20.07870311337189	0	5.126203218568958	0	1	0.996005996001	1.0000000000000036e-12	34.333333333333336	AM6	AM
170031	180030	175030.5	81	23.4832763671875	0	5.899614614699962	0	1	0.996005996001	1.0000000000000036e-12	34.370370370370374	AM6	AM
175031	185030	180030.5	94	26.788599298887366	NA	6.644026883270098	0	1	0.996005996001	1.0000000000000036e-12	33.797872340425535	AM6	AM
180031	190030	185030.5	112	26.788599298887366	NA	6.644026883270098	0	1	0.996005996001	1.0000000000000036e-12	34.4375	AM6	AM
185031	195030	190030.5	101	NA	NA	NA	0	1	0.996005996001	1.0000000000000036e-12	35.960396039603964	AM6	AM
190031	200030	195030.5	80	NA	NA	NA	0	1	0.996005996001	1.0000000000000036e-12	36.275	AM6	AM
195031	205030	200030.5	113	28.25500454466759	0	6.961293308912328	0	1	0.996005996001	1.0000000000000036e-12	35.150442477876105	AM6	AM
200031	210030	205030.5	114	28.25500454466759	0	6.961293308912328	0	1	0.996005996001	1.0000000000000036e-12	34.69298245614035	AM6	AM
205031	215030	210030.5	91	NA	NA	NA	0	1	0.996005996001	1.0000000000000036e-12	35.032967032967036	AM6	AM
210031	220030	215030.5	103	NA	NA	NA	0	1	0.996005996001	1.0000000000000036e-12	35.54368932038835	AM6	AM
215031	225030	220030.5	109	107.36612564211353	0.9694023331703308	22.392894318875992	0	1	0.996005996001	1.0000000000000036e-12	35.04587155963303	AM6	AM
220031	230030	225030.5	84	36.96018621799301	0.9694023331703308	8.918774535340894	0	1	0.996005996001	1.0000000000000036e-12	34.607142857142854	AM6	AM
225031	235030	230030.5	51	35.45846442616524	NA	8.583936208046111	0	1	0.996005996001	1.0000000000000036e-12	35.568627450980394	AM6	AM
230031	240030	235030.5	89	NA	NA	NA	0	1	0.996005996001	1.0000000000000036e-12	35.247191011235955	AM6	AM
235031	245030	240030.5	105	NA	NA	NA	0	1	0.996005996001	1.0000000000000036e-12	35.10476190476191	AM6	AM
240031	250030	245030.5	100	NA	NA	NA	0	1	0.996005996001	1.0000000000000036e-12	35.11	AM6	AM
245031	255030	250030.5	99	NA	NA	NA	0	1	0.996005996001	1.0000000000000036e-12	35.121212121212125	AM6	AM
250031	260030	255030.5	98	32.673583117612736	NA	7.962060331880817	0	1	0.996005996001	1.0000000000000036e-12	35	AM6	AM
255031	265030	260030.5	104	32.673583117612736	NA	7.962060331880817	0	1	0.996005996001	1.0000000000000036e-12	34.77884615384615	AM6	AM
260031	270030	265030.5	87	NA	NA	NA	0	1	0.996005996001	1.0000000000000036e-12	35	AM6	AM
265031	275030	270030.5	80	35.1791332127025	0	8.521825176861547	0	1	0.996005996001	1.0000000000000036e-12	35.675	AM6	AM
270031	280030	275030.5	82	35.1791332127025	0	8.521825176861547	0	1	0.996005996001	1.0000000000000036e-12	35.73170731707317	AM6	AM
275031	285030	280030.5	87	30.891609093360103	NA	7.561556456357609	0	1	0.996005996001	1.0000000000000036e-12	34.03448275862069	AM6	AM
280031	290030	285030.5	86	30.891609093360103	NA	7.561556456357609	0	1	0.996005996001	1.0000000000000036e-12	32.593023255813954	AM6	AM
285031	295030	290030.5	91	27.817868344849202	NA	6.868991123023134	0	1	0.996005996001	1.0000000000000036e-12	33.40659340659341	AM6	AM
290031	300030	295030.5	99	27.817868344849202	NA	6.868991123023134	0	1	0.996005996001	1.0000000000000036e-12	33.91919191919192	AM6	AM
295031	305030	300030.5	142	NA	NA	NA	0	1	0.996005996001	1.0000000000000036e-12	34.33802816901409	AM6	AM
300031	310030	305030.5	134	NA	NA	NA	0	1	0.996005996001	1.0000000000000036e-12	34.85820895522388	AM6	AM
305031	315030	310030.5	90	34.8432564063091	NA	8.446912113424306	0	1	0.996005996001	1.0000000000000036e-12	32.93333333333333	AM6	AM
310031	320030	315030.5	131	34.8432564063091	NA	8.446912113424306	0	1	0.996005996001	1.0000000000000036e-12	33.79389312977099	AM6	AM
315031	325030	320030.5	121	NA	NA	NA	0	1	0.996005996001	1.0000000000000036e-12	34.29752066115702	AM6	AM
320031	330030	325030.5	92	31.9540958404541	NA	7.801730175841519	0	1	0.996005996001	1.0000000000000036e-12	33.03260869565217	AM6	AM
325031	335030	330030.5	108	31.9540958404541	NA	7.801730175841519	0	1	0.996005996001	1.0000000000000036e-12	34.06481481481482	AM6	AM
330031	340030	335030.5	99	NA	NA	NA	0	1	0.996005996001	1.0000000000000036e-12	34.58585858585859	AM6	AM
335031	345030	340030.5	84	33.95674263433747	3.268010063347678e-5	8.249097880751329	0	1	0.996005996001	1.0000000000000036e-12	34.785714285714285	AM6	AM
340031	350030	345030.5	67	35.95897902692963	3.268010063347678e-5	8.695385533741119	0	1	0.996005996001	1.0000000000000036e-12	32.95522388059702	AM6	AM
345031	355030	350030.5	34	37.96121541952179	NA	9.141673186730909	0	1	0.996005996001	1.0000000000000036e-12	29.676470588235293	AM6	AM
350031	360030	355030.5	8	784.9904382447984	0	170.45850783826563	0	1	0.996005996001	1.0000000000000036e-12	26.875	AM6	AM
355031	365030	360030.5	7	784.9904382447984	0	170.45850783826563	0	1	0.996005996001	1.0000000000000036e-12	22.857142857142858	AM6	AM
360031	370030	365030.5	13	30.592102061025145	0	7.497044432681383	0	1	0.996005996001	1.0000000000000036e-12	22.307692307692307	AM6	AM
365031	375030	370030.5	54	30.592102061025145	0	7.497044432681383	0	1	0.996005996001	1.0000000000000036e-12	22.425925925925927	AM6	AM
370031	380030	375030.5	89	NA	NA	NA	0	1	0.996005996001	1.0000000000000036e-12	27.584269662921347	AM6	AM
375031	385030	380030.5	75	37.4607008187574	NA	9.030223861035902	0	1	0.996005996001	1.0000000000000036e-12	34.61333333333334	AM6	AM
380031	390030	385030.5	67	37.4607008187574	NA	9.030223861035902	0	1	0.996005996001	1.0000000000000036e-12	35.95522388059702	AM6	AM
385031	395030	390030.5	81	NA	NA	NA	0	1	0.996005996001	1.0000000000000036e-12	35.839506172839506	AM6	AM
390031	400030	395030.5	81	33.27169020249211	0	8.096145999666277	0	1	0.996005996001	1.0000000000000036e-12	35.333333333333336	AM6	AM
395031	405030	400030.5	80	33.27169020249211	0	8.096145999666277	0	1	0.996005996001	1.0000000000000036e-12	35.075	AM6	AM
400031	410030	405030.5	99	NA	NA	NA	0	1	0.996005996001	1.0000000000000036e-12	34.98989898989899	AM6	AM
405031	415030	410030.5	87	33.18599092967637	0	8.077006124462109	0	1	0.996005996001	1.0000000000000036e-12	34.735632183908045	AM6	AM
410031	420030	415030.5	67	33.18599092967637	0	8.077006124462109	0	1	0.996005996001	1.0000000000000036e-12	34.19402985074627	AM6	AM
415031	425030	420030.5	78	NA	NA	NA	0	1	0.996005996001	1.0000000000000036e-12	33.84615384615385	AM6	AM
420031	430030	425030.5	91	NA	NA	NA	0	1	0.996005996001	1.0000000000000036e-12	34.010989010989015	AM6	AM
425031	435030	430030.5	96	NA	NA	NA	0	1	0.996005996001	1.0000000000000036e-12	34.552083333333336	AM6	AM
430031	440030	435030.5	96	NA	NA	NA	0	1	0.996005996001	1.0000000000000036e-12	35.447916666666664	AM6	AM
435031	445030	440030.5	93	16.985757266181466	22.900256932461826	3.688410325825337	0	1	0.996005996001	1.0000000000000036e-12	34.75268817204301	AM6	AM
440031	450030	445030.5	80	17.485336002581565	11.455825398777227	3.7968924700727182	0	1	0.996005996001	1.0000000000000036e-12	34.2	AM6	AM
445031	455030	450030.5	75	17.984914738981665	0.011393865092629749	3.9053746143200994	0	1	0.996005996001	1.0000000000000036e-12	35.026666666666664	AM6	AM
450031	460030	455030.5	96	NA	NA	NA	0	1	0.996005996001	1.0000000000000036e-12	35.1875	AM6	AM
455031	465030	460030.5	93	20.929471741978524	NA	5.3199903927885535	0	1	0.996005996001	1.0000000000000036e-12	34.376344086021504	AM6	AM
460031	470030	465030.5	97	23.939222547743057	NA	6.002502991613978	0	1	0.996005996001	1.0000000000000036e-12	34.402061855670105	AM6	AM
465031	475030	470030.5	85	32.26003303417914	NA	7.87012030720541	0	1	0.996005996001	1.0000000000000036e-12	35.28235294117647	AM6	AM
470031	480030	475030.5	61	14.610517791076347	127.55786870438166	3.1726336272068725	0	1	0.996005996001	1.0000000000000036e-12	35.63934426229508	AM6	AM
475031	485030	480030.5	77	14.610517791076347	127.55786870438166	3.1726336272068725	0	1	0.996005996001	1.0000000000000036e-12	35.63636363636363	AM6	AM
480031	490030	485030.5	54	NA	NA	NA	0	1	0.996005996001	1.0000000000000036e-12	35.44444444444444	AM6	AM
485031	495030	490030.5	40	NA	NA	NA	0	1	0.996005996001	1.0000000000000036e-12	35.775	AM6	AM
490031	500030	495030.5	54	NA	NA	NA	0	1	0.996005996001	1.0000000000000036e-12	35.611111111111114	AM6	AM
495031	505030	500030.5	65	NA	NA	NA	0	1	0.996005996001	1.0000000000000036e-12	34.738461538461536	AM6	AM
500031	510030	505030.5	74	NA	NA	NA	0	1	0.996005996001	1.0000000000000036e-12	34.95945945945946	AM6	AM
505031	515030	510030.5	83	NA	NA	NA	0	1	0.996005996001	1.0000000000000036e-12	34.42168674698795	AM6	AM
510031	520030	515030.5	77	25.07004673263475	82.46477944902563	5.884563352845502	0	1	0.996005996001	1.0000000000000036e-12	34.37662337662338	AM6	AM
515031	525030	520030.5	59	31.186024069786072	0	7.629953608323067	0	1	0.996005996001	1.0000000000000036e-12	35.30508474576271	AM6	AM
520031	530030	525030.5	71	31.069335630945535	0	7.603845089882882	0	1	0.996005996001	1.0000000000000036e-12	33.19718309859155	AM6	AM
525031	535030	530030.5	76	24.932020750000003	0	6.226302850630693	0	1	0.996005996001	1.0000000000000036e-12	31.907894736842106	AM6	AM
530031	540030	535030.5	72	21.927908064167518	0	5.546309931912628	0	1	0.996005996001	1.0000000000000036e-12	31.88888888888889	AM6	AM
535031	545030	540030.5	82	NA	NA	NA	0	1	0.996005996001	1.0000000000000036e-12	32.03658536585366	AM6	AM
540031	550030	545030.5	97	NA	NA	NA	0	1	0.996005996001	1.0000000000000036e-12	33.381443298969074	AM6	AM
545031	555030	550030.5	95	27.90170937585414	0	6.8940235549866316	0	1	0.996005996001	1.0000000000000036e-12	34.50526315789474	AM6	AM
550031	560030	555030.5	63	27.90170937585414	0	6.8940235549866316	0	1	0.996005996001	1.0000000000000036e-12	34.73015873015873	AM6	AM
555031	565030	560030.5	46	NA	NA	NA	0	1	0.996005996001	1.0000000000000036e-12	34.71739130434783	AM6	AM
560031	570030	565030.5	73	35.95910091949588	NA	8.695718498193733	0	1	0.996005996001	1.0000000000000036e-12	34.78082191780822	AM6	AM
565031	575030	570030.5	109	29.434096788194445	0	7.237690538487056	0	1	0.996005996001	1.0000000000000036e-12	33.91743119266055	AM6	AM
570031	580030	575030.5	102	27.551115054398643	0	6.815186332676568	0	1	0.996005996001	1.0000000000000036e-12	33.69607843137255	AM6	AM
575031	585030	580030.5	67	414.9623152531228	0	90.50806482764474	0	1	0.996005996001	1.0000000000000036e-12	34.492537313432834	AM6	AM
580031	590030	585030.5	70	37.96121541952179	0	9.141673186730909	0	1	0.996005996001	1.0000000000000036e-12	33.8	AM6	AM
585031	595030	590030.5	79	30.913190564985506	NA	7.563734657056596	0	1	0.996005996001	1.0000000000000036e-12	32.936708860759495	AM6	AM
590031	600030	595030.5	71	27.405892372131348	0	6.781091889797111	0	1	0.996005996001	1.0000000000000036e-12	33.70422535211268	AM6	AM
595031	605030	600030.5	86	30.946619033813477	0	7.576387652211938	0	1	0.996005996001	1.0000000000000036e-12	34.81395348837209	AM6	AM
600031	610030	605030.5	114	25.99609375	0	6.4658356740756036	0	1	0.996005996001	1.0000000000000036e-12	33.68421052631579	AM6	AM
605031	615030	610030.5	118	24.941588	NA	6.2284580292799685	0	1	0.996005996001	1.0000000000000036e-12	33.96610169491525	AM6	AM
610031	620030	615030.5	107	NA	NA	NA	0	1	0.996005996001	1.0000000000000036e-12	35.308411214953274	AM6	AM
615031	625030	620030.5	100	NA	NA	NA	0	1	0.996005996001	1.0000000000000036e-12	35.76	AM6	AM
620031	630030	625030.5	101	NA	NA	NA	0	1	0.996005996001	1.0000000000000036e-12	35.742574257425744	AM6	AM
625031	635030	630030.5	112	28.930488642420766	0	7.124807294621938	0	1	0.996005996001	1.0000000000000036e-12	34.67857142857143	AM6	AM
630031	640030	635030.5	79	28.930488642420766	0	7.124807294621938	0	1	0.996005996001	1.0000000000000036e-12	34.34177215189873	AM6	AM
635031	645030	640030.5	41	NA	NA	NA	0	1	0.996005996001	1.0000000000000036e-12	34.707317073170735	AM6	AM
640031	650030	645030.5	57	NA	NA	NA	0	1	0.996005996001	1.0000000000000036e-12	33.8421052631579	AM6	AM
645031	655030	650030.5	63	NA	NA	NA	0	1	0.996005996001	1.0000000000000036e-12	34.76190476190476	AM6	AM
650031	660030	655030.5	64	28.08366482524537	0	6.931419780059824	0	1	0.996005996001	1.0000000000000036e-12	34.46875	AM6	AM
655031	665030	660030.5	63	29.506796546376115	0	7.253766917882649	0	1	0.996005996001	1.0000000000000036e-12	34.06349206349206	AM6	AM
660031	670030	665030.5	53	29.506796546376115	21162.666666666624	7.253766917882649	0	1	0.996005996001	1.0000000000000036e-12	34.84905660377358	AM6	AM
665031	675030	670030.5	35	NA	NA	NA	0	1	0.996005996001	1.0000000000000036e-12	34.57142857142857	AM6	AM
670031	680030	675030.5	11	NA	NA	NA	0	1	0.996005996001	1.0000000000000036e-12	29.272727272727273	AM6	AM
675031	685030	680030.5	9	NA	NA	NA	0	1	0.996005996001	1.0000000000000036e-12	4.888888888888889	AM6	AM
680031	690030	685030.5	7	NA	NA	NA	0	1	0.996005996001	1.0000000000000036e-12	5.142857142857143	AM6	AM
685031	695030	690030.5	0	NA	NA	NA	NA	NA	NA	NA	NA	AM6	AM
690031	700030	695030.5	0	NA	NA	NA	NA	NA	NA	NA	NA	AM6	AM
695031	705030	700030.5	0	NA	NA	NA	NA	NA	NA	NA	NA	AM6	AM
700031	710030	705030.5	16	23.86516571044922	NA	5.985796127382282	0	1	0.996005996001	1.0000000000000036e-12	32.4375	AM6	AM
705031	715030	710030.5	62	28.5635921297981	NA	7.039891073847645	0	1	0.996005996001	1.0000000000000036e-12	34.096774193548384	AM6	AM
710031	720030	715030.5	107	29.06617889957349	NA	7.153196718833575	0	1	0.996005996001	1.0000000000000036e-12	34.822429906542055	AM6	AM
715031	725030	720030.5	99	24.87411	0	6.213256912494377	0	1	0.996005996001	1.0000000000000036e-12	34.80808080808081	AM6	AM
720031	730030	725030.5	77	36.75803382820366	0	8.873744028196812	0	1	0.996005996001	1.0000000000000036e-12	35.16883116883117	AM6	AM
725031	735030	730030.5	74	37.19936426082465	0	8.972031173848858	0	1	0.996005996001	1.0000000000000036e-12	35.83783783783784	AM6	AM
730031	740030	735030.5	66	NA	NA	NA	0	1	0.996005996001	1.0000000000000036e-12	35.45454545454545	AM6	AM
735031	745030	740030.5	71	NA	NA	NA	0	1	0.996005996001	1.0000000000000036e-12	35.436619718309856	AM6	AM
740031	750030	745030.5	77	NA	NA	NA	0	1	0.996005996001	1.0000000000000036e-12	35.324675324675326	AM6	AM
745031	755030	750030.5	72	31.961380752788326	NA	7.803358873668468	0	1	0.996005996001	1.0000000000000036e-12	33.916666666666664	AM6	AM
750031	760030	755030.5	75	31.118664964024788	NA	7.614812125661383	0	1	0.996005996001	1.0000000000000036e-12	33.54666666666667	AM6	AM
755031	765030	760030.5	93	28.57776528979112	NA	7.045369131718946	0	1	0.996005996001	1.0000000000000036e-12	33.774193548387096	AM6	AM
760031	770030	765030.5	92	29.890190718595505	0	7.338887856906249	0	1	0.996005996001	1.0000000000000036e-12	33.391304347826086	AM6	AM
765031	775030	770030.5	102	29.340847217163276	0	7.215360862093834	0	1	0.996005996001	1.0000000000000036e-12	33.627450980392155	AM6	AM
770031	780030	775030.5	98	25.86233535787437	NA	6.435742552937228	0	1	0.996005996001	1.0000000000000036e-12	33.97959183673469	AM6	AM
775031	785030	780030.5	58	25.943776314292215	NA	6.454066209715694	0	1	0.996005996001	1.0000000000000036e-12	34.48275862068966	AM6	AM
780031	790030	785030.5	70	NA	NA	NA	0	1	0.996005996001	1.0000000000000036e-12	33.51428571428571	AM6	AM
785031	795030	790030.5	87	29.351480772958862	0	7.216899458807653	0	1	0.996005996001	1.0000000000000036e-12	33.12643678160919	AM6	AM
790031	800030	795030.5	67	33.394040403322414	0	8.1234522809756	0	1	0.996005996001	1.0000000000000036e-12	33.3134328358209	AM6	AM
795031	805030	800030.5	70	32.955458510727105	0	8.025513061690036	0	1	0.996005996001	1.0000000000000036e-12	33.114285714285714	AM6	AM
800031	810030	805030.5	66	26.218256519733107	0	6.509478999176276	0	1	0.996005996001	1.0000000000000036e-12	33.833333333333336	AM6	AM
805031	815030	810030.5	34	32.86711606680996	NA	8.005777851327185	0	1	0.996005996001	1.0000000000000036e-12	32.76470588235294	AM6	AM
810031	820030	815030.5	91	31.844349480306285	0	7.776847917668965	0	1	0.996005996001	1.0000000000000036e-12	32.0989010989011	AM6	AM
815031	825030	820030.5	109	31.844349480306285	0	7.776847917668965	0	1	0.996005996001	1.0000000000000036e-12	33.48623853211009	AM6	AM
820031	830030	825030.5	62	NA	NA	NA	0	1	0.996005996001	1.0000000000000036e-12	35.354838709677416	AM6	AM
825031	835030	830030.5	77	24.87033925	NA	6.212407417354141	0	1	0.996005996001	1.0000000000000036e-12	34.58441558441559	AM6	AM
830031	840030	835030.5	78	24.87033925	NA	6.212407417354141	0	1	0.996005996001	1.0000000000000036e-12	34.6025641025641	AM6	AM
835031	845030	840030.5	84	NA	NA	NA	0	1	0.996005996001	1.0000000000000036e-12	33.857142857142854	AM6	AM
840031	850030	845030.5	91	NA	NA	NA	0	1	0.996005996001	1.0000000000000036e-12	34.32967032967033	AM6	AM
845031	855030	850030.5	85	NA	NA	NA	0	1	0.996005996001	1.0000000000000036e-12	34.89411764705882	AM6	AM
850031	860030	855030.5	94	35.00148317941422	0	8.482204842890823	0	1	0.996005996001	1.0000000000000036e-12	32.97872340425532	AM6	AM
855031	865030	860030.5	107	34.47911290687585	0	8.365651361821076	0	1	0.996005996001	1.0000000000000036e-12	33.77570093457944	AM6	AM
860031	870030	865030.5	118	33.95674263433747	3014455.500000011	8.249097880751329	0	1	0.996005996001	1.0000000000000036e-12	34.57627118644068	AM6	AM
865031	875030	870030.5	131	33.27650159698791	3014455.500000011	8.096610240841862	0	1	0.996005996001	1.0000000000000036e-12	34.02290076335878	AM6	AM
870031	880030	875030.5	100	30.9191957879477	0	7.570251067349377	0	1	0.996005996001	1.0000000000000036e-12	34.59	AM6	AM
875031	885030	880030.5	50	30.9191957879477	0	7.570251067349377	0	1	0.996005996001	1.0000000000000036e-12	30.72	AM6	AM
880031	890030	885030.5	29	NA	NA	NA	0	1	0.996005996001	1.0000000000000036e-12	24.482758620689655	AM6	AM
885031	895030	890030.5	44	NA	NA	NA	0	1	0.996005996001	1.0000000000000036e-12	33.75	AM6	AM
890031	900030	895030.5	66	NA	NA	NA	0	1	0.996005996001	1.0000000000000036e-12	32.89393939393939	AM6	AM
895031	905030	900030.5	39	17.708333333333336	0	4.589229384936638	0	1	0.996005996001	1.0000000000000036e-12	26.153846153846153	AM6	AM
900031	910030	905030.5	26	17.708333333333336	0	4.589229384936638	0	1	0.996005996001	1.0000000000000036e-12	16.115384615384617	AM6	AM
905031	915030	910030.5	55	34.87377978123361	NA	8.45372071425989	0	1	0.996005996001	1.0000000000000036e-12	28.87272727272727	AM6	AM
910031	920030	915030.5	86	34.41526120778554	0	8.351409297505608	0	1	0.996005996001	1.0000000000000036e-12	33.81395348837209	AM6	AM
915031	925030	920030.5	88	29.374206833912872	0	7.221980334318636	0	1	0.996005996001	1.0000000000000036e-12	34.40909090909091	AM6	AM
920031	930030	925030.5	107	33.87053291782574	NA	8.229854261002659	0	1	0.996005996001	1.0000000000000036e-12	34.757009345794394	AM6	AM
925031	935030	930030.5	119	25.943776314292215	NA	6.454066209715694	0	1	0.996005996001	1.0000000000000036e-12	34.6890756302521	AM6	AM
930031	940030	935030.5	94	31.952495866907004	NA	7.797869698223302	0	1	0.996005996001	1.0000000000000036e-12	35.138297872340424	AM6	AM
935031	945030	940030.5	97	36.935024620568186	NA	8.913093751001377	0	1	0.996005996001	1.0000000000000036e-12	35.04123711340206	AM6	AM
940031	950030	945030.5	99	32.42914552821678	NA	7.906787224089507	0	1	0.996005996001	1.0000000000000036e-12	34.77777777777778	AM6	AM
945031	955030	950030.5	71	30.09944037803643	0	7.386681981778034	0	1	0.996005996001	1.0000000000000036e-12	34.63380281690141	AM6	AM
950031	960030	955030.5	73	30.836651589406195	0	7.551778972390823	0	1	0.996005996001	1.0000000000000036e-12	33.83561643835616	AM6	AM
955031	965030	960030.5	66	28.9443459910109	NA	7.118111449577224	0	1	0.996005996001	1.0000000000000036e-12	32.015151515151516	AM6	AM
960031	970030	965030.5	62	NA	NA	NA	0	1	0.996005996001	1.0000000000000036e-12	29.612903225806452	AM6	AM
965031	975030	970030.5	57	NA	NA	NA	0	1	0.996005996001	1.0000000000000036e-12	27.68421052631579	AM6	AM
970031	980030	975030.5	53	NA	NA	NA	0	1	0.996005996001	1.0000000000000036e-12	31.18867924528302	AM6	AM
975031	985030	980030.5	81	31.84625816345215	0	7.777619571538776	0	1	0.996005996001	1.0000000000000036e-12	34.148148148148145	AM6	AM
980031	990030	985030.5	65	33.89287385430356	0	8.234483439019373	0	1	0.996005996001	1.0000000000000036e-12	33.96923076923077	AM6	AM
985031	995030	990030.5	67	35.93948954515496	0	8.69134730649997	0	1	0.996005996001	1.0000000000000036e-12	34.37313432835821	AM6	AM
990031	1000030	995030.5	78	14.78971875	NA	3.9201353117680053	0	1	0.996005996001	1.0000000000000036e-12	33.84615384615385	AM6	AM
995031	1005030	1000030.5	84	15.801337166700591	NA	4.152351901035823	0	1	0.996005996001	1.0000000000000036e-12	33.226190476190474	AM6	AM
1000031	1010030	1005030.5	112	28.38444937927543	NA	6.997253057197749	0	1	0.996005996001	1.0000000000000036e-12	34.232142857142854	AM6	AM
1005031	1015030	1010030.5	116	34.83503206997084	NA	8.44507755187836	0	1	0.996005996001	1.0000000000000036e-12	35.28448275862069	AM6	AM
1010031	1020030	1015030.5	123	30.952647192104997	NA	7.577736571442697	0	1	0.996005996001	1.0000000000000036e-12	35.39837398373984	AM6	AM
1015031	1025030	1020030.5	92	30.952647192104997	NA	7.577736571442697	0	1	0.996005996001	1.0000000000000036e-12	35.09782608695652	AM6	AM
1020031	1030030	1025030.5	59	31.257934205542448	NA	7.646040979126237	0	1	0.996005996001	1.0000000000000036e-12	34.57627118644068	AM6	AM
1025031	1035030	1030030.5	64	31.257934205542448	NA	7.646040979126237	0	1	0.996005996001	1.0000000000000036e-12	29.53125	AM6	AM
1030031	1040030	1035030.5	108	NA	NA	NA	0	1	0.996005996001	1.0000000000000036e-12	31.055555555555557	AM6	AM
1035031	1045030	1040030.5	134	32.18118182457369	0	7.852383327615703	0	1	0.996005996001	1.0000000000000036e-12	34.343283582089555	AM6	AM
1040031	1050030	1045030.5	133	33.27169020249211	0	8.096145999666277	0	1	0.996005996001	1.0000000000000036e-12	34.93984962406015	AM6	AM
1045031	1055030	1050030.5	122	34.26389965481147	NA	8.317650841311401	0	1	0.996005996001	1.0000000000000036e-12	34.557377049180324	AM6	AM
1050031	1060030	1055030.5	95	19.876844062061913	0	5.082835178042103	0	1	0.996005996001	1.0000000000000036e-12	33.915789473684214	AM6	AM
1055031	1065030	1060030.5	94	19.876844062061913	0	5.082835178042103	0	1	0.996005996001	1.0000000000000036e-12	34.659574468085104	AM6	AM
1060031	1070030	1065030.5	71	NA	NA	NA	0	1	0.996005996001	1.0000000000000036e-12	35.49295774647887	AM6	AM
1065031	1075030	1070030.5	68	28.39159660489026	0	7.001512117773739	0	1	0.996005996001	1.0000000000000036e-12	35.279411764705884	AM6	AM
1070031	1080030	1075030.5	102	28.39159660489026	0	7.001512117773739	0	1	0.996005996001	1.0000000000000036e-12	34.15686274509804	AM6	AM
1075031	1085030	1080030.5	109	NA	NA	NA	0	1	0.996005996001	1.0000000000000036e-12	33.76146788990825	AM6	AM
1080031	1090030	1085030.5	98	NA	NA	NA	0	1	0.996005996001	1.0000000000000036e-12	34.41836734693877	AM6	AM
1085031	1095030	1090030.5	110	31.89779818058014	NA	7.789143288972967	0	1	0.996005996001	1.0000000000000036e-12	34.872727272727275	AM6	AM
1090031	1100030	1095030.5	102	34.428992199286576	NA	8.35395891215693	0	1	0.996005996001	1.0000000000000036e-12	35.15686274509804	AM6	AM
1095031	1105030	1100030.5	94	36.96018621799301	NA	8.918774535340894	0	1	0.996005996001	1.0000000000000036e-12	35.4468085106383	AM6	AM
1100031	1110030	1105030.5	95	34.28059495349082	NA	8.321209658000399	0	1	0.996005996001	1.0000000000000036e-12	35.6	AM6	AM
1105031	1115030	1110030.5	79	34.28059495349082	NA	8.321209658000399	0	1	0.996005996001	1.0000000000000036e-12	35.74683544303797	AM6	AM
1110031	1120030	1115030.5	94	24.502228	0	6.129455884664131	0	1	0.996005996001	1.0000000000000036e-12	35.04255319148936	AM6	AM
1115031	1125030	1120030.5	97	24.502228	0	6.129455884664131	0	1	0.996005996001	1.0000000000000036e-12	34.93814432989691	AM6	AM
1120031	1130030	1125030.5	114	NA	NA	NA	0	1	0.996005996001	1.0000000000000036e-12	34.70175438596491	AM6	AM
1125031	1135030	1130030.5	161	NA	NA	NA	0	1	0.996005996001	1.0000000000000036e-12	35.024844720496894	AM6	AM
1130031	1140030	1135030.5	147	NA	NA	NA	0	1	0.996005996001	1.0000000000000036e-12	35.34013605442177	AM6	AM
1135031	1145030	1140030.5	120	32.40682867741147	NA	7.902322799461239	0	1	0.996005996001	1.0000000000000036e-12	34.5	AM6	AM
1140031	1150030	1145030.5	107	32.40682867741147	NA	7.902322799461239	0	1	0.996005996001	1.0000000000000036e-12	34.52336448598131	AM6	AM
1145031	1155030	1150030.5	98	19.9274765625	39.192045096460184	5.094549712423539	0	1	0.996005996001	1.0000000000000036e-12	33.51020408163265	AM6	AM
1150031	1160030	1155030.5	97	19.9274765625	39.192045096460184	5.094549712423539	0	1	0.996005996001	1.0000000000000036e-12	32.77319587628866	AM6	AM
1155031	1165030	1160030.5	98	NA	NA	NA	0	1	0.996005996001	1.0000000000000036e-12	33.80612244897959	AM6	AM
1160031	1170030	1165030.5	109	27.92470245806191	0	6.899184265910123	0	1	0.996005996001	1.0000000000000036e-12	34.440366972477065	AM6	AM
1165031	1175030	1170030.5	123	30.813068169857917	0	7.545658056365768	0	1	0.996005996001	1.0000000000000036e-12	34.520325203252035	AM6	AM
1170031	1180030	1175030.5	108	35.26103154615073	NA	8.539890584669124	0	1	0.996005996001	1.0000000000000036e-12	34.56481481481482	AM6	AM
1175031	1185030	1180030.5	85	NA	NA	NA	0	1	0.996005996001	1.0000000000000036e-12	21.41176470588235	AM6	AM
1180031	1190030	1185030.5	59	NA	NA	NA	0	1	0.996005996001	1.0000000000000036e-12	4.88135593220339	AM6	AM
1185031	1195030	1190030.5	62	16.77127255368712	1889567.9999999916	4.375028707761844	0	1	0.996005996001	1.0000000000000036e-12	7.225806451612903	AM6	AM
1190031	1200030	1195030.5	90	16.77127255368712	1889567.9999999916	4.375028707761844	0	1	0.996005996001	1.0000000000000036e-12	22.533333333333335	AM6	AM
1195031	1205030	1200030.5	110	NA	NA	NA	0	1	0.996005996001	1.0000000000000036e-12	34.96363636363636	AM6	AM
1200031	1210030	1205030.5	132	NA	NA	NA	0	1	0.996005996001	1.0000000000000036e-12	35.09848484848485	AM6	AM
1205031	1215030	1210030.5	113	NA	NA	NA	0	1	0.996005996001	1.0000000000000036e-12	35.097345132743364	AM6	AM
1210031	1220030	1215030.5	72	279.54952042746436	0	61.12770648293241	0	1	0.996005996001	1.0000000000000036e-12	35.166666666666664	AM6	AM
1215031	1225030	1220030.5	81	29.78759765625	0	7.316893471148486	0	1	0.996005996001	1.0000000000000036e-12	35.28395061728395	AM6	AM
1220031	1230030	1225030.5	103	27.620362088771827	9.477635119121829e-4	6.830864779093567	0	1	0.996005996001	1.0000000000000036e-12	35.029126213592235	AM6	AM
1225031	1235030	1230030.5	89	27.088866233443625	4.7388175595609145e-4	6.392997030024956	0	1	0.996005996001	1.0000000000000036e-12	34.70786516853933	AM6	AM
1230031	1240030	1235030.5	89	NA	NA	NA	0	1	0.996005996001	1.0000000000000036e-12	35.146067415730336	AM6	AM
1235031	1245030	1240030.5	111	25.653792204430946	6.177507942009929e-5	6.387581612135933	0	1	0.996005996001	1.0000000000000036e-12	35.22522522522522	AM6	AM
1240031	1250030	1245030.5	128	25.653792204430946	6.177507942009929e-5	6.387581612135933	0	1	0.996005996001	1.0000000000000036e-12	34.7265625	AM6	AM
1245031	1255030	1250030.5	121	23.107638888888886	0	5.81479530716625	0	1	0.996005996001	1.0000000000000036e-12	34.396694214876035	AM6	AM
1250031	1260030	1255030.5	131	23.107638888888886	0	5.81479530716625	0	1	0.996005996001	1.0000000000000036e-12	34.61832061068702	AM6	AM
1255031	1265030	1260030.5	110	805.0550656476585	0	174.8154863195191	0	1	0.996005996001	1.0000000000000036e-12	35.14545454545455	AM6	AM
1260031	1270030	1265030.5	110	36.92590764614139	0	8.911139220895143	0	1	0.996005996001	1.0000000000000036e-12	35.8	AM6	AM
1265031	1275030	1270030.5	144	36.055086391430066	0	8.717054434248947	0	1	0.996005996001	1.0000000000000036e-12	35.19444444444444	AM6	AM
1270031	1280030	1275030.5	138	35.359731780871506	0	8.561896298042875	0	1	0.996005996001	1.0000000000000036e-12	34.98550724637681	AM6	AM
1275031	1285030	1280030.5	134	35.359731780871506	0	8.561896298042875	0	1	0.996005996001	1.0000000000000036e-12	34.75373134328358	AM6	AM
1280031	1290030	1285030.5	100	30.961941117396	NA	7.5798162559677555	0	1	0.996005996001	1.0000000000000036e-12	34.18	AM6	AM
1285031	1295030	1290030.5	82	30.10764838394629	NA	7.388500232142007	0	1	0.996005996001	1.0000000000000036e-12	35	AM6	AM
1290031	1300030	1295030.5	104	29.25335565049658	NA	7.197184208316258	0	1	0.996005996001	1.0000000000000036e-12	35.10576923076923	AM6	AM
1295031	1305030	1300030.5	99	NA	NA	NA	0	1	0.996005996001	1.0000000000000036e-12	35.101010101010104	AM6	AM
1300031	1310030	1305030.5	83	NA	NA	NA	0	1	0.996005996001	1.0000000000000036e-12	35.59036144578313	AM6	AM
1305031	1315030	1310030.5	71	36.911230347289404	NA	8.907869902237604	0	1	0.996005996001	1.0000000000000036e-12	35.95774647887324	AM6	AM
1310031	1320030	1315030.5	66	34.043530128643866	NA	8.267771420640294	0	1	0.996005996001	1.0000000000000036e-12	35.833333333333336	AM6	AM
1315031	1325030	1320030.5	94	31.17582990999833	NA	7.6276729390429825	0	1	0.996005996001	1.0000000000000036e-12	35.43617021276596	AM6	AM
1320031	1330030	1325030.5	105	NA	NA	NA	0	1	0.996005996001	1.0000000000000036e-12	35.457142857142856	AM6	AM
1325031	1335030	1330030.5	93	29.154674778487426	NA	7.1750654938393374	0	1	0.996005996001	1.0000000000000036e-12	35.02150537634409	AM6	AM
1330031	1340030	1335030.5	79	21.685087389243712	0	5.481409437995089	0	1	0.996005996001	1.0000000000000036e-12	34.64556962025316	AM6	AM
1335031	1345030	1340030.5	93	19.785296463394683	0	5.054666840638798	0	1	0.996005996001	1.0000000000000036e-12	34.086021505376344	AM6	AM
1340031	1350030	1345030.5	102	25.355092926789368	0	6.3215802991267545	0	1	0.996005996001	1.0000000000000036e-12	34.294117647058826	AM6	AM
1345031	1355030	1350030.5	68	NA	NA	NA	0	1	0.996005996001	1.0000000000000036e-12	35.4264705882353	AM6	AM
1350031	1360030	1355030.5	55	NA	NA	NA	0	1	0.996005996001	1.0000000000000036e-12	36.054545454545455	AM6	AM
1355031	1365030	1360030.5	79	30.389211424729837	0	7.451624489795846	0	1	0.996005996001	1.0000000000000036e-12	35.21518987341772	AM6	AM
1360031	1370030	1365030.5	72	30.389211424729837	0	7.451624489795846	0	1	0.996005996001	1.0000000000000036e-12	34.736111111111114	AM6	AM
1365031	1375030	1370030.5	54	NA	NA	NA	0	1	0.996005996001	1.0000000000000036e-12	35.407407407407405	AM6	AM
1370031	1380030	1375030.5	77	25.370534876846662	NA	6.3232122858833755	0	1	0.996005996001	1.0000000000000036e-12	33.506493506493506	AM6	AM
1375031	1385030	1380030.5	104	30.353907898317097	0	7.443493897025886	0	1	0.996005996001	1.0000000000000036e-12	33.52884615384615	AM6	AM
1380031	1390030	1385030.5	105	32.71770003194749	0	7.972322411422157	0	1	0.996005996001	1.0000000000000036e-12	34.84761904761905	AM6	AM
1385031	1395030	1390030.5	101	26.007118797201713	NA	6.466908899087228	0	1	0.996005996001	1.0000000000000036e-12	35.227722772277225	AM6	AM
1390031	1400030	1395030.5	109	29.481726278132605	NA	7.2483517815613085	0	1	0.996005996001	1.0000000000000036e-12	35.18348623853211	AM6	AM
1395031	1405030	1400030.5	96	32.34127877950569	NA	7.887679391771584	0	1	0.996005996001	1.0000000000000036e-12	35.03125	AM6	AM
1400031	1410030	1405030.5	83	NA	NA	NA	0	1	0.996005996001	1.0000000000000036e-12	35.04819277108434	AM6	AM
1405031	1415030	1410030.5	82	NA	NA	NA	0	1	0.996005996001	1.0000000000000036e-12	35.048780487804876	AM6	AM
1410031	1420030	1415030.5	101	NA	NA	NA	0	1	0.996005996001	1.0000000000000036e-12	35.15841584158416	AM6	AM
1415031	1425030	1420030.5	119	34.95795481049563	NA	8.472496173965789	0	1	0.996005996001	1.0000000000000036e-12	35.285714285714285	AM6	AM
1420031	1430030	1425030.5	115	34.95795481049563	NA	8.472496173965789	0	1	0.996005996001	1.0000000000000036e-12	34.8	AM6	AM
1425031	1435030	1430030.5	94	32.955458510727105	NA	8.025513061690036	0	1	0.996005996001	1.0000000000000036e-12	34.744680851063826	AM6	AM
1430031	1440030	1435030.5	73	32.955458510727105	NA	8.025513061690036	0	1	0.996005996001	1.0000000000000036e-12	34.76712328767123	AM6	AM
1435031	1445030	1440030.5	73	33.26201854914698	NA	8.09398602031301	0	1	0.996005996001	1.0000000000000036e-12	34.863013698630134	AM6	AM
1440031	1450030	1445030.5	59	33.26201854914698	NA	8.09398602031301	0	1	0.996005996001	1.0000000000000036e-12	35.74576271186441	AM6	AM
1445031	1455030	1450030.5	61	NA	NA	NA	0	1	0.996005996001	1.0000000000000036e-12	35.81967213114754	AM6	AM
1450031	1460030	1455030.5	88	615.3330439814815	0	133.61787276694417	0	1	0.996005996001	1.0000000000000036e-12	35.67045454545455	AM6	AM
1455031	1465030	1460030.5	106	325.6460724504887	0	71.15679563256896	0	1	0.996005996001	1.0000000000000036e-12	35.575471698113205	AM6	AM
1460031	1470030	1465030.5	86	35.95910091949588	NA	8.695718498193733	0	1	0.996005996001	1.0000000000000036e-12	35.5	AM6	AM
1465031	1475030	1470030.5	74	NA	NA	NA	0	1	0.996005996001	1.0000000000000036e-12	35.67567567567568	AM6	AM
1470031	1480030	1475030.5	78	NA	NA	NA	0	1	0.996005996001	1.0000000000000036e-12	35.42307692307692	AM6	AM
1475031	1485030	1480030.5	78	NA	NA	NA	0	1	0.996005996001	1.0000000000000036e-12	34.30769230769231	AM6	AM
1480031	1490030	1485030.5	85	NA	NA	NA	0	1	0.996005996001	1.0000000000000036e-12	34.8235294117647	AM6	AM
1485031	1495030	1490030.5	73	37.84759075667007	NA	9.116379497690174	0	1	0.996005996001	1.0000000000000036e-12	35.465753424657535	AM6	AM
1490031	1500030	1495030.5	77	37.84759075667007	NA	9.116379497690174	0	1	0.996005996001	1.0000000000000036e-12	35	AM6	AM
1495031	1505030	1500030.5	75	NA	NA	NA	0	1	0.996005996001	1.0000000000000036e-12	35.22666666666667	AM6	AM
1500031	1510030	1505030.5	60	NA	NA	NA	0	1	0.996005996001	1.0000000000000036e-12	35.38333333333333	AM6	AM
1505031	1515030	1510030.5	66	21.992589002088728	0.0013277781572296977	4.775630023186639	0	1	0.996005996001	1.0000000000000036e-12	35.28787878787879	AM6	AM
1510031	1520030	1515030.5	70	21.992589002088728	0.0013277781572296977	4.775630023186639	0	1	0.996005996001	1.0000000000000036e-12	35.24285714285714	AM6	AM
1515031	1525030	1520030.5	68	NA	NA	NA	0	1	0.996005996001	1.0000000000000036e-12	33.60294117647059	AM6	AM
31	10030	5030.5	140	23.88465033637153	0	5.990191447377909	0	1	0.996005996001	1.0000000000000036e-12	23.585714285714285	AM7	AM
5031	15030	10030.5	118	21.866773689894814	0	5.534243584667417	0	1	0.996005996001	1.0000000000000036e-12	25.415254237288135	AM7	AM
10031	20030	15030.5	124	21.866773689894814	0	5.534243584667417	0	1	0.996005996001	1.0000000000000036e-12	25.532258064516128	AM7	AM
15031	25030	20030.5	89	18.14755988937892	0	4.689452801735544	0	1	0.996005996001	1.0000000000000036e-12	26.089887640449437	AM7	AM
20031	30030	25030.5	77	18.14755988937892	0	4.689452801735544	0	1	0.996005996001	1.0000000000000036e-12	25.805194805194805	AM7	AM
25031	35030	30030.5	108	NA	NA	NA	0	1	0.996005996001	1.0000000000000036e-12	25.99074074074074	AM7	AM
30031	40030	35030.5	117	NA	NA	NA	0	1	0.996005996001	1.0000000000000036e-12	26.247863247863247	AM7	AM
35031	45030	40030.5	78	26.945806660570035	NA	6.679354011373773	0	1	0.996005996001	1.0000000000000036e-12	26.012820512820515	AM7	AM
40031	50030	45030.5	80	23.89632146986228	NA	5.991274633515253	0	1	0.996005996001	1.0000000000000036e-12	25.8125	AM7	AM
45031	55030	50030.5	108	20.84683627915452	NA	5.3031952556567346	0	1	0.996005996001	1.0000000000000036e-12	26.296296296296298	AM7	AM
50031	60030	55030.5	110	21.743519909842224	0	5.506345790599425	0	1	0.996005996001	1.0000000000000036e-12	26.045454545454547	AM7	AM
55031	65030	60030.5	97	21.74562472852883	0	5.506822268739137	0	1	0.996005996001	1.0000000000000036e-12	25.587628865979383	AM7	AM
60031	70030	65030.5	96	27.947695540269677	NA	6.904344976833615	0	1	0.996005996001	1.0000000000000036e-12	25.822916666666668	AM7	AM
65031	75030	70030.5	122	NA	NA	NA	0	1	0.996005996001	1.0000000000000036e-12	25.901639344262296	AM7	AM
70031	80030	75030.5	123	NA	NA	NA	0	1	0.996005996001	1.0000000000000036e-12	26.11382113821138	AM7	AM
75031	85030	80030.5	90	26.945806660570035	NA	6.679354011373773	0	1	0.996005996001	1.0000000000000036e-12	26.133333333333333	AM7	AM
80031	90030	85030.5	86	26.945806660570035	NA	6.679354011373773	0	1	0.996005996001	1.0000000000000036e-12	26.25581395348837	AM7	AM
85031	95030	90030.5	106	25.442176548798436	NA	6.340258073631762	0	1	0.996005996001	1.0000000000000036e-12	25.764150943396228	AM7	AM
90031	100030	95030.5	129	NA	NA	NA	0	1	0.996005996001	1.0000000000000036e-12	25.217054263565892	AM7	AM
95031	105030	100030.5	164	19.501013451549667	NA	4.997633805300502	0	1	0.996005996001	1.0000000000000036e-12	25.152439024390244	AM7	AM
100031	110030	105030.5	134	21.720117999646362	NA	5.50006839845724	0	1	0.996005996001	1.0000000000000036e-12	25.432835820895523	AM7	AM
105031	115030	110030.5	88	17.072662389358708	0.09561667125633064	4.109364965970147	0	1	0.996005996001	1.0000000000000036e-12	25.954545454545453	AM7	AM
110031	120030	115030.5	99	10.206102230974357	0.09561667125633064	2.2162269403263153	0	1	0.996005996001	1.0000000000000036e-12	26.02020202020202	AM7	AM
115031	125030	120030.5	99	NA	NA	NA	0	1	0.996005996001	1.0000000000000036e-12	26.343434343434343	AM7	AM
120031	130030	125030.5	67	NA	NA	NA	0	1	0.996005996001	1.0000000000000036e-12	26.134328358208954	AM7	AM
125031	135030	130030.5	88	NA	NA	NA	0	1	0.996005996001	1.0000000000000036e-12	25.886363636363637	AM7	AM
130031	140030	135030.5	118	NA	NA	NA	0	1	0.996005996001	1.0000000000000036e-12	25.372881355932204	AM7	AM
135031	145030	140030.5	96	NA	NA	NA	0	1	0.996005996001	1.0000000000000036e-12	25.25	AM7	AM
140031	150030	145030.5	138	21.933866688580014	NA	5.54942856251714	0	1	0.996005996001	1.0000000000000036e-12	26.253623188405797	AM7	AM
145031	155030	150030.5	214	21.933866688580014	NA	5.54942856251714	0	1	0.996005996001	1.0000000000000036e-12	26.214953271028037	AM7	AM
150031	160030	155030.5	199	23.30692957992111	NA	5.8593766039767825	0	1	0.996005996001	1.0000000000000036e-12	26.050251256281406	AM7	AM
155031	165030	160030.5	131	NA	NA	NA	0	1	0.996005996001	1.0000000000000036e-12	26	AM7	AM
160031	170030	165030.5	95	26.945806660570035	NA	6.679354011373773	0	1	0.996005996001	1.0000000000000036e-12	25.926315789473684	AM7	AM
165031	175030	170030.5	87	26.945806660570035	NA	6.679354011373773	0	1	0.996005996001	1.0000000000000036e-12	25.701149425287355	AM7	AM
170031	180030	175030.5	81	NA	NA	NA	0	1	0.996005996001	1.0000000000000036e-12	25.567901234567902	AM7	AM
175031	185030	180030.5	94	NA	NA	NA	0	1	0.996005996001	1.0000000000000036e-12	25.19148936170213	AM7	AM
180031	190030	185030.5	112	NA	NA	NA	0	1	0.996005996001	1.0000000000000036e-12	25.544642857142858	AM7	AM
185031	195030	190030.5	101	NA	NA	NA	0	1	0.996005996001	1.0000000000000036e-12	26.178217821782177	AM7	AM
190031	200030	195030.5	80	NA	NA	NA	0	1	0.996005996001	1.0000000000000036e-12	26.375	AM7	AM
195031	205030	200030.5	113	NA	NA	NA	0	1	0.996005996001	1.0000000000000036e-12	26.079646017699115	AM7	AM
200031	210030	205030.5	114	NA	NA	NA	0	1	0.996005996001	1.0000000000000036e-12	25.763157894736842	AM7	AM
205031	215030	210030.5	91	NA	NA	NA	0	1	0.996005996001	1.0000000000000036e-12	25.791208791208792	AM7	AM
210031	220030	215030.5	103	NA	NA	NA	0	1	0.996005996001	1.0000000000000036e-12	26.019417475728154	AM7	AM
215031	225030	220030.5	109	12.515772159635715	0.018667336489860707	2.7177653928440675	0	1	0.996005996001	1.0000000000000036e-12	25.81651376146789	AM7	AM
220031	230030	225030.5	84	12.515772159635715	0.018667336489860707	2.7177653928440675	0	1	0.996005996001	1.0000000000000036e-12	25.666666666666668	AM7	AM
225031	235030	230030.5	51	NA	NA	NA	0	1	0.996005996001	1.0000000000000036e-12	26.41176470588235	AM7	AM
230031	240030	235030.5	89	NA	NA	NA	0	1	0.996005996001	1.0000000000000036e-12	25.98876404494382	AM7	AM
235031	245030	240030.5	105	NA	NA	NA	0	1	0.996005996001	1.0000000000000036e-12	25.82857142857143	AM7	AM
240031	250030	245030.5	100	NA	NA	NA	0	1	0.996005996001	1.0000000000000036e-12	26.19	AM7	AM
245031	255030	250030.5	99	NA	NA	NA	0	1	0.996005996001	1.0000000000000036e-12	26.272727272727273	AM7	AM
250031	260030	255030.5	98	NA	NA	NA	0	1	0.996005996001	1.0000000000000036e-12	26.071428571428573	AM7	AM
255031	265030	260030.5	104	NA	NA	NA	0	1	0.996005996001	1.0000000000000036e-12	25.807692307692307	AM7	AM
260031	270030	265030.5	87	23.825888961456528	NA	5.976934744982719	0	1	0.996005996001	1.0000000000000036e-12	25.816091954022987	AM7	AM
265031	275030	270030.5	80	23.202539286350028	0	5.836160552016616	0	1	0.996005996001	1.0000000000000036e-12	26.05	AM7	AM
270031	280030	275030.5	82	22.579189611243528	0	5.695386359050513	0	1	0.996005996001	1.0000000000000036e-12	26.20731707317073	AM7	AM
275031	285030	280030.5	87	23.392687754113144	NA	5.876966643147577	0	1	0.996005996001	1.0000000000000036e-12	25.310344827586206	AM7	AM
280031	290030	285030.5	86	23.392687754113144	NA	5.876966643147577	0	1	0.996005996001	1.0000000000000036e-12	24.36046511627907	AM7	AM
285031	295030	290030.5	91	24.941588	NA	6.2284580292799685	0	1	0.996005996001	1.0000000000000036e-12	25.13186813186813	AM7	AM
290031	300030	295030.5	99	20.87727179170059	1.8904009071504633e-4	5.306513259791805	0	1	0.996005996001	1.0000000000000036e-12	25.353535353535353	AM7	AM
295031	305030	300030.5	142	20.013693972460484	1.8904009071504633e-4	5.110514935998303	0	1	0.996005996001	1.0000000000000036e-12	25.683098591549296	AM7	AM
300031	310030	305030.5	134	23.939222547743057	NA	6.002502991613978	0	1	0.996005996001	1.0000000000000036e-12	26.01492537313433	AM7	AM
305031	315030	310030.5	90	NA	NA	NA	0	1	0.996005996001	1.0000000000000036e-12	24.355555555555554	AM7	AM
310031	320030	315030.5	131	NA	NA	NA	0	1	0.996005996001	1.0000000000000036e-12	25.015267175572518	AM7	AM
315031	325030	320030.5	121	NA	NA	NA	0	1	0.996005996001	1.0000000000000036e-12	25.454545454545453	AM7	AM
320031	330030	325030.5	92	NA	NA	NA	0	1	0.996005996001	1.0000000000000036e-12	24.26086956521739	AM7	AM
325031	335030	330030.5	108	NA	NA	NA	0	1	0.996005996001	1.0000000000000036e-12	24.703703703703702	AM7	AM
330031	340030	335030.5	99	25.943776314292215	NA	6.454066209715694	0	1	0.996005996001	1.0000000000000036e-12	25.393939393939394	AM7	AM
335031	345030	340030.5	84	24.22188093345703	0	6.065773392253842	0	1	0.996005996001	1.0000000000000036e-12	25.916666666666668	AM7	AM
340031	350030	345030.5	67	22.499985552621844	0	5.677480574791991	0	1	0.996005996001	1.0000000000000036e-12	24.53731343283582	AM7	AM
345031	355030	350030.5	34	NA	NA	NA	0	1	0.996005996001	1.0000000000000036e-12	21.029411764705884	AM7	AM
350031	360030	355030.5	8	16.270506818644414	0	4.260332423850265	0	1	0.996005996001	1.0000000000000036e-12	15.125	AM7	AM
355031	365030	360030.5	7	16.270506818644414	0	4.260332423850265	0	1	0.996005996001	1.0000000000000036e-12	16.857142857142858	AM7	AM
360031	370030	365030.5	13	NA	NA	NA	0	1	0.996005996001	1.0000000000000036e-12	15.923076923076923	AM7	AM
365031	375030	370030.5	54	NA	NA	NA	0	1	0.996005996001	1.0000000000000036e-12	17.22222222222222	AM7	AM
370031	380030	375030.5	89	NA	NA	NA	0	1	0.996005996001	1.0000000000000036e-12	20.808988764044944	AM7	AM
375031	385030	380030.5	75	NA	NA	NA	0	1	0.996005996001	1.0000000000000036e-12	25.30666666666667	AM7	AM
380031	390030	385030.5	67	NA	NA	NA	0	1	0.996005996001	1.0000000000000036e-12	26.238805970149254	AM7	AM
385031	395030	390030.5	81	NA	NA	NA	0	1	0.996005996001	1.0000000000000036e-12	26.308641975308642	AM7	AM
390031	400030	395030.5	81	22.920189793601544	0	5.7724506056922005	0	1	0.996005996001	1.0000000000000036e-12	25.91358024691358	AM7	AM
395031	405030	400030.5	80	22.920189793601544	0	5.7724506056922005	0	1	0.996005996001	1.0000000000000036e-12	25.8875	AM7	AM
400031	410030	405030.5	99	24.941588	NA	6.2284580292799685	0	1	0.996005996001	1.0000000000000036e-12	25.90909090909091	AM7	AM
405031	415030	410030.5	87	22.70285810525832	0	5.7231257254957875	0	1	0.996005996001	1.0000000000000036e-12	25.60919540229885	AM7	AM
410031	420030	415030.5	67	22.70285810525832	0	5.7231257254957875	0	1	0.996005996001	1.0000000000000036e-12	25.19402985074627	AM7	AM
415031	425030	420030.5	78	25.78089440145653	NA	6.417418896158763	0	1	0.996005996001	1.0000000000000036e-12	24.974358974358974	AM7	AM
420031	430030	425030.5	91	24.831671582770984	NA	6.203695879756253	0	1	0.996005996001	1.0000000000000036e-12	25.24175824175824	AM7	AM
425031	435030	430030.5	96	24.831671582770984	NA	6.203695879756253	0	1	0.996005996001	1.0000000000000036e-12	25.458333333333332	AM7	AM
430031	440030	435030.5	96	NA	NA	NA	0	1	0.996005996001	1.0000000000000036e-12	25.927083333333332	AM7	AM
435031	445030	440030.5	93	14.0313909662868	0.003429355281207133	3.046877835042747	0	1	0.996005996001	1.0000000000000036e-12	25.591397849462364	AM7	AM
440031	450030	445030.5	80	13.291755820755657	84.06739865229129	2.886268103879805	0	1	0.996005996001	1.0000000000000036e-12	25.2	AM7	AM
445031	455030	450030.5	75	12.552120675224517	168.13136794930136	2.7256583727168633	0	1	0.996005996001	1.0000000000000036e-12	25.933333333333334	AM7	AM
450031	460030	455030.5	96	NA	NA	NA	0	1	0.996005996001	1.0000000000000036e-12	26.135416666666668	AM7	AM
455031	465030	460030.5	93	NA	NA	NA	0	1	0.996005996001	1.0000000000000036e-12	25.376344086021504	AM7	AM
460031	470030	465030.5	97	NA	NA	NA	0	1	0.996005996001	1.0000000000000036e-12	25.216494845360824	AM7	AM
465031	475030	470030.5	85	26.945806660570035	NA	6.679354011373773	0	1	0.996005996001	1.0000000000000036e-12	25.8	AM7	AM
470031	480030	475030.5	61	26.945806660570035	0.05556825687141194	6.679354011373773	0	1	0.996005996001	1.0000000000000036e-12	26.34426229508197	AM7	AM
475031	485030	480030.5	77	22.446185606957748	0.05556825687141194	5.288200494346494	0	1	0.996005996001	1.0000000000000036e-12	26.051948051948052	AM7	AM
480031	490030	485030.5	54	NA	NA	NA	0	1	0.996005996001	1.0000000000000036e-12	25.59259259259259	AM7	AM
485031	495030	490030.5	40	NA	NA	NA	0	1	0.996005996001	1.0000000000000036e-12	26.075	AM7	AM
490031	500030	495030.5	54	NA	NA	NA	0	1	0.996005996001	1.0000000000000036e-12	26.01851851851852	AM7	AM
495031	505030	500030.5	65	18.923795378335036	NA	4.866317013194563	0	1	0.996005996001	1.0000000000000036e-12	25.553846153846155	AM7	AM
500031	510030	505030.5	74	18.923795378335036	NA	4.866317013194563	0	1	0.996005996001	1.0000000000000036e-12	25.62162162162162	AM7	AM
505031	515030	510030.5	83	NA	NA	NA	0	1	0.996005996001	1.0000000000000036e-12	25.06024096385542	AM7	AM
510031	520030	515030.5	77	18.289721640118287	4.303504666612879e-4	4.716282084517394	0	1	0.996005996001	1.0000000000000036e-12	25.09090909090909	AM7	AM
515031	525030	520030.5	59	21.913083369529488	2.1517523333064396e-4	5.544725190093158	0	1	0.996005996001	1.0000000000000036e-12	26.11864406779661	AM7	AM
520031	530030	525030.5	71	21.913083369529488	0	5.544725190093158	0	1	0.996005996001	1.0000000000000036e-12	25.098591549295776	AM7	AM
525031	535030	530030.5	76	20.732102364755427	NA	5.277177158151986	0	1	0.996005996001	1.0000000000000036e-12	24.30263157894737	AM7	AM
530031	540030	535030.5	72	11.658191807377714	NA	3.122018716307233	0	1	0.996005996001	1.0000000000000036e-12	23.930555555555557	AM7	AM
535031	545030	540030.5	82	13.205085105728264	NA	3.4718975097225995	0	1	0.996005996001	1.0000000000000036e-12	23.878048780487806	AM7	AM
540031	550030	545030.5	97	23.825888961456528	NA	5.976934744982719	0	1	0.996005996001	1.0000000000000036e-12	24.814432989690722	AM7	AM
545031	555030	550030.5	95	21.725609469025322	0	5.502132320876976	0	1	0.996005996001	1.0000000000000036e-12	25.53684210526316	AM7	AM
550031	560030	555030.5	63	21.725609469025322	0	5.502132320876976	0	1	0.996005996001	1.0000000000000036e-12	25.841269841269842	AM7	AM
555031	565030	560030.5	46	25.943776314292215	NA	6.454066209715694	0	1	0.996005996001	1.0000000000000036e-12	26.065217391304348	AM7	AM
560031	570030	565030.5	73	25.943776314292215	NA	6.454066209715694	0	1	0.996005996001	1.0000000000000036e-12	25.958904109589042	AM7	AM
565031	575030	570030.5	109	15.473309516906738	0	4.077385862527477	0	1	0.996005996001	1.0000000000000036e-12	25.30275229357798	AM7	AM
570031	580030	575030.5	102	15.473309516906738	0	4.077385862527477	0	1	0.996005996001	1.0000000000000036e-12	25.03921568627451	AM7	AM
575031	585030	580030.5	67	19.95147749884591	0	5.099243410666544	0	1	0.996005996001	1.0000000000000036e-12	25.37313432835821	AM7	AM
580031	590030	585030.5	70	19.9274765625	0	5.094549712423539	0	1	0.996005996001	1.0000000000000036e-12	25.02857142857143	AM7	AM
585031	595030	590030.5	79	19.425635970417517	NA	4.980433362809051	0	1	0.996005996001	1.0000000000000036e-12	24.79746835443038	AM7	AM
590031	600030	595030.5	71	23.306775410970054	0	5.859766628089617	0	1	0.996005996001	1.0000000000000036e-12	25.309859154929576	AM7	AM
595031	605030	600030.5	86	23.306775410970054	0	5.859766628089617	0	1	0.996005996001	1.0000000000000036e-12	25.74418604651163	AM7	AM
600031	610030	605030.5	114	16.296216670059025	0.33410447854384284	4.266225114757106	0	1	0.996005996001	1.0000000000000036e-12	24.842105263157894	AM7	AM
605031	615030	610030.5	118	24.831671582770984	0.6682089570876857	6.203695879756253	0	1	0.996005996001	1.0000000000000036e-12	25.033898305084747	AM7	AM
610031	620030	615030.5	107	25.334379924575764	NA	6.316879432743697	0	1	0.996005996001	1.0000000000000036e-12	25.906542056074766	AM7	AM
615031	625030	620030.5	100	25.837088266380544	NA	6.4300629857311415	0	1	0.996005996001	1.0000000000000036e-12	26.12	AM7	AM
620031	630030	625030.5	101	NA	NA	NA	0	1	0.996005996001	1.0000000000000036e-12	26.435643564356436	AM7	AM
625031	635030	630030.5	112	24.241511061203873	NA	6.069494509193197	0	1	0.996005996001	1.0000000000000036e-12	25.553571428571427	AM7	AM
630031	640030	635030.5	79	25.242310267294748	NA	6.29618646842588	0	1	0.996005996001	1.0000000000000036e-12	25.050632911392405	AM7	AM
635031	645030	640030.5	41	25.242310267294748	NA	6.29618646842588	0	1	0.996005996001	1.0000000000000036e-12	25.170731707317074	AM7	AM
640031	650030	645030.5	57	12.890447200728264	NA	3.481139410608942	0	1	0.996005996001	1.0000000000000036e-12	24.736842105263158	AM7	AM
645031	655030	650030.5	63	12.890447200728264	NA	3.481139410608942	0	1	0.996005996001	1.0000000000000036e-12	25.49206349206349	AM7	AM
650031	660030	655030.5	64	23.734822591145832	0	5.9563869235611255	0	1	0.996005996001	1.0000000000000036e-12	25.640625	AM7	AM
655031	665030	660030.5	63	24.6273342729284	0	6.15752789924532	0	1	0.996005996001	1.0000000000000036e-12	25.41269841269841	AM7	AM
660031	670030	665030.5	53	25.519845954710974	0	6.3586688749295135	0	1	0.996005996001	1.0000000000000036e-12	25.433962264150942	AM7	AM
665031	675030	670030.5	35	NA	NA	NA	0	1	0.996005996001	1.0000000000000036e-12	25.285714285714285	AM7	AM
670031	680030	675030.5	11	NA	NA	NA	0	1	0.996005996001	1.0000000000000036e-12	21.363636363636363	AM7	AM
675031	685030	680030.5	9	NA	NA	NA	NA	NA	NA	NA	0.6666666666666666	AM7	AM
680031	690030	685030.5	7	NA	NA	NA	NA	NA	NA	NA	0.8571428571428571	AM7	AM
685031	695030	690030.5	0	NA	NA	NA	NA	NA	NA	NA	NA	AM7	AM
690031	700030	695030.5	0	NA	NA	NA	NA	NA	NA	NA	NA	AM7	AM
695031	705030	700030.5	0	NA	NA	NA	NA	NA	NA	NA	NA	AM7	AM
700031	710030	705030.5	16	19.9274765625	NA	5.094549712423539	0	1	0.996005996001	1.0000000000000036e-12	23.9375	AM7	AM
705031	715030	710030.5	62	20.84683627915452	NA	5.3031952556567346	0	1	0.996005996001	1.0000000000000036e-12	25.112903225806452	AM7	AM
710031	720030	715030.5	107	20.84683627915452	NA	5.3031952556567346	0	1	0.996005996001	1.0000000000000036e-12	25.682242990654206	AM7	AM
715031	725030	720030.5	99	19.09496701791487	0	4.902688920551032	0	1	0.996005996001	1.0000000000000036e-12	25.737373737373737	AM7	AM
720031	730030	725030.5	77	23.107638888888886	0	5.81479530716625	0	1	0.996005996001	1.0000000000000036e-12	25.857142857142858	AM7	AM
725031	735030	730030.5	74	24.43977721356142	0	6.115096900088247	0	1	0.996005996001	1.0000000000000036e-12	26.094594594594593	AM7	AM
730031	740030	735030.5	66	NA	NA	NA	0	1	0.996005996001	1.0000000000000036e-12	25.757575757575758	AM7	AM
735031	745030	740030.5	71	12.759922977355487	NA	3.4508428261997093	0	1	0.996005996001	1.0000000000000036e-12	25.859154929577464	AM7	AM
740031	750030	745030.5	77	12.759922977355487	NA	3.4508428261997093	0	1	0.996005996001	1.0000000000000036e-12	25.896103896103895	AM7	AM
745031	755030	750030.5	72	NA	NA	NA	0	1	0.996005996001	1.0000000000000036e-12	25.291666666666668	AM7	AM
750031	760030	755030.5	75	NA	NA	NA	0	1	0.996005996001	1.0000000000000036e-12	25.16	AM7	AM
755031	765030	760030.5	93	16.81295558340118	NA	4.384568490303642	0	1	0.996005996001	1.0000000000000036e-12	25.010752688172044	AM7	AM
760031	770030	765030.5	92	18.87188716973752	0	4.853402399024995	0	1	0.996005996001	1.0000000000000036e-12	24.67391304347826	AM7	AM
765031	775030	770030.5	102	23.9343391536636	0	6.001237010530302	0	1	0.996005996001	1.0000000000000036e-12	25.107843137254903	AM7	AM
770031	780030	775030.5	98	25.943776314292215	NA	6.454066209715694	0	1	0.996005996001	1.0000000000000036e-12	25.357142857142858	AM7	AM
775031	785030	780030.5	58	NA	NA	NA	0	1	0.996005996001	1.0000000000000036e-12	25.551724137931036	AM7	AM
780031	790030	785030.5	70	NA	NA	NA	0	1	0.996005996001	1.0000000000000036e-12	25.057142857142857	AM7	AM
785031	795030	790030.5	87	24.139328	0	6.047636794436192	0	1	0.996005996001	1.0000000000000036e-12	24.735632183908045	AM7	AM
790031	800030	795030.5	67	24.139328	0	6.047636794436192	0	1	0.996005996001	1.0000000000000036e-12	24.71641791044776	AM7	AM
795031	805030	800030.5	70	24.90440212541976	NA	6.220081149318057	0	1	0.996005996001	1.0000000000000036e-12	24.5	AM7	AM
800031	810030	805030.5	66	24.90440212541976	NA	6.220081149318057	0	1	0.996005996001	1.0000000000000036e-12	24.954545454545453	AM7	AM
805031	815030	810030.5	34	NA	NA	NA	0	1	0.996005996001	1.0000000000000036e-12	24.08823529411765	AM7	AM
810031	820030	815030.5	91	17.583524406786527	0	4.557791442094086	0	1	0.996005996001	1.0000000000000036e-12	23.703296703296704	AM7	AM
815031	825030	820030.5	109	17.583524406786527	0	4.557791442094086	0	1	0.996005996001	1.0000000000000036e-12	24.660550458715598	AM7	AM
820031	830030	825030.5	62	NA	NA	NA	0	1	0.996005996001	1.0000000000000036e-12	25.725806451612904	AM7	AM
825031	835030	830030.5	77	19.56939697265625	0	5.013180147025366	0	1	0.996005996001	1.0000000000000036e-12	25.545454545454547	AM7	AM
830031	840030	835030.5	78	22.907371797708834	0	5.767538911751048	0	1	0.996005996001	1.0000000000000036e-12	25.794871794871796	AM7	AM
835031	845030	840030.5	84	19.425635970417517	NA	4.980433362809051	0	1	0.996005996001	1.0000000000000036e-12	25.214285714285715	AM7	AM
840031	850030	845030.5	91	18.923795378335036	NA	4.866317013194563	0	1	0.996005996001	1.0000000000000036e-12	25.417582417582416	AM7	AM
845031	855030	850030.5	85	NA	NA	NA	0	1	0.996005996001	1.0000000000000036e-12	25.51764705882353	AM7	AM
850031	860030	855030.5	94	23.825888961456528	0	5.976934744982719	0	1	0.996005996001	1.0000000000000036e-12	24.414893617021278	AM7	AM
855031	865030	860030.5	107	23.882555754599792	0	5.989718868298349	0	1	0.996005996001	1.0000000000000036e-12	25.046728971962615	AM7	AM
860031	870030	865030.5	118	24.904471012370717	NA	6.219931168548988	0	1	0.996005996001	1.0000000000000036e-12	25.33050847457627	AM7	AM
865031	875030	870030.5	131	23.86516571044922	NA	5.985796127382282	0	1	0.996005996001	1.0000000000000036e-12	24.9618320610687	AM7	AM
870031	880030	875030.5	100	16.27392059944887	0.0011003934420072126	4.253127465707172	0	1	0.996005996001	1.0000000000000036e-12	25.19	AM7	AM
875031	885030	880030.5	50	21.036814425244177	0.0011003934420072126	5.346264062595333	0	1	0.996005996001	1.0000000000000036e-12	22.66	AM7	AM
880031	890030	885030.5	29	25.943776314292215	NA	6.454066209715694	0	1	0.996005996001	1.0000000000000036e-12	18.655172413793103	AM7	AM
885031	895030	890030.5	44	25.943776314292215	NA	6.454066209715694	0	1	0.996005996001	1.0000000000000036e-12	24.568181818181817	AM7	AM
890031	900030	895030.5	66	NA	NA	NA	0	1	0.996005996001	1.0000000000000036e-12	23.984848484848484	AM7	AM
895031	905030	900030.5	39	9.45901827588779	0	2.6774488843396247	0	1	0.996005996001	1.0000000000000036e-12	18.94871794871795	AM7	AM
900031	910030	905030.5	26	9.45901827588779	0	2.6774488843396247	0	1	0.996005996001	1.0000000000000036e-12	12.653846153846153	AM7	AM
905031	915030	910030.5	55	11.966184993723102	0.006005901863961716	3.266203122680811	0	1	0.996005996001	1.0000000000000036e-12	21.29090909090909	AM7	AM
910031	920030	915030.5	86	16.91518674944026	0.003002950931980858	4.407960931748277	0	1	0.996005996001	1.0000000000000036e-12	24.86046511627907	AM7	AM
915031	925030	920030.5	88	17.412325885008194	0	4.521549220848549	0	1	0.996005996001	1.0000000000000036e-12	25.375	AM7	AM
920031	930030	925030.5	107	NA	NA	NA	0	1	0.996005996001	1.0000000000000036e-12	25.72897196261682	AM7	AM
925031	935030	930030.5	119	NA	NA	NA	0	1	0.996005996001	1.0000000000000036e-12	25.66386554621849	AM7	AM
930031	940030	935030.5	94	NA	NA	NA	0	1	0.996005996001	1.0000000000000036e-12	25.93617021276596	AM7	AM
935031	945030	940030.5	97	NA	NA	NA	0	1	0.996005996001	1.0000000000000036e-12	26.072164948453608	AM7	AM
940031	950030	945030.5	99	NA	NA	NA	0	1	0.996005996001	1.0000000000000036e-12	26	AM7	AM
945031	955030	950030.5	71	20.65922533005758	0	5.260447047250935	0	1	0.996005996001	1.0000000000000036e-12	25.56338028169014	AM7	AM
950031	960030	955030.5	73	21.619894507771413	0	5.47835696750627	0	1	0.996005996001	1.0000000000000036e-12	24.54794520547945	AM7	AM
955031	965030	960030.5	66	21.743519909842224	NA	5.506345790599425	0	1	0.996005996001	1.0000000000000036e-12	23.59090909090909	AM7	AM
960031	970030	965030.5	62	NA	NA	NA	0	1	0.996005996001	1.0000000000000036e-12	22.596774193548388	AM7	AM
965031	975030	970030.5	57	NA	NA	NA	0	1	0.996005996001	1.0000000000000036e-12	21.736842105263158	AM7	AM
970031	980030	975030.5	53	NA	NA	NA	0	1	0.996005996001	1.0000000000000036e-12	24.11320754716981	AM7	AM
975031	985030	980030.5	81	22.920189793601544	0	5.7724506056922005	0	1	0.996005996001	1.0000000000000036e-12	25.604938271604937	AM7	AM
980031	990030	985030.5	65	22.889876304758772	0	5.765601455013659	0	1	0.996005996001	1.0000000000000036e-12	25.015384615384615	AM7	AM
985031	995030	990030.5	67	22.859562815916004	NA	5.758752304335118	0	1	0.996005996001	1.0000000000000036e-12	25.08955223880597	AM7	AM
990031	1000030	995030.5	78	14.257770246193717	NA	3.797327048096803	0	1	0.996005996001	1.0000000000000036e-12	24.78205128205128	AM7	AM
995031	1005030	1000030.5	84	14.90438888888889	NA	3.946539111812079	0	1	0.996005996001	1.0000000000000036e-12	24.678571428571427	AM7	AM
1000031	1010030	1005030.5	112	26.788599298887366	NA	6.644026883270098	0	1	0.996005996001	1.0000000000000036e-12	25.321428571428573	AM7	AM
1005031	1015030	1010030.5	116	NA	NA	NA	0	1	0.996005996001	1.0000000000000036e-12	25.844827586206897	AM7	AM
1010031	1020030	1015030.5	123	24.90440212541976	NA	6.220081149318057	0	1	0.996005996001	1.0000000000000036e-12	25.959349593495936	AM7	AM
1015031	1025030	1020030.5	92	24.90440212541976	NA	6.220081149318057	0	1	0.996005996001	1.0000000000000036e-12	25.815217391304348	AM7	AM
1020031	1030030	1025030.5	59	20.131693174340633	NA	5.140928797645976	0	1	0.996005996001	1.0000000000000036e-12	25.52542372881356	AM7	AM
1025031	1035030	1030030.5	64	20.131693174340633	NA	5.140928797645976	0	1	0.996005996001	1.0000000000000036e-12	22.21875	AM7	AM
1030031	1040030	1035030.5	108	24.941588	NA	6.2284580292799685	0	1	0.996005996001	1.0000000000000036e-12	23.287037037037038	AM7	AM
1035031	1045030	1040030.5	134	24.941588	0	6.2284580292799685	0	1	0.996005996001	1.0000000000000036e-12	25.246268656716417	AM7	AM
1040031	1050030	1045030.5	133	23.785821702745224	0	5.967894483485305	0	1	0.996005996001	1.0000000000000036e-12	25.661654135338345	AM7	AM
1045031	1055030	1050030.5	122	20.84386744059817	NA	5.30252208624775	0	1	0.996005996001	1.0000000000000036e-12	25.704918032786885	AM7	AM
1050031	1060030	1055030.5	95	20.70275324887414	0	5.266625301932306	0	1	0.996005996001	1.0000000000000036e-12	25.305263157894736	AM7	AM
1055031	1065030	1060030.5	94	20.70275324887414	0	5.266625301932306	0	1	0.996005996001	1.0000000000000036e-12	25.585106382978722	AM7	AM
1060031	1070030	1065030.5	71	NA	NA	NA	0	1	0.996005996001	1.0000000000000036e-12	25.971830985915492	AM7	AM
1065031	1075030	1070030.5	68	25.88670341481281	0	6.441226059114175	0	1	0.996005996001	1.0000000000000036e-12	25.823529411764707	AM7	AM
1070031	1080030	1075030.5	102	25.88670341481281	0	6.441226059114175	0	1	0.996005996001	1.0000000000000036e-12	24.92156862745098	AM7	AM
1075031	1085030	1080030.5	109	26.28419485276968	NA	6.530317451232032	0	1	0.996005996001	1.0000000000000036e-12	25.009174311926607	AM7	AM
1080031	1090030	1085030.5	98	NA	NA	NA	0	1	0.996005996001	1.0000000000000036e-12	25.8265306122449	AM7	AM
1085031	1095030	1090030.5	110	NA	NA	NA	0	1	0.996005996001	1.0000000000000036e-12	25.736363636363638	AM7	AM
1090031	1100030	1095030.5	102	NA	NA	NA	0	1	0.996005996001	1.0000000000000036e-12	25.627450980392158	AM7	AM
1095031	1105030	1100030.5	94	NA	NA	NA	0	1	0.996005996001	1.0000000000000036e-12	25.882978723404257	AM7	AM
1100031	1110030	1105030.5	95	NA	NA	NA	0	1	0.996005996001	1.0000000000000036e-12	26.4	AM7	AM
1105031	1115030	1110030.5	79	25.78089440145653	NA	6.417418896158763	0	1	0.996005996001	1.0000000000000036e-12	26.60759493670886	AM7	AM
1110031	1120030	1115030.5	94	20.85782868351854	NA	5.305687695983887	0	1	0.996005996001	1.0000000000000036e-12	26.04255319148936	AM7	AM
1115031	1125030	1120030.5	97	18.8865077164794	NA	4.856824313866082	0	1	0.996005996001	1.0000000000000036e-12	25.927835051546392	AM7	AM
1120031	1130030	1125030.5	114	NA	NA	NA	0	1	0.996005996001	1.0000000000000036e-12	25.57894736842105	AM7	AM
1125031	1135030	1130030.5	161	NA	NA	NA	0	1	0.996005996001	1.0000000000000036e-12	25.73913043478261	AM7	AM
1130031	1140030	1135030.5	147	27.947695540269677	NA	6.904344976833615	0	1	0.996005996001	1.0000000000000036e-12	25.897959183673468	AM7	AM
1135031	1145030	1140030.5	120	20.170144179877415	5.642176760821814e-4	5.134913546501881	0	1	0.996005996001	1.0000000000000036e-12	25.341666666666665	AM7	AM
1140031	1150030	1145030.5	107	19.11484054293285	5.642176760821814e-4	4.897772550950645	0	1	0.996005996001	1.0000000000000036e-12	25.55140186915888	AM7	AM
1145031	1155030	1150030.5	98	22.936657557327198	NA	5.776171170429911	0	1	0.996005996001	1.0000000000000036e-12	24.632653061224488	AM7	AM
1150031	1160030	1155030.5	97	20.379705731788597	NA	5.195759895757057	0	1	0.996005996001	1.0000000000000036e-12	24.030927835051546	AM7	AM
1155031	1165030	1160030.5	98	NA	NA	NA	0	1	0.996005996001	1.0000000000000036e-12	25.081632653061224	AM7	AM
1160031	1170030	1165030.5	109	21.972171564664436	0	5.558094721960005	0	1	0.996005996001	1.0000000000000036e-12	25.6697247706422	AM7	AM
1165031	1175030	1170030.5	123	21.972171564664436	0	5.558094721960005	0	1	0.996005996001	1.0000000000000036e-12	25.577235772357724	AM7	AM
1170031	1180030	1175030.5	108	NA	NA	NA	0	1	0.996005996001	1.0000000000000036e-12	25.51851851851852	AM7	AM
1175031	1185030	1180030.5	85	NA	NA	NA	0	1	0.996005996001	1.0000000000000036e-12	16.258823529411764	AM7	AM
1180031	1190030	1185030.5	59	NA	NA	NA	0	1	0.996005996001	1.0000000000000036e-12	4.47457627118644	AM7	AM
1185031	1195030	1190030.5	62	12.353477536611464	7092.671777884022	3.3563837078465135	0	1	0.996005996001	1.0000000000000036e-12	6.467741935483871	AM7	AM
1190031	1200030	1195030.5	90	12.353477536611464	7092.671777884022	3.3563837078465135	0	1	0.996005996001	1.0000000000000036e-12	17.333333333333332	AM7	AM
1195031	1205030	1200030.5	110	NA	NA	NA	0	1	0.996005996001	1.0000000000000036e-12	25.727272727272727	AM7	AM
1200031	1210030	1205030.5	132	NA	NA	NA	0	1	0.996005996001	1.0000000000000036e-12	25.666666666666668	AM7	AM
1205031	1215030	1210030.5	113	NA	NA	NA	0	1	0.996005996001	1.0000000000000036e-12	25.699115044247787	AM7	AM
1210031	1220030	1215030.5	72	22.7128041012575	0	5.725587566150691	0	1	0.996005996001	1.0000000000000036e-12	25.680555555555557	AM7	AM
1215031	1225030	1220030.5	81	22.513975269941234	0	5.680636101876678	0	1	0.996005996001	1.0000000000000036e-12	25.85185185185185	AM7	AM
1220031	1230030	1225030.5	103	19.09265011881062	3051.1855476884616	4.9021572858743045	0	1	0.996005996001	1.0000000000000036e-12	25.766990291262136	AM7	AM
1225031	1235030	1230030.5	89	22.279823562196924	0	5.627695948755919	0	1	0.996005996001	1.0000000000000036e-12	25.617977528089888	AM7	AM
1230031	1240030	1235030.5	89	NA	NA	NA	0	1	0.996005996001	1.0000000000000036e-12	25.820224719101123	AM7	AM
1235031	1245030	1240030.5	111	16.81295558340118	NA	4.384568490303642	0	1	0.996005996001	1.0000000000000036e-12	25.684684684684683	AM7	AM
1240031	1250030	1245030.5	128	20.52600689675058	NA	5.227347287202598	0	1	0.996005996001	1.0000000000000036e-12	25.5078125	AM7	AM
1245031	1255030	1250030.5	121	21.260127184630992	0	5.396870574601452	0	1	0.996005996001	1.0000000000000036e-12	25.520661157024794	AM7	AM
1250031	1260030	1255030.5	131	21.255421090495908	0	5.395804301651133	0	1	0.996005996001	1.0000000000000036e-12	25.572519083969464	AM7	AM
1255031	1265030	1260030.5	110	22.693310353464216	0	5.721181753878694	0	1	0.996005996001	1.0000000000000036e-12	25.90909090909091	AM7	AM
1260031	1270030	1265030.5	110	23.611111111111114	0	5.928468743195043	0	1	0.996005996001	1.0000000000000036e-12	26.172727272727272	AM7	AM
1265031	1275030	1270030.5	144	24.803602430555557	0	6.197152208635323	0	1	0.996005996001	1.0000000000000036e-12	25.805555555555557	AM7	AM
1270031	1280030	1275030.5	138	19.8583984375	0	5.07885719160361	0	1	0.996005996001	1.0000000000000036e-12	25.68840579710145	AM7	AM
1275031	1285030	1280030.5	134	19.8583984375	0	5.07885719160361	0	1	0.996005996001	1.0000000000000036e-12	25.708955223880597	AM7	AM
1280031	1290030	1285030.5	100	NA	NA	NA	0	1	0.996005996001	1.0000000000000036e-12	25.5	AM7	AM
1285031	1295030	1290030.5	82	NA	NA	NA	0	1	0.996005996001	1.0000000000000036e-12	25.682926829268293	AM7	AM
1290031	1300030	1295030.5	104	NA	NA	NA	0	1	0.996005996001	1.0000000000000036e-12	25.884615384615383	AM7	AM
1295031	1305030	1300030.5	99	NA	NA	NA	0	1	0.996005996001	1.0000000000000036e-12	25.78787878787879	AM7	AM
1300031	1310030	1305030.5	83	22.936657557327198	NA	5.776171170429911	0	1	0.996005996001	1.0000000000000036e-12	26	AM7	AM
1305031	1315030	1310030.5	71	22.936657557327198	NA	5.776171170429911	0	1	0.996005996001	1.0000000000000036e-12	26.3943661971831	AM7	AM
1310031	1320030	1315030.5	66	19.739735481687394	32795.84704667206	5.051895228978393	0	1	0.996005996001	1.0000000000000036e-12	26.393939393939394	AM7	AM
1315031	1325030	1320030.5	94	23.843715510978534	32795.84704667206	5.978120102906004	0	1	0.996005996001	1.0000000000000036e-12	25.819148936170212	AM7	AM
1320031	1330030	1325030.5	105	27.947695540269677	NA	6.904344976833615	0	1	0.996005996001	1.0000000000000036e-12	25.876190476190477	AM7	AM
1325031	1335030	1330030.5	93	15.767631135044443	3788.1348004294287	4.144981664109287	0	1	0.996005996001	1.0000000000000036e-12	25.817204301075268	AM7	AM
1330031	1340030	1335030.5	79	14.77171658451384	3788.1348004294287	3.9155865423901477	0	1	0.996005996001	1.0000000000000036e-12	25.50632911392405	AM7	AM
1335031	1345030	1340030.5	93	13.775802033983236	NA	3.6861914206710082	0	1	0.996005996001	1.0000000000000036e-12	25.161290322580644	AM7	AM
1340031	1350030	1345030.5	102	NA	NA	NA	0	1	0.996005996001	1.0000000000000036e-12	25.245098039215687	AM7	AM
1345031	1355030	1350030.5	68	NA	NA	NA	0	1	0.996005996001	1.0000000000000036e-12	25.88235294117647	AM7	AM
1350031	1360030	1355030.5	55	NA	NA	NA	0	1	0.996005996001	1.0000000000000036e-12	26.363636363636363	AM7	AM
1355031	1365030	1360030.5	79	23.86798858642578	0	5.986432987840223	0	1	0.996005996001	1.0000000000000036e-12	25.544303797468356	AM7	AM
1360031	1370030	1365030.5	72	23.86798858642578	0	5.986432987840223	0	1	0.996005996001	1.0000000000000036e-12	25.319444444444443	AM7	AM
1365031	1375030	1370030.5	54	NA	NA	NA	0	1	0.996005996001	1.0000000000000036e-12	26.27777777777778	AM7	AM
1370031	1380030	1375030.5	77	18.41976350283599	NA	4.750966258549041	0	1	0.996005996001	1.0000000000000036e-12	25.116883116883116	AM7	AM
1375031	1385030	1380030.5	104	20.87632610859287	0	5.30965223250727	0	1	0.996005996001	1.0000000000000036e-12	24.971153846153847	AM7	AM
1380031	1390030	1385030.5	105	23.84698888549301	0	5.981072043125961	0	1	0.996005996001	1.0000000000000036e-12	25.542857142857144	AM7	AM
1385031	1395030	1390030.5	101	16.75160819047724	4801.526885453961	4.37052783877565	0	1	0.996005996001	1.0000000000000036e-12	25.91089108910891	AM7	AM
1390031	1400030	1395030.5	109	19.80558550319662	4801.526885453961	5.0646400715553845	0	1	0.996005996001	1.0000000000000036e-12	26.045871559633028	AM7	AM
1395031	1405030	1400030.5	96	22.859562815916004	NA	5.758752304335118	0	1	0.996005996001	1.0000000000000036e-12	26.052083333333332	AM7	AM
1400031	1410030	1405030.5	83	NA	NA	NA	0	1	0.996005996001	1.0000000000000036e-12	26.096385542168676	AM7	AM
1405031	1415030	1410030.5	82	NA	NA	NA	0	1	0.996005996001	1.0000000000000036e-12	25.853658536585368	AM7	AM
1410031	1420030	1415030.5	101	NA	NA	NA	0	1	0.996005996001	1.0000000000000036e-12	25.84158415841584	AM7	AM
1415031	1425030	1420030.5	119	NA	NA	NA	0	1	0.996005996001	1.0000000000000036e-12	25.941176470588236	AM7	AM
1420031	1430030	1425030.5	115	NA	NA	NA	0	1	0.996005996001	1.0000000000000036e-12	25.6	AM7	AM
1425031	1435030	1430030.5	94	NA	NA	NA	0	1	0.996005996001	1.0000000000000036e-12	25.393617021276597	AM7	AM
1430031	1440030	1435030.5	73	NA	NA	NA	0	1	0.996005996001	1.0000000000000036e-12	25.465753424657535	AM7	AM
1435031	1445030	1440030.5	73	16.75160819047724	4801.526885453961	4.37052783877565	0	1	0.996005996001	1.0000000000000036e-12	25.73972602739726	AM7	AM
1440031	1450030	1445030.5	59	22.31766704124012	4801.526885453961	5.630257463196138	0	1	0.996005996001	1.0000000000000036e-12	26.220338983050848	AM7	AM
1445031	1455030	1450030.5	61	27.883725892003007	NA	6.889987087616625	0	1	0.996005996001	1.0000000000000036e-12	26.229508196721312	AM7	AM
1450031	1460030	1455030.5	88	17.516586377767126	0	4.545441487771407	0	1	0.996005996001	1.0000000000000036e-12	26.181818181818183	AM7	AM
1455031	1465030	1460030.5	106	17.516586377767126	0	4.545441487771407	0	1	0.996005996001	1.0000000000000036e-12	26.150943396226417	AM7	AM
1460031	1470030	1465030.5	86	NA	NA	NA	0	1	0.996005996001	1.0000000000000036e-12	26.127906976744185	AM7	AM
1465031	1475030	1470030.5	74	NA	NA	NA	0	1	0.996005996001	1.0000000000000036e-12	26.35135135135135	AM7	AM
1470031	1480030	1475030.5	78	NA	NA	NA	0	1	0.996005996001	1.0000000000000036e-12	26.333333333333332	AM7	AM
1475031	1485030	1480030.5	78	NA	NA	NA	0	1	0.996005996001	1.0000000000000036e-12	25.55128205128205	AM7	AM
1480031	1490030	1485030.5	85	NA	NA	NA	0	1	0.996005996001	1.0000000000000036e-12	25.48235294117647	AM7	AM
1485031	1495030	1490030.5	73	NA	NA	NA	0	1	0.996005996001	1.0000000000000036e-12	25.958904109589042	AM7	AM
1490031	1500030	1495030.5	77	NA	NA	NA	0	1	0.996005996001	1.0000000000000036e-12	25.90909090909091	AM7	AM
1495031	1505030	1500030.5	75	NA	NA	NA	0	1	0.996005996001	1.0000000000000036e-12	25.96	AM7	AM
1500031	1510030	1505030.5	60	21.743519909842224	NA	5.506345790599425	0	1	0.996005996001	1.0000000000000036e-12	25.966666666666665	AM7	AM
1505031	1515030	1510030.5	66	18.522783073392148	0.0032488628979857053	4.414571455932802	0	1	0.996005996001	1.0000000000000036e-12	25.924242424242426	AM7	AM
1510031	1520030	1515030.5	70	19.563967599199298	0.0032488628979857053	4.64986593312445	0	1	0.996005996001	1.0000000000000036e-12	25.9	AM7	AM
1515031	1525030	1520030.5	68	23.825888961456528	NA	5.976934744982719	0	1	0.996005996001	1.0000000000000036e-12	24.75	AM7	AM
31	10030	5030.5	140	56.489640568808625	0	13.247980717698848	0	1	0.996005996001	1.0000000000000036e-12	49.52857142857143	AM8	AM
5031	15030	10030.5	118	51.93977716417273	0	12.242382060669485	0	1	0.996005996001	1.0000000000000036e-12	51.97457627118644	AM8	AM
10031	20030	15030.5	124	50.95508783208636	0	12.024513254167326	0	1	0.996005996001	1.0000000000000036e-12	51.75806451612903	AM8	AM
15031	25030	20030.5	89	49.37434944132653	0	11.674689304637369	0	1	0.996005996001	1.0000000000000036e-12	52.61797752808989	AM8	AM
20031	30030	25030.5	77	48.778300382653065	0	11.54273416160957	0	1	0.996005996001	1.0000000000000036e-12	52.97402597402598	AM8	AM
25031	35030	30030.5	108	54.956683458256286	NA	12.909301458206397	0	1	0.996005996001	1.0000000000000036e-12	53.26851851851852	AM8	AM
30031	40030	35030.5	117	54.956683458256286	NA	12.909301458206397	0	1	0.996005996001	1.0000000000000036e-12	53.41025641025641	AM8	AM
35031	45030	40030.5	78	NA	NA	NA	0	1	0.996005996001	1.0000000000000036e-12	52.37179487179487	AM8	AM
40031	50030	45030.5	80	42.47587004917806	0	10.145331945009328	0	1	0.996005996001	1.0000000000000036e-12	52.2	AM8	AM
45031	55030	50030.5	108	42.47587004917806	0	10.145331945009328	0	1	0.996005996001	1.0000000000000036e-12	53.379629629629626	AM8	AM
50031	60030	55030.5	110	52.76777092824659	0	12.425489398190118	0	1	0.996005996001	1.0000000000000036e-12	53.74545454545454	AM8	AM
55031	65030	60030.5	97	52.76777092824659	0	12.425489398190118	0	1	0.996005996001	1.0000000000000036e-12	53.144329896907216	AM8	AM
60031	70030	65030.5	96	NA	NA	NA	0	1	0.996005996001	1.0000000000000036e-12	52.875	AM8	AM
65031	75030	70030.5	122	NA	NA	NA	0	1	0.996005996001	1.0000000000000036e-12	53.040983606557376	AM8	AM
70031	80030	75030.5	123	NA	NA	NA	0	1	0.996005996001	1.0000000000000036e-12	53.40650406504065	AM8	AM
75031	85030	80030.5	90	52.972052852354636	NA	12.470661966755243	0	1	0.996005996001	1.0000000000000036e-12	54	AM8	AM
80031	90030	85030.5	86	52.972052852354636	NA	12.470661966755243	0	1	0.996005996001	1.0000000000000036e-12	53.848837209302324	AM8	AM
85031	95030	90030.5	106	43.96642341871713	NA	10.47617873918789	0	1	0.996005996001	1.0000000000000036e-12	52.70754716981132	AM8	AM
90031	100030	95030.5	129	43.96642341871713	NA	10.47617873918789	0	1	0.996005996001	1.0000000000000036e-12	51.47286821705426	AM8	AM
95031	105030	100030.5	164	44.695794428925005	26266.70840832002	10.63658228797618	0	1	0.996005996001	1.0000000000000036e-12	50.676829268292686	AM8	AM
100031	110030	105030.5	134	44.695794428925005	26266.70840832002	10.63658228797618	0	1	0.996005996001	1.0000000000000036e-12	51.19402985074627	AM8	AM
105031	115030	110030.5	88	39.75206425573591	45027.03544155425	9.540101584867013	0	1	0.996005996001	1.0000000000000036e-12	52.90909090909091	AM8	AM
110031	120030	115030.5	99	39.75206425573591	45027.03544155425	9.540101584867013	0	1	0.996005996001	1.0000000000000036e-12	53.37373737373738	AM8	AM
115031	125030	120030.5	99	NA	NA	NA	0	1	0.996005996001	1.0000000000000036e-12	53.86868686868687	AM8	AM
120031	130030	125030.5	67	NA	NA	NA	0	1	0.996005996001	1.0000000000000036e-12	53.44776119402985	AM8	AM
125031	135030	130030.5	88	NA	NA	NA	0	1	0.996005996001	1.0000000000000036e-12	53.30681818181818	AM8	AM
130031	140030	135030.5	118	54.973056724267465	NA	12.912951970028942	0	1	0.996005996001	1.0000000000000036e-12	51.83050847457627	AM8	AM
135031	145030	140030.5	96	54.47281034563473	NA	12.802397921636757	0	1	0.996005996001	1.0000000000000036e-12	51.40625	AM8	AM
140031	150030	145030.5	138	53.97256396700198	NA	12.691843873244572	0	1	0.996005996001	1.0000000000000036e-12	53.789855072463766	AM8	AM
145031	155030	150030.5	214	50.02238957866884	0	11.818151735069643	0	1	0.996005996001	1.0000000000000036e-12	53.72429906542056	AM8	AM
150031	160030	155030.5	199	50.996955956906675	0	12.033777587419937	0	1	0.996005996001	1.0000000000000036e-12	53.21608040201005	AM8	AM
155031	165030	160030.5	131	51.97152233514451	NA	12.249403439770234	0	1	0.996005996001	1.0000000000000036e-12	52.908396946564885	AM8	AM
160031	170030	165030.5	95	NA	NA	NA	0	1	0.996005996001	1.0000000000000036e-12	52.90526315789474	AM8	AM
165031	175030	170030.5	87	37.26236264909699	0	8.986074928727872	0	1	0.996005996001	1.0000000000000036e-12	52.298850574712645	AM8	AM
170031	180030	175030.5	81	37.26236264909699	0	8.986074928727872	0	1	0.996005996001	1.0000000000000036e-12	52.44444444444444	AM8	AM
175031	185030	180030.5	94	50.65597781608319	0	11.958367662008023	0	1	0.996005996001	1.0000000000000036e-12	51.638297872340424	AM8	AM
180031	190030	185030.5	112	50.65597781608319	0	11.958367662008023	0	1	0.996005996001	1.0000000000000036e-12	51.705357142857146	AM8	AM
185031	195030	190030.5	101	NA	NA	NA	0	1	0.996005996001	1.0000000000000036e-12	53.13861386138614	AM8	AM
190031	200030	195030.5	80	NA	NA	NA	0	1	0.996005996001	1.0000000000000036e-12	54	AM8	AM
195031	205030	200030.5	113	27.883725892003007	NA	6.889987087616625	0	1	0.996005996001	1.0000000000000036e-12	52.92920353982301	AM8	AM
200031	210030	205030.5	114	27.883725892003007	NA	6.889987087616625	0	1	0.996005996001	1.0000000000000036e-12	52.51754385964912	AM8	AM
205031	215030	210030.5	91	NA	NA	NA	0	1	0.996005996001	1.0000000000000036e-12	52.472527472527474	AM8	AM
210031	220030	215030.5	103	NA	NA	NA	0	1	0.996005996001	1.0000000000000036e-12	52.79611650485437	AM8	AM
215031	225030	220030.5	109	47.766768478024275	9.676848967647642e-7	11.318703924415336	0	1	0.996005996001	1.0000000000000036e-12	52.60550458715596	AM8	AM
220031	230030	225030.5	84	47.766768478024275	9.676848967647642e-7	11.318703924415336	0	1	0.996005996001	1.0000000000000036e-12	52.19047619047619	AM8	AM
225031	235030	230030.5	51	56.973990985080434	NA	13.354957227391509	0	1	0.996005996001	1.0000000000000036e-12	53.76470588235294	AM8	AM
230031	240030	235030.5	89	56.973990985080434	NA	13.354957227391509	0	1	0.996005996001	1.0000000000000036e-12	53.40449438202247	AM8	AM
235031	245030	240030.5	105	NA	NA	NA	0	1	0.996005996001	1.0000000000000036e-12	53.13333333333333	AM8	AM
240031	250030	245030.5	100	NA	NA	NA	0	1	0.996005996001	1.0000000000000036e-12	53.28	AM8	AM
245031	255030	250030.5	99	NA	NA	NA	0	1	0.996005996001	1.0000000000000036e-12	53.26262626262626	AM8	AM
250031	260030	255030.5	98	NA	NA	NA	0	1	0.996005996001	1.0000000000000036e-12	52.673469387755105	AM8	AM
255031	265030	260030.5	104	NA	NA	NA	0	1	0.996005996001	1.0000000000000036e-12	52.41346153846154	AM8	AM
260031	270030	265030.5	87	54.973056724267465	NA	12.912951970028942	0	1	0.996005996001	1.0000000000000036e-12	52.85057471264368	AM8	AM
265031	275030	270030.5	80	679.1815602044239	0	147.97025409144976	0	1	0.996005996001	1.0000000000000036e-12	53.35	AM8	AM
270031	280030	275030.5	82	676.1799331695432	0	147.30634684992856	0	1	0.996005996001	1.0000000000000036e-12	53.40243902439025	AM8	AM
275031	285030	280030.5	87	50.76971698044331	0	11.983408156094654	0	1	0.996005996001	1.0000000000000036e-12	51.310344827586206	AM8	AM
280031	290030	285030.5	86	52.56963130638043	0	12.381678825202792	0	1	0.996005996001	1.0000000000000036e-12	49.127906976744185	AM8	AM
285031	295030	290030.5	91	35.83944187242799	NA	8.669046702999525	0	1	0.996005996001	1.0000000000000036e-12	50.35164835164835	AM8	AM
290031	300030	295030.5	99	35.83944187242799	NA	8.669046702999525	0	1	0.996005996001	1.0000000000000036e-12	51.60606060606061	AM8	AM
295031	305030	300030.5	142	NA	NA	NA	0	1	0.996005996001	1.0000000000000036e-12	52.352112676056336	AM8	AM
300031	310030	305030.5	134	NA	NA	NA	0	1	0.996005996001	1.0000000000000036e-12	53.16417910447761	AM8	AM
305031	315030	310030.5	90	51.44175034106724	NA	12.13213601162716	0	1	0.996005996001	1.0000000000000036e-12	50.266666666666666	AM8	AM
310031	320030	315030.5	131	51.44175034106724	NA	12.13213601162716	0	1	0.996005996001	1.0000000000000036e-12	51.11450381679389	AM8	AM
315031	325030	320030.5	121	NA	NA	NA	0	1	0.996005996001	1.0000000000000036e-12	51.760330578512395	AM8	AM
320031	330030	325030.5	92	NA	NA	NA	0	1	0.996005996001	1.0000000000000036e-12	49.73913043478261	AM8	AM
325031	335030	330030.5	108	NA	NA	NA	0	1	0.996005996001	1.0000000000000036e-12	50.96296296296296	AM8	AM
330031	340030	335030.5	99	NA	NA	NA	0	1	0.996005996001	1.0000000000000036e-12	51.55555555555556	AM8	AM
335031	345030	340030.5	84	1143.1337955136864	0	248.22834973435712	0	1	0.996005996001	1.0000000000000036e-12	52.23809523809524	AM8	AM
340031	350030	345030.5	67	598.646536197188	0	130.48073111528598	0	1	0.996005996001	1.0000000000000036e-12	49.04477611940298	AM8	AM
345031	355030	350030.5	34	54.15927688068962	NA	12.733112496214805	0	1	0.996005996001	1.0000000000000036e-12	43.8235294117647	AM8	AM
350031	360030	355030.5	8	1095.3518474198509	0	237.85263153848692	0	1	0.996005996001	1.0000000000000036e-12	43.125	AM8	AM
355031	365030	360030.5	7	1095.3518474198509	0	237.85263153848692	0	1	0.996005996001	1.0000000000000036e-12	37.714285714285715	AM8	AM
360031	370030	365030.5	13	36.075480474996546	0	8.721657207869706	0	1	0.996005996001	1.0000000000000036e-12	36	AM8	AM
365031	375030	370030.5	54	36.075480474996546	0	8.721657207869706	0	1	0.996005996001	1.0000000000000036e-12	33.907407407407405	AM8	AM
370031	380030	375030.5	89	NA	NA	NA	0	1	0.996005996001	1.0000000000000036e-12	41.28089887640449	AM8	AM
375031	385030	380030.5	75	NA	NA	NA	0	1	0.996005996001	1.0000000000000036e-12	51.36	AM8	AM
380031	390030	385030.5	67	NA	NA	NA	0	1	0.996005996001	1.0000000000000036e-12	53.32835820895522	AM8	AM
385031	395030	390030.5	81	NA	NA	NA	0	1	0.996005996001	1.0000000000000036e-12	53.851851851851855	AM8	AM
390031	400030	395030.5	81	52.75131282346333	0	12.421853561700111	0	1	0.996005996001	1.0000000000000036e-12	53.27160493827161	AM8	AM
395031	405030	400030.5	80	52.75131282346333	0	12.421853561700111	0	1	0.996005996001	1.0000000000000036e-12	52.9125	AM8	AM
400031	410030	405030.5	99	54.973056724267465	NA	12.912951970028942	0	1	0.996005996001	1.0000000000000036e-12	52.39393939393939	AM8	AM
405031	415030	410030.5	87	54.973056724267465	0	12.912951970028942	0	1	0.996005996001	1.0000000000000036e-12	51.59770114942529	AM8	AM
410031	420030	415030.5	67	54.973056724267465	0	12.912951970028942	0	1	0.996005996001	1.0000000000000036e-12	50.83582089552239	AM8	AM
415031	425030	420030.5	78	NA	NA	NA	0	1	0.996005996001	1.0000000000000036e-12	50.87179487179487	AM8	AM
420031	430030	425030.5	91	NA	NA	NA	0	1	0.996005996001	1.0000000000000036e-12	51.38461538461539	AM8	AM
425031	435030	430030.5	96	NA	NA	NA	0	1	0.996005996001	1.0000000000000036e-12	51.895833333333336	AM8	AM
430031	440030	435030.5	96	NA	NA	NA	0	1	0.996005996001	1.0000000000000036e-12	53.21875	AM8	AM
435031	445030	440030.5	93	51.1877128312845	NA	12.076018573594443	0	1	0.996005996001	1.0000000000000036e-12	52.10752688172043	AM8	AM
440031	450030	445030.5	80	48.13908210696535	0	11.400768106342241	0	1	0.996005996001	1.0000000000000036e-12	51.0375	AM8	AM
445031	455030	450030.5	75	50.03175405345683	0	11.819234804559493	0	1	0.996005996001	1.0000000000000036e-12	52.333333333333336	AM8	AM
450031	460030	455030.5	96	54.973056724267465	NA	12.912951970028942	0	1	0.996005996001	1.0000000000000036e-12	53.020833333333336	AM8	AM
455031	465030	460030.5	93	36.911230347289404	NA	8.907869902237604	0	1	0.996005996001	1.0000000000000036e-12	51.913978494623656	AM8	AM
460031	470030	465030.5	97	36.911230347289404	NA	8.907869902237604	0	1	0.996005996001	1.0000000000000036e-12	51.649484536082475	AM8	AM
465031	475030	470030.5	85	52.972052852354636	NA	12.470661966755243	0	1	0.996005996001	1.0000000000000036e-12	52.68235294117647	AM8	AM
470031	480030	475030.5	61	48.73489885416086	NA	11.53235883125767	0	1	0.996005996001	1.0000000000000036e-12	53.08196721311475	AM8	AM
475031	485030	480030.5	77	44.49774485596708	NA	10.594055695760096	0	1	0.996005996001	1.0000000000000036e-12	53.27272727272727	AM8	AM
480031	490030	485030.5	54	NA	NA	NA	0	1	0.996005996001	1.0000000000000036e-12	52.96296296296296	AM8	AM
485031	495030	490030.5	40	NA	NA	NA	0	1	0.996005996001	1.0000000000000036e-12	54.35	AM8	AM
490031	500030	495030.5	54	NA	NA	NA	0	1	0.996005996001	1.0000000000000036e-12	53.98148148148148	AM8	AM
495031	505030	500030.5	65	31.89779818058014	NA	7.789143288972967	0	1	0.996005996001	1.0000000000000036e-12	52.2	AM8	AM
500031	510030	505030.5	74	31.89779818058014	NA	7.789143288972967	0	1	0.996005996001	1.0000000000000036e-12	52.567567567567565	AM8	AM
505031	515030	510030.5	83	NA	NA	NA	0	1	0.996005996001	1.0000000000000036e-12	52.06024096385542	AM8	AM
510031	520030	515030.5	77	48.47821349992081	0	11.476096404837671	0	1	0.996005996001	1.0000000000000036e-12	52	AM8	AM
515031	525030	520030.5	59	47.07541402180989	0	11.165533641051542	0	1	0.996005996001	1.0000000000000036e-12	53.23728813559322	AM8	AM
520031	530030	525030.5	71	47.07541402180989	0	11.165533641051542	0	1	0.996005996001	1.0000000000000036e-12	49.87323943661972	AM8	AM
525031	535030	530030.5	76	37.77782459548308	0	9.100161884906745	0	1	0.996005996001	1.0000000000000036e-12	47.723684210526315	AM8	AM
530031	540030	535030.5	72	34.635972303207	0	8.400670934528572	0	1	0.996005996001	1.0000000000000036e-12	47.541666666666664	AM8	AM
535031	545030	540030.5	82	53.97256396700198	NA	12.691843873244572	0	1	0.996005996001	1.0000000000000036e-12	47.91463414634146	AM8	AM
540031	550030	545030.5	97	53.62983027707901	NA	12.616079946934128	0	1	0.996005996001	1.0000000000000036e-12	50.43298969072165	AM8	AM
545031	555030	550030.5	95	47.87701082229614	0	11.343124297955171	0	1	0.996005996001	1.0000000000000036e-12	52.10526315789474	AM8	AM
550031	560030	555030.5	63	47.87701082229614	0	11.343124297955171	0	1	0.996005996001	1.0000000000000036e-12	52.58730158730159	AM8	AM
555031	565030	560030.5	46	NA	NA	NA	0	1	0.996005996001	1.0000000000000036e-12	53.17391304347826	AM8	AM
560031	570030	565030.5	73	NA	NA	NA	0	1	0.996005996001	1.0000000000000036e-12	52.75342465753425	AM8	AM
565031	575030	570030.5	109	41.01164393398729	0	9.82008939301597	0	1	0.996005996001	1.0000000000000036e-12	51.908256880733944	AM8	AM
570031	580030	575030.5	102	41.4366407230675	0	9.91450709963384	0	1	0.996005996001	1.0000000000000036e-12	51.55882352941177	AM8	AM
575031	585030	580030.5	67	45.63940605594136	0	10.84724451987393	0	1	0.996005996001	1.0000000000000036e-12	51.776119402985074	AM8	AM
580031	590030	585030.5	70	45.11574536076287	0	10.729445738787128	0	1	0.996005996001	1.0000000000000036e-12	51.07142857142857	AM8	AM
585031	595030	590030.5	79	43.96642341871713	NA	10.47617873918789	0	1	0.996005996001	1.0000000000000036e-12	50.40506329113924	AM8	AM
590031	600030	595030.5	71	48.440223202067315	0	11.467004956266106	0	1	0.996005996001	1.0000000000000036e-12	51.014084507042256	AM8	AM
595031	605030	600030.5	86	46.886437937478846	0	11.121983692583468	0	1	0.996005996001	1.0000000000000036e-12	51.883720930232556	AM8	AM
600031	610030	605030.5	114	40.858852889540195	0	9.786136211822615	0	1	0.996005996001	1.0000000000000036e-12	50.48245614035088	AM8	AM
605031	615030	610030.5	118	43.85155501685241	0	10.444053983573783	0	1	0.996005996001	1.0000000000000036e-12	51.11864406779661	AM8	AM
610031	620030	615030.5	107	53.97256396700198	NA	12.691843873244572	0	1	0.996005996001	1.0000000000000036e-12	53.26168224299065	AM8	AM
615031	625030	620030.5	100	53.97256396700198	NA	12.691843873244572	0	1	0.996005996001	1.0000000000000036e-12	53.96	AM8	AM
620031	630030	625030.5	101	NA	NA	NA	0	1	0.996005996001	1.0000000000000036e-12	53.86138613861386	AM8	AM
625031	635030	630030.5	112	52.972052852354636	NA	12.470661966755243	0	1	0.996005996001	1.0000000000000036e-12	52.339285714285715	AM8	AM
630031	640030	635030.5	79	52.95478436320335	NA	12.466843802468787	0	1	0.996005996001	1.0000000000000036e-12	51.87341772151899	AM8	AM
635031	645030	640030.5	41	52.93751587405207	NA	12.463025638182334	0	1	0.996005996001	1.0000000000000036e-12	52.65853658536585	AM8	AM
640031	650030	645030.5	57	NA	NA	NA	0	1	0.996005996001	1.0000000000000036e-12	49.87719298245614	AM8	AM
645031	655030	650030.5	63	NA	NA	NA	0	1	0.996005996001	1.0000000000000036e-12	50.857142857142854	AM8	AM
650031	660030	655030.5	64	660.4619443385826	0	143.86329277511044	0	1	0.996005996001	1.0000000000000036e-12	51.53125	AM8	AM
655031	665030	660030.5	63	44.949333333333335	0	10.694220918404717	0	1	0.996005996001	1.0000000000000036e-12	50.95238095238095	AM8	AM
660031	670030	665030.5	53	44.949333333333335	0	10.694220918404717	0	1	0.996005996001	1.0000000000000036e-12	52.24528301886792	AM8	AM
665031	675030	670030.5	35	NA	NA	NA	0	1	0.996005996001	1.0000000000000036e-12	52.2	AM8	AM
670031	680030	675030.5	11	NA	NA	NA	0	1	0.996005996001	1.0000000000000036e-12	42.81818181818182	AM8	AM
675031	685030	680030.5	9	NA	NA	NA	NA	NA	NA	NA	0	AM8	AM
680031	690030	685030.5	7	NA	NA	NA	NA	NA	NA	NA	0	AM8	AM
685031	695030	690030.5	0	NA	NA	NA	NA	NA	NA	NA	NA	AM8	AM
690031	700030	695030.5	0	NA	NA	NA	NA	NA	NA	NA	NA	AM8	AM
695031	705030	700030.5	0	NA	NA	NA	NA	NA	NA	NA	NA	AM8	AM
700031	710030	705030.5	16	NA	NA	NA	0	1	0.996005996001	1.0000000000000036e-12	48.875	AM8	AM
705031	715030	710030.5	62	155.679012345679	0.9473684210526315	32.80444962492014	0	1	0.996005996001	1.0000000000000036e-12	51.193548387096776	AM8	AM
710031	720030	715030.5	107	44.93739550897523	0.47368421052631576	10.684130027710207	0	1	0.996005996001	1.0000000000000036e-12	52.018691588785046	AM8	AM
715031	725030	720030.5	99	34.82941693053684	0	8.443523428112858	0	1	0.996005996001	1.0000000000000036e-12	52.07070707070707	AM8	AM
720031	730030	725030.5	77	52.409847217627636	0	12.346344207468242	0	1	0.996005996001	1.0000000000000036e-12	52.922077922077925	AM8	AM
725031	735030	730030.5	74	54.42292590911674	0	12.79124298029594	0	1	0.996005996001	1.0000000000000036e-12	53.78378378378378	AM8	AM
730031	740030	735030.5	66	45.55204349020962	NA	10.82787443891063	0	1	0.996005996001	1.0000000000000036e-12	53.09090909090909	AM8	AM
735031	745030	740030.5	71	45.55204349020962	NA	10.82787443891063	0	1	0.996005996001	1.0000000000000036e-12	52.7887323943662	AM8	AM
740031	750030	745030.5	77	NA	NA	NA	0	1	0.996005996001	1.0000000000000036e-12	52.57142857142857	AM8	AM
745031	755030	750030.5	72	NA	NA	NA	0	1	0.996005996001	1.0000000000000036e-12	51.30555555555556	AM8	AM
750031	760030	755030.5	75	NA	NA	NA	0	1	0.996005996001	1.0000000000000036e-12	51.25333333333333	AM8	AM
755031	765030	760030.5	93	37.83220200984169	0	9.112292897666116	0	1	0.996005996001	1.0000000000000036e-12	51.24731182795699	AM8	AM
760031	770030	765030.5	92	37.76397663254939	0	9.097765237904827	0	1	0.996005996001	1.0000000000000036e-12	50.08695652173913	AM8	AM
765031	775030	770030.5	102	37.76397663254939	0	9.097765237904827	0	1	0.996005996001	1.0000000000000036e-12	50.5	AM8	AM
770031	780030	775030.5	98	41.27521628944394	0	9.87864821741469	0	1	0.996005996001	1.0000000000000036e-12	51.38775510204081	AM8	AM
775031	785030	780030.5	58	45.50229501728494	NA	10.815841150762534	0	1	0.996005996001	1.0000000000000036e-12	52.01724137931034	AM8	AM
780031	790030	785030.5	70	NA	NA	NA	0	1	0.996005996001	1.0000000000000036e-12	49.91428571428571	AM8	AM
785031	795030	790030.5	87	51.38838303452684	0	12.120412872312839	0	1	0.996005996001	1.0000000000000036e-12	49.18390804597701	AM8	AM
790031	800030	795030.5	67	51.38838303452684	0	12.120412872312839	0	1	0.996005996001	1.0000000000000036e-12	49.492537313432834	AM8	AM
795031	805030	800030.5	70	29.89121484375	NA	7.340104019389835	0	1	0.996005996001	1.0000000000000036e-12	49.44285714285714	AM8	AM
800031	810030	805030.5	66	29.89121484375	NA	7.340104019389835	0	1	0.996005996001	1.0000000000000036e-12	50.78787878787879	AM8	AM
805031	815030	810030.5	34	NA	NA	NA	0	1	0.996005996001	1.0000000000000036e-12	48.588235294117645	AM8	AM
810031	820030	815030.5	91	43.690948773380754	0	10.409831588194514	0	1	0.996005996001	1.0000000000000036e-12	47.62637362637363	AM8	AM
815031	825030	820030.5	109	43.690948773380754	0	10.409831588194514	0	1	0.996005996001	1.0000000000000036e-12	49.91743119266055	AM8	AM
820031	830030	825030.5	62	NA	NA	NA	0	1	0.996005996001	1.0000000000000036e-12	53.37096774193548	AM8	AM
825031	835030	830030.5	77	42.287506956971406	NA	10.097210433635752	0	1	0.996005996001	1.0000000000000036e-12	52.79220779220779	AM8	AM
830031	840030	835030.5	78	42.287506956971406	NA	10.097210433635752	0	1	0.996005996001	1.0000000000000036e-12	52.47435897435897	AM8	AM
835031	845030	840030.5	84	38.851362969706166	NA	9.339766045563026	0	1	0.996005996001	1.0000000000000036e-12	51.154761904761905	AM8	AM
840031	850030	845030.5	91	38.851362969706166	NA	9.339766045563026	0	1	0.996005996001	1.0000000000000036e-12	52.38461538461539	AM8	AM
845031	855030	850030.5	85	NA	NA	NA	0	1	0.996005996001	1.0000000000000036e-12	53	AM8	AM
850031	860030	855030.5	94	1288.593113445966	0	279.814439294057	0	1	0.996005996001	1.0000000000000036e-12	49.308510638297875	AM8	AM
855031	865030	860030.5	107	670.2823178905553	0	146.03192136691362	0	1	0.996005996001	1.0000000000000036e-12	50.42056074766355	AM8	AM
860031	870030	865030.5	118	51.97152233514451	0	12.249403439770234	0	1	0.996005996001	1.0000000000000036e-12	51.83050847457627	AM8	AM
865031	875030	870030.5	131	44.3844954685073	0	10.564266197304393	0	1	0.996005996001	1.0000000000000036e-12	51.091603053435115	AM8	AM
870031	880030	875030.5	100	47.94371952480364	0	11.357753092018052	0	1	0.996005996001	1.0000000000000036e-12	51.99	AM8	AM
875031	885030	880030.5	50	47.94371952480364	0	11.357753092018052	0	1	0.996005996001	1.0000000000000036e-12	46.24	AM8	AM
880031	890030	885030.5	29	NA	NA	NA	0	1	0.996005996001	1.0000000000000036e-12	36.89655172413793	AM8	AM
885031	895030	890030.5	44	NA	NA	NA	0	1	0.996005996001	1.0000000000000036e-12	50.38636363636363	AM8	AM
890031	900030	895030.5	66	NA	NA	NA	0	1	0.996005996001	1.0000000000000036e-12	49.24242424242424	AM8	AM
895031	905030	900030.5	39	28.3212385706671	0	6.988166155389958	0	1	0.996005996001	1.0000000000000036e-12	39.41025641025641	AM8	AM
900031	910030	905030.5	26	24.27230062785484	0	6.074953777952803	0	1	0.996005996001	1.0000000000000036e-12	24.23076923076923	AM8	AM
905031	915030	910030.5	55	20.22336268504258	NA	5.161741400515649	0	1	0.996005996001	1.0000000000000036e-12	43.10909090909091	AM8	AM
910031	920030	915030.5	86	48.875562642514225	0	11.562123034158622	0	1	0.996005996001	1.0000000000000036e-12	51.33720930232558	AM8	AM
915031	925030	920030.5	88	54.76337978963186	0	12.866619190305247	0	1	0.996005996001	1.0000000000000036e-12	52.32954545454545	AM8	AM
920031	930030	925030.5	107	45.336106805623224	NA	10.775566752788546	0	1	0.996005996001	1.0000000000000036e-12	52.19626168224299	AM8	AM
925031	935030	930030.5	119	37.435513292236514	NA	9.02446848516566	0	1	0.996005996001	1.0000000000000036e-12	52.05882352941177	AM8	AM
930031	940030	935030.5	94	46.12464467500724	NA	10.952369337841578	0	1	0.996005996001	1.0000000000000036e-12	52.755319148936174	AM8	AM
935031	945030	940030.5	97	53.287096587156036	NA	12.540316020623685	0	1	0.996005996001	1.0000000000000036e-12	52.75257731958763	AM8	AM
940031	950030	945030.5	99	NA	NA	NA	0	1	0.996005996001	1.0000000000000036e-12	52.61616161616162	AM8	AM
945031	955030	950030.5	71	49.1426815	0	11.623414476853178	0	1	0.996005996001	1.0000000000000036e-12	52.08450704225352	AM8	AM
950031	960030	955030.5	73	49.1426815	0	11.623414476853178	0	1	0.996005996001	1.0000000000000036e-12	50.28767123287671	AM8	AM
955031	965030	960030.5	66	NA	NA	NA	0	1	0.996005996001	1.0000000000000036e-12	47.833333333333336	AM8	AM
960031	970030	965030.5	62	NA	NA	NA	0	1	0.996005996001	1.0000000000000036e-12	44.45161290322581	AM8	AM
965031	975030	970030.5	57	NA	NA	NA	0	1	0.996005996001	1.0000000000000036e-12	41.54385964912281	AM8	AM
970031	980030	975030.5	53	NA	NA	NA	0	1	0.996005996001	1.0000000000000036e-12	47.39622641509434	AM8	AM
975031	985030	980030.5	81	43.9303700780972	0	10.467707966854967	0	1	0.996005996001	1.0000000000000036e-12	51.71604938271605	AM8	AM
980031	990030	985030.5	65	46.941063268435215	0	11.135763098425013	0	1	0.996005996001	1.0000000000000036e-12	50.95384615384615	AM8	AM
985031	995030	990030.5	67	55.431915421114695	0	13.014329751695318	0	1	0.996005996001	1.0000000000000036e-12	51.492537313432834	AM8	AM
990031	1000030	995030.5	78	30.324375545295716	0	7.436863756908939	0	1	0.996005996001	1.0000000000000036e-12	51.23076923076923	AM8	AM
995031	1005030	1000030.5	84	28.565964676698517	0	7.043063245956728	0	1	0.996005996001	1.0000000000000036e-12	50.13095238095238	AM8	AM
1000031	1010030	1005030.5	112	24.941588	NA	6.2284580292799685	0	1	0.996005996001	1.0000000000000036e-12	51.357142857142854	AM8	AM
1005031	1015030	1010030.5	116	50.909981999943106	NA	12.014571007145616	0	1	0.996005996001	1.0000000000000036e-12	53.05172413793103	AM8	AM
1010031	1020030	1015030.5	123	NA	NA	NA	0	1	0.996005996001	1.0000000000000036e-12	53.32520325203252	AM8	AM
1015031	1025030	1020030.5	92	NA	NA	NA	0	1	0.996005996001	1.0000000000000036e-12	52.77173913043478	AM8	AM
1020031	1030030	1025030.5	59	47.84437456656324	407624.3680841342	11.335894977265335	0	1	0.996005996001	1.0000000000000036e-12	51.813559322033896	AM8	AM
1025031	1035030	1030030.5	64	47.84437456656324	407624.3680841342	11.335894977265335	0	1	0.996005996001	1.0000000000000036e-12	44.921875	AM8	AM
1030031	1040030	1035030.5	108	55.97353209559493	3.153140818911826e-4	13.133988915685098	0	1	0.996005996001	1.0000000000000036e-12	47.333333333333336	AM8	AM
1035031	1045030	1040030.5	134	55.97353209559493	0	13.133988915685098	0	1	0.996005996001	1.0000000000000036e-12	51.97761194029851	AM8	AM
1040031	1050030	1045030.5	133	51.38838303452684	0	12.120412872312839	0	1	0.996005996001	1.0000000000000036e-12	52.64661654135338	AM8	AM
1045031	1055030	1050030.5	122	31.02274728071408	14914.520324918572	7.593422307482027	0	1	0.996005996001	1.0000000000000036e-12	51.868852459016395	AM8	AM
1050031	1060030	1055030.5	95	32.73005330943735	0	7.975155997118623	0	1	0.996005996001	1.0000000000000036e-12	50.873684210526314	AM8	AM
1055031	1065030	1060030.5	94	37.722838776410796	0	9.086860263342139	0	1	0.996005996001	1.0000000000000036e-12	52.180851063829785	AM8	AM
1060031	1070030	1065030.5	71	52.91310218213448	NA	12.457627575589155	0	1	0.996005996001	1.0000000000000036e-12	53.028169014084504	AM8	AM
1065031	1075030	1070030.5	68	51.95358340193042	0	12.24539681524284	0	1	0.996005996001	1.0000000000000036e-12	52.14705882352941	AM8	AM
1070031	1080030	1075030.5	102	51.95358340193042	0	12.24539681524284	0	1	0.996005996001	1.0000000000000036e-12	50.78431372549019	AM8	AM
1075031	1085030	1080030.5	109	NA	NA	NA	0	1	0.996005996001	1.0000000000000036e-12	51.03669724770642	AM8	AM
1080031	1090030	1085030.5	98	NA	NA	NA	0	1	0.996005996001	1.0000000000000036e-12	52.265306122448976	AM8	AM
1085031	1095030	1090030.5	110	54.93974636081894	NA	12.905591502811474	0	1	0.996005996001	1.0000000000000036e-12	52.018181818181816	AM8	AM
1090031	1100030	1095030.5	102	54.93974636081894	NA	12.905591502811474	0	1	0.996005996001	1.0000000000000036e-12	52.30392156862745	AM8	AM
1095031	1105030	1100030.5	94	NA	NA	NA	0	1	0.996005996001	1.0000000000000036e-12	53.202127659574465	AM8	AM
1100031	1110030	1105030.5	95	NA	NA	NA	0	1	0.996005996001	1.0000000000000036e-12	53.23157894736842	AM8	AM
1105031	1115030	1110030.5	79	NA	NA	NA	0	1	0.996005996001	1.0000000000000036e-12	53.379746835443036	AM8	AM
1110031	1120030	1115030.5	94	44.17335671938629	0	10.521323979084025	0	1	0.996005996001	1.0000000000000036e-12	52.5531914893617	AM8	AM
1115031	1125030	1120030.5	97	44.17335671938629	0	10.521323979084025	0	1	0.996005996001	1.0000000000000036e-12	52.597938144329895	AM8	AM
1120031	1130030	1125030.5	114	NA	NA	NA	0	1	0.996005996001	1.0000000000000036e-12	52.675438596491226	AM8	AM
1125031	1135030	1130030.5	161	55.94080294951059	NA	13.126759043168223	0	1	0.996005996001	1.0000000000000036e-12	52.77018633540373	AM8	AM
1130031	1140030	1135030.5	147	55.94080294951059	NA	13.126759043168223	0	1	0.996005996001	1.0000000000000036e-12	52.476190476190474	AM8	AM
1135031	1145030	1140030.5	120	49.730418021212884	NA	11.753321055609499	0	1	0.996005996001	1.0000000000000036e-12	50.9	AM8	AM
1140031	1150030	1145030.5	107	49.730418021212884	NA	11.753321055609499	0	1	0.996005996001	1.0000000000000036e-12	51.26168224299065	AM8	AM
1145031	1155030	1150030.5	98	36.551449329285376	0	8.826879400661214	0	1	0.996005996001	1.0000000000000036e-12	50.275510204081634	AM8	AM
1150031	1160030	1155030.5	97	43.925276561737064	0	10.466213295114063	0	1	0.996005996001	1.0000000000000036e-12	49.144329896907216	AM8	AM
1155031	1165030	1160030.5	98	55.97353209559493	NA	13.133988915685098	0	1	0.996005996001	1.0000000000000036e-12	50.30612244897959	AM8	AM
1160031	1170030	1165030.5	109	48.89230948586533	0	11.5675782792459	0	1	0.996005996001	1.0000000000000036e-12	51.96330275229358	AM8	AM
1165031	1175030	1170030.5	123	45.81309663658615	0	10.885753118721567	0	1	0.996005996001	1.0000000000000036e-12	51.959349593495936	AM8	AM
1170031	1180030	1175030.5	108	NA	NA	NA	0	1	0.996005996001	1.0000000000000036e-12	51.50925925925926	AM8	AM
1175031	1185030	1180030.5	85	NA	NA	NA	0	1	0.996005996001	1.0000000000000036e-12	53.23529411764706	AM8	AM
1180031	1190030	1185030.5	59	NA	NA	NA	0	1	0.996005996001	1.0000000000000036e-12	53.74576271186441	AM8	AM
1185031	1195030	1190030.5	62	51.750261809427634	0	12.200463584269944	0	1	0.996005996001	1.0000000000000036e-12	50.983870967741936	AM8	AM
1190031	1200030	1195030.5	90	42.35286016007737	0	10.11298832297999	0	1	0.996005996001	1.0000000000000036e-12	50.96666666666667	AM8	AM
1195031	1205030	1200030.5	110	32.955458510727105	NA	8.025513061690036	0	1	0.996005996001	1.0000000000000036e-12	52.527272727272724	AM8	AM
1200031	1210030	1205030.5	132	NA	NA	NA	0	1	0.996005996001	1.0000000000000036e-12	52.583333333333336	AM8	AM
1205031	1215030	1210030.5	113	44.96715843621399	NA	10.698174222896892	0	1	0.996005996001	1.0000000000000036e-12	52.52212389380531	AM8	AM
1210031	1220030	1215030.5	72	52.38216527004819	0	12.340088290434995	0	1	0.996005996001	1.0000000000000036e-12	52.763888888888886	AM8	AM
1215031	1225030	1220030.5	81	51.694768336767424	0	12.188132368324883	0	1	0.996005996001	1.0000000000000036e-12	52.91358024691358	AM8	AM
1220031	1230030	1225030.5	103	47.12534745534262	0	11.176597883001495	0	1	0.996005996001	1.0000000000000036e-12	52.84466019417476	AM8	AM
1225031	1235030	1230030.5	89	49.34356812912784	0	11.66768542664477	0	1	0.996005996001	1.0000000000000036e-12	52.47191011235955	AM8	AM
1230031	1240030	1235030.5	89	NA	NA	NA	0	1	0.996005996001	1.0000000000000036e-12	53.19101123595506	AM8	AM
1235031	1245030	1240030.5	111	44.96715843621399	NA	10.698174222896892	0	1	0.996005996001	1.0000000000000036e-12	53.13513513513514	AM8	AM
1240031	1250030	1245030.5	128	44.96715843621399	NA	10.698174222896892	0	1	0.996005996001	1.0000000000000036e-12	52.0390625	AM8	AM
1245031	1255030	1250030.5	121	47.52734375	0	11.265663966992653	0	1	0.996005996001	1.0000000000000036e-12	52.13223140495868	AM8	AM
1250031	1260030	1255030.5	131	41.136035440962104	0	9.845298463519981	0	1	0.996005996001	1.0000000000000036e-12	52.83206106870229	AM8	AM
1255031	1265030	1260030.5	110	663.9872176865163	0	144.62309801064006	0	1	0.996005996001	1.0000000000000036e-12	53.41818181818182	AM8	AM
1260031	1270030	1265030.5	110	1320.7952877230848	0	286.80705259097675	0	1	0.996005996001	1.0000000000000036e-12	53.95454545454545	AM8	AM
1265031	1275030	1270030.5	144	1320.7952877230848	0	286.80705259097675	0	1	0.996005996001	1.0000000000000036e-12	53.125	AM8	AM
1270031	1280030	1275030.5	138	46.25356416872033	0	10.980117545675721	0	1	0.996005996001	1.0000000000000036e-12	53.108695652173914	AM8	AM
1275031	1285030	1280030.5	134	54.54591291791886	0	12.818561904620534	0	1	0.996005996001	1.0000000000000036e-12	52.47761194029851	AM8	AM
1280031	1290030	1285030.5	100	NA	NA	NA	0	1	0.996005996001	1.0000000000000036e-12	51.43	AM8	AM
1285031	1295030	1290030.5	82	NA	NA	NA	0	1	0.996005996001	1.0000000000000036e-12	52.353658536585364	AM8	AM
1290031	1300030	1295030.5	104	36.96018621799301	NA	8.918774535340894	0	1	0.996005996001	1.0000000000000036e-12	52.44230769230769	AM8	AM
1295031	1305030	1300030.5	99	36.96018621799301	NA	8.918774535340894	0	1	0.996005996001	1.0000000000000036e-12	52.41414141414141	AM8	AM
1300031	1310030	1305030.5	83	NA	NA	NA	0	1	0.996005996001	1.0000000000000036e-12	53.096385542168676	AM8	AM
1305031	1315030	1310030.5	71	NA	NA	NA	0	1	0.996005996001	1.0000000000000036e-12	53.57746478873239	AM8	AM
1310031	1320030	1315030.5	66	46.722262400514396	0	11.085462126614527	0	1	0.996005996001	1.0000000000000036e-12	53.22727272727273	AM8	AM
1315031	1325030	1320030.5	94	46.722262400514396	0	11.085462126614527	0	1	0.996005996001	1.0000000000000036e-12	53.11702127659574	AM8	AM
1320031	1330030	1325030.5	105	NA	NA	NA	0	1	0.996005996001	1.0000000000000036e-12	53.42857142857143	AM8	AM
1325031	1335030	1330030.5	93	48.28575944121923	0	11.433659118234047	0	1	0.996005996001	1.0000000000000036e-12	52.806451612903224	AM8	AM
1330031	1340030	1335030.5	79	42.598494894254316	0	10.170764510235825	0	1	0.996005996001	1.0000000000000036e-12	51.848101265822784	AM8	AM
1335031	1345030	1340030.5	93	39.386433929718564	NA	9.458397354244656	0	1	0.996005996001	1.0000000000000036e-12	50.81720430107527	AM8	AM
1340031	1350030	1345030.5	102	46.91657992364611	NA	11.129164123010971	0	1	0.996005996001	1.0000000000000036e-12	51.38235294117647	AM8	AM
1345031	1355030	1350030.5	68	51.471246812233815	NA	12.138734378591504	0	1	0.996005996001	1.0000000000000036e-12	53.13235294117647	AM8	AM
1350031	1360030	1355030.5	55	50.97097128932312	NA	12.028065317412775	0	1	0.996005996001	1.0000000000000036e-12	54.25454545454546	AM8	AM
1355031	1365030	1360030.5	79	40.83153464428476	0	9.780065266596834	0	1	0.996005996001	1.0000000000000036e-12	53.18987341772152	AM8	AM
1360031	1370030	1365030.5	72	40.83153464428476	0	9.780065266596834	0	1	0.996005996001	1.0000000000000036e-12	52.361111111111114	AM8	AM
1365031	1375030	1370030.5	54	NA	NA	NA	0	1	0.996005996001	1.0000000000000036e-12	53.53703703703704	AM8	AM
1370031	1380030	1375030.5	77	29.868818517897	NA	7.333258388455046	0	1	0.996005996001	1.0000000000000036e-12	50.5974025974026	AM8	AM
1375031	1385030	1380030.5	104	43.96642341871713	0	10.47617873918789	0	1	0.996005996001	1.0000000000000036e-12	50.33653846153846	AM8	AM
1380031	1390030	1385030.5	105	51.58544202497952	0	12.163875775743243	0	1	0.996005996001	1.0000000000000036e-12	52.42857142857143	AM8	AM
1385031	1395030	1390030.5	101	52.33616550911155	0	12.330049617215066	0	1	0.996005996001	1.0000000000000036e-12	52.84158415841584	AM8	AM
1390031	1400030	1395030.5	109	51.97152233514451	0	12.249403439770234	0	1	0.996005996001	1.0000000000000036e-12	52.54128440366973	AM8	AM
1395031	1405030	1400030.5	96	46.8759330784123	NA	11.121330424045672	0	1	0.996005996001	1.0000000000000036e-12	52.854166666666664	AM8	AM
1400031	1410030	1405030.5	83	NA	NA	NA	0	1	0.996005996001	1.0000000000000036e-12	53.24096385542169	AM8	AM
1405031	1415030	1410030.5	82	NA	NA	NA	0	1	0.996005996001	1.0000000000000036e-12	53.08536585365854	AM8	AM
1410031	1420030	1415030.5	101	NA	NA	NA	0	1	0.996005996001	1.0000000000000036e-12	52.960396039603964	AM8	AM
1415031	1425030	1420030.5	119	32.61527986476334	0	7.9495112721229395	0	1	0.996005996001	1.0000000000000036e-12	52.69747899159664	AM8	AM
1420031	1430030	1425030.5	115	32.61527986476334	0	7.9495112721229395	0	1	0.996005996001	1.0000000000000036e-12	52.10434782608696	AM8	AM
1425031	1435030	1430030.5	94	NA	NA	NA	0	1	0.996005996001	1.0000000000000036e-12	52.0531914893617	AM8	AM
1430031	1440030	1435030.5	73	NA	NA	NA	0	1	0.996005996001	1.0000000000000036e-12	52.21917808219178	AM8	AM
1435031	1445030	1440030.5	73	51.03969190942195	0	12.043269892242852	0	1	0.996005996001	1.0000000000000036e-12	52.52054794520548	AM8	AM
1440031	1450030	1445030.5	59	51.03969190942195	0	12.043269892242852	0	1	0.996005996001	1.0000000000000036e-12	53.610169491525426	AM8	AM
1445031	1455030	1450030.5	61	NA	NA	NA	0	1	0.996005996001	1.0000000000000036e-12	53.52459016393443	AM8	AM
1450031	1460030	1455030.5	88	1189.9683727005731	0	258.3983489516255	0	1	0.996005996001	1.0000000000000036e-12	53.63636363636363	AM8	AM
1455031	1465030	1460030.5	106	1189.9683727005731	0	258.3983489516255	0	1	0.996005996001	1.0000000000000036e-12	53.528301886792455	AM8	AM
1460031	1470030	1465030.5	86	NA	NA	NA	0	1	0.996005996001	1.0000000000000036e-12	53.22093023255814	AM8	AM
1465031	1475030	1470030.5	74	53.97255478831105	NA	12.691806968392093	0	1	0.996005996001	1.0000000000000036e-12	53.83783783783784	AM8	AM
1470031	1480030	1475030.5	78	53.97255478831105	NA	12.691806968392093	0	1	0.996005996001	1.0000000000000036e-12	53.44871794871795	AM8	AM
1475031	1485030	1480030.5	78	54.973056724267465	NA	12.912951970028942	0	1	0.996005996001	1.0000000000000036e-12	51.6025641025641	AM8	AM
1480031	1490030	1485030.5	85	54.973056724267465	NA	12.912951970028942	0	1	0.996005996001	1.0000000000000036e-12	52.21176470588235	AM8	AM
1485031	1495030	1490030.5	73	NA	NA	NA	0	1	0.996005996001	1.0000000000000036e-12	53.534246575342465	AM8	AM
1490031	1500030	1495030.5	77	NA	NA	NA	0	1	0.996005996001	1.0000000000000036e-12	52.79220779220779	AM8	AM
1495031	1505030	1500030.5	75	NA	NA	NA	0	1	0.996005996001	1.0000000000000036e-12	52.946666666666665	AM8	AM
1500031	1510030	1505030.5	60	48.45005434367505	NA	11.469945880921808	0	1	0.996005996001	1.0000000000000036e-12	53.36666666666667	AM8	AM
1505031	1515030	1510030.5	66	49.9703985	NA	11.806644447665168	0	1	0.996005996001	1.0000000000000036e-12	53.36363636363637	AM8	AM
1510031	1520030	1515030.5	70	53.674246896314386	NA	12.625902654428534	0	1	0.996005996001	1.0000000000000036e-12	53.128571428571426	AM8	AM
1515031	1525030	1520030.5	68	NA	NA	NA	0	1	0.996005996001	1.0000000000000036e-12	50.205882352941174	AM8	AM
31	10030	5030.5	140	18.984375	0	4.880106697394299	0	1	0.996005996001	1.0000000000000036e-12	16.59285714285714	AM9	AM
5031	15030	10030.5	118	15.1875	0	4.0116833362271676	0	1	0.996005996001	1.0000000000000036e-12	18.084745762711865	AM9	AM
10031	20030	15030.5	124	15.1875	0	4.0116833362271676	0	1	0.996005996001	1.0000000000000036e-12	17.911290322580644	AM9	AM
15031	25030	20030.5	89	17.106672373328188	0	4.45175880643231	0	1	0.996005996001	1.0000000000000036e-12	18.280898876404493	AM9	AM
20031	30030	25030.5	77	17.50627417938621	0	4.543038662517455	0	1	0.996005996001	1.0000000000000036e-12	18.337662337662337	AM9	AM
25031	35030	30030.5	108	16.347797367722116	0	4.277226915185303	0	1	0.996005996001	1.0000000000000036e-12	18.62037037037037	AM9	AM
30031	40030	35030.5	117	14.78971875	NA	3.9201353117680053	0	1	0.996005996001	1.0000000000000036e-12	18.863247863247864	AM9	AM
35031	45030	40030.5	78	NA	NA	NA	0	1	0.996005996001	1.0000000000000036e-12	18.564102564102566	AM9	AM
40031	50030	45030.5	80	9.69530078125	NA	2.7334394352473406	0	1	0.996005996001	1.0000000000000036e-12	18.3875	AM9	AM
45031	55030	50030.5	108	9.69530078125	NA	2.7334394352473406	0	1	0.996005996001	1.0000000000000036e-12	18.60185185185185	AM9	AM
50031	60030	55030.5	110	15.40709400177002	0	4.062111083749063	0	1	0.996005996001	1.0000000000000036e-12	18.572727272727274	AM9	AM
55031	65030	60030.5	97	15.40709400177002	0	4.062111083749063	0	1	0.996005996001	1.0000000000000036e-12	18.443298969072163	AM9	AM
60031	70030	65030.5	96	NA	NA	NA	0	1	0.996005996001	1.0000000000000036e-12	18.427083333333332	AM9	AM
65031	75030	70030.5	122	NA	NA	NA	0	1	0.996005996001	1.0000000000000036e-12	18.475409836065573	AM9	AM
70031	80030	75030.5	123	NA	NA	NA	0	1	0.996005996001	1.0000000000000036e-12	18.658536585365855	AM9	AM
75031	85030	80030.5	90	NA	NA	NA	0	1	0.996005996001	1.0000000000000036e-12	18.733333333333334	AM9	AM
80031	90030	85030.5	86	NA	NA	NA	0	1	0.996005996001	1.0000000000000036e-12	18.697674418604652	AM9	AM
85031	95030	90030.5	106	NA	NA	NA	0	1	0.996005996001	1.0000000000000036e-12	18.22641509433962	AM9	AM
90031	100030	95030.5	129	NA	NA	NA	0	1	0.996005996001	1.0000000000000036e-12	17.790697674418606	AM9	AM
95031	105030	100030.5	164	NA	NA	NA	0	1	0.996005996001	1.0000000000000036e-12	17.695121951219512	AM9	AM
100031	110030	105030.5	134	NA	NA	NA	0	1	0.996005996001	1.0000000000000036e-12	17.895522388059703	AM9	AM
105031	115030	110030.5	88	13.54725178519859	NA	3.633330908987675	0	1	0.996005996001	1.0000000000000036e-12	18.40909090909091	AM9	AM
110031	120030	115030.5	99	11.662651110973876	157.27636718749983	3.1931609158010614	0	1	0.996005996001	1.0000000000000036e-12	18.525252525252526	AM9	AM
115031	125030	120030.5	99	13.139577404538837	78.63818359374991	3.5330801885805014	0	1	0.996005996001	1.0000000000000036e-12	18.737373737373737	AM9	AM
120031	130030	125030.5	67	16.501104372328516	0	4.313169454546555	0	1	0.996005996001	1.0000000000000036e-12	18.55223880597015	AM9	AM
125031	135030	130030.5	88	NA	NA	NA	0	1	0.996005996001	1.0000000000000036e-12	18.34090909090909	AM9	AM
130031	140030	135030.5	118	NA	NA	NA	0	1	0.996005996001	1.0000000000000036e-12	18.10169491525424	AM9	AM
135031	145030	140030.5	96	NA	NA	NA	0	1	0.996005996001	1.0000000000000036e-12	18.072916666666668	AM9	AM
140031	150030	145030.5	138	19.9274765625	NA	5.094549712423539	0	1	0.996005996001	1.0000000000000036e-12	18.847826086956523	AM9	AM
145031	155030	150030.5	214	16.408961881614132	NA	4.28784456151624	0	1	0.996005996001	1.0000000000000036e-12	18.72897196261682	AM9	AM
150031	160030	155030.5	199	15.719620435270825	NA	4.131026420851344	0	1	0.996005996001	1.0000000000000036e-12	18.512562814070353	AM9	AM
155031	165030	160030.5	131	18.548793669813385	NA	4.7809134310937464	0	1	0.996005996001	1.0000000000000036e-12	18.435114503816795	AM9	AM
160031	170030	165030.5	95	NA	NA	NA	0	1	0.996005996001	1.0000000000000036e-12	18.326315789473686	AM9	AM
165031	175030	170030.5	87	NA	NA	NA	0	1	0.996005996001	1.0000000000000036e-12	18.32183908045977	AM9	AM
170031	180030	175030.5	81	NA	NA	NA	0	1	0.996005996001	1.0000000000000036e-12	18.296296296296298	AM9	AM
175031	185030	180030.5	94	16.32783760093127	0	4.272267414147722	0	1	0.996005996001	1.0000000000000036e-12	18	AM9	AM
180031	190030	185030.5	112	17.20772029245856	0	4.474861998340634	0	1	0.996005996001	1.0000000000000036e-12	18.107142857142858	AM9	AM
185031	195030	190030.5	101	17.20772029245856	NA	4.474861998340634	0	1	0.996005996001	1.0000000000000036e-12	18.623762376237625	AM9	AM
190031	200030	195030.5	80	NA	NA	NA	0	1	0.996005996001	1.0000000000000036e-12	18.925	AM9	AM
195031	205030	200030.5	113	NA	NA	NA	0	1	0.996005996001	1.0000000000000036e-12	18.56637168141593	AM9	AM
200031	210030	205030.5	114	NA	NA	NA	0	1	0.996005996001	1.0000000000000036e-12	18.403508771929825	AM9	AM
205031	215030	210030.5	91	NA	NA	NA	0	1	0.996005996001	1.0000000000000036e-12	18.417582417582416	AM9	AM
210031	220030	215030.5	103	NA	NA	NA	0	1	0.996005996001	1.0000000000000036e-12	18.70873786407767	AM9	AM
215031	225030	220030.5	109	15.445057246498635	212898.09995835045	4.070893908974895	0	1	0.996005996001	1.0000000000000036e-12	18.44954128440367	AM9	AM
220031	230030	225030.5	84	15.445057246498635	212898.09995835045	4.070893908974895	0	1	0.996005996001	1.0000000000000036e-12	18.154761904761905	AM9	AM
225031	235030	230030.5	51	NA	NA	NA	0	1	0.996005996001	1.0000000000000036e-12	19.058823529411764	AM9	AM
230031	240030	235030.5	89	NA	NA	NA	0	1	0.996005996001	1.0000000000000036e-12	18.775280898876403	AM9	AM
235031	245030	240030.5	105	NA	NA	NA	0	1	0.996005996001	1.0000000000000036e-12	18.561904761904763	AM9	AM
240031	250030	245030.5	100	NA	NA	NA	0	1	0.996005996001	1.0000000000000036e-12	18.72	AM9	AM
245031	255030	250030.5	99	NA	NA	NA	0	1	0.996005996001	1.0000000000000036e-12	18.858585858585858	AM9	AM
250031	260030	255030.5	98	NA	NA	NA	0	1	0.996005996001	1.0000000000000036e-12	18.724489795918366	AM9	AM
255031	265030	260030.5	104	NA	NA	NA	0	1	0.996005996001	1.0000000000000036e-12	18.509615384615383	AM9	AM
260031	270030	265030.5	87	NA	NA	NA	0	1	0.996005996001	1.0000000000000036e-12	18.597701149425287	AM9	AM
265031	275030	270030.5	80	17.450683593749996	0	4.530386734948674	0	1	0.996005996001	1.0000000000000036e-12	18.9875	AM9	AM
270031	280030	275030.5	82	17.450683593749996	0	4.530386734948674	0	1	0.996005996001	1.0000000000000036e-12	19.085365853658537	AM9	AM
275031	285030	280030.5	87	NA	NA	NA	0	1	0.996005996001	1.0000000000000036e-12	18.264367816091955	AM9	AM
280031	290030	285030.5	86	NA	NA	NA	0	1	0.996005996001	1.0000000000000036e-12	17.476744186046513	AM9	AM
285031	295030	290030.5	91	NA	NA	NA	0	1	0.996005996001	1.0000000000000036e-12	17.725274725274726	AM9	AM
290031	300030	295030.5	99	NA	NA	NA	0	1	0.996005996001	1.0000000000000036e-12	17.86868686868687	AM9	AM
295031	305030	300030.5	142	NA	NA	NA	0	1	0.996005996001	1.0000000000000036e-12	18.190140845070424	AM9	AM
300031	310030	305030.5	134	NA	NA	NA	0	1	0.996005996001	1.0000000000000036e-12	18.574626865671643	AM9	AM
305031	315030	310030.5	90	NA	NA	NA	0	1	0.996005996001	1.0000000000000036e-12	17.533333333333335	AM9	AM
310031	320030	315030.5	131	NA	NA	NA	0	1	0.996005996001	1.0000000000000036e-12	17.702290076335878	AM9	AM
315031	325030	320030.5	121	NA	NA	NA	0	1	0.996005996001	1.0000000000000036e-12	18.03305785123967	AM9	AM
320031	330030	325030.5	92	NA	NA	NA	0	1	0.996005996001	1.0000000000000036e-12	17.184782608695652	AM9	AM
325031	335030	330030.5	108	NA	NA	NA	0	1	0.996005996001	1.0000000000000036e-12	17.52777777777778	AM9	AM
330031	340030	335030.5	99	NA	NA	NA	0	1	0.996005996001	1.0000000000000036e-12	18.09090909090909	AM9	AM
335031	345030	340030.5	84	11.390625	NA	3.131851311247012	0	1	0.996005996001	1.0000000000000036e-12	18.30952380952381	AM9	AM
340031	350030	345030.5	67	11.390625	NA	3.131851311247012	0	1	0.996005996001	1.0000000000000036e-12	17.313432835820894	AM9	AM
345031	355030	350030.5	34	NA	NA	NA	0	1	0.996005996001	1.0000000000000036e-12	15.323529411764707	AM9	AM
350031	360030	355030.5	8	19.11918115234375	0	4.9107858077977085	0	1	0.996005996001	1.0000000000000036e-12	13.375	AM9	AM
355031	365030	360030.5	7	19.11918115234375	0	4.9107858077977085	0	1	0.996005996001	1.0000000000000036e-12	10.428571428571429	AM9	AM
360031	370030	365030.5	13	NA	NA	NA	0	1	0.996005996001	1.0000000000000036e-12	8.923076923076923	AM9	AM
365031	375030	370030.5	54	NA	NA	NA	0	1	0.996005996001	1.0000000000000036e-12	10.851851851851851	AM9	AM
370031	380030	375030.5	89	NA	NA	NA	0	1	0.996005996001	1.0000000000000036e-12	14.213483146067416	AM9	AM
375031	385030	380030.5	75	NA	NA	NA	0	1	0.996005996001	1.0000000000000036e-12	18.04	AM9	AM
380031	390030	385030.5	67	NA	NA	NA	0	1	0.996005996001	1.0000000000000036e-12	18.582089552238806	AM9	AM
385031	395030	390030.5	81	NA	NA	NA	0	1	0.996005996001	1.0000000000000036e-12	18.728395061728396	AM9	AM
390031	400030	395030.5	81	14.90438888888889	NA	3.946539111812079	0	1	0.996005996001	1.0000000000000036e-12	18.432098765432098	AM9	AM
395031	405030	400030.5	80	14.90438888888889	NA	3.946539111812079	0	1	0.996005996001	1.0000000000000036e-12	18.2625	AM9	AM
400031	410030	405030.5	99	NA	NA	NA	0	1	0.996005996001	1.0000000000000036e-12	18.343434343434343	AM9	AM
405031	415030	410030.5	87	17.832715959902423	0	4.6172845990629146	0	1	0.996005996001	1.0000000000000036e-12	18.137931034482758	AM9	AM
410031	420030	415030.5	67	17.832715959902423	0	4.6172845990629146	0	1	0.996005996001	1.0000000000000036e-12	17.611940298507463	AM9	AM
415031	425030	420030.5	78	NA	NA	NA	0	1	0.996005996001	1.0000000000000036e-12	17.55128205128205	AM9	AM
420031	430030	425030.5	91	NA	NA	NA	0	1	0.996005996001	1.0000000000000036e-12	17.714285714285715	AM9	AM
425031	435030	430030.5	96	NA	NA	NA	0	1	0.996005996001	1.0000000000000036e-12	18.197916666666668	AM9	AM
430031	440030	435030.5	96	NA	NA	NA	0	1	0.996005996001	1.0000000000000036e-12	18.802083333333332	AM9	AM
435031	445030	440030.5	93	13.384470281564695	NA	3.595651635408056	0	1	0.996005996001	1.0000000000000036e-12	18.333333333333332	AM9	AM
440031	450030	445030.5	80	14.414763764031665	212898.09995835045	3.8332727721914757	0	1	0.996005996001	1.0000000000000036e-12	17.9375	AM9	AM
445031	455030	450030.5	75	15.445057246498635	212898.09995835045	4.070893908974895	0	1	0.996005996001	1.0000000000000036e-12	18.346666666666668	AM9	AM
450031	460030	455030.5	96	NA	NA	NA	0	1	0.996005996001	1.0000000000000036e-12	18.760416666666668	AM9	AM
455031	465030	460030.5	93	7.8277587890625	NA	2.2886158357380983	0	1	0.996005996001	1.0000000000000036e-12	18.333333333333332	AM9	AM
460031	470030	465030.5	97	7.8277587890625	NA	2.2886158357380983	0	1	0.996005996001	1.0000000000000036e-12	18.103092783505154	AM9	AM
465031	475030	470030.5	85	NA	NA	NA	0	1	0.996005996001	1.0000000000000036e-12	18.470588235294116	AM9	AM
470031	480030	475030.5	61	12.722520685825351	NA	3.44215789375218	0	1	0.996005996001	1.0000000000000036e-12	18.672131147540984	AM9	AM
475031	485030	480030.5	77	12.722520685825351	NA	3.44215789375218	0	1	0.996005996001	1.0000000000000036e-12	18.792207792207794	AM9	AM
480031	490030	485030.5	54	NA	NA	NA	0	1	0.996005996001	1.0000000000000036e-12	18.48148148148148	AM9	AM
485031	495030	490030.5	40	NA	NA	NA	0	1	0.996005996001	1.0000000000000036e-12	18.275	AM9	AM
490031	500030	495030.5	54	NA	NA	NA	0	1	0.996005996001	1.0000000000000036e-12	18.703703703703702	AM9	AM
495031	505030	500030.5	65	5.776909722222221	NA	1.7894656857261395	0	1	0.996005996001	1.0000000000000036e-12	18.215384615384615	AM9	AM
500031	510030	505030.5	74	5.776909722222221	NA	1.7894656857261395	0	1	0.996005996001	1.0000000000000036e-12	18.18918918918919	AM9	AM
505031	515030	510030.5	83	NA	NA	NA	0	1	0.996005996001	1.0000000000000036e-12	17.843373493975903	AM9	AM
510031	520030	515030.5	77	14.534023467519937	0	3.8588591315737	0	1	0.996005996001	1.0000000000000036e-12	17.753246753246753	AM9	AM
515031	525030	520030.5	59	15.784469604492188	0	4.148846992467429	0	1	0.996005996001	1.0000000000000036e-12	18.559322033898304	AM9	AM
520031	530030	525030.5	71	15.784469604492188	0	4.148846992467429	0	1	0.996005996001	1.0000000000000036e-12	17.408450704225352	AM9	AM
525031	535030	530030.5	76	12.323615788219731	0	3.3493263439254566	0	1	0.996005996001	1.0000000000000036e-12	16.907894736842106	AM9	AM
530031	540030	535030.5	72	12.323615788219731	0	3.3493263439254566	0	1	0.996005996001	1.0000000000000036e-12	17.09722222222222	AM9	AM
535031	545030	540030.5	82	NA	NA	NA	0	1	0.996005996001	1.0000000000000036e-12	17.073170731707318	AM9	AM
540031	550030	545030.5	97	NA	NA	NA	0	1	0.996005996001	1.0000000000000036e-12	17.690721649484537	AM9	AM
545031	555030	550030.5	95	12.88595776911698	0	3.480097643883551	0	1	0.996005996001	1.0000000000000036e-12	18.13684210526316	AM9	AM
550031	560030	555030.5	63	12.88595776911698	0	3.480097643883551	0	1	0.996005996001	1.0000000000000036e-12	18.41269841269841	AM9	AM
555031	565030	560030.5	46	NA	NA	NA	0	1	0.996005996001	1.0000000000000036e-12	18.543478260869566	AM9	AM
560031	570030	565030.5	73	NA	NA	NA	0	1	0.996005996001	1.0000000000000036e-12	18.506849315068493	AM9	AM
565031	575030	570030.5	109	10.720361218069122	NA	2.974845819395357	0	1	0.996005996001	1.0000000000000036e-12	17.98165137614679	AM9	AM
570031	580030	575030.5	102	10.720361218069122	NA	2.974845819395357	0	1	0.996005996001	1.0000000000000036e-12	17.764705882352942	AM9	AM
575031	585030	580030.5	67	13.52577587742715	0	3.6270431388751367	0	1	0.996005996001	1.0000000000000036e-12	18.119402985074625	AM9	AM
580031	590030	585030.5	70	13.897890852769677	0	3.7144090657414024	0	1	0.996005996001	1.0000000000000036e-12	17.87142857142857	AM9	AM
585031	595030	590030.5	79	14.266278759718173	NA	3.79941267328336	0	1	0.996005996001	1.0000000000000036e-12	17.620253164556964	AM9	AM
590031	600030	595030.5	71	14.695805555555557	0	3.898501537886516	0	1	0.996005996001	1.0000000000000036e-12	17.901408450704224	AM9	AM
595031	605030	600030.5	86	9.69530078125	0	2.7334394352473406	0	1	0.996005996001	1.0000000000000036e-12	18.430232558139537	AM9	AM
600031	610030	605030.5	114	9.300056640624998	0	2.6397395900081735	0	1	0.996005996001	1.0000000000000036e-12	17.710526315789473	AM9	AM
605031	615030	610030.5	118	NA	NA	NA	0	1	0.996005996001	1.0000000000000036e-12	17.796610169491526	AM9	AM
610031	620030	615030.5	107	NA	NA	NA	0	1	0.996005996001	1.0000000000000036e-12	18.61682242990654	AM9	AM
615031	625030	620030.5	100	NA	NA	NA	0	1	0.996005996001	1.0000000000000036e-12	18.9	AM9	AM
620031	630030	625030.5	101	NA	NA	NA	0	1	0.996005996001	1.0000000000000036e-12	18.77227722772277	AM9	AM
625031	635030	630030.5	112	NA	NA	NA	0	1	0.996005996001	1.0000000000000036e-12	17.910714285714285	AM9	AM
630031	640030	635030.5	79	NA	NA	NA	0	1	0.996005996001	1.0000000000000036e-12	17.734177215189874	AM9	AM
635031	645030	640030.5	41	NA	NA	NA	0	1	0.996005996001	1.0000000000000036e-12	18.48780487804878	AM9	AM
640031	650030	645030.5	57	NA	NA	NA	0	1	0.996005996001	1.0000000000000036e-12	17.789473684210527	AM9	AM
645031	655030	650030.5	63	NA	NA	NA	0	1	0.996005996001	1.0000000000000036e-12	18.063492063492063	AM9	AM
650031	660030	655030.5	64	12.649899841308594	0	3.421013176779795	0	1	0.996005996001	1.0000000000000036e-12	17.875	AM9	AM
655031	665030	660030.5	63	15.3489990234375	0	4.048813556106002	0	1	0.996005996001	1.0000000000000036e-12	17.650793650793652	AM9	AM
660031	670030	665030.5	53	15.729747060194319	0	4.136204156692356	0	1	0.996005996001	1.0000000000000036e-12	18.037735849056602	AM9	AM
665031	675030	670030.5	35	NA	NA	NA	0	1	0.996005996001	1.0000000000000036e-12	18	AM9	AM
670031	680030	675030.5	11	NA	NA	NA	0	1	0.996005996001	1.0000000000000036e-12	15.454545454545455	AM9	AM
675031	685030	680030.5	9	NA	NA	NA	NA	NA	NA	NA	0.5555555555555556	AM9	AM
680031	690030	685030.5	7	NA	NA	NA	NA	NA	NA	NA	0.7142857142857143	AM9	AM
685031	695030	690030.5	0	NA	NA	NA	NA	NA	NA	NA	NA	AM9	AM
690031	700030	695030.5	0	NA	NA	NA	NA	NA	NA	NA	NA	AM9	AM
695031	705030	700030.5	0	NA	NA	NA	NA	NA	NA	NA	NA	AM9	AM
700031	710030	705030.5	16	13.407407354682944	0	3.6009624575815935	0	1	0.996005996001	1.0000000000000036e-12	17.125	AM9	AM
705031	715030	710030.5	62	15.717361699883881	0	4.131494328009038	0	1	0.996005996001	1.0000000000000036e-12	18.048387096774192	AM9	AM
710031	720030	715030.5	107	18.1203584706959	0	4.683246688580454	0	1	0.996005996001	1.0000000000000036e-12	18.30841121495327	AM9	AM
715031	725030	720030.5	99	14.365904054464536	NA	3.8159408145757583	0	1	0.996005996001	1.0000000000000036e-12	18.141414141414142	AM9	AM
720031	730030	725030.5	77	17.708333333333336	0	4.589229384936638	0	1	0.996005996001	1.0000000000000036e-12	18.363636363636363	AM9	AM
725031	735030	730030.5	74	17.927946611356127	0	4.639341093336091	0	1	0.996005996001	1.0000000000000036e-12	18.87837837837838	AM9	AM
730031	740030	735030.5	66	NA	NA	NA	0	1	0.996005996001	1.0000000000000036e-12	18.393939393939394	AM9	AM
735031	745030	740030.5	71	NA	NA	NA	0	1	0.996005996001	1.0000000000000036e-12	18.04225352112676	AM9	AM
740031	750030	745030.5	77	NA	NA	NA	0	1	0.996005996001	1.0000000000000036e-12	18.181818181818183	AM9	AM
745031	755030	750030.5	72	NA	NA	NA	0	1	0.996005996001	1.0000000000000036e-12	17.944444444444443	AM9	AM
750031	760030	755030.5	75	NA	NA	NA	0	1	0.996005996001	1.0000000000000036e-12	17.573333333333334	AM9	AM
755031	765030	760030.5	93	14.401139870829283	NA	3.830474088776741	0	1	0.996005996001	1.0000000000000036e-12	17.526881720430108	AM9	AM
760031	770030	765030.5	92	14.90438888888889	0	3.946539111812079	0	1	0.996005996001	1.0000000000000036e-12	17.5	AM9	AM
765031	775030	770030.5	102	16.67412985955628	0	4.352791822437954	0	1	0.996005996001	1.0000000000000036e-12	17.5	AM9	AM
770031	780030	775030.5	98	NA	NA	NA	0	1	0.996005996001	1.0000000000000036e-12	17.70408163265306	AM9	AM
775031	785030	780030.5	58	NA	NA	NA	0	1	0.996005996001	1.0000000000000036e-12	17.913793103448278	AM9	AM
780031	790030	785030.5	70	NA	NA	NA	0	1	0.996005996001	1.0000000000000036e-12	17.82857142857143	AM9	AM
785031	795030	790030.5	87	14.715105436776838	0	3.9029487737644453	0	1	0.996005996001	1.0000000000000036e-12	17.75862068965517	AM9	AM
790031	800030	795030.5	67	14.715105436776838	0	3.9029487737644453	0	1	0.996005996001	1.0000000000000036e-12	17.507462686567163	AM9	AM
795031	805030	800030.5	70	NA	NA	NA	0	1	0.996005996001	1.0000000000000036e-12	17.385714285714286	AM9	AM
800031	810030	805030.5	66	NA	NA	NA	0	1	0.996005996001	1.0000000000000036e-12	17.772727272727273	AM9	AM
805031	815030	810030.5	34	NA	NA	NA	0	1	0.996005996001	1.0000000000000036e-12	17.147058823529413	AM9	AM
810031	820030	815030.5	91	14.681114583333333	0	3.8951184540769708	0	1	0.996005996001	1.0000000000000036e-12	17.021978021978022	AM9	AM
815031	825030	820030.5	109	14.681114583333333	0	3.8951184540769708	0	1	0.996005996001	1.0000000000000036e-12	17.779816513761467	AM9	AM
820031	830030	825030.5	62	NA	NA	NA	0	1	0.996005996001	1.0000000000000036e-12	18.693548387096776	AM9	AM
825031	835030	830030.5	77	10.871759954921112	NA	3.0103646768129004	0	1	0.996005996001	1.0000000000000036e-12	18.233766233766232	AM9	AM
830031	840030	835030.5	78	10.871759954921112	NA	3.0103646768129004	0	1	0.996005996001	1.0000000000000036e-12	18.128205128205128	AM9	AM
835031	845030	840030.5	84	NA	NA	NA	0	1	0.996005996001	1.0000000000000036e-12	17.797619047619047	AM9	AM
840031	850030	845030.5	91	NA	NA	NA	0	1	0.996005996001	1.0000000000000036e-12	18.197802197802197	AM9	AM
845031	855030	850030.5	85	17.78101188315774	NA	4.605820878176824	0	1	0.996005996001	1.0000000000000036e-12	18.376470588235293	AM9	AM
850031	860030	855030.5	94	18.25863540651545	0	4.714718584787045	0	1	0.996005996001	1.0000000000000036e-12	17.26595744680851	AM9	AM
855031	865030	860030.5	107	18.73625892987316	0	4.823616291397265	0	1	0.996005996001	1.0000000000000036e-12	17.682242990654206	AM9	AM
860031	870030	865030.5	118	NA	NA	NA	0	1	0.996005996001	1.0000000000000036e-12	17.915254237288135	AM9	AM
865031	875030	870030.5	131	NA	NA	NA	0	1	0.996005996001	1.0000000000000036e-12	17.709923664122137	AM9	AM
870031	880030	875030.5	100	16.9773983834316	0	4.4221762810502625	0	1	0.996005996001	1.0000000000000036e-12	18.24	AM9	AM
875031	885030	880030.5	50	16.9773983834316	0	4.4221762810502625	0	1	0.996005996001	1.0000000000000036e-12	16.66	AM9	AM
880031	890030	885030.5	29	NA	NA	NA	0	1	0.996005996001	1.0000000000000036e-12	13.206896551724139	AM9	AM
885031	895030	890030.5	44	NA	NA	NA	0	1	0.996005996001	1.0000000000000036e-12	17.59090909090909	AM9	AM
890031	900030	895030.5	66	NA	NA	NA	0	1	0.996005996001	1.0000000000000036e-12	17.196969696969695	AM9	AM
895031	905030	900030.5	39	10.571515777610818	0	2.939893505799286	0	1	0.996005996001	1.0000000000000036e-12	13.64102564102564	AM9	AM
900031	910030	905030.5	26	10.571515777610818	0	2.939893505799286	0	1	0.996005996001	1.0000000000000036e-12	9.461538461538462	AM9	AM
905031	915030	910030.5	55	NA	NA	NA	0	1	0.996005996001	1.0000000000000036e-12	15.636363636363637	AM9	AM
910031	920030	915030.5	86	9.62126171875	0	2.7159359209116136	0	1	0.996005996001	1.0000000000000036e-12	17.953488372093023	AM9	AM
915031	925030	920030.5	88	9.62126171875	0	2.7159359209116136	0	1	0.996005996001	1.0000000000000036e-12	17.931818181818183	AM9	AM
920031	930030	925030.5	107	NA	NA	NA	0	1	0.996005996001	1.0000000000000036e-12	18.214953271028037	AM9	AM
925031	935030	930030.5	119	NA	NA	NA	0	1	0.996005996001	1.0000000000000036e-12	18.319327731092436	AM9	AM
930031	940030	935030.5	94	NA	NA	NA	0	1	0.996005996001	1.0000000000000036e-12	18.56382978723404	AM9	AM
935031	945030	940030.5	97	NA	NA	NA	0	1	0.996005996001	1.0000000000000036e-12	18.567010309278352	AM9	AM
940031	950030	945030.5	99	NA	NA	NA	0	1	0.996005996001	1.0000000000000036e-12	18.404040404040405	AM9	AM
945031	955030	950030.5	71	16.675758192550376	0	4.353164613539721	0	1	0.996005996001	1.0000000000000036e-12	18.309859154929576	AM9	AM
950031	960030	955030.5	73	16.675758192550376	0	4.353164613539721	0	1	0.996005996001	1.0000000000000036e-12	17.589041095890412	AM9	AM
955031	965030	960030.5	66	NA	NA	NA	0	1	0.996005996001	1.0000000000000036e-12	16.62121212121212	AM9	AM
960031	970030	965030.5	62	NA	NA	NA	0	1	0.996005996001	1.0000000000000036e-12	15.903225806451612	AM9	AM
965031	975030	970030.5	57	NA	NA	NA	0	1	0.996005996001	1.0000000000000036e-12	15.385964912280702	AM9	AM
970031	980030	975030.5	53	NA	NA	NA	0	1	0.996005996001	1.0000000000000036e-12	16.754716981132077	AM9	AM
975031	985030	980030.5	81	10.144370779951522	0	2.8394037466512025	0	1	0.996005996001	1.0000000000000036e-12	17.666666666666668	AM9	AM
980031	990030	985030.5	65	13.478663181676351	0	3.6119861184774225	0	1	0.996005996001	1.0000000000000036e-12	17.338461538461537	AM9	AM
985031	995030	990030.5	67	16.81295558340118	NA	4.384568490303642	0	1	0.996005996001	1.0000000000000036e-12	17.98507462686567	AM9	AM
990031	1000030	995030.5	78	6.583967292274053	NA	1.9875791577072734	0	1	0.996005996001	1.0000000000000036e-12	17.935897435897434	AM9	AM
995031	1005030	1000030.5	84	6.583967292274053	NA	1.9875791577072734	0	1	0.996005996001	1.0000000000000036e-12	17.63095238095238	AM9	AM
1000031	1010030	1005030.5	112	NA	NA	NA	0	1	0.996005996001	1.0000000000000036e-12	18.089285714285715	AM9	AM
1005031	1015030	1010030.5	116	NA	NA	NA	0	1	0.996005996001	1.0000000000000036e-12	18.646551724137932	AM9	AM
1010031	1020030	1015030.5	123	15.910110473632812	NA	4.177681892346145	0	1	0.996005996001	1.0000000000000036e-12	18.67479674796748	AM9	AM
1015031	1025030	1020030.5	92	15.910110473632812	NA	4.177681892346145	0	1	0.996005996001	1.0000000000000036e-12	18.315217391304348	AM9	AM
1020031	1030030	1025030.5	59	NA	NA	NA	0	1	0.996005996001	1.0000000000000036e-12	18.35593220338983	AM9	AM
1025031	1035030	1030030.5	64	NA	NA	NA	0	1	0.996005996001	1.0000000000000036e-12	16.328125	AM9	AM
1030031	1040030	1035030.5	108	NA	NA	NA	0	1	0.996005996001	1.0000000000000036e-12	16.833333333333332	AM9	AM
1035031	1045030	1040030.5	134	15.356575206574949	0	4.0482296807485	0	1	0.996005996001	1.0000000000000036e-12	18.186567164179106	AM9	AM
1040031	1050030	1045030.5	133	15.356575206574949	0	4.0482296807485	0	1	0.996005996001	1.0000000000000036e-12	18.466165413533833	AM9	AM
1045031	1055030	1050030.5	122	NA	NA	NA	0	1	0.996005996001	1.0000000000000036e-12	18.524590163934427	AM9	AM
1050031	1060030	1055030.5	95	9.813761718750001	0	2.7614248866050906	0	1	0.996005996001	1.0000000000000036e-12	18.157894736842106	AM9	AM
1055031	1065030	1060030.5	94	9.813761718750001	0	2.7614248866050906	0	1	0.996005996001	1.0000000000000036e-12	18.382978723404257	AM9	AM
1060031	1070030	1065030.5	71	NA	NA	NA	0	1	0.996005996001	1.0000000000000036e-12	18.746478873239436	AM9	AM
1065031	1075030	1070030.5	68	17.450683593749996	0	4.530386734948674	0	1	0.996005996001	1.0000000000000036e-12	18.25	AM9	AM
1070031	1080030	1075030.5	102	17.450683593749996	0	4.530386734948674	0	1	0.996005996001	1.0000000000000036e-12	17.637254901960784	AM9	AM
1075031	1085030	1080030.5	109	NA	NA	NA	0	1	0.996005996001	1.0000000000000036e-12	17.724770642201836	AM9	AM
1080031	1090030	1085030.5	98	NA	NA	NA	0	1	0.996005996001	1.0000000000000036e-12	18.102040816326532	AM9	AM
1085031	1095030	1090030.5	110	NA	NA	NA	0	1	0.996005996001	1.0000000000000036e-12	17.945454545454545	AM9	AM
1090031	1100030	1095030.5	102	NA	NA	NA	0	1	0.996005996001	1.0000000000000036e-12	18.166666666666668	AM9	AM
1095031	1105030	1100030.5	94	NA	NA	NA	0	1	0.996005996001	1.0000000000000036e-12	18.45744680851064	AM9	AM
1100031	1110030	1105030.5	95	NA	NA	NA	0	1	0.996005996001	1.0000000000000036e-12	18.71578947368421	AM9	AM
1105031	1115030	1110030.5	79	NA	NA	NA	0	1	0.996005996001	1.0000000000000036e-12	18.949367088607595	AM9	AM
1110031	1120030	1115030.5	94	10.871759954921112	NA	3.0103646768129004	0	1	0.996005996001	1.0000000000000036e-12	18.19148936170213	AM9	AM
1115031	1125030	1120030.5	97	10.871759954921112	NA	3.0103646768129004	0	1	0.996005996001	1.0000000000000036e-12	18.15463917525773	AM9	AM
1120031	1130030	1125030.5	114	NA	NA	NA	0	1	0.996005996001	1.0000000000000036e-12	18.20175438596491	AM9	AM
1125031	1135030	1130030.5	161	NA	NA	NA	0	1	0.996005996001	1.0000000000000036e-12	18.37888198757764	AM9	AM
1130031	1140030	1135030.5	147	NA	NA	NA	0	1	0.996005996001	1.0000000000000036e-12	18.46938775510204	AM9	AM
1135031	1145030	1140030.5	120	NA	NA	NA	0	1	0.996005996001	1.0000000000000036e-12	18.091666666666665	AM9	AM
1140031	1150030	1145030.5	107	NA	NA	NA	0	1	0.996005996001	1.0000000000000036e-12	18.19626168224299	AM9	AM
1145031	1155030	1150030.5	98	11.553819444444443	NA	3.1699876271715097	0	1	0.996005996001	1.0000000000000036e-12	17.255102040816325	AM9	AM
1150031	1160030	1155030.5	97	11.553819444444443	NA	3.1699876271715097	0	1	0.996005996001	1.0000000000000036e-12	17	AM9	AM
1155031	1165030	1160030.5	98	NA	NA	NA	0	1	0.996005996001	1.0000000000000036e-12	17.928571428571427	AM9	AM
1160031	1170030	1165030.5	109	14.820281249999999	0	3.9271736270374276	0	1	0.996005996001	1.0000000000000036e-12	18.128440366972477	AM9	AM
1165031	1175030	1170030.5	123	14.820281249999999	0	3.9271736270374276	0	1	0.996005996001	1.0000000000000036e-12	18.178861788617887	AM9	AM
1170031	1180030	1175030.5	108	NA	NA	NA	0	1	0.996005996001	1.0000000000000036e-12	18.333333333333332	AM9	AM
1175031	1185030	1180030.5	85	NA	NA	NA	0	1	0.996005996001	1.0000000000000036e-12	10.811764705882354	AM9	AM
1180031	1190030	1185030.5	59	NA	NA	NA	0	1	0.996005996001	1.0000000000000036e-12	1.3220338983050848	AM9	AM
1185031	1195030	1190030.5	62	NA	NA	NA	0	1	0.996005996001	1.0000000000000036e-12	2.806451612903226	AM9	AM
1190031	1200030	1195030.5	90	12.95367021908283	5.994812808373176e-4	3.495808009212239	0	1	0.996005996001	1.0000000000000036e-12	11.255555555555556	AM9	AM
1195031	1205030	1200030.5	110	12.95367021908283	5.994812808373176e-4	3.495808009212239	0	1	0.996005996001	1.0000000000000036e-12	18.12727272727273	AM9	AM
1200031	1210030	1205030.5	132	NA	NA	NA	0	1	0.996005996001	1.0000000000000036e-12	18.477272727272727	AM9	AM
1205031	1215030	1210030.5	113	NA	NA	NA	0	1	0.996005996001	1.0000000000000036e-12	18.504424778761063	AM9	AM
1210031	1220030	1215030.5	72	17.2029327973273	0	4.473731150844298	0	1	0.996005996001	1.0000000000000036e-12	18.23611111111111	AM9	AM
1215031	1225030	1220030.5	81	17.2029327973273	0	4.473731150844298	0	1	0.996005996001	1.0000000000000036e-12	18.37037037037037	AM9	AM
1220031	1230030	1225030.5	103	12.825185089041875	NA	3.4659911184043257	0	1	0.996005996001	1.0000000000000036e-12	18.320388349514563	AM9	AM
1225031	1235030	1230030.5	89	12.825185089041875	NA	3.4659911184043257	0	1	0.996005996001	1.0000000000000036e-12	18.382022471910112	AM9	AM
1230031	1240030	1235030.5	89	NA	NA	NA	0	1	0.996005996001	1.0000000000000036e-12	18.584269662921347	AM9	AM
1235031	1245030	1240030.5	111	14.215499999999999	0	3.7877533821508407	0	1	0.996005996001	1.0000000000000036e-12	18.37837837837838	AM9	AM
1240031	1250030	1245030.5	128	14.215499999999999	0	3.7877533821508407	0	1	0.996005996001	1.0000000000000036e-12	18.234375	AM9	AM
1245031	1255030	1250030.5	121	11.117870773297913	0	3.065530986987183	0	1	0.996005996001	1.0000000000000036e-12	18.173553719008265	AM9	AM
1250031	1260030	1255030.5	131	11.117870773297913	0	3.065530986987183	0	1	0.996005996001	1.0000000000000036e-12	18.16793893129771	AM9	AM
1255031	1265030	1260030.5	110	18.29210879410264	0	4.722412591918234	0	1	0.996005996001	1.0000000000000036e-12	18.4	AM9	AM
1260031	1270030	1265030.5	110	17.77266790444959	0	4.60391621975065	0	1	0.996005996001	1.0000000000000036e-12	18.963636363636365	AM9	AM
1265031	1275030	1270030.5	144	17.731755762924386	0	4.594576246314967	0	1	0.996005996001	1.0000000000000036e-12	18.70138888888889	AM9	AM
1270031	1280030	1275030.5	138	14.347256930585555	NA	3.812856648948551	0	1	0.996005996001	1.0000000000000036e-12	18.565217391304348	AM9	AM
1275031	1285030	1280030.5	134	14.347256930585555	NA	3.812856648948551	0	1	0.996005996001	1.0000000000000036e-12	18.37313432835821	AM9	AM
1280031	1290030	1285030.5	100	NA	NA	NA	0	1	0.996005996001	1.0000000000000036e-12	18.1	AM9	AM
1285031	1295030	1290030.5	82	NA	NA	NA	0	1	0.996005996001	1.0000000000000036e-12	18.597560975609756	AM9	AM
1290031	1300030	1295030.5	104	NA	NA	NA	0	1	0.996005996001	1.0000000000000036e-12	18.548076923076923	AM9	AM
1295031	1305030	1300030.5	99	NA	NA	NA	0	1	0.996005996001	1.0000000000000036e-12	18.444444444444443	AM9	AM
1300031	1310030	1305030.5	83	NA	NA	NA	0	1	0.996005996001	1.0000000000000036e-12	18.63855421686747	AM9	AM
1305031	1315030	1310030.5	71	NA	NA	NA	0	1	0.996005996001	1.0000000000000036e-12	18.87323943661972	AM9	AM
1310031	1320030	1315030.5	66	NA	NA	NA	0	1	0.996005996001	1.0000000000000036e-12	18.984848484848484	AM9	AM
1315031	1325030	1320030.5	94	NA	NA	NA	0	1	0.996005996001	1.0000000000000036e-12	18.638297872340427	AM9	AM
1320031	1330030	1325030.5	105	NA	NA	NA	0	1	0.996005996001	1.0000000000000036e-12	18.65714285714286	AM9	AM
1325031	1335030	1330030.5	93	NA	NA	NA	0	1	0.996005996001	1.0000000000000036e-12	18.473118279569892	AM9	AM
1330031	1340030	1335030.5	79	13.306819091796875	0	3.5764594373608123	0	1	0.996005996001	1.0000000000000036e-12	18.379746835443036	AM9	AM
1335031	1345030	1340030.5	93	14.872000000000002	0	3.939082356175143	0	1	0.996005996001	1.0000000000000036e-12	17.978494623655912	AM9	AM
1340031	1350030	1345030.5	102	16.81295558340118	NA	4.384568490303642	0	1	0.996005996001	1.0000000000000036e-12	18.019607843137255	AM9	AM
1345031	1355030	1350030.5	68	NA	NA	NA	0	1	0.996005996001	1.0000000000000036e-12	18.63235294117647	AM9	AM
1350031	1360030	1355030.5	55	NA	NA	NA	0	1	0.996005996001	1.0000000000000036e-12	18.90909090909091	AM9	AM
1355031	1365030	1360030.5	79	14.872000000000002	0	3.939082356175143	0	1	0.996005996001	1.0000000000000036e-12	18.21518987341772	AM9	AM
1360031	1370030	1365030.5	72	14.872000000000002	0	3.939082356175143	0	1	0.996005996001	1.0000000000000036e-12	17.666666666666668	AM9	AM
1365031	1375030	1370030.5	54	NA	NA	NA	0	1	0.996005996001	1.0000000000000036e-12	18.537037037037038	AM9	AM
1370031	1380030	1375030.5	77	12.890447200728264	NA	3.481139410608942	0	1	0.996005996001	1.0000000000000036e-12	17.844155844155843	AM9	AM
1375031	1385030	1380030.5	104	13.029190892638185	0	3.513314616785063	0	1	0.996005996001	1.0000000000000036e-12	17.78846153846154	AM9	AM
1380031	1390030	1385030.5	105	13.167934584548107	0	3.5454898229611835	0	1	0.996005996001	1.0000000000000036e-12	18.34285714285714	AM9	AM
1385031	1395030	1390030.5	101	NA	NA	NA	0	1	0.996005996001	1.0000000000000036e-12	18.356435643564357	AM9	AM
1390031	1400030	1395030.5	109	13.775802033983236	NA	3.6861914206710082	0	1	0.996005996001	1.0000000000000036e-12	18.376146788990827	AM9	AM
1395031	1405030	1400030.5	96	13.775802033983236	NA	3.6861914206710082	0	1	0.996005996001	1.0000000000000036e-12	18.333333333333332	AM9	AM
1400031	1410030	1405030.5	83	NA	NA	NA	0	1	0.996005996001	1.0000000000000036e-12	18.36144578313253	AM9	AM
1405031	1415030	1410030.5	82	NA	NA	NA	0	1	0.996005996001	1.0000000000000036e-12	18.23170731707317	AM9	AM
1410031	1420030	1415030.5	101	13.590506767140203	0	3.643338948100723	0	1	0.996005996001	1.0000000000000036e-12	18.415841584158414	AM9	AM
1415031	1425030	1420030.5	119	13.590506767140203	0	3.643338948100723	0	1	0.996005996001	1.0000000000000036e-12	18.571428571428573	AM9	AM
1420031	1430030	1425030.5	115	NA	NA	NA	0	1	0.996005996001	1.0000000000000036e-12	18.304347826086957	AM9	AM
1425031	1435030	1430030.5	94	NA	NA	NA	0	1	0.996005996001	1.0000000000000036e-12	18.148936170212767	AM9	AM
1430031	1440030	1435030.5	73	NA	NA	NA	0	1	0.996005996001	1.0000000000000036e-12	18.10958904109589	AM9	AM
1435031	1445030	1440030.5	73	NA	NA	NA	0	1	0.996005996001	1.0000000000000036e-12	18.52054794520548	AM9	AM
1440031	1450030	1445030.5	59	NA	NA	NA	0	1	0.996005996001	1.0000000000000036e-12	18.83050847457627	AM9	AM
1445031	1455030	1450030.5	61	NA	NA	NA	0	1	0.996005996001	1.0000000000000036e-12	18.42622950819672	AM9	AM
1450031	1460030	1455030.5	88	19.35468896484375	0	4.964360698645848	0	1	0.996005996001	1.0000000000000036e-12	18.681818181818183	AM9	AM
1455031	1465030	1460030.5	106	19.35468896484375	0	4.964360698645848	0	1	0.996005996001	1.0000000000000036e-12	18.99056603773585	AM9	AM
1460031	1470030	1465030.5	86	NA	NA	NA	0	1	0.996005996001	1.0000000000000036e-12	18.953488372093023	AM9	AM
1465031	1475030	1470030.5	74	NA	NA	NA	0	1	0.996005996001	1.0000000000000036e-12	18.81081081081081	AM9	AM
1470031	1480030	1475030.5	78	NA	NA	NA	0	1	0.996005996001	1.0000000000000036e-12	18.692307692307693	AM9	AM
1475031	1485030	1480030.5	78	NA	NA	NA	0	1	0.996005996001	1.0000000000000036e-12	18.08974358974359	AM9	AM
1480031	1490030	1485030.5	85	NA	NA	NA	0	1	0.996005996001	1.0000000000000036e-12	18.258823529411764	AM9	AM
1485031	1495030	1490030.5	73	NA	NA	NA	0	1	0.996005996001	1.0000000000000036e-12	18.602739726027398	AM9	AM
1490031	1500030	1495030.5	77	NA	NA	NA	0	1	0.996005996001	1.0000000000000036e-12	18.350649350649352	AM9	AM
1495031	1505030	1500030.5	75	NA	NA	NA	0	1	0.996005996001	1.0000000000000036e-12	18.613333333333333	AM9	AM
1500031	1510030	1505030.5	60	12.890447200728264	NA	3.481139410608942	0	1	0.996005996001	1.0000000000000036e-12	18.85	AM9	AM
1505031	1515030	1510030.5	66	13.65318364544784	NA	3.6575648478071656	0	1	0.996005996001	1.0000000000000036e-12	18.666666666666668	AM9	AM
1510031	1520030	1515030.5	70	14.415920090167415	NA	3.8339902850053895	0	1	0.996005996001	1.0000000000000036e-12	18.385714285714286	AM9	AM
1515031	1525030	1520030.5	68	NA	NA	NA	0	1	0.996005996001	1.0000000000000036e-12	17.205882352941178	AM9	AM
