window_start	window_end	window_mid	n_snps	median_chisq	median_OR	median_prop_1111_obs	median_prop_0000_obs	median_prop_1111_exp	median_prop_0000_exp	mean_n_samples	population	subset
31	10030	5030.5	140	418.99695754597633	0	0	0.9943019943019943	0.9906651746995985	3.008073889216207e-11	374.50714285714287	POOLED	LI
5031	15030	10030.5	118	420.9916353406717	0	0	0.997624689686301	0.996005996001	1.0000000000000036e-12	406.72033898305085	POOLED	LI
10031	20030	15030.5	124	420.49163833667313	0	0	1	0.996005996001	1.0000000000000036e-12	405.16129032258067	POOLED	LI
15031	25030	20030.5	89	424.99745339872504	0	0	1	0.996005996001	1.0000000000000036e-12	413.8988764044944	POOLED	LI
20031	30030	25030.5	77	424.99745339872504	0	0	0.9977011494252873	0.996005996001	1.0000000000000036e-12	414.23376623376623	POOLED	LI
25031	35030	30030.5	108	421.48281912858164	0	0	0.9951991710798986	0.9939173879243837	6.152043463711465e-12	416.94444444444446	POOLED	LI
30031	40030	35030.5	117	422.99746538273104	0	0	0.9953161592505855	0.9909605099462008	2.643903757924744e-11	419.2564102564103	POOLED	LI
35031	45030	40030.5	78	422.99746538273104	0	0	0.9963069636456734	0.9924161146461236	1.3080429372024297e-11	415.5128205128205	POOLED	LI
40031	50030	45030.5	80	420.965911042867	0	0	0.9929411764705882	0.98850256265859	6.945259330968982e-11	412.85	POOLED	LI
45031	55030	50030.5	108	422.48768120607247	0	0	0.9929411764705882	0.9891165076785181	5.669816821288386e-11	417.75	POOLED	LI
50031	60030	55030.5	110	423.93703625561875	6.1685111453626225e-12	0	0.9930875576036866	0.9907298749658346	2.9256348922733553e-11	416.53636363636366	POOLED	LI
55031	65030	60030.5	97	423.96831036501214	0	0	0.9947089947089947	0.9906433391513974	3.036418323808053e-11	413.1340206185567	POOLED	LI
60031	70030	65030.5	96	423.96260561148387	0	0	0.990632318501171	0.986183208505744	1.4536281340352061e-10	415.1145833333333	POOLED	LI
65031	75030	70030.5	122	421.997471374734	0	0	0.9906868325472977	0.9862780045561892	1.4139399306883113e-10	415.0081967213115	POOLED	LI
70031	80030	75030.5	123	424.94388311174436	0	0	0.9952941176470588	0.9909194685248185	2.692414489134102e-11	417.6260162601626	POOLED	LI
75031	85030	80030.5	90	424.99696476042504	0	0	0.9976413913565894	0.9956921988613954	1.3972532382770245e-12	420.1666666666667	POOLED	LI
80031	90030	85030.5	86	423.997459390728	0	0	0.995321631027162	0.9952746620343934	1.9614590539477666e-12	419.1744186046512	POOLED	LI
85031	95030	90030.5	106	421.99645111046294	0	0	0.9972058125325923	0.9953623204172883	1.8196725869470188e-12	407.811320754717	POOLED	LI
90031	100030	95030.5	129	420.9974773667371	0	0	0.9974937343358395	0.996005996001	1.0000000000000036e-12	400.6589147286822	POOLED	LI
95031	105030	100030.5	164	419.99748335874006	0	0	0.9968115736328798	0.9952578358699891	1.9896474830251232e-12	401.390243902439	POOLED	LI
100031	110030	105030.5	134	417.99472024162424	1.3066177101864224e-6	0	0.9976824997851681	0.996005996001	1.0000000000000036e-12	405.25373134328356	POOLED	LI
105031	115030	110030.5	88	420.9974773667371	4.1034825051382276e-7	0	0.9937705314624767	0.9927163971436928	1.1154406842200108e-11	416.03409090909093	POOLED	LI
110031	120030	115030.5	99	422.9779241078029	1.8422777631919357e-7	0	0.9908256880733946	0.9907085414740423	2.952370323535843e-11	418.4141414141414	POOLED	LI
115031	125030	120030.5	99	422.98586027367173	2.2058360933244277e-6	0	0.992822966507177	0.9907515071766454	2.8979502087912516e-11	421.1313131313131	POOLED	LI
120031	130030	125030.5	67	423.997459390728	2.8844584019434624e-12	0	0.9938271604938271	0.9906651746995985	3.008073889216207e-11	420.1641791044776	POOLED	LI
125031	135030	130030.5	88	421.997471374734	4.080437841456766e-12	0	0.9976498204915769	0.996005996001	1.0000000000000036e-12	417.53409090909093	POOLED	LI
130031	140030	135030.5	118	417.99749534274605	6.461923866123592e-11	0	0.9976744060270742	0.996005996001	1.0000000000000036e-12	409.8220338983051	POOLED	LI
135031	145030	140030.5	96	410.997537286767	1.2134876571356433e-7	0.004689853861294686	0.9859633569739953	0.9671200422505093	4.831695945073669e-9	407.3645833333333	POOLED	LI
140031	150030	145030.5	138	409.8593168650938	2.230169379274538e-10	0.0071006016604483885	0.9838523429933697	0.9590070068339458	1.1865597772196685e-8	419.90579710144925	POOLED	LI
145031	155030	150030.5	214	411.9600377982414	1.5260107668566857e-10	0.006952500644496004	0.9836065573770492	0.9569290671446509	1.4356827397472598e-8	417.27570093457945	POOLED	LI
150031	160030	155030.5	199	414.61923727457076	1.0911193775548513e-10	0.004878048780487805	0.9837587006960556	0.9573215681228451	1.3831777572796565e-8	415.26633165829145	POOLED	LI
155031	165030	160030.5	131	419.7647757489546	4.6842194232508873e-11	0.004545454545454545	0.9862068965517241	0.9740656307184702	1.8379496663555562e-9	416.793893129771	POOLED	LI
160031	170030	165030.5	95	421.90403657569067	1.248901824241872e-11	0	0.9883449883449883	0.9833913643967969	3.047805454184464e-10	415.6736842105263	POOLED	LI
165031	175030	170030.5	87	422.99746538273104	4.08608456728144e-12	0	0.9952941176470588	0.9929763221609241	9.607417352674524e-12	411.81609195402297	POOLED	LI
170031	180030	175030.5	81	422.98830182190596	0	0	0.9976076555023924	0.9951308672270054	2.211793566405659e-12	411.8024691358025	POOLED	LI
175031	185030	180030.5	94	418.15826360693114	0	0	0.9883990094745909	0.9814603016810856	4.746460766924109e-10	407.3404255319149	POOLED	LI
180031	190030	185030.5	112	417.932864039228	0	0	0.98841249892584	0.9808340064039314	5.426324182458314e-10	408.69642857142856	POOLED	LI
185031	195030	190030.5	101	421.99645111046294	0	0	0.9887387387387387	0.9813089261977226	4.904155841046172e-10	419.16831683168317	POOLED	LI
190031	200030	195030.5	80	424.9902169000099	7.933657871659455e-12	0.0011389521640091116	0.9881234484315053	0.9784884930287991	8.642483296633371e-10	423.775	POOLED	LI
195031	205030	200030.5	113	424.99745339872504	6.8868758663893086e-12	0.0022727272727272726	0.9879518072289156	0.9757733838378434	1.3959401630430626e-9	414.8407079646018	POOLED	LI
200031	210030	205030.5	114	420.9974773667371	7.0649982690865384e-12	0	0.9883990094745909	0.9796725687210461	6.883979221338076e-10	409.49122807017545	POOLED	LI
205031	215030	210030.5	91	413.99751931075804	1.8460491570546205e-11	0	0.9947229551451188	0.9879483147456363	8.391504762858001e-11	412.0989010989011	POOLED	LI
210031	220030	215030.5	103	418.997489350743	2.3809188344209036e-11	0	0.9884259259259259	0.9803445795149299	6.006127153017623e-10	418.3883495145631	POOLED	LI
215031	225030	220030.5	109	417.99749534274605	6.809671444912869e-11	0	0.9946949602122016	0.9922305320898483	1.440131452638683e-11	414.54128440366975	POOLED	LI
220031	230030	225030.5	84	419.3661977642273	1.0571552504495134e-11	0	0.9953161335614936	0.9947400864695157	3.0145421005186917e-12	411.8095238095238	POOLED	LI
225031	235030	230030.5	51	425.00494521650256	8.316674196359907e-12	0	0.9976635514018691	0.9954102198488838	1.7455126056467214e-12	422.5686274509804	POOLED	LI
230031	240030	235030.5	89	424.94388311174436	2.7282613852120965e-11	0	1	0.996005996001	1.0000000000000036e-12	417.75280898876406	POOLED	LI
235031	245030	240030.5	105	421.997471374734	2.4827523630502807e-11	0	0.9976958525345622	0.996005996001	1.0000000000000036e-12	414.8952380952381	POOLED	LI
240031	250030	245030.5	100	423.997459390728	2.159424670982199e-11	0	0.9976744186046511	0.996005996001	1.0000000000000036e-12	416.72	POOLED	LI
245031	255030	250030.5	99	423.997459390728	2.2813237846667396e-11	0	0.9977324263038548	0.996005996001	1.0000000000000036e-12	418.4343434343434	POOLED	LI
250031	260030	255030.5	98	423.44104284209425	2.365302492629854e-11	0	1	0.996005996001	1.0000000000000036e-12	417.4183673469388	POOLED	LI
255031	265030	260030.5	104	420.9974773667371	2.547458133869388e-10	0	1	0.996005996001	1.0000000000000036e-12	415.0192307692308	POOLED	LI
260031	270030	265030.5	87	422.99746538273104	3.837135269065649e-8	0	1	0.996005996001	1.0000000000000036e-12	416.0344827586207	POOLED	LI
265031	275030	270030.5	80	424.42647834572324	2.1673402737536946e-12	0	1	0.996005996001	1.0000000000000036e-12	419.9875	POOLED	LI
270031	280030	275030.5	82	424.9264753497217	4.334680547507389e-12	0	1	0.996005996001	1.0000000000000036e-12	421.5121951219512	POOLED	LI
275031	285030	280030.5	87	421.997471374734	0	0	1	0.996005996001	1.0000000000000036e-12	407.3333333333333	POOLED	LI
280031	290030	285030.5	86	420.9974773667371	2.566411881815366e-12	0	1	0.996005996001	1.0000000000000036e-12	393.22093023255815	POOLED	LI
285031	295030	290030.5	91	421.997471374734	3.455140861160846e-12	0	0.9976744186046511	0.996005996001	1.0000000000000036e-12	399.9120879120879	POOLED	LI
290031	300030	295030.5	99	419.99748335874006	2.7843128779154885e-12	0	0.9976905311778291	0.996005996001	1.0000000000000036e-12	404.6363636363636	POOLED	LI
295031	305030	300030.5	142	418.997489350743	0	0	1	0.996005996001	1.0000000000000036e-12	410.40140845070425	POOLED	LI
300031	310030	305030.5	134	418.997489350743	0	0	1	0.996005996001	1.0000000000000036e-12	415.64179104477614	POOLED	LI
305031	315030	310030.5	90	418.997489350743	4.857564551328479e-10	0	1	0.996005996001	1.0000000000000036e-12	394.75555555555553	POOLED	LI
310031	320030	315030.5	131	420.98824682785187	4.713933926928541e-12	0	1	0.996005996001	1.0000000000000036e-12	401.55725190839695	POOLED	LI
315031	325030	320030.5	121	420.9974773667371	0	0	0.9976744186046511	0.990794077345649	2.8447782219645667e-11	407.78512396694214	POOLED	LI
320031	330030	325030.5	92	416.99695498032804	6.706654343154838e-13	0	0.9976851727814899	0.996005996001	1.0000000000000036e-12	391.54347826086956	POOLED	LI
325031	335030	330030.5	108	418.88327375003	0	0	1	0.996005996001	1.0000000000000036e-12	397.462962962963	POOLED	LI
330031	340030	335030.5	99	422.99645948704085	2.323125645997308e-10	0	1	0.996005996001	1.0000000000000036e-12	405.979797979798	POOLED	LI
335031	345030	340030.5	84	422.02097890290634	2.513272304645234e-10	0	1	0.996005996001	1.0000000000000036e-12	410.95238095238096	POOLED	LI
340031	350030	345030.5	67	415.99750732675204	0	0	1	0.996005996001	1.0000000000000036e-12	390.23880597014926	POOLED	LI
345031	355030	350030.5	34	379.5901719000831	0	0	0.9973017804627174	0.9944902000509692	4.031675223322171e-12	344.70588235294116	POOLED	LI
350031	360030	355030.5	8	253.46462706129373	0	0	0.9727575982209045	0.9730349600318522	2.166438922450472e-9	266.375	POOLED	LI
355031	365030	360030.5	7	299.9751812042747	2.877484286594849e-6	0	0.9923076923076923	0.9871315348575291	1.0921772199295927e-10	242.85714285714286	POOLED	LI
360031	370030	365030.5	13	271.99837017518405	0	0	0.9975609756097561	0.996005996001	1.0000000000000036e-12	224.6153846153846	POOLED	LI
365031	375030	370030.5	54	366.997800934899	0	0	1	0.996005996001	1.0000000000000036e-12	266	POOLED	LI
370031	380030	375030.5	89	412.99752530276106	1.1059301388867221e-11	0	1	0.996005996001	1.0000000000000036e-12	332.55056179775283	POOLED	LI
375031	385030	380030.5	75	420.9974773667371	NA	0	1	0.996005996001	1.0000000000000036e-12	406.74666666666667	POOLED	LI
380031	390030	385030.5	67	421.766088369253	2.184997917426148e-11	0	1	0.996005996001	1.0000000000000036e-12	419.1044776119403	POOLED	LI
385031	395030	390030.5	81	420.94144769145265	2.0856555527104088e-10	0.0023094688221709007	0.9952380952380953	0.9861193544187715	1.4807822976534108e-10	421.34567901234567	POOLED	LI
390031	400030	395030.5	81	415.7445511397171	4.0226099593015e-10	0.002331002331002331	0.9927184466019418	0.9830358284902334	3.3190727205874923e-10	416.5432098765432	POOLED	LI
395031	405030	400030.5	80	419.91181215822206	1.971510307579063e-11	0	1	0.996005996001	1.0000000000000036e-12	414.35	POOLED	LI
400031	410030	405030.5	99	419.99748335874006	1.5580791588821565e-10	0	1	0.996005996001	1.0000000000000036e-12	414.3030303030303	POOLED	LI
405031	415030	410030.5	87	422.98830182190596	0	0	1	0.996005996001	1.0000000000000036e-12	409.32183908045977	POOLED	LI
410031	420030	415030.5	67	422.98830182190596	0	0	1	0.996005996001	1.0000000000000036e-12	401.74626865671644	POOLED	LI
415031	425030	420030.5	78	417.4974983387475	2.1342097567827004e-11	0	1	0.996005996001	1.0000000000000036e-12	403.0897435897436	POOLED	LI
420031	430030	425030.5	91	421.99645111046294	0	0	1	0.996005996001	1.0000000000000036e-12	407.1978021978022	POOLED	LI
425031	435030	430030.5	96	422.4969654308874	0	0	1	0.996005996001	1.0000000000000036e-12	410.5208333333333	POOLED	LI
430031	440030	435030.5	96	422.99746538273104	0	0	1	0.996005996001	1.0000000000000036e-12	417.3645833333333	POOLED	LI
435031	445030	440030.5	93	421.997471374734	0	0	1	0.996005996001	1.0000000000000036e-12	409.9247311827957	POOLED	LI
440031	450030	445030.5	80	420.44694069010177	0	0	1	0.996005996001	1.0000000000000036e-12	405.6625	POOLED	LI
445031	455030	450030.5	75	420.9974773667371	2.2733552222213715e-12	0	1	0.996005996001	1.0000000000000036e-12	414.53333333333336	POOLED	LI
450031	460030	455030.5	96	424.4929078472312	0	0	1	0.996005996001	1.0000000000000036e-12	416.9895833333333	POOLED	LI
455031	465030	460030.5	93	423.997459390728	3.7821543225126626e-10	0	1	0.996005996001	1.0000000000000036e-12	410.02150537634407	POOLED	LI
460031	470030	465030.5	97	416.997501334749	2.832825700090438e-10	0	1	0.996005996001	1.0000000000000036e-12	408.0515463917526	POOLED	LI
465031	475030	470030.5	85	417.99749534274605	2.6646545371549204e-10	0	0.9976415094339622	0.9953676974189613	1.8112188804945323e-12	415.1058823529412	POOLED	LI
470031	480030	475030.5	61	424.99745339872504	0.02211707487112277	0	0.9976580796252927	0.99532437971679	1.8800461807601292e-12	420.91803278688525	POOLED	LI
475031	485030	480030.5	77	422.896872699085	5.785197830044228e-9	0.0024330900243309003	0.9951456310679612	0.9816096858477998	4.5939365799779156e-10	420.93506493506493	POOLED	LI
480031	490030	485030.5	54	417.44658954641386	5.785197830044228e-9	0.004745018574805809	0.9939141303820203	0.980367956325756	5.97876883518452e-10	416.8333333333333	POOLED	LI
485031	495030	490030.5	40	422.947169040908	NA	0	1	0.996005996001	1.0000000000000036e-12	420.025	POOLED	LI
490031	500030	495030.5	54	422.947169040908	2.4660767685725217e-9	0	1	0.996005996001	1.0000000000000036e-12	419.35185185185185	POOLED	LI
495031	505030	500030.5	65	422.7904676922816	9.236596954345822e-11	0	1	0.996005996001	1.0000000000000036e-12	411.2307692307692	POOLED	LI
500031	510030	505030.5	74	419.4073947227891	9.236596954345822e-11	0	1	0.996005996001	1.0000000000000036e-12	413.36486486486484	POOLED	LI
505031	515030	510030.5	83	418.8168821795497	0	0	0.9976744186046511	0.996005996001	1.0000000000000036e-12	406.8313253012048	POOLED	LI
510031	520030	515030.5	77	421.7161625124309	0	0	0.9976744186046511	0.996005996001	1.0000000000000036e-12	406.54545454545456	POOLED	LI
515031	525030	520030.5	59	425.997447406722	0	0	1	0.996005996001	1.0000000000000036e-12	418.2881355932203	POOLED	LI
520031	530030	525030.5	71	419.99748335874006	0	0	1	0.996005996001	1.0000000000000036e-12	399.2676056338028	POOLED	LI
525031	535030	530030.5	76	415.856202090607	0	0	1	0.996005996001	1.0000000000000036e-12	386.44736842105266	POOLED	LI
530031	540030	535030.5	72	416.49750433075053	1.256102408872982e-10	0	1	0.996005996001	1.0000000000000036e-12	385.40277777777777	POOLED	LI
535031	545030	540030.5	82	422.5886103501733	7.46681864704262e-12	0	1	0.996005996001	1.0000000000000036e-12	386.4024390243902	POOLED	LI
540031	550030	545030.5	97	420.9974773667371	0	0	1	0.996005996001	1.0000000000000036e-12	399.25773195876286	POOLED	LI
545031	555030	550030.5	95	418.997489350743	0	0	1	0.996005996001	1.0000000000000036e-12	408.3157894736842	POOLED	LI
550031	560030	555030.5	63	418.997489350743	0	0	1	0.996005996001	1.0000000000000036e-12	411.06349206349205	POOLED	LI
555031	565030	560030.5	46	420.3991954219815	0	0	0.9988505747126437	0.996005996001	1.0000000000000036e-12	414.32608695652175	POOLED	LI
560031	570030	565030.5	73	420.80195660613106	0	0	1	0.996005996001	1.0000000000000036e-12	414.26027397260276	POOLED	LI
565031	575030	570030.5	109	417.99749534274605	0	0	1	0.996005996001	1.0000000000000036e-12	406.2844036697248	POOLED	LI
570031	580030	575030.5	102	417.99749534274605	0	0	1	0.996005996001	1.0000000000000036e-12	402.2843137254902	POOLED	LI
575031	585030	580030.5	67	418.4928433285302	0	0	1	0.996005996001	1.0000000000000036e-12	407.23880597014926	POOLED	LI
580031	590030	585030.5	70	417.9503167194089	0	0	1	0.996005996001	1.0000000000000036e-12	404.7857142857143	POOLED	LI
585031	595030	590030.5	79	414.786597801565	0	0	1	0.996005996001	1.0000000000000036e-12	400.1392405063291	POOLED	LI
590031	600030	595030.5	71	417.99749534274605	0	0	1	0.996005996001	1.0000000000000036e-12	404.6478873239437	POOLED	LI
595031	605030	600030.5	86	423.997459390728	0	0	1	0.996005996001	1.0000000000000036e-12	412.43023255813955	POOLED	LI
600031	610030	605030.5	114	418.97163182311925	0	0	1	0.996005996001	1.0000000000000036e-12	401.57894736842104	POOLED	LI
605031	615030	610030.5	118	415.9928071902566	0	0	1	0.996005996001	1.0000000000000036e-12	403.64406779661016	POOLED	LI
610031	620030	615030.5	107	419.99748335874006	0	0	1	0.996005996001	1.0000000000000036e-12	417.0373831775701	POOLED	LI
615031	625030	620030.5	100	422.95368957123776	5.608046444113693e-10	0	1	0.996005996001	1.0000000000000036e-12	420.54	POOLED	LI
620031	630030	625030.5	101	423.99646782416886	5.35991952258224e-11	0	1	0.996005996001	1.0000000000000036e-12	421.009900990099	POOLED	LI
625031	635030	630030.5	112	422.99746538273104	4.106790456823553e-11	0	1	0.996005996001	1.0000000000000036e-12	410.8482142857143	POOLED	LI
630031	640030	635030.5	79	422.3939695335078	0	0	1	0.996005996001	1.0000000000000036e-12	406.8101265822785	POOLED	LI
635031	645030	640030.5	41	421.7899916437567	0	0	1	0.996005996001	1.0000000000000036e-12	413.0731707317073	POOLED	LI
640031	650030	645030.5	57	418.997489350743	9.34562078837759e-11	0	1	0.996005996001	1.0000000000000036e-12	401.3333333333333	POOLED	LI
645031	655030	650030.5	63	423.4974623867295	0	0	1	0.996005996001	1.0000000000000036e-12	408.6190476190476	POOLED	LI
650031	660030	655030.5	64	420.49748036273854	0	0	1	0.996005996001	1.0000000000000036e-12	408.09375	POOLED	LI
655031	665030	660030.5	63	419.99748335874006	0	0	1	0.996005996001	1.0000000000000036e-12	403.93650793650795	POOLED	LI
660031	670030	665030.5	53	421.997471374734	7.123210160688196e-10	0	1	0.996005996001	1.0000000000000036e-12	410.1509433962264	POOLED	LI
665031	675030	670030.5	35	420.9974773667371	3.561605080344098e-10	0	1	0.996005996001	1.0000000000000036e-12	409.62857142857143	POOLED	LI
670031	680030	675030.5	11	422.4072948598935	0	0	1	0.996005996001	1.0000000000000036e-12	352.3636363636364	POOLED	LI
675031	685030	680030.5	9	85.38565553746672	1.4998308262915808e-6	0	1	0.996005996001	1.0000000000000036e-12	77.55555555555556	POOLED	LI
680031	690030	685030.5	7	90.66794613341685	1.4998308262915808e-6	0	1	0.996005996001	1.0000000000000036e-12	83.85714285714286	POOLED	LI
685031	695030	690030.5	0	NA	NA	NA	NA	NA	NA	NA	POOLED	LI
690031	700030	695030.5	0	NA	NA	NA	NA	NA	NA	NA	POOLED	LI
695031	705030	700030.5	0	NA	NA	NA	NA	NA	NA	NA	POOLED	LI
700031	710030	705030.5	16	419.99748335874006	3.7614276331979783e-10	0	1	0.996005996001	1.0000000000000036e-12	387.375	POOLED	LI
705031	715030	710030.5	62	418.9532567017201	2.617958820737738e-10	0	1	0.996005996001	1.0000000000000036e-12	404.88709677419354	POOLED	LI
710031	720030	715030.5	107	418.997489350743	1.681895522115426e-10	0	1	0.996005996001	1.0000000000000036e-12	410.50467289719626	POOLED	LI
715031	725030	720030.5	99	418.997489350743	5.906031613524465e-11	0	1	0.996005996001	1.0000000000000036e-12	409.67676767676767	POOLED	LI
720031	730030	725030.5	77	418.997489350743	4.380725164882337e-11	0	0.9974293059125964	0.9951661719873638	2.148225219291806e-12	413.1168831168831	POOLED	LI
725031	735030	730030.5	74	420.8651772156701	2.013309381686196e-11	0	1	0.996005996001	1.0000000000000036e-12	419.3243243243243	POOLED	LI
730031	740030	735030.5	66	422.99746538273104	0	0	1	0.996005996001	1.0000000000000036e-12	416.3181818181818	POOLED	LI
735031	745030	740030.5	71	422.99746538273104	0	0	1	0.996005996001	1.0000000000000036e-12	414.28169014084506	POOLED	LI
740031	750030	745030.5	77	422.99746538273104	0	0	1	0.996005996001	1.0000000000000036e-12	413.93506493506493	POOLED	LI
745031	755030	750030.5	72	423.4870976694873	0	0	1	0.996005996001	1.0000000000000036e-12	406.84722222222223	POOLED	LI
750031	760030	755030.5	75	419.9882191364774	0	0	0.9976470588235294	0.9907515071766454	2.8979502087912516e-11	405.2266666666667	POOLED	LI
755031	765030	760030.5	93	414.9880786990671	0	0	0.9976190476190476	0.9907300741107773	2.925002069439208e-11	403.741935483871	POOLED	LI
760031	770030	765030.5	92	414.9880786990671	0	0	0.9976662745354334	0.995550519482296	1.6388653632297934e-12	399.0978260869565	POOLED	LI
765031	775030	770030.5	102	416.997501334749	0	0	1	0.996005996001	1.0000000000000036e-12	399.79411764705884	POOLED	LI
770031	780030	775030.5	98	416.49750433075053	0	0	1	0.996005996001	1.0000000000000036e-12	403.3979591836735	POOLED	LI
775031	785030	780030.5	58	418.997489350743	3.561605080344098e-10	0	1	0.996005996001	1.0000000000000036e-12	410.5	POOLED	LI
780031	790030	785030.5	70	420.99747736673703	3.561605080344098e-10	0	1	0.996005996001	1.0000000000000036e-12	401.37142857142857	POOLED	LI
785031	795030	790030.5	87	418.997489350743	0	0	1	0.996005996001	1.0000000000000036e-12	396.7701149425287	POOLED	LI
790031	800030	795030.5	67	418.997489350743	0	0	1	0.996005996001	1.0000000000000036e-12	397.56716417910445	POOLED	LI
795031	805030	800030.5	70	416.49750433075053	0	0	1	0.996005996001	1.0000000000000036e-12	394.9142857142857	POOLED	LI
800031	810030	805030.5	66	419.99748335874006	0	0	1	0.996005996001	1.0000000000000036e-12	400.45454545454544	POOLED	LI
805031	815030	810030.5	34	423.997459390728	0	0	1	0.996005996001	1.0000000000000036e-12	386.70588235294116	POOLED	LI
810031	820030	815030.5	91	411.99753129476403	0	0	1	0.996005996001	1.0000000000000036e-12	380.4835164835165	POOLED	LI
815031	825030	820030.5	109	415.99750732675204	0	0	1	0.996005996001	1.0000000000000036e-12	395.22935779816515	POOLED	LI
820031	830030	825030.5	62	421.4974743707355	0	0	1	0.996005996001	1.0000000000000036e-12	416.43548387096774	POOLED	LI
825031	835030	830030.5	77	422.99746538273104	0	0	1	0.996005996001	1.0000000000000036e-12	411.45454545454544	POOLED	LI
830031	840030	835030.5	78	423.0210532558724	0	0	1	0.996005996001	1.0000000000000036e-12	411.0897435897436	POOLED	LI
835031	845030	840030.5	84	420.9974773667371	0	0	1	0.996005996001	1.0000000000000036e-12	403.2738095238095	POOLED	LI
840031	850030	845030.5	91	420.9974773667371	0	0	1	0.996005996001	1.0000000000000036e-12	408.16483516483515	POOLED	LI
845031	855030	850030.5	85	421.997471374734	0	0	1	0.996005996001	1.0000000000000036e-12	413.25882352941176	POOLED	LI
850031	860030	855030.5	94	413.9928020009141	0	0	1	0.996005996001	1.0000000000000036e-12	394.59574468085106	POOLED	LI
855031	865030	860030.5	107	415.99750732675204	0	0	1	0.996005996001	1.0000000000000036e-12	401.39252336448595	POOLED	LI
860031	870030	865030.5	118	416.99695498032804	0	0	1	0.996005996001	1.0000000000000036e-12	406.8220338983051	POOLED	LI
865031	875030	870030.5	131	418.9881913143144	0	0	1	0.996005996001	1.0000000000000036e-12	401.14503816793894	POOLED	LI
870031	880030	875030.5	100	421.997471374734	0	0	1	0.996005996001	1.0000000000000036e-12	407.78	POOLED	LI
875031	885030	880030.5	50	420.9974773667371	7.524889601235542e-11	0	1	0.996005996001	1.0000000000000036e-12	374.26	POOLED	LI
880031	890030	885030.5	29	412.997525302761	7.524889601235542e-11	0	0.9988372093023256	0.996005996001	1.0000000000000036e-12	294.3103448275862	POOLED	LI
885031	895030	890030.5	44	415.49279062488813	9.062441167550686e-11	0	1	0.996005996001	1.0000000000000036e-12	382.34090909090907	POOLED	LI
890031	900030	895030.5	66	413.9915365951956	1.69035576481044e-11	0	1	0.996005996001	1.0000000000000036e-12	387.07575757575756	POOLED	LI
895031	905030	900030.5	39	400.997597206797	8.4517788240522e-12	0	0.9975648340709931	0.995648676013979	1.4669112100072138e-12	312.61538461538464	POOLED	LI
900031	910030	905030.5	26	374.9592727676477	8.662887878076198e-8	0	0.9957982451494448	0.9888211853556477	6.725593968664234e-11	194.03846153846155	POOLED	LI
905031	915030	910030.5	55	416.49695797632955	1.7137852661806323e-7	0	0.9977219892897173	0.996005996001	1.0000000000000036e-12	344.90909090909093	POOLED	LI
910031	920030	915030.5	86	416.9930289064739	0	0	0.9964528976488425	0.9949907388920471	2.4964646616345634e-12	403.66279069767444	POOLED	LI
915031	925030	920030.5	88	418.49749234674454	0	0	0.9988452655889146	0.996005996001	1.0000000000000036e-12	407.6136363636364	POOLED	LI
920031	930030	925030.5	107	419.99748335874006	0	0	1	0.996005996001	1.0000000000000036e-12	410.7196261682243	POOLED	LI
925031	935030	930030.5	119	419.99748335874006	0	0	1	0.996005996001	1.0000000000000036e-12	410.10084033613447	POOLED	LI
930031	940030	935030.5	94	423.4974623867295	0	0	1	0.996005996001	1.0000000000000036e-12	414.8510638297872	POOLED	LI
935031	945030	940030.5	97	423.997459390728	0	0	1	0.996005996001	1.0000000000000036e-12	416.35051546391753	POOLED	LI
940031	950030	945030.5	99	422.99746538273104	0	0	1	0.996005996001	1.0000000000000036e-12	414.27272727272725	POOLED	LI
945031	955030	950030.5	71	423.997459390728	0	0	1	0.996005996001	1.0000000000000036e-12	409.5492957746479	POOLED	LI
950031	960030	955030.5	73	421.997471374734	0	0	1	0.996005996001	1.0000000000000036e-12	396.8904109589041	POOLED	LI
955031	965030	960030.5	66	420.49748036273854	3.1270764320012036e-11	0	1	0.996005996001	1.0000000000000036e-12	381.7121212121212	POOLED	LI
960031	970030	965030.5	62	416.997501334749	6.254152864002407e-11	0	1	0.996005996001	1.0000000000000036e-12	367.80645161290323	POOLED	LI
965031	975030	970030.5	57	415.967703884821	1.3747662742440064e-9	0	1	0.996005996001	1.0000000000000036e-12	351.1929824561403	POOLED	LI
970031	980030	975030.5	53	423.4755744809829	NA	0	1	0.996005996001	1.0000000000000036e-12	383.9622641509434	POOLED	LI
975031	985030	980030.5	81	423.997459390728	0	0	1	0.996005996001	1.0000000000000036e-12	408.0740740740741	POOLED	LI
980031	990030	985030.5	65	420.9974773667371	0	0	1	0.996005996001	1.0000000000000036e-12	401.55384615384617	POOLED	LI
985031	995030	990030.5	67	420.9974773667371	0	0	1	0.996005996001	1.0000000000000036e-12	406.05970149253733	POOLED	LI
990031	1000030	995030.5	78	420.9974773667371	4.2856755618642594e-10	0	1	0.996005996001	1.0000000000000036e-12	403	POOLED	LI
995031	1005030	1000030.5	84	417.4829504629332	0	0	0.9976658931703544	0.996005996001	1.0000000000000036e-12	399.3809523809524	POOLED	LI
1000031	1010030	1005030.5	112	419.9833438859401	0	0	1	0.996005996001	1.0000000000000036e-12	408.70535714285717	POOLED	LI
1005031	1015030	1010030.5	116	420.9974773667371	1.5381885866077594e-9	0	0.9988532110091743	0.996005996001	1.0000000000000036e-12	417.62931034482756	POOLED	LI
1010031	1020030	1015030.5	123	421.9707025277249	1.0236352975875225e-9	0	0.9975247524752475	0.9952009684636074	2.0869242945065225e-12	418.390243902439	POOLED	LI
1015031	1025030	1020030.5	92	423.48415229930197	0	0	0.9976359205937584	0.996005996001	1.0000000000000036e-12	414.2391304347826	POOLED	LI
1020031	1030030	1025030.5	59	420.9706337020094	0	0	0.9976635514018691	0.996005996001	1.0000000000000036e-12	408.23728813559325	POOLED	LI
1025031	1035030	1030030.5	64	406.99756125477904	0	0	0.9988584474885844	0.996005996001	1.0000000000000036e-12	357.9375	POOLED	LI
1030031	1040030	1035030.5	108	411.99753129476403	2.476773951375078e-11	0	1	0.996005996001	1.0000000000000036e-12	375.10185185185185	POOLED	LI
1035031	1045030	1040030.5	134	416.997501334749	9.391396584769531e-11	0	1	0.996005996001	1.0000000000000036e-12	406.3059701492537	POOLED	LI
1040031	1050030	1045030.5	133	421.997471374734	1.2670854502135936e-10	0	1	0.996005996001	1.0000000000000036e-12	411.7894736842105	POOLED	LI
1045031	1055030	1050030.5	122	421.997471374734	5.664279701363042e-11	0	1	0.996005996001	1.0000000000000036e-12	412.0409836065574	POOLED	LI
1050031	1060030	1055030.5	95	417.99749534274605	0	0	1	0.996005996001	1.0000000000000036e-12	404.61052631578946	POOLED	LI
1055031	1065030	1060030.5	94	419.9468211998028	0	0	1	0.996005996001	1.0000000000000036e-12	409.78723404255317	POOLED	LI
1060031	1070030	1065030.5	71	424.99745339872504	0	0	1	0.996005996001	1.0000000000000036e-12	418.53521126760563	POOLED	LI
1065031	1075030	1070030.5	68	422.5671499274697	2.9790795532961173e-9	0	1	0.996005996001	1.0000000000000036e-12	413.3235294117647	POOLED	LI
1070031	1080030	1075030.5	102	414.49279900491257	3.8749407907207334e-10	0	1	0.996005996001	1.0000000000000036e-12	404	POOLED	LI
1075031	1085030	1080030.5	109	414.9880786990671	1.7618314726072578e-9	0	1	0.996005996001	1.0000000000000036e-12	403.8073394495413	POOLED	LI
1080031	1090030	1085030.5	98	417.8019607152511	1.377617329735963e-9	0	1	0.996005996001	1.0000000000000036e-12	410.2857142857143	POOLED	LI
1085031	1095030	1090030.5	110	417.8777368533406	4.660514704254177e-10	0	1	0.996005996001	1.0000000000000036e-12	411.1454545454545	POOLED	LI
1090031	1100030	1095030.5	102	418.6159033410422	7.273624859227443e-10	0	1	0.996005996001	1.0000000000000036e-12	412.46078431372547	POOLED	LI
1095031	1105030	1100030.5	94	419.49748635474157	3.3158122686090693e-9	0	1	0.996005996001	1.0000000000000036e-12	416.51063829787233	POOLED	LI
1100031	1110030	1105030.5	95	420.9974773667371	2.8064335800653895e-9	0	0.9976798143851509	0.9954725596152557	1.6524398487026412e-12	419.4421052631579	POOLED	LI
1105031	1115030	1110030.5	79	419.99748335874006	2.436327124446399e-10	0	0.9975669099756691	0.9953569434156155	1.828126293399505e-12	421.55696202531647	POOLED	LI
1110031	1120030	1115030.5	94	419.49748635474157	5.4069268396200376e-11	0	1	0.996005996001	1.0000000000000036e-12	414.3404255319149	POOLED	LI
1115031	1125030	1120030.5	97	421.997471374734	3.090985661363653e-11	0	1	0.996005996001	1.0000000000000036e-12	414.2474226804124	POOLED	LI
1120031	1130030	1125030.5	114	422.99746538273104	5.7834858390014556e-11	0	1	0.996005996001	1.0000000000000036e-12	414.20175438596493	POOLED	LI
1125031	1135030	1130030.5	161	422.99746538273104	4.3423250094017884e-11	0	1	0.996005996001	1.0000000000000036e-12	414.69565217391306	POOLED	LI
1130031	1140030	1135030.5	147	423.997459390728	0	0	1	0.996005996001	1.0000000000000036e-12	415.3741496598639	POOLED	LI
1135031	1145030	1140030.5	120	421.997471374734	2.8844584019434624e-12	0	1	0.996005996001	1.0000000000000036e-12	407.71666666666664	POOLED	LI
1140031	1150030	1145030.5	107	418.997489350743	1.9697667981231096e-10	0	1	0.996005996001	1.0000000000000036e-12	407.8130841121495	POOLED	LI
1145031	1155030	1150030.5	98	415.0064904638882	0	0	1	0.996005996001	1.0000000000000036e-12	391.9795918367347	POOLED	LI
1150031	1160030	1155030.5	97	417.99749534274605	0	0	0.9977011494252873	0.9954311896494326	1.7137768399553338e-12	386.6185567010309	POOLED	LI
1155031	1165030	1160030.5	98	419.9596967575299	2.2372433408884652e-11	0	1	0.996005996001	1.0000000000000036e-12	404.4591836734694	POOLED	LI
1160031	1170030	1165030.5	109	420.9974773667371	0	0	0.9975845410628019	0.995291356026958	1.933822420014424e-12	409.88990825688074	POOLED	LI
1165031	1175030	1170030.5	123	420.17000518606454	0	0	0.9976744186046511	0.996005996001	1.0000000000000036e-12	407.9024390243902	POOLED	LI
1170031	1180030	1175030.5	108	423.4974623867295	0	0	1	0.996005996001	1.0000000000000036e-12	408.1296296296296	POOLED	LI
1175031	1185030	1180030.5	85	423.997459390728	0	0	1	0.996005996001	1.0000000000000036e-12	325.2352941176471	POOLED	LI
1180031	1190030	1185030.5	59	204.96002336161294	8.149398106332421e-8	0	1	0.996005996001	1.0000000000000036e-12	215.72881355932202	POOLED	LI
1185031	1195030	1190030.5	62	207.94122531454408	3.5393303621831753e-10	0	1	0.996005996001	1.0000000000000036e-12	228.56451612903226	POOLED	LI
1190031	1200030	1195030.5	90	406.99756125477904	2.8181253197013844e-10	0	0.9976716828935099	0.996005996001	1.0000000000000036e-12	328.35555555555555	POOLED	LI
1195031	1205030	1200030.5	110	415.49751032275356	2.6040431938000964e-10	0	1	0.996005996001	1.0000000000000036e-12	410.7	POOLED	LI
1200031	1210030	1205030.5	132	420.9974773667371	0	0	1	0.996005996001	1.0000000000000036e-12	412.8712121212121	POOLED	LI
1205031	1215030	1210030.5	113	421.99645111046294	0	0	1	0.996005996001	1.0000000000000036e-12	414.07964601769913	POOLED	LI
1210031	1220030	1215030.5	72	420.1623107940161	0	0	1	0.996005996001	1.0000000000000036e-12	413.3333333333333	POOLED	LI
1215031	1225030	1220030.5	81	421.997471374734	4.933853833582745e-6	0	1	0.996005996001	1.0000000000000036e-12	415.22222222222223	POOLED	LI
1220031	1230030	1225030.5	103	420.9974773667371	0	0	1	0.996005996001	1.0000000000000036e-12	414.20388349514565	POOLED	LI
1225031	1235030	1230030.5	89	418.997489350743	0	0	1	0.996005996001	1.0000000000000036e-12	412.6629213483146	POOLED	LI
1230031	1240030	1235030.5	89	419.98575959669586	1.1319638853498731e-11	0	1	0.996005996001	1.0000000000000036e-12	416.9438202247191	POOLED	LI
1235031	1245030	1240030.5	111	418.997489350743	0	0	1	0.996005996001	1.0000000000000036e-12	413.13513513513516	POOLED	LI
1240031	1250030	1245030.5	128	419.49748635474157	0	0	1	0.996005996001	1.0000000000000036e-12	409.6171875	POOLED	LI
1245031	1255030	1250030.5	121	422.99746538273104	0	0	1	0.996005996001	1.0000000000000036e-12	409.54545454545456	POOLED	LI
1250031	1260030	1255030.5	131	422.99746538273104	0	0	1	0.996005996001	1.0000000000000036e-12	411.60305343511453	POOLED	LI
1255031	1265030	1260030.5	110	423.8281931142391	0	0	1	0.996005996001	1.0000000000000036e-12	416.3181818181818	POOLED	LI
1260031	1270030	1265030.5	110	427.997435422716	0	0	1	0.996005996001	1.0000000000000036e-12	420.06363636363636	POOLED	LI
1265031	1275030	1270030.5	144	425.997447406722	0	0	1	0.996005996001	1.0000000000000036e-12	416.1111111111111	POOLED	LI
1270031	1280030	1275030.5	138	421.997471374734	0	0	1	0.996005996001	1.0000000000000036e-12	414.463768115942	POOLED	LI
1275031	1285030	1280030.5	134	419.99748335874006	0	0	1	0.996005996001	1.0000000000000036e-12	410.94776119402985	POOLED	LI
1280031	1290030	1285030.5	100	421.4974743707355	0	0	1	0.996005996001	1.0000000000000036e-12	407.17	POOLED	LI
1285031	1295030	1290030.5	82	422.6170651243324	0	0	1	0.996005996001	1.0000000000000036e-12	414.6951219512195	POOLED	LI
1290031	1300030	1295030.5	104	422.61752516686226	0	0	1	0.996005996001	1.0000000000000036e-12	414.75	POOLED	LI
1295031	1305030	1300030.5	99	420.9974773667371	0	0	1	0.996005996001	1.0000000000000036e-12	413.22222222222223	POOLED	LI
1300031	1310030	1305030.5	83	422.99746538273104	0	0	1	0.996005996001	1.0000000000000036e-12	418.0843373493976	POOLED	LI
1305031	1315030	1310030.5	71	425.997447406722	NA	0	1	0.996005996001	1.0000000000000036e-12	422.90140845070425	POOLED	LI
1310031	1320030	1315030.5	66	427.997435422716	0	0	1	0.996005996001	1.0000000000000036e-12	420.6515151515151	POOLED	LI
1315031	1325030	1320030.5	94	421.4969642386	0	0	1	0.996005996001	1.0000000000000036e-12	417.32978723404256	POOLED	LI
1320031	1330030	1325030.5	105	421.997471374734	0	0	1	0.996005996001	1.0000000000000036e-12	418.06666666666666	POOLED	LI
1325031	1335030	1330030.5	93	421.997471374734	0	0	1	0.996005996001	1.0000000000000036e-12	414.0537634408602	POOLED	LI
1330031	1340030	1335030.5	79	420.9974773667371	0	0	1	0.996005996001	1.0000000000000036e-12	409.43037974683546	POOLED	LI
1335031	1345030	1340030.5	93	418.997489350743	0	0	0.9977064220183486	0.996005996001	1.0000000000000036e-12	401.0860215053763	POOLED	LI
1340031	1350030	1345030.5	102	417.99749534274605	0	0	0.9988558352402745	0.996005996001	1.0000000000000036e-12	404.6764705882353	POOLED	LI
1345031	1355030	1350030.5	68	421.99747137473406	3.0235085120977585e-10	0	1	0.996005996001	1.0000000000000036e-12	417.1617647058824	POOLED	LI
1350031	1360030	1355030.5	55	425.997447406722	3.9824962651652065e-10	0	1	0.996005996001	1.0000000000000036e-12	423.3272727272727	POOLED	LI
1355031	1365030	1360030.5	79	423.6422740434653	0	0	1	0.996005996001	1.0000000000000036e-12	413.44303797468353	POOLED	LI
1360031	1370030	1365030.5	72	420.49748036273854	0	0	1	0.996005996001	1.0000000000000036e-12	408.5416666666667	POOLED	LI
1365031	1375030	1370030.5	54	425.9929153807585	2.1432058624817854e-10	0	1	0.996005996001	1.0000000000000036e-12	420.72222222222223	POOLED	LI
1370031	1380030	1375030.5	77	423.997459390728	7.269283710007226e-11	0	1	0.996005996001	1.0000000000000036e-12	403.27272727272725	POOLED	LI
1375031	1385030	1380030.5	104	418.2763556663315	1.4538567420014452e-10	0	1	0.996005996001	1.0000000000000036e-12	400.77884615384613	POOLED	LI
1380031	1390030	1385030.5	105	420.9974773667371	0	0	1	0.996005996001	1.0000000000000036e-12	410.8666666666667	POOLED	LI
1385031	1395030	1390030.5	101	422.99645948704085	2.018184237185694e-11	0	1	0.996005996001	1.0000000000000036e-12	414.9504950495049	POOLED	LI
1390031	1400030	1395030.5	109	422.99746538273104	2.0893375713839586e-10	0	1	0.996005996001	1.0000000000000036e-12	414.6605504587156	POOLED	LI
1395031	1405030	1400030.5	96	420.3404525272029	5.365246532219944e-10	0	1	0.996005996001	1.0000000000000036e-12	414.1041666666667	POOLED	LI
1400031	1410030	1405030.5	83	418.997489350743	2.7201926409890945e-10	0	1	0.996005996001	1.0000000000000036e-12	415.6385542168675	POOLED	LI
1405031	1415030	1410030.5	82	418.99695754597633	1.927434340251412e-10	0	1	0.996005996001	1.0000000000000036e-12	414.1219512195122	POOLED	LI
1410031	1420030	1415030.5	101	421.997471374734	4.5731441401516416e-10	0	1	0.996005996001	1.0000000000000036e-12	415.0693069306931	POOLED	LI
1415031	1425030	1420030.5	119	423.997459390728	2.8857681044291004e-10	0	1	0.996005996001	1.0000000000000036e-12	416.26050420168065	POOLED	LI
1420031	1430030	1425030.5	115	419.99748335874006	3.7696075170137527e-10	0	0.9976851851851852	0.996005996001	1.0000000000000036e-12	411.4695652173913	POOLED	LI
1425031	1435030	1430030.5	94	419.99748335874006	4.035906208611852e-10	0	0.9976824997851681	0.996005996001	1.0000000000000036e-12	410.21276595744683	POOLED	LI
1430031	1440030	1435030.5	73	420.9974773667371	4.2503621499248954e-11	0	0.9976851851851852	0.996005996001	1.0000000000000036e-12	410.8493150684931	POOLED	LI
1435031	1445030	1440030.5	73	420.9974773667371	2.2295963976453498e-8	0	0.9977064220183486	0.996005996001	1.0000000000000036e-12	412.4657534246575	POOLED	LI
1440031	1450030	1445030.5	59	423.997459390728	1.6946292543787058e-8	0	1	0.996005996001	1.0000000000000036e-12	420	POOLED	LI
1445031	1455030	1450030.5	61	415.99750732675204	2.8792824455507686e-8	0	0.9976744186046511	0.9954622875204505	1.6675133187621782e-12	417.95081967213116	POOLED	LI
1450031	1460030	1455030.5	88	423.99696360744844	9.48050144891138e-7	0	1	0.996005996001	1.0000000000000036e-12	418.64772727272725	POOLED	LI
1455031	1465030	1460030.5	106	422.9728648487612	1.1321049075540153e-6	0	1	0.996005996001	1.0000000000000036e-12	418.9433962264151	POOLED	LI
1460031	1470030	1465030.5	86	420.9974773667371	2.6934975750931375e-6	0	0.9976525821596244	0.996005996001	1.0000000000000036e-12	417.1162790697674	POOLED	LI
1465031	1475030	1470030.5	74	424.4249288994399	0	0	0.9977142588451652	0.996005996001	1.0000000000000036e-12	419.8783783783784	POOLED	LI
1470031	1480030	1475030.5	78	424.99745339872504	1.846277315621722e-8	0	0.9977142588451652	0.996005996001	1.0000000000000036e-12	419.3974358974359	POOLED	LI
1475031	1485030	1480030.5	78	421.997471374734	3.132618644445356e-10	0	1	0.996005996001	1.0000000000000036e-12	408.7307692307692	POOLED	LI
1480031	1490030	1485030.5	85	419.99748335874006	7.963578660441355e-7	0	1	0.996005996001	1.0000000000000036e-12	410.3058823529412	POOLED	LI
1485031	1495030	1490030.5	73	410.997537286767	6.953294641121976e-7	0	0.9977064220183486	0.996005996001	1.0000000000000036e-12	416.36986301369865	POOLED	LI
1490031	1500030	1495030.5	77	411.99753129476403	1.2463876661622778e-7	0	0.9976359338061466	0.996005996001	1.0000000000000036e-12	413.31168831168833	POOLED	LI
1495031	1505030	1500030.5	75	416.997501334749	2.576026559924455e-7	0	1	0.996005996001	1.0000000000000036e-12	416.37333333333333	POOLED	LI
1500031	1510030	1505030.5	60	417.99749534274605	8.123805489762285e-9	0	0.9976470067157197	0.996005996001	1.0000000000000036e-12	418.56666666666666	POOLED	LI
1505031	1515030	1510030.5	66	414.5932716016158	5.2054404436841384e-9	0	0.9964662221521411	0.9950533309118443	2.3892632619958723e-12	417.74242424242425	POOLED	LI
1510031	1520030	1515030.5	70	414.5932716016158	5.0350459444628545e-9	0	0.9950770160072486	0.9908881465659645	2.73042073952765e-11	416.7142857142857	POOLED	LI
1515031	1525030	1520030.5	68	416.99695498032804	1.791796068386937e-10	0	0.9976162063870895	0.9957341417607253	1.333756659381091e-12	396.20588235294116	POOLED	LI
31	10030	5030.5	140	34.75601386849916	0	0	1	0.996005996001	1.0000000000000036e-12	38.035714285714285	LI1	LI
5031	15030	10030.5	118	24.941588	0	0	1	0.996005996001	1.0000000000000036e-12	41.04237288135593	LI1	LI
10031	20030	15030.5	124	24.941588	0	0	1	0.996005996001	1.0000000000000036e-12	40.79838709677419	LI1	LI
15031	25030	20030.5	89	24.40451076064645	0	0	1	0.996005996001	1.0000000000000036e-12	41.46067415730337	LI1	LI
20031	30030	25030.5	77	24.40451076064645	0	0	1	0.996005996001	1.0000000000000036e-12	41.66233766233766	LI1	LI
25031	35030	30030.5	108	NA	NA	0	1	0.996005996001	1.0000000000000036e-12	41.879629629629626	LI1	LI
30031	40030	35030.5	117	NA	NA	0	1	0.996005996001	1.0000000000000036e-12	42.05982905982906	LI1	LI
35031	45030	40030.5	78	NA	NA	0	1	0.996005996001	1.0000000000000036e-12	41.97435897435897	LI1	LI
40031	50030	45030.5	80	19.56939697265625	0	0	1	0.996005996001	1.0000000000000036e-12	41.65	LI1	LI
45031	55030	50030.5	108	31.76791019568669	0	0	1	0.996005996001	1.0000000000000036e-12	42.074074074074076	LI1	LI
50031	60030	55030.5	110	34.8957145590379	0	0	1	0.996005996001	1.0000000000000036e-12	42.154545454545456	LI1	LI
55031	65030	60030.5	97	34.63556851311954	0	0	1	0.996005996001	1.0000000000000036e-12	41.8041237113402	LI1	LI
60031	70030	65030.5	96	20.84683627915452	NA	0	1	0.996005996001	1.0000000000000036e-12	41.90625	LI1	LI
65031	75030	70030.5	122	NA	NA	0	1	0.996005996001	1.0000000000000036e-12	42.02459016393443	LI1	LI
70031	80030	75030.5	123	NA	NA	0	1	0.996005996001	1.0000000000000036e-12	42.1869918699187	LI1	LI
75031	85030	80030.5	90	40.96400679763788	NA	0	1	0.996005996001	1.0000000000000036e-12	42.25555555555555	LI1	LI
80031	90030	85030.5	86	40.96400679763788	NA	0	1	0.996005996001	1.0000000000000036e-12	41.98837209302326	LI1	LI
85031	95030	90030.5	106	22.936657557327198	NA	0	1	0.996005996001	1.0000000000000036e-12	40.301886792452834	LI1	LI
90031	100030	95030.5	129	22.936657557327198	NA	0	1	0.996005996001	1.0000000000000036e-12	39.798449612403104	LI1	LI
95031	105030	100030.5	164	37.44610845566765	NA	0	1	0.996005996001	1.0000000000000036e-12	40.109756097560975	LI1	LI
100031	110030	105030.5	134	37.44610845566765	NA	0	1	0.996005996001	1.0000000000000036e-12	40.56716417910448	LI1	LI
105031	115030	110030.5	88	17.054576210826205	0.021739130434782577	0	1	0.996005996001	1.0000000000000036e-12	42.20454545454545	LI1	LI
110031	120030	115030.5	99	27.04197815855301	0.06115715041611858	0	1	0.996005996001	1.0000000000000036e-12	42.292929292929294	LI1	LI
115031	125030	120030.5	99	37.02938010627982	0.10057517039745457	0	1	0.996005996001	1.0000000000000036e-12	42.343434343434346	LI1	LI
120031	130030	125030.5	67	41.96485007693554	NA	0	1	0.996005996001	1.0000000000000036e-12	42.32835820895522	LI1	LI
125031	135030	130030.5	88	41.96485007693554	NA	0	1	0.996005996001	1.0000000000000036e-12	42.21590909090909	LI1	LI
130031	140030	135030.5	118	NA	NA	0	1	0.996005996001	1.0000000000000036e-12	40.61864406779661	LI1	LI
135031	145030	140030.5	96	NA	NA	0	1	0.996005996001	1.0000000000000036e-12	40.34375	LI1	LI
140031	150030	145030.5	138	NA	NA	0	1	0.996005996001	1.0000000000000036e-12	42.5	LI1	LI
145031	155030	150030.5	214	27.381214315182056	0	0	1	0.996005996001	1.0000000000000036e-12	42.37850467289719	LI1	LI
150031	160030	155030.5	199	27.381214315182056	0	0	1	0.996005996001	1.0000000000000036e-12	42.06532663316583	LI1	LI
155031	165030	160030.5	131	NA	NA	0	1	0.996005996001	1.0000000000000036e-12	41.80916030534351	LI1	LI
160031	170030	165030.5	95	40.004519814049466	NA	0	1	0.996005996001	1.0000000000000036e-12	41.55789473684211	LI1	LI
165031	175030	170030.5	87	32.58669322518586	0	0	1	0.996005996001	1.0000000000000036e-12	40.81609195402299	LI1	LI
170031	180030	175030.5	81	25.168866636322257	0	0	1	0.996005996001	1.0000000000000036e-12	40.98765432098765	LI1	LI
175031	185030	180030.5	94	144.83674755799802	5.583891648512622	0	1	0.996005996001	1.0000000000000036e-12	40.723404255319146	LI1	LI
180031	190030	185030.5	112	144.83674755799802	5.583891648512622	0	1	0.996005996001	1.0000000000000036e-12	41.1875	LI1	LI
185031	195030	190030.5	101	NA	NA	0	1	0.996005996001	1.0000000000000036e-12	42.42574257425743	LI1	LI
190031	200030	195030.5	80	NA	NA	0	1	0.996005996001	1.0000000000000036e-12	42.575	LI1	LI
195031	205030	200030.5	113	19.839568847656253	NA	0	1	0.996005996001	1.0000000000000036e-12	41.283185840707965	LI1	LI
200031	210030	205030.5	114	30.880556079030384	NA	0	1	0.996005996001	1.0000000000000036e-12	40.85087719298246	LI1	LI
205031	215030	210030.5	91	41.921543310404516	NA	0	1	0.996005996001	1.0000000000000036e-12	41.747252747252745	LI1	LI
210031	220030	215030.5	103	NA	NA	0	1	0.996005996001	1.0000000000000036e-12	42.24271844660194	LI1	LI
215031	225030	220030.5	109	29.648374211588525	38003.098765432056	0	1	0.996005996001	1.0000000000000036e-12	41.91743119266055	LI1	LI
220031	230030	225030.5	84	29.648374211588525	38003.098765432056	0	1	0.996005996001	1.0000000000000036e-12	41.773809523809526	LI1	LI
225031	235030	230030.5	51	NA	NA	0	1	0.996005996001	1.0000000000000036e-12	42.431372549019606	LI1	LI
230031	240030	235030.5	89	NA	NA	0	1	0.996005996001	1.0000000000000036e-12	41.842696629213485	LI1	LI
235031	245030	240030.5	105	42.276004420209574	NA	0	1	0.996005996001	1.0000000000000036e-12	41.68571428571428	LI1	LI
240031	250030	245030.5	100	42.276004420209574	NA	0	1	0.996005996001	1.0000000000000036e-12	42.09	LI1	LI
245031	255030	250030.5	99	42.864754046813495	NA	0	1	0.996005996001	1.0000000000000036e-12	42.282828282828284	LI1	LI
250031	260030	255030.5	98	42.864754046813495	NA	0	1	0.996005996001	1.0000000000000036e-12	42.13265306122449	LI1	LI
255031	265030	260030.5	104	40.919676887759174	NA	0	1	0.996005996001	1.0000000000000036e-12	41.76923076923077	LI1	LI
260031	270030	265030.5	87	40.919676887759174	NA	0	1	0.996005996001	1.0000000000000036e-12	41.747126436781606	LI1	LI
265031	275030	270030.5	80	793.8381597471536	0	0	1	0.996005996001	1.0000000000000036e-12	42.3375	LI1	LI
270031	280030	275030.5	82	793.8381597471536	0	0	1	0.996005996001	1.0000000000000036e-12	42.34146341463415	LI1	LI
275031	285030	280030.5	87	35.908833821614586	NA	0	1	0.996005996001	1.0000000000000036e-12	40.01149425287356	LI1	LI
280031	290030	285030.5	86	35.908833821614586	NA	0	1	0.996005996001	1.0000000000000036e-12	37.68604651162791	LI1	LI
285031	295030	290030.5	91	25.324099217086932	NA	0	1	0.996005996001	1.0000000000000036e-12	38.747252747252745	LI1	LI
290031	300030	295030.5	99	25.324099217086932	NA	0	1	0.996005996001	1.0000000000000036e-12	39.93939393939394	LI1	LI
295031	305030	300030.5	142	NA	NA	0	1	0.996005996001	1.0000000000000036e-12	40.971830985915496	LI1	LI
300031	310030	305030.5	134	NA	NA	0	1	0.996005996001	1.0000000000000036e-12	41.8134328358209	LI1	LI
305031	315030	310030.5	90	NA	NA	0	1	0.996005996001	1.0000000000000036e-12	38.577777777777776	LI1	LI
310031	320030	315030.5	131	NA	NA	0	1	0.996005996001	1.0000000000000036e-12	39.770992366412216	LI1	LI
315031	325030	320030.5	121	NA	NA	0	1	0.996005996001	1.0000000000000036e-12	40.78512396694215	LI1	LI
320031	330030	325030.5	92	NA	NA	0	1	0.996005996001	1.0000000000000036e-12	38.52173913043478	LI1	LI
325031	335030	330030.5	108	NA	NA	0	1	0.996005996001	1.0000000000000036e-12	39.925925925925924	LI1	LI
330031	340030	335030.5	99	NA	NA	0	1	0.996005996001	1.0000000000000036e-12	40.74747474747475	LI1	LI
335031	345030	340030.5	84	701.4362730248861	0	0	1	0.996005996001	1.0000000000000036e-12	41.083333333333336	LI1	LI
340031	350030	345030.5	67	701.4362730248861	0	0	1	0.996005996001	1.0000000000000036e-12	36.776119402985074	LI1	LI
345031	355030	350030.5	34	20.84683627915452	NA	0	1	0.996005996001	1.0000000000000036e-12	30	LI1	LI
350031	360030	355030.5	8	277.98882016844436	0	0	1	0.996005996001	1.0000000000000036e-12	28.625	LI1	LI
355031	365030	360030.5	7	535.1308040577342	0	0	1	0.996005996001	1.0000000000000036e-12	21.857142857142858	LI1	LI
360031	370030	365030.5	13	26.376828394109133	0	0	1	0.996005996001	1.0000000000000036e-12	22.923076923076923	LI1	LI
365031	375030	370030.5	54	26.376828394109133	0	0	1	0.996005996001	1.0000000000000036e-12	21.574074074074073	LI1	LI
370031	380030	375030.5	89	NA	NA	0	1	0.996005996001	1.0000000000000036e-12	29.370786516853933	LI1	LI
375031	385030	380030.5	75	NA	NA	0	1	0.996005996001	1.0000000000000036e-12	40.413333333333334	LI1	LI
380031	390030	385030.5	67	NA	NA	0	1	0.996005996001	1.0000000000000036e-12	42.37313432835821	LI1	LI
385031	395030	390030.5	81	NA	NA	0	1	0.996005996001	1.0000000000000036e-12	42.5679012345679	LI1	LI
390031	400030	395030.5	81	37.64069469344565	0	0	1	0.996005996001	1.0000000000000036e-12	41.96296296296296	LI1	LI
395031	405030	400030.5	80	37.64069469344565	0	0	1	0.996005996001	1.0000000000000036e-12	41.675	LI1	LI
400031	410030	405030.5	99	NA	NA	0	1	0.996005996001	1.0000000000000036e-12	41.74747474747475	LI1	LI
405031	415030	410030.5	87	32.97690812152817	0	0	1	0.996005996001	1.0000000000000036e-12	41	LI1	LI
410031	420030	415030.5	67	32.97690812152817	0	0	1	0.996005996001	1.0000000000000036e-12	40.343283582089555	LI1	LI
415031	425030	420030.5	78	NA	NA	0	1	0.996005996001	1.0000000000000036e-12	40.84615384615385	LI1	LI
420031	430030	425030.5	91	NA	NA	0	1	0.996005996001	1.0000000000000036e-12	41.362637362637365	LI1	LI
425031	435030	430030.5	96	NA	NA	0	1	0.996005996001	1.0000000000000036e-12	41.0625	LI1	LI
430031	440030	435030.5	96	NA	NA	0	1	0.996005996001	1.0000000000000036e-12	41.71875	LI1	LI
435031	445030	440030.5	93	32.59879947192993	1.1719760227177879e-4	0	1	0.996005996001	1.0000000000000036e-12	40.666666666666664	LI1	LI
440031	450030	445030.5	80	35.182828373272386	18425.74491456586	0	1	0.996005996001	1.0000000000000036e-12	39.5375	LI1	LI
445031	455030	450030.5	75	37.38254896324618	36851.48971193412	0	1	0.996005996001	1.0000000000000036e-12	41.38666666666666	LI1	LI
450031	460030	455030.5	96	NA	NA	0	1	0.996005996001	1.0000000000000036e-12	42.15625	LI1	LI
455031	465030	460030.5	93	NA	NA	0	1	0.996005996001	1.0000000000000036e-12	40.54838709677419	LI1	LI
460031	470030	465030.5	97	36.96018621799301	NA	0	1	0.996005996001	1.0000000000000036e-12	40.329896907216494	LI1	LI
465031	475030	470030.5	85	36.96018621799301	NA	0	1	0.996005996001	1.0000000000000036e-12	42.011764705882356	LI1	LI
470031	480030	475030.5	61	28.2040315172706	1.8948586213227337e-4	0	1	0.996005996001	1.0000000000000036e-12	42.36065573770492	LI1	LI
475031	485030	480030.5	77	28.2040315172706	1.8948586213227337e-4	0	1	0.996005996001	1.0000000000000036e-12	42.22077922077922	LI1	LI
480031	490030	485030.5	54	NA	NA	0	1	0.996005996001	1.0000000000000036e-12	42.05555555555556	LI1	LI
485031	495030	490030.5	40	NA	NA	0	1	0.996005996001	1.0000000000000036e-12	42.15	LI1	LI
490031	500030	495030.5	54	41.96485007693554	NA	0	1	0.996005996001	1.0000000000000036e-12	41.94444444444444	LI1	LI
495031	505030	500030.5	65	41.96485007693554	NA	0	1	0.996005996001	1.0000000000000036e-12	40.95384615384615	LI1	LI
500031	510030	505030.5	74	NA	NA	0	1	0.996005996001	1.0000000000000036e-12	41.527027027027025	LI1	LI
505031	515030	510030.5	83	NA	NA	0	1	0.996005996001	1.0000000000000036e-12	40.93975903614458	LI1	LI
510031	520030	515030.5	77	32.17185829129447	4.036959523884831e-5	0	1	0.996005996001	1.0000000000000036e-12	40.55844155844156	LI1	LI
515031	525030	520030.5	59	31.87611997127533	0	0	1	0.996005996001	1.0000000000000036e-12	41.6271186440678	LI1	LI
520031	530030	525030.5	71	30.339306449207307	0	0	1	0.996005996001	1.0000000000000036e-12	38.67605633802817	LI1	LI
525031	535030	530030.5	76	25.32798391573202	NA	0	1	0.996005996001	1.0000000000000036e-12	36.56578947368421	LI1	LI
530031	540030	535030.5	72	21.853474904324756	NA	0	1	0.996005996001	1.0000000000000036e-12	36.27777777777778	LI1	LI
535031	545030	540030.5	82	NA	NA	0	1	0.996005996001	1.0000000000000036e-12	36.24390243902439	LI1	LI
540031	550030	545030.5	97	NA	NA	0	1	0.996005996001	1.0000000000000036e-12	38.91752577319588	LI1	LI
545031	555030	550030.5	95	29.150157354365966	0	0	1	0.996005996001	1.0000000000000036e-12	41.1578947368421	LI1	LI
550031	560030	555030.5	63	29.150157354365966	0	0	1	0.996005996001	1.0000000000000036e-12	41.58730158730159	LI1	LI
555031	565030	560030.5	46	NA	NA	0	1	0.996005996001	1.0000000000000036e-12	41.58695652173913	LI1	LI
560031	570030	565030.5	73	NA	NA	0	1	0.996005996001	1.0000000000000036e-12	41.64383561643836	LI1	LI
565031	575030	570030.5	109	26.945806660570035	0	0	1	0.996005996001	1.0000000000000036e-12	40.58715596330275	LI1	LI
570031	580030	575030.5	102	26.945806660570035	0	0	1	0.996005996001	1.0000000000000036e-12	40.127450980392155	LI1	LI
575031	585030	580030.5	67	345.4449987433717	0	0	1	0.996005996001	1.0000000000000036e-12	41.04477611940298	LI1	LI
580031	590030	585030.5	70	345.4449987433717	0	0	1	0.996005996001	1.0000000000000036e-12	40.84285714285714	LI1	LI
585031	595030	590030.5	79	31.9540958404541	NA	0	1	0.996005996001	1.0000000000000036e-12	40.18987341772152	LI1	LI
590031	600030	595030.5	71	31.545759975910187	0	0	1	0.996005996001	1.0000000000000036e-12	40.23943661971831	LI1	LI
595031	605030	600030.5	86	26.194069553863546	0	0	1	0.996005996001	1.0000000000000036e-12	41.395348837209305	LI1	LI
600031	610030	605030.5	114	24.567220444181913	0	0	1	0.996005996001	1.0000000000000036e-12	40.54385964912281	LI1	LI
605031	615030	610030.5	118	27.883725892003007	NA	0	1	0.996005996001	1.0000000000000036e-12	40.80508474576271	LI1	LI
610031	620030	615030.5	107	NA	NA	0	1	0.996005996001	1.0000000000000036e-12	42.308411214953274	LI1	LI
615031	625030	620030.5	100	NA	NA	0	1	0.996005996001	1.0000000000000036e-12	42.48	LI1	LI
620031	630030	625030.5	101	43.96642341871713	NA	0	1	0.996005996001	1.0000000000000036e-12	42.32673267326733	LI1	LI
625031	635030	630030.5	112	37.12860796997418	0	0	1	0.996005996001	1.0000000000000036e-12	40.38392857142857	LI1	LI
630031	640030	635030.5	79	30.290792521231246	0	0	1	0.996005996001	1.0000000000000036e-12	39.56962025316456	LI1	LI
635031	645030	640030.5	41	NA	NA	0	1	0.996005996001	1.0000000000000036e-12	41.75609756097561	LI1	LI
640031	650030	645030.5	57	NA	NA	0	1	0.996005996001	1.0000000000000036e-12	39.19298245614035	LI1	LI
645031	655030	650030.5	63	NA	NA	0	1	0.996005996001	1.0000000000000036e-12	39.84126984126984	LI1	LI
650031	660030	655030.5	64	27.403914466456136	0	0	1	0.996005996001	1.0000000000000036e-12	40.8125	LI1	LI
655031	665030	660030.5	63	30.234425923095035	0	0	1	0.996005996001	1.0000000000000036e-12	40.523809523809526	LI1	LI
660031	670030	665030.5	53	31.7734375	0	0	1	0.996005996001	1.0000000000000036e-12	41.45283018867924	LI1	LI
665031	675030	670030.5	35	NA	NA	0	1	0.996005996001	1.0000000000000036e-12	41.34285714285714	LI1	LI
670031	680030	675030.5	11	NA	NA	0	1	0.996005996001	1.0000000000000036e-12	34.27272727272727	LI1	LI
675031	685030	680030.5	9	NA	NA	NA	NA	NA	NA	0.6666666666666666	LI1	LI
680031	690030	685030.5	7	NA	NA	NA	NA	NA	NA	0.7142857142857143	LI1	LI
685031	695030	690030.5	0	NA	NA	NA	NA	NA	NA	NA	LI1	LI
690031	700030	695030.5	0	NA	NA	NA	NA	NA	NA	NA	LI1	LI
695031	705030	700030.5	0	NA	NA	NA	NA	NA	NA	NA	LI1	LI
700031	710030	705030.5	16	NA	NA	0	1	0.996005996001	1.0000000000000036e-12	38.75	LI1	LI
705031	715030	710030.5	62	24.076312046733484	0.011208757863286761	0	1	0.996005996001	1.0000000000000036e-12	41	LI1	LI
710031	720030	715030.5	107	24.076312046733484	0.011208757863286761	0	1	0.996005996001	1.0000000000000036e-12	41.48598130841121	LI1	LI
715031	725030	720030.5	99	19.997084548104954	0	0	1	0.996005996001	1.0000000000000036e-12	41.27272727272727	LI1	LI
720031	730030	725030.5	77	30.596521757570248	0	0	1	0.996005996001	1.0000000000000036e-12	41.532467532467535	LI1	LI
725031	735030	730030.5	74	35.62022869338445	0	0	1	0.996005996001	1.0000000000000036e-12	42.189189189189186	LI1	LI
730031	740030	735030.5	66	NA	NA	0	1	0.996005996001	1.0000000000000036e-12	42.27272727272727	LI1	LI
735031	745030	740030.5	71	NA	NA	0	1	0.996005996001	1.0000000000000036e-12	41.985915492957744	LI1	LI
740031	750030	745030.5	77	NA	NA	0	1	0.996005996001	1.0000000000000036e-12	41.714285714285715	LI1	LI
745031	755030	750030.5	72	NA	NA	0	1	0.996005996001	1.0000000000000036e-12	40.44444444444444	LI1	LI
750031	760030	755030.5	75	NA	NA	0	1	0.996005996001	1.0000000000000036e-12	40.45333333333333	LI1	LI
755031	765030	760030.5	93	26.368684852769675	NA	0	1	0.996005996001	1.0000000000000036e-12	40.82795698924731	LI1	LI
760031	770030	765030.5	92	27.795781705539355	0	0	1	0.996005996001	1.0000000000000036e-12	39.82608695652174	LI1	LI
765031	775030	770030.5	102	27.795781705539355	0	0	1	0.996005996001	1.0000000000000036e-12	39.8235294117647	LI1	LI
770031	780030	775030.5	98	NA	NA	0	1	0.996005996001	1.0000000000000036e-12	40.46938775510204	LI1	LI
775031	785030	780030.5	58	NA	NA	0	1	0.996005996001	1.0000000000000036e-12	41.224137931034484	LI1	LI
780031	790030	785030.5	70	NA	NA	0	1	0.996005996001	1.0000000000000036e-12	39.34285714285714	LI1	LI
785031	795030	790030.5	87	39.83569930064579	0	0	1	0.996005996001	1.0000000000000036e-12	39.252873563218394	LI1	LI
790031	800030	795030.5	67	39.83569930064579	0	0	1	0.996005996001	1.0000000000000036e-12	39.059701492537314	LI1	LI
795031	805030	800030.5	70	NA	NA	0	1	0.996005996001	1.0000000000000036e-12	37.542857142857144	LI1	LI
800031	810030	805030.5	66	NA	NA	0	1	0.996005996001	1.0000000000000036e-12	38.803030303030305	LI1	LI
805031	815030	810030.5	34	NA	NA	0	1	0.996005996001	1.0000000000000036e-12	37.529411764705884	LI1	LI
810031	820030	815030.5	91	29.459169625	0.10122172839506181	0	1	0.996005996001	1.0000000000000036e-12	37.16483516483517	LI1	LI
815031	825030	820030.5	109	42.96565475366949	0.10122172839506181	0	1	0.996005996001	1.0000000000000036e-12	39.07339449541284	LI1	LI
820031	830030	825030.5	62	42.96565475366949	NA	0	1	0.996005996001	1.0000000000000036e-12	41.96774193548387	LI1	LI
825031	835030	830030.5	77	19.839568847656253	NA	0	1	0.996005996001	1.0000000000000036e-12	41.37662337662338	LI1	LI
830031	840030	835030.5	78	19.839568847656253	NA	0	1	0.996005996001	1.0000000000000036e-12	41.333333333333336	LI1	LI
835031	845030	840030.5	84	NA	NA	0	1	0.996005996001	1.0000000000000036e-12	40.892857142857146	LI1	LI
840031	850030	845030.5	91	NA	NA	0	1	0.996005996001	1.0000000000000036e-12	41.34065934065934	LI1	LI
845031	855030	850030.5	85	NA	NA	0	1	0.996005996001	1.0000000000000036e-12	41.129411764705885	LI1	LI
850031	860030	855030.5	94	696.0890367784498	0	0	1	0.996005996001	1.0000000000000036e-12	38.40425531914894	LI1	LI
855031	865030	860030.5	107	696.0890367784498	0	0	1	0.996005996001	1.0000000000000036e-12	39.700934579439256	LI1	LI
860031	870030	865030.5	118	27.301548397318175	0	0	1	0.996005996001	1.0000000000000036e-12	40.63559322033898	LI1	LI
865031	875030	870030.5	131	37.68791004519609	0	0	1	0.996005996001	1.0000000000000036e-12	40.25954198473283	LI1	LI
870031	880030	875030.5	100	32.788238121108186	4.90813208813551e-6	0	1	0.996005996001	1.0000000000000036e-12	41.37	LI1	LI
875031	885030	880030.5	50	29.392165935554093	4.90813208813551e-6	0	1	0.996005996001	1.0000000000000036e-12	35.78	LI1	LI
880031	890030	885030.5	29	NA	NA	0	1	0.996005996001	1.0000000000000036e-12	26.06896551724138	LI1	LI
885031	895030	890030.5	44	NA	NA	0	1	0.996005996001	1.0000000000000036e-12	38.70454545454545	LI1	LI
890031	900030	895030.5	66	NA	NA	0	1	0.996005996001	1.0000000000000036e-12	38.71212121212121	LI1	LI
895031	905030	900030.5	39	11.217365032068185	0	0	1	0.996005996001	1.0000000000000036e-12	29.435897435897434	LI1	LI
900031	910030	905030.5	26	27.591894225392657	0	0	1	0.996005996001	1.0000000000000036e-12	16.576923076923077	LI1	LI
905031	915030	910030.5	55	43.96642341871713	NA	0	1	0.996005996001	1.0000000000000036e-12	33.8	LI1	LI
910031	920030	915030.5	86	27.591116413083085	0	0	1	0.996005996001	1.0000000000000036e-12	40.66279069767442	LI1	LI
915031	925030	920030.5	88	34.77798324500931	0	0	1	0.996005996001	1.0000000000000036e-12	41.125	LI1	LI
920031	930030	925030.5	107	41.96485007693554	NA	0	1	0.996005996001	1.0000000000000036e-12	41.495327102803735	LI1	LI
925031	935030	930030.5	119	NA	NA	0	1	0.996005996001	1.0000000000000036e-12	41.6890756302521	LI1	LI
930031	940030	935030.5	94	NA	NA	0	1	0.996005996001	1.0000000000000036e-12	42.06382978723404	LI1	LI
935031	945030	940030.5	97	NA	NA	0	1	0.996005996001	1.0000000000000036e-12	42.154639175257735	LI1	LI
940031	950030	945030.5	99	NA	NA	0	1	0.996005996001	1.0000000000000036e-12	41.92929292929293	LI1	LI
945031	955030	950030.5	71	30.13746430864187	0	0	1	0.996005996001	1.0000000000000036e-12	41.38028169014085	LI1	LI
950031	960030	955030.5	73	28.969611060570934	0	0	1	0.996005996001	1.0000000000000036e-12	38.97260273972603	LI1	LI
955031	965030	960030.5	66	10.871759954921112	NA	0	1	0.996005996001	1.0000000000000036e-12	36.5	LI1	LI
960031	970030	965030.5	62	NA	NA	0	1	0.996005996001	1.0000000000000036e-12	34.193548387096776	LI1	LI
965031	975030	970030.5	57	NA	NA	0	1	0.996005996001	1.0000000000000036e-12	31.70175438596491	LI1	LI
970031	980030	975030.5	53	NA	NA	0	1	0.996005996001	1.0000000000000036e-12	36.79245283018868	LI1	LI
975031	985030	980030.5	81	29.826118055555558	0	0	1	0.996005996001	1.0000000000000036e-12	39.839506172839506	LI1	LI
980031	990030	985030.5	65	33.34187444067287	0	0	1	0.996005996001	1.0000000000000036e-12	39.30769230769231	LI1	LI
985031	995030	990030.5	67	36.85763082579018	0	0	1	0.996005996001	1.0000000000000036e-12	40.32835820895522	LI1	LI
990031	1000030	995030.5	78	20.11871892082726	0	0	1	0.996005996001	1.0000000000000036e-12	39.833333333333336	LI1	LI
995031	1005030	1000030.5	84	20.38715642082726	0	0	1	0.996005996001	1.0000000000000036e-12	39.976190476190474	LI1	LI
1000031	1010030	1005030.5	112	21.340741651020693	NA	0	1	0.996005996001	1.0000000000000036e-12	40.848214285714285	LI1	LI
1005031	1015030	1010030.5	116	NA	NA	0	1	0.996005996001	1.0000000000000036e-12	41.827586206896555	LI1	LI
1010031	1020030	1015030.5	123	33.49593204969596	0	0	1	0.996005996001	1.0000000000000036e-12	42.08943089430894	LI1	LI
1015031	1025030	1020030.5	92	28.21629480351158	0	0	1	0.996005996001	1.0000000000000036e-12	41.69565217391305	LI1	LI
1020031	1030030	1025030.5	59	28.93563409353353	NA	0	1	0.996005996001	1.0000000000000036e-12	41.16949152542373	LI1	LI
1025031	1035030	1030030.5	64	34.93461062973986	NA	0	1	0.996005996001	1.0000000000000036e-12	33.6875	LI1	LI
1030031	1040030	1035030.5	108	25.943776314292215	NA	0	1	0.996005996001	1.0000000000000036e-12	35.93518518518518	LI1	LI
1035031	1045030	1040030.5	134	33.49662174035724	0	0	1	0.996005996001	1.0000000000000036e-12	40.32835820895522	LI1	LI
1040031	1050030	1045030.5	133	35.704389051395395	0	0	1	0.996005996001	1.0000000000000036e-12	41.16541353383459	LI1	LI
1045031	1055030	1050030.5	122	35.80654421607204	6.57815473055369e-6	0	1	0.996005996001	1.0000000000000036e-12	40.877049180327866	LI1	LI
1050031	1060030	1055030.5	95	30.909377023406748	0	0	1	0.996005996001	1.0000000000000036e-12	39.76842105263158	LI1	LI
1055031	1065030	1060030.5	94	30.909377023406748	0	0	1	0.996005996001	1.0000000000000036e-12	41	LI1	LI
1060031	1070030	1065030.5	71	NA	NA	0	1	0.996005996001	1.0000000000000036e-12	42	LI1	LI
1065031	1075030	1070030.5	68	31.319262613623355	0	0	1	0.996005996001	1.0000000000000036e-12	41.48529411764706	LI1	LI
1070031	1080030	1075030.5	102	31.319262613623355	0	0	1	0.996005996001	1.0000000000000036e-12	40.44117647058823	LI1	LI
1075031	1085030	1080030.5	109	NA	NA	0	1	0.996005996001	1.0000000000000036e-12	40.56880733944954	LI1	LI
1080031	1090030	1085030.5	98	NA	NA	0	1	0.996005996001	1.0000000000000036e-12	41.36734693877551	LI1	LI
1085031	1095030	1090030.5	110	24.87033925	NA	0	1	0.996005996001	1.0000000000000036e-12	41.09090909090909	LI1	LI
1090031	1100030	1095030.5	102	24.87033925	NA	0	1	0.996005996001	1.0000000000000036e-12	41.34313725490196	LI1	LI
1095031	1105030	1100030.5	94	42.864754046813495	NA	0	1	0.996005996001	1.0000000000000036e-12	42.01063829787234	LI1	LI
1100031	1110030	1105030.5	95	42.864754046813495	NA	0	1	0.996005996001	1.0000000000000036e-12	42.242105263157896	LI1	LI
1105031	1115030	1110030.5	79	NA	NA	0	1	0.996005996001	1.0000000000000036e-12	42.45569620253165	LI1	LI
1110031	1120030	1115030.5	94	31.702786256536893	0	0	1	0.996005996001	1.0000000000000036e-12	41.797872340425535	LI1	LI
1115031	1125030	1120030.5	97	31.702786256536893	0	0	1	0.996005996001	1.0000000000000036e-12	41.628865979381445	LI1	LI
1120031	1130030	1125030.5	114	NA	NA	0	1	0.996005996001	1.0000000000000036e-12	41.49122807017544	LI1	LI
1125031	1135030	1130030.5	161	NA	NA	0	1	0.996005996001	1.0000000000000036e-12	41.7639751552795	LI1	LI
1130031	1140030	1135030.5	147	NA	NA	0	1	0.996005996001	1.0000000000000036e-12	41.68027210884354	LI1	LI
1135031	1145030	1140030.5	120	36.58737030474651	NA	0	1	0.996005996001	1.0000000000000036e-12	40.358333333333334	LI1	LI
1140031	1150030	1145030.5	107	38.23761329738694	NA	0	1	0.996005996001	1.0000000000000036e-12	40.654205607476634	LI1	LI
1145031	1155030	1150030.5	98	16.81295558340118	NA	0	1	0.996005996001	1.0000000000000036e-12	39.69387755102041	LI1	LI
1150031	1160030	1155030.5	97	11.294932652811701	NA	0	1	0.996005996001	1.0000000000000036e-12	38.597938144329895	LI1	LI
1155031	1165030	1160030.5	98	NA	NA	0	1	0.996005996001	1.0000000000000036e-12	39.88775510204081	LI1	LI
1160031	1170030	1165030.5	109	33.89038402284277	0	0	1	0.996005996001	1.0000000000000036e-12	40.57798165137615	LI1	LI
1165031	1175030	1170030.5	123	26.788599298887366	0	0	1	0.996005996001	1.0000000000000036e-12	39.707317073170735	LI1	LI
1170031	1180030	1175030.5	108	26.788599298887366	NA	0	1	0.996005996001	1.0000000000000036e-12	40.03703703703704	LI1	LI
1175031	1185030	1180030.5	85	NA	NA	0	1	0.996005996001	1.0000000000000036e-12	25.75294117647059	LI1	LI
1180031	1190030	1185030.5	59	NA	NA	0	1	0.996005996001	1.0000000000000036e-12	6.101694915254237	LI1	LI
1185031	1195030	1190030.5	62	7.214568060023009	134.84773662551441	0	1	0.996005996001	1.0000000000000036e-12	8.274193548387096	LI1	LI
1190031	1200030	1195030.5	90	7.214568060023009	134.84773662551441	0	1	0.996005996001	1.0000000000000036e-12	26.11111111111111	LI1	LI
1195031	1205030	1200030.5	110	NA	NA	0	1	0.996005996001	1.0000000000000036e-12	41.17272727272727	LI1	LI
1200031	1210030	1205030.5	132	19.56939697265625	0	0	1	0.996005996001	1.0000000000000036e-12	41.53787878787879	LI1	LI
1205031	1215030	1210030.5	113	19.56939697265625	0	0	1	0.996005996001	1.0000000000000036e-12	41.796460176991154	LI1	LI
1210031	1220030	1215030.5	72	413.7474132069101	0	0	1	0.996005996001	1.0000000000000036e-12	42.166666666666664	LI1	LI
1215031	1225030	1220030.5	81	33.656666666666666	0	0	1	0.996005996001	1.0000000000000036e-12	42.08641975308642	LI1	LI
1220031	1230030	1225030.5	103	30.353817172261543	0	0	1	0.996005996001	1.0000000000000036e-12	41.679611650485434	LI1	LI
1225031	1235030	1230030.5	89	29.75804341199786	0	0	1	0.996005996001	1.0000000000000036e-12	41.550561797752806	LI1	LI
1230031	1240030	1235030.5	89	NA	NA	0	1	0.996005996001	1.0000000000000036e-12	42.157303370786515	LI1	LI
1235031	1245030	1240030.5	111	NA	NA	0	1	0.996005996001	1.0000000000000036e-12	41.729729729729726	LI1	LI
1240031	1250030	1245030.5	128	NA	NA	0	1	0.996005996001	1.0000000000000036e-12	41.3671875	LI1	LI
1245031	1255030	1250030.5	121	27.738184696431453	0	0	1	0.996005996001	1.0000000000000036e-12	41.05785123966942	LI1	LI
1250031	1260030	1255030.5	131	22.621326192261854	0	0	1	0.996005996001	1.0000000000000036e-12	41.0763358778626	LI1	LI
1255031	1265030	1260030.5	110	421.83052921164943	0	0	1	0.996005996001	1.0000000000000036e-12	41.60909090909091	LI1	LI
1260031	1270030	1265030.5	110	826.3303292566322	0	0	1	0.996005996001	1.0000000000000036e-12	42.13636363636363	LI1	LI
1265031	1275030	1270030.5	144	430.02315856659214	0	0	1	0.996005996001	1.0000000000000036e-12	41.791666666666664	LI1	LI
1270031	1280030	1275030.5	138	38.71250816551303	0	0	1	0.996005996001	1.0000000000000036e-12	41.666666666666664	LI1	LI
1275031	1285030	1280030.5	134	38.71250816551303	0	0	1	0.996005996001	1.0000000000000036e-12	40.94776119402985	LI1	LI
1280031	1290030	1285030.5	100	29.386628786706126	NA	0	1	0.996005996001	1.0000000000000036e-12	39.74	LI1	LI
1285031	1295030	1290030.5	82	29.386628786706126	NA	0	1	0.996005996001	1.0000000000000036e-12	41.170731707317074	LI1	LI
1290031	1300030	1295030.5	104	NA	NA	0	1	0.996005996001	1.0000000000000036e-12	41.69230769230769	LI1	LI
1295031	1305030	1300030.5	99	NA	NA	0	1	0.996005996001	1.0000000000000036e-12	41.22222222222222	LI1	LI
1300031	1310030	1305030.5	83	NA	NA	0	1	0.996005996001	1.0000000000000036e-12	41.855421686746986	LI1	LI
1305031	1315030	1310030.5	71	NA	NA	0	1	0.996005996001	1.0000000000000036e-12	42.59154929577465	LI1	LI
1310031	1320030	1315030.5	66	35.218176458411094	158137.23448563126	0	1	0.996005996001	1.0000000000000036e-12	42.621212121212125	LI1	LI
1315031	1325030	1320030.5	94	35.218176458411094	158137.23448563126	0	1	0.996005996001	1.0000000000000036e-12	42.180851063829785	LI1	LI
1320031	1330030	1325030.5	105	NA	NA	0	1	0.996005996001	1.0000000000000036e-12	42.24761904761905	LI1	LI
1325031	1335030	1330030.5	93	31.245580316922965	89523.23642926545	0	1	0.996005996001	1.0000000000000036e-12	41.87096774193548	LI1	LI
1330031	1340030	1335030.5	79	25.586528439711483	89523.23642926545	0	1	0.996005996001	1.0000000000000036e-12	40.89873417721519	LI1	LI
1335031	1345030	1340030.5	93	23.806125666938094	0	0	1	0.996005996001	1.0000000000000036e-12	40.55913978494624	LI1	LI
1340031	1350030	1345030.5	102	27.68477477137619	0	0	1	0.996005996001	1.0000000000000036e-12	41.254901960784316	LI1	LI
1345031	1355030	1350030.5	68	NA	NA	0	1	0.996005996001	1.0000000000000036e-12	42.1764705882353	LI1	LI
1350031	1360030	1355030.5	55	43.96642341871713	NA	0	1	0.996005996001	1.0000000000000036e-12	42.41818181818182	LI1	LI
1355031	1365030	1360030.5	79	37.76768131385075	0	0	1	0.996005996001	1.0000000000000036e-12	41.35443037974684	LI1	LI
1360031	1370030	1365030.5	72	31.568939208984375	0	0	1	0.996005996001	1.0000000000000036e-12	40.94444444444444	LI1	LI
1365031	1375030	1370030.5	54	NA	NA	0	1	0.996005996001	1.0000000000000036e-12	42.166666666666664	LI1	LI
1370031	1380030	1375030.5	77	22.17571250799042	0	0	1	0.996005996001	1.0000000000000036e-12	40.506493506493506	LI1	LI
1375031	1385030	1380030.5	104	25.519845954710974	0	0	1	0.996005996001	1.0000000000000036e-12	40.21153846153846	LI1	LI
1380031	1390030	1385030.5	105	29.802004884061027	0	0	1	0.996005996001	1.0000000000000036e-12	41.41904761904762	LI1	LI
1385031	1395030	1390030.5	101	36.48965937791017	16971.833122737527	0	1	0.996005996001	1.0000000000000036e-12	42.00990099009901	LI1	LI
1390031	1400030	1395030.5	109	30.703314335610763	16971.833122737527	0	1	0.996005996001	1.0000000000000036e-12	41.73394495412844	LI1	LI
1395031	1405030	1400030.5	96	NA	NA	0	1	0.996005996001	1.0000000000000036e-12	41.520833333333336	LI1	LI
1400031	1410030	1405030.5	83	NA	NA	0	1	0.996005996001	1.0000000000000036e-12	42	LI1	LI
1405031	1415030	1410030.5	82	NA	NA	0	1	0.996005996001	1.0000000000000036e-12	41.8780487804878	LI1	LI
1410031	1420030	1415030.5	101	NA	NA	0	1	0.996005996001	1.0000000000000036e-12	41.75247524752475	LI1	LI
1415031	1425030	1420030.5	119	NA	NA	0	1	0.996005996001	1.0000000000000036e-12	41.924369747899156	LI1	LI
1420031	1430030	1425030.5	115	NA	NA	0	1	0.996005996001	1.0000000000000036e-12	41.11304347826087	LI1	LI
1425031	1435030	1430030.5	94	NA	NA	0	1	0.996005996001	1.0000000000000036e-12	41.08510638297872	LI1	LI
1430031	1440030	1435030.5	73	NA	NA	0	1	0.996005996001	1.0000000000000036e-12	41.57534246575342	LI1	LI
1435031	1445030	1440030.5	73	30.70071390601016	55680.666666666686	0	1	0.996005996001	1.0000000000000036e-12	41.50684931506849	LI1	LI
1440031	1450030	1445030.5	59	30.70071390601016	55680.666666666686	0	1	0.996005996001	1.0000000000000036e-12	42.33898305084746	LI1	LI
1445031	1455030	1450030.5	61	NA	NA	0	1	0.996005996001	1.0000000000000036e-12	42.14754098360656	LI1	LI
1450031	1460030	1455030.5	88	840.600615531994	0	0	1	0.996005996001	1.0000000000000036e-12	42.26136363636363	LI1	LI
1455031	1465030	1460030.5	106	840.600615531994	0	0	1	0.996005996001	1.0000000000000036e-12	42.490566037735846	LI1	LI
1460031	1470030	1465030.5	86	NA	NA	0	1	0.996005996001	1.0000000000000036e-12	42.41860465116279	LI1	LI
1465031	1475030	1470030.5	74	NA	NA	0	1	0.996005996001	1.0000000000000036e-12	42.4054054054054	LI1	LI
1470031	1480030	1475030.5	78	NA	NA	0	1	0.996005996001	1.0000000000000036e-12	42.30769230769231	LI1	LI
1475031	1485030	1480030.5	78	NA	NA	0	1	0.996005996001	1.0000000000000036e-12	40.55128205128205	LI1	LI
1480031	1490030	1485030.5	85	NA	NA	0	1	0.996005996001	1.0000000000000036e-12	40.576470588235296	LI1	LI
1485031	1495030	1490030.5	73	NA	NA	0	1	0.996005996001	1.0000000000000036e-12	42.06849315068493	LI1	LI
1490031	1500030	1495030.5	77	22.462834922330895	0	0	1	0.996005996001	1.0000000000000036e-12	41.83116883116883	LI1	LI
1495031	1505030	1500030.5	75	22.462834922330895	0	0	1	0.996005996001	1.0000000000000036e-12	41.946666666666665	LI1	LI
1500031	1510030	1505030.5	60	20.84683627915452	NA	0	1	0.996005996001	1.0000000000000036e-12	42.05	LI1	LI
1505031	1515030	1510030.5	66	20.84683627915452	NA	0	1	0.996005996001	1.0000000000000036e-12	42.07575757575758	LI1	LI
1510031	1520030	1515030.5	70	NA	NA	0	1	0.996005996001	1.0000000000000036e-12	42.042857142857144	LI1	LI
1515031	1525030	1520030.5	68	NA	NA	0	1	0.996005996001	1.0000000000000036e-12	38.6764705882353	LI1	LI
31	10030	5030.5	140	45.08131253306844	0	0	1	0.996005996001	1.0000000000000036e-12	39.23571428571429	LI10	LI
5031	15030	10030.5	118	37.92963624435048	0	0	1	0.996005996001	1.0000000000000036e-12	41.53389830508475	LI10	LI
10031	20030	15030.5	124	37.92963624435048	0	0	1	0.996005996001	1.0000000000000036e-12	41.516129032258064	LI10	LI
15031	25030	20030.5	89	38.49749658625398	0	0	1	0.996005996001	1.0000000000000036e-12	42.41573033707865	LI10	LI
20031	30030	25030.5	77	38.49749658625398	0	0	1	0.996005996001	1.0000000000000036e-12	42.42857142857143	LI10	LI
25031	35030	30030.5	108	39.462189114606375	NA	0	1	0.996005996001	1.0000000000000036e-12	42.96296296296296	LI10	LI
30031	40030	35030.5	117	39.462189114606375	NA	0	1	0.996005996001	1.0000000000000036e-12	43.333333333333336	LI10	LI
35031	45030	40030.5	78	42.96565475366949	NA	0	1	0.996005996001	1.0000000000000036e-12	42.794871794871796	LI10	LI
40031	50030	45030.5	80	34.37327457756301	NA	0	1	0.996005996001	1.0000000000000036e-12	42.4375	LI10	LI
45031	55030	50030.5	108	25.78089440145653	NA	0	1	0.996005996001	1.0000000000000036e-12	42.98148148148148	LI10	LI
50031	60030	55030.5	110	37.27956060355662	0	0	1	0.996005996001	1.0000000000000036e-12	42.79090909090909	LI10	LI
55031	65030	60030.5	97	37.27956060355662	0	0	1	0.996005996001	1.0000000000000036e-12	42.43298969072165	LI10	LI
60031	70030	65030.5	96	41.27472679230476	NA	0	1	0.996005996001	1.0000000000000036e-12	42.5	LI10	LI
65031	75030	70030.5	122	42.12019077298713	NA	0	1	0.996005996001	1.0000000000000036e-12	42.65573770491803	LI10	LI
70031	80030	75030.5	123	43.466039086193305	NA	0	1	0.996005996001	1.0000000000000036e-12	43	LI10	LI
75031	85030	80030.5	90	39.86334012349688	NA	0	1	0.996005996001	1.0000000000000036e-12	43.15555555555556	LI10	LI
80031	90030	85030.5	86	31.853976184273158	NA	0	1	0.996005996001	1.0000000000000036e-12	43.24418604651163	LI10	LI
85031	95030	90030.5	106	27.947695540269677	NA	0	1	0.996005996001	1.0000000000000036e-12	42.424528301886795	LI10	LI
90031	100030	95030.5	129	NA	NA	0	1	0.996005996001	1.0000000000000036e-12	41.48062015503876	LI10	LI
95031	105030	100030.5	164	41.921543310404516	NA	0	1	0.996005996001	1.0000000000000036e-12	41.323170731707314	LI10	LI
100031	110030	105030.5	134	41.921543310404516	NA	0	1	0.996005996001	1.0000000000000036e-12	41.82835820895522	LI10	LI
105031	115030	110030.5	88	15.595953705533015	24.44985779909669	0	1	0.996005996001	1.0000000000000036e-12	42.56818181818182	LI10	LI
110031	120030	115030.5	99	28.243129385091862	24.44985779909669	0	1	0.996005996001	1.0000000000000036e-12	42.72727272727273	LI10	LI
115031	125030	120030.5	99	41.40592418752762	NA	0	1	0.996005996001	1.0000000000000036e-12	43.292929292929294	LI10	LI
120031	130030	125030.5	67	41.921543310404516	NA	0	1	0.996005996001	1.0000000000000036e-12	42.865671641791046	LI10	LI
125031	135030	130030.5	88	NA	NA	0	1	0.996005996001	1.0000000000000036e-12	42.55681818181818	LI10	LI
130031	140030	135030.5	118	NA	NA	0	1	0.996005996001	1.0000000000000036e-12	41.91525423728814	LI10	LI
135031	145030	140030.5	96	NA	NA	0	1	0.996005996001	1.0000000000000036e-12	41.697916666666664	LI10	LI
140031	150030	145030.5	138	37.96121541952179	NA	0	1	0.996005996001	1.0000000000000036e-12	43.31884057971015	LI10	LI
145031	155030	150030.5	214	37.96121541952179	0	0	1	0.996005996001	1.0000000000000036e-12	43.22429906542056	LI10	LI
150031	160030	155030.5	199	36.55740050101865	0	0	1	0.996005996001	1.0000000000000036e-12	42.814070351758794	LI10	LI
155031	165030	160030.5	131	40.919676887759174	NA	0	1	0.996005996001	1.0000000000000036e-12	42.587786259541986	LI10	LI
160031	170030	165030.5	95	40.919676887759174	NA	0	1	0.996005996001	1.0000000000000036e-12	42.410526315789475	LI10	LI
165031	175030	170030.5	87	24.87033925	NA	0	1	0.996005996001	1.0000000000000036e-12	42.298850574712645	LI10	LI
170031	180030	175030.5	81	24.87033925	NA	0	1	0.996005996001	1.0000000000000036e-12	42.135802469135804	LI10	LI
175031	185030	180030.5	94	39.98977707492999	0	0	1	0.996005996001	1.0000000000000036e-12	41.276595744680854	LI10	LI
180031	190030	185030.5	112	41.477715914299736	0	0	1	0.996005996001	1.0000000000000036e-12	41.901785714285715	LI10	LI
185031	195030	190030.5	101	42.96565475366949	NA	0	1	0.996005996001	1.0000000000000036e-12	43.07920792079208	LI10	LI
190031	200030	195030.5	80	NA	NA	0	1	0.996005996001	1.0000000000000036e-12	43.5875	LI10	LI
195031	205030	200030.5	113	NA	NA	0	1	0.996005996001	1.0000000000000036e-12	42.80530973451327	LI10	LI
200031	210030	205030.5	114	NA	NA	0	1	0.996005996001	1.0000000000000036e-12	42.35964912280702	LI10	LI
205031	215030	210030.5	91	NA	NA	0	1	0.996005996001	1.0000000000000036e-12	42.75824175824176	LI10	LI
210031	220030	215030.5	103	44.87058436213992	NA	0	1	0.996005996001	1.0000000000000036e-12	43.12621359223301	LI10	LI
215031	225030	220030.5	109	36.920464114840875	90.21927988540173	0	1	0.996005996001	1.0000000000000036e-12	42.669724770642205	LI10	LI
220031	230030	225030.5	84	28.97034386754183	90.21927988540173	0	1	0.996005996001	1.0000000000000036e-12	42.333333333333336	LI10	LI
225031	235030	230030.5	51	NA	NA	0	1	0.996005996001	1.0000000000000036e-12	43.431372549019606	LI10	LI
230031	240030	235030.5	89	NA	NA	0	1	0.996005996001	1.0000000000000036e-12	42.842696629213485	LI10	LI
235031	245030	240030.5	105	36.96018621799301	NA	0	1	0.996005996001	1.0000000000000036e-12	42.23809523809524	LI10	LI
240031	250030	245030.5	100	36.96018621799301	NA	0	1	0.996005996001	1.0000000000000036e-12	42.29	LI10	LI
245031	255030	250030.5	99	NA	NA	0	1	0.996005996001	1.0000000000000036e-12	42.666666666666664	LI10	LI
250031	260030	255030.5	98	NA	NA	0	1	0.996005996001	1.0000000000000036e-12	42.755102040816325	LI10	LI
255031	265030	260030.5	104	NA	NA	0	1	0.996005996001	1.0000000000000036e-12	42.44230769230769	LI10	LI
260031	270030	265030.5	87	42.89489670632747	NA	0	1	0.996005996001	1.0000000000000036e-12	42.632183908045974	LI10	LI
265031	275030	270030.5	80	536.4235320385143	0	0	1	0.996005996001	1.0000000000000036e-12	43.1875	LI10	LI
270031	280030	275030.5	82	536.4377461853899	0	0	1	0.996005996001	1.0000000000000036e-12	43.40243902439025	LI10	LI
275031	285030	280030.5	87	42.923325000078606	0	0	1	0.996005996001	1.0000000000000036e-12	41.666666666666664	LI10	LI
280031	290030	285030.5	86	40.859672322445036	0	0	1	0.996005996001	1.0000000000000036e-12	40.04651162790697	LI10	LI
285031	295030	290030.5	91	35.17162590641313	0	0	1	0.996005996001	1.0000000000000036e-12	41.20879120879121	LI10	LI
290031	300030	295030.5	99	35.417193796569414	0	0	1	0.996005996001	1.0000000000000036e-12	41.505050505050505	LI10	LI
295031	305030	300030.5	142	35.417193796569414	0	0	1	0.996005996001	1.0000000000000036e-12	42.225352112676056	LI10	LI
300031	310030	305030.5	134	NA	NA	0	1	0.996005996001	1.0000000000000036e-12	43.02985074626866	LI10	LI
305031	315030	310030.5	90	NA	NA	0	1	0.996005996001	1.0000000000000036e-12	40.56666666666667	LI10	LI
310031	320030	315030.5	131	NA	NA	0	1	0.996005996001	1.0000000000000036e-12	41.267175572519086	LI10	LI
315031	325030	320030.5	121	NA	NA	0	1	0.996005996001	1.0000000000000036e-12	41.72727272727273	LI10	LI
320031	330030	325030.5	92	NA	NA	0	1	0.996005996001	1.0000000000000036e-12	39.57608695652174	LI10	LI
325031	335030	330030.5	108	25.943776314292215	NA	0	1	0.996005996001	1.0000000000000036e-12	40.629629629629626	LI10	LI
330031	340030	335030.5	99	40.273391043938204	NA	0	1	0.996005996001	1.0000000000000036e-12	41.61616161616162	LI10	LI
335031	345030	340030.5	84	42.92953656675273	0	0	1	0.996005996001	1.0000000000000036e-12	42.285714285714285	LI10	LI
340031	350030	345030.5	67	484.24404337350745	0	0	1	0.996005996001	1.0000000000000036e-12	40.701492537313435	LI10	LI
345031	355030	350030.5	34	22.462834922330895	0	0	1	0.996005996001	1.0000000000000036e-12	36.205882352941174	LI10	LI
350031	360030	355030.5	8	140.32809326742563	0	0	1	0.996005996001	1.0000000000000036e-12	28.75	LI10	LI
355031	365030	360030.5	7	258.19335161252036	0	0	1	0.996005996001	1.0000000000000036e-12	25.142857142857142	LI10	LI
360031	370030	365030.5	13	33.88973321338159	0	0	1	0.996005996001	1.0000000000000036e-12	24.46153846153846	LI10	LI
365031	375030	370030.5	54	33.88973321338159	0	0	1	0.996005996001	1.0000000000000036e-12	26.574074074074073	LI10	LI
370031	380030	375030.5	89	NA	NA	0	1	0.996005996001	1.0000000000000036e-12	33.258426966292134	LI10	LI
375031	385030	380030.5	75	NA	NA	0	1	0.996005996001	1.0000000000000036e-12	41.693333333333335	LI10	LI
380031	390030	385030.5	67	NA	NA	0	1	0.996005996001	1.0000000000000036e-12	43.059701492537314	LI10	LI
385031	395030	390030.5	81	NA	NA	0	1	0.996005996001	1.0000000000000036e-12	43.358024691358025	LI10	LI
390031	400030	395030.5	81	42.87120630887847	0	0	1	0.996005996001	1.0000000000000036e-12	42.98765432098765	LI10	LI
395031	405030	400030.5	80	42.87120630887847	0	0	1	0.996005996001	1.0000000000000036e-12	42.6875	LI10	LI
400031	410030	405030.5	99	27.947695540269677	NA	0	1	0.996005996001	1.0000000000000036e-12	42.42424242424242	LI10	LI
405031	415030	410030.5	87	28.44857638754433	0	0	1	0.996005996001	1.0000000000000036e-12	41.89655172413793	LI10	LI
410031	420030	415030.5	67	28.94945723481898	0	0	1	0.996005996001	1.0000000000000036e-12	41.19402985074627	LI10	LI
415031	425030	420030.5	78	NA	NA	0	1	0.996005996001	1.0000000000000036e-12	40.88461538461539	LI10	LI
420031	430030	425030.5	91	NA	NA	0	1	0.996005996001	1.0000000000000036e-12	41.20879120879121	LI10	LI
425031	435030	430030.5	96	NA	NA	0	1	0.996005996001	1.0000000000000036e-12	42.177083333333336	LI10	LI
430031	440030	435030.5	96	NA	NA	0	1	0.996005996001	1.0000000000000036e-12	43.25	LI10	LI
435031	445030	440030.5	93	32.745028771623886	3.546718995761025e-5	0	1	0.996005996001	1.0000000000000036e-12	42.075268817204304	LI10	LI
440031	450030	445030.5	80	31.59082195483456	17186.5898919672	0	1	0.996005996001	1.0000000000000036e-12	41.6125	LI10	LI
445031	455030	450030.5	75	30.436615138045234	34373.17974846721	0	1	0.996005996001	1.0000000000000036e-12	42.733333333333334	LI10	LI
450031	460030	455030.5	96	NA	NA	0	1	0.996005996001	1.0000000000000036e-12	42.916666666666664	LI10	LI
455031	465030	460030.5	93	26.788599298887366	NA	0	1	0.996005996001	1.0000000000000036e-12	42.13978494623656	LI10	LI
460031	470030	465030.5	97	26.788599298887366	NA	0	1	0.996005996001	1.0000000000000036e-12	42	LI10	LI
465031	475030	470030.5	85	NA	NA	0	1	0.996005996001	1.0000000000000036e-12	42.71764705882353	LI10	LI
470031	480030	475030.5	61	28.597144422401463	9.628865645281749e-5	0	1	0.996005996001	1.0000000000000036e-12	43.19672131147541	LI10	LI
475031	485030	480030.5	77	28.597144422401463	9.628865645281749e-5	0	1	0.996005996001	1.0000000000000036e-12	43.142857142857146	LI10	LI
480031	490030	485030.5	54	NA	NA	0	1	0.996005996001	1.0000000000000036e-12	42.611111111111114	LI10	LI
485031	495030	490030.5	40	NA	NA	0	1	0.996005996001	1.0000000000000036e-12	43.1	LI10	LI
490031	500030	495030.5	54	NA	NA	0	1	0.996005996001	1.0000000000000036e-12	42.833333333333336	LI10	LI
495031	505030	500030.5	65	23.306775410970054	0	0	1	0.996005996001	1.0000000000000036e-12	41.56923076923077	LI10	LI
500031	510030	505030.5	74	33.13621508231977	0	0	1	0.996005996001	1.0000000000000036e-12	42.027027027027025	LI10	LI
505031	515030	510030.5	83	42.465252415302515	NA	0	1	0.996005996001	1.0000000000000036e-12	41.2289156626506	LI10	LI
510031	520030	515030.5	77	34.80893294460641	1.011871785726031e-5	0	1	0.996005996001	1.0000000000000036e-12	41.1948051948052	LI10	LI
515031	525030	520030.5	59	31.742278763689615	0	0	1	0.996005996001	1.0000000000000036e-12	42.898305084745765	LI10	LI
520031	530030	525030.5	71	32.53191033527423	0	0	1	0.996005996001	1.0000000000000036e-12	40.70422535211268	LI10	LI
525031	535030	530030.5	76	32.877921616735534	0	0	1	0.996005996001	1.0000000000000036e-12	39.276315789473685	LI10	LI
530031	540030	535030.5	72	38.91110081840752	0	0	1	0.996005996001	1.0000000000000036e-12	39.05555555555556	LI10	LI
535031	545030	540030.5	82	44.96715843621399	NA	0	1	0.996005996001	1.0000000000000036e-12	39.28048780487805	LI10	LI
540031	550030	545030.5	97	NA	NA	0	1	0.996005996001	1.0000000000000036e-12	40.75257731958763	LI10	LI
545031	555030	550030.5	95	38.81461798443585	0	0	1	0.996005996001	1.0000000000000036e-12	42.16842105263158	LI10	LI
550031	560030	555030.5	63	38.81461798443585	0	0	1	0.996005996001	1.0000000000000036e-12	42.80952380952381	LI10	LI
555031	565030	560030.5	46	31.811723043169103	0.001632051267300048	0	1	0.996005996001	1.0000000000000036e-12	42.5	LI10	LI
560031	570030	565030.5	73	31.811723043169103	0.001632051267300048	0	1	0.996005996001	1.0000000000000036e-12	42.64383561643836	LI10	LI
565031	575030	570030.5	109	31.353399294203513	0	0	1	0.996005996001	1.0000000000000036e-12	41.706422018348626	LI10	LI
570031	580030	575030.5	102	31.353399294203513	0	0	1	0.996005996001	1.0000000000000036e-12	41.27450980392157	LI10	LI
575031	585030	580030.5	67	321.3498805744008	0	0	1	0.996005996001	1.0000000000000036e-12	41.850746268656714	LI10	LI
580031	590030	585030.5	70	321.3498805744008	0	0	1	0.996005996001	1.0000000000000036e-12	40.9	LI10	LI
585031	595030	590030.5	79	24.772608	NA	0	1	0.996005996001	1.0000000000000036e-12	40.063291139240505	LI10	LI
590031	600030	595030.5	71	37.96121541952179	0	0	1	0.996005996001	1.0000000000000036e-12	40.88732394366197	LI10	LI
595031	605030	600030.5	86	33.455336327170386	0	0	1	0.996005996001	1.0000000000000036e-12	42.03488372093023	LI10	LI
600031	610030	605030.5	114	28.838273658206568	4.50077173726634e-4	0	1	0.996005996001	1.0000000000000036e-12	40.50877192982456	LI10	LI
605031	615030	610030.5	118	35.016994630576356	9.00154347453268e-4	0	1	0.996005996001	1.0000000000000036e-12	41.00847457627118	LI10	LI
610031	620030	615030.5	107	40.89009652621071	NA	0	1	0.996005996001	1.0000000000000036e-12	42.700934579439256	LI10	LI
615031	625030	620030.5	100	40.89009652621071	NA	0	1	0.996005996001	1.0000000000000036e-12	43.09	LI10	LI
620031	630030	625030.5	101	NA	NA	0	1	0.996005996001	1.0000000000000036e-12	43.28712871287129	LI10	LI
625031	635030	630030.5	112	31.327053641036947	NA	0	1	0.996005996001	1.0000000000000036e-12	41.723214285714285	LI10	LI
630031	640030	635030.5	79	38.71488473433084	NA	0	1	0.996005996001	1.0000000000000036e-12	41.11392405063291	LI10	LI
635031	645030	640030.5	41	42.276004420209574	NA	0	1	0.996005996001	1.0000000000000036e-12	41.926829268292686	LI10	LI
640031	650030	645030.5	57	17.919720936213995	NA	0	1	0.996005996001	1.0000000000000036e-12	41.03508771929825	LI10	LI
645031	655030	650030.5	63	17.919720936213995	NA	0	1	0.996005996001	1.0000000000000036e-12	41.98412698412698	LI10	LI
650031	660030	655030.5	64	32.5183972864653	0	0	1	0.996005996001	1.0000000000000036e-12	41.875	LI10	LI
655031	665030	660030.5	63	33.97492280780696	0	0	1	0.996005996001	1.0000000000000036e-12	41.301587301587304	LI10	LI
660031	670030	665030.5	53	33.97492280780696	176256.00000000052	0	1	0.996005996001	1.0000000000000036e-12	41.943396226415096	LI10	LI
665031	675030	670030.5	35	NA	NA	0	1	0.996005996001	1.0000000000000036e-12	42	LI10	LI
670031	680030	675030.5	11	NA	NA	0	1	0.996005996001	1.0000000000000036e-12	35.09090909090909	LI10	LI
675031	685030	680030.5	9	NA	NA	NA	NA	NA	NA	1.4444444444444444	LI10	LI
680031	690030	685030.5	7	NA	NA	NA	NA	NA	NA	1.5714285714285714	LI10	LI
685031	695030	690030.5	0	NA	NA	NA	NA	NA	NA	NA	LI10	LI
690031	700030	695030.5	0	NA	NA	NA	NA	NA	NA	NA	LI10	LI
695031	705030	700030.5	0	NA	NA	NA	NA	NA	NA	NA	LI10	LI
700031	710030	705030.5	16	22.279823562196924	0	0	1	0.996005996001	1.0000000000000036e-12	39.1875	LI10	LI
705031	715030	710030.5	62	27.617641036462015	0	0	1	0.996005996001	1.0000000000000036e-12	41.41935483870968	LI10	LI
710031	720030	715030.5	107	28.948523255363554	NA	0	1	0.996005996001	1.0000000000000036e-12	42.1588785046729	LI10	LI
715031	725030	720030.5	99	28.376849629253385	0	0	1	0.996005996001	1.0000000000000036e-12	42.03030303030303	LI10	LI
720031	730030	725030.5	77	43.79649874646354	0	0	1	0.996005996001	1.0000000000000036e-12	42.4025974025974	LI10	LI
725031	735030	730030.5	74	44.51387661658855	0	0	1	0.996005996001	1.0000000000000036e-12	43.0945945945946	LI10	LI
730031	740030	735030.5	66	NA	NA	0	1	0.996005996001	1.0000000000000036e-12	42.53030303030303	LI10	LI
735031	745030	740030.5	71	26.879581404320987	NA	0	1	0.996005996001	1.0000000000000036e-12	42.63380281690141	LI10	LI
740031	750030	745030.5	77	26.879581404320987	NA	0	1	0.996005996001	1.0000000000000036e-12	42.58441558441559	LI10	LI
745031	755030	750030.5	72	35.356813447699516	NA	0	1	0.996005996001	1.0000000000000036e-12	41.416666666666664	LI10	LI
750031	760030	755030.5	75	35.356813447699516	NA	0	1	0.996005996001	1.0000000000000036e-12	41.28	LI10	LI
755031	765030	760030.5	93	24.86812717013889	NA	0	1	0.996005996001	1.0000000000000036e-12	41.02150537634409	LI10	LI
760031	770030	765030.5	92	29.80877777777778	0	0	1	0.996005996001	1.0000000000000036e-12	40.358695652173914	LI10	LI
765031	775030	770030.5	102	33.50815516676724	0	0	1	0.996005996001	1.0000000000000036e-12	40.6764705882353	LI10	LI
770031	780030	775030.5	98	28.246545573824264	0	0	1	0.996005996001	1.0000000000000036e-12	41.13265306122449	LI10	LI
775031	785030	780030.5	58	NA	NA	0	1	0.996005996001	1.0000000000000036e-12	41.96551724137931	LI10	LI
780031	790030	785030.5	70	NA	NA	0	1	0.996005996001	1.0000000000000036e-12	41.02857142857143	LI10	LI
785031	795030	790030.5	87	39.7914091796875	0	0	1	0.996005996001	1.0000000000000036e-12	40.367816091954026	LI10	LI
790031	800030	795030.5	67	39.7914091796875	0	0	1	0.996005996001	1.0000000000000036e-12	40.656716417910445	LI10	LI
795031	805030	800030.5	70	43.27722763266327	NA	0	1	0.996005996001	1.0000000000000036e-12	40.91428571428571	LI10	LI
800031	810030	805030.5	66	43.27722763266327	NA	0	1	0.996005996001	1.0000000000000036e-12	41.42424242424242	LI10	LI
805031	815030	810030.5	34	NA	NA	0	1	0.996005996001	1.0000000000000036e-12	39.26470588235294	LI10	LI
810031	820030	815030.5	91	33.90059856274978	0	0	1	0.996005996001	1.0000000000000036e-12	38.967032967032964	LI10	LI
815031	825030	820030.5	109	33.90059856274978	0	0	1	0.996005996001	1.0000000000000036e-12	40.60550458715596	LI10	LI
820031	830030	825030.5	62	NA	NA	0	1	0.996005996001	1.0000000000000036e-12	42.53225806451613	LI10	LI
825031	835030	830030.5	77	27.222303206997086	0	0	1	0.996005996001	1.0000000000000036e-12	41.714285714285715	LI10	LI
830031	840030	835030.5	78	27.222303206997086	0	0	1	0.996005996001	1.0000000000000036e-12	42.05128205128205	LI10	LI
835031	845030	840030.5	84	30.825230706453183	0	0	1	0.996005996001	1.0000000000000036e-12	41.5	LI10	LI
840031	850030	845030.5	91	30.825230706453183	0	0	1	0.996005996001	1.0000000000000036e-12	41.75824175824176	LI10	LI
845031	855030	850030.5	85	NA	NA	0	1	0.996005996001	1.0000000000000036e-12	42.28235294117647	LI10	LI
850031	860030	855030.5	94	24.941588	0	0	1	0.996005996001	1.0000000000000036e-12	40.09574468085106	LI10	LI
855031	865030	860030.5	107	33.74127762141454	0	0	1	0.996005996001	1.0000000000000036e-12	40.86915887850467	LI10	LI
860031	870030	865030.5	118	42.34192100420404	0	0	1	0.996005996001	1.0000000000000036e-12	41.5	LI10	LI
865031	875030	870030.5	131	41.65296390092096	0	0	1	0.996005996001	1.0000000000000036e-12	40.82442748091603	LI10	LI
870031	880030	875030.5	100	33.49403840643356	1.1016346054275355e-6	0	1	0.996005996001	1.0000000000000036e-12	41.72	LI10	LI
875031	885030	880030.5	50	33.49403840643356	1.1016346054275355e-6	0	1	0.996005996001	1.0000000000000036e-12	37.66	LI10	LI
880031	890030	885030.5	29	NA	NA	0	1	0.996005996001	1.0000000000000036e-12	30.20689655172414	LI10	LI
885031	895030	890030.5	44	NA	NA	0	1	0.996005996001	1.0000000000000036e-12	40.45454545454545	LI10	LI
890031	900030	895030.5	66	NA	NA	0	1	0.996005996001	1.0000000000000036e-12	39.53030303030303	LI10	LI
895031	905030	900030.5	39	25.795323239147006	0	0	1	0.996005996001	1.0000000000000036e-12	31.71794871794872	LI10	LI
900031	910030	905030.5	26	25.795323239147006	0	0	1	0.996005996001	1.0000000000000036e-12	19	LI10	LI
905031	915030	910030.5	55	NA	NA	0	1	0.996005996001	1.0000000000000036e-12	34.527272727272724	LI10	LI
910031	920030	915030.5	86	31.7734375	0	0	1	0.996005996001	1.0000000000000036e-12	41.24418604651163	LI10	LI
915031	925030	920030.5	88	31.7734375	0	0	1	0.996005996001	1.0000000000000036e-12	41.71590909090909	LI10	LI
920031	930030	925030.5	107	NA	NA	0	1	0.996005996001	1.0000000000000036e-12	42.13084112149533	LI10	LI
925031	935030	930030.5	119	27.883725892003007	NA	0	1	0.996005996001	1.0000000000000036e-12	42.168067226890756	LI10	LI
930031	940030	935030.5	94	27.883725892003007	NA	0	1	0.996005996001	1.0000000000000036e-12	42.680851063829785	LI10	LI
935031	945030	940030.5	97	43.96642341871713	NA	0	1	0.996005996001	1.0000000000000036e-12	42.70103092783505	LI10	LI
940031	950030	945030.5	99	38.46094096472211	NA	0	1	0.996005996001	1.0000000000000036e-12	42.494949494949495	LI10	LI
945031	955030	950030.5	71	41.508179620434476	0	0	1	0.996005996001	1.0000000000000036e-12	42.16901408450704	LI10	LI
950031	960030	955030.5	73	41.6849085662911	0	0	1	0.996005996001	1.0000000000000036e-12	41.06849315068493	LI10	LI
955031	965030	960030.5	66	NA	NA	0	1	0.996005996001	1.0000000000000036e-12	38.81818181818182	LI10	LI
960031	970030	965030.5	62	43.86773337716003	NA	0	1	0.996005996001	1.0000000000000036e-12	36.306451612903224	LI10	LI
965031	975030	970030.5	57	43.86773337716003	NA	0	1	0.996005996001	1.0000000000000036e-12	34.719298245614034	LI10	LI
970031	980030	975030.5	53	NA	NA	0	1	0.996005996001	1.0000000000000036e-12	38.924528301886795	LI10	LI
975031	985030	980030.5	81	39.333691502318615	0	0	1	0.996005996001	1.0000000000000036e-12	41.96296296296296	LI10	LI
980031	990030	985030.5	65	40.15802603705692	0	0	1	0.996005996001	1.0000000000000036e-12	41.10769230769231	LI10	LI
985031	995030	990030.5	67	40.15802603705692	0	0	1	0.996005996001	1.0000000000000036e-12	41.52238805970149	LI10	LI
990031	1000030	995030.5	78	24.90919894316113	0	0	1	0.996005996001	1.0000000000000036e-12	41.56410256410256	LI10	LI
995031	1005030	1000030.5	84	27.947695540269677	0	0	1	0.996005996001	1.0000000000000036e-12	40.75	LI10	LI
1000031	1010030	1005030.5	112	30.952647192104997	NA	0	1	0.996005996001	1.0000000000000036e-12	41.392857142857146	LI10	LI
1005031	1015030	1010030.5	116	NA	NA	0	1	0.996005996001	1.0000000000000036e-12	42.71551724137931	LI10	LI
1010031	1020030	1015030.5	123	NA	NA	0	1	0.996005996001	1.0000000000000036e-12	43.03252032520325	LI10	LI
1015031	1025030	1020030.5	92	NA	NA	0	1	0.996005996001	1.0000000000000036e-12	42.57608695652174	LI10	LI
1020031	1030030	1025030.5	59	42.44243898983551	NA	0	1	0.996005996001	1.0000000000000036e-12	41.898305084745765	LI10	LI
1025031	1035030	1030030.5	64	42.44243898983551	NA	0	1	0.996005996001	1.0000000000000036e-12	36.640625	LI10	LI
1030031	1040030	1035030.5	108	43.96642341871713	NA	0	1	0.996005996001	1.0000000000000036e-12	38.23148148148148	LI10	LI
1035031	1045030	1040030.5	134	43.96642341871713	0	0	1	0.996005996001	1.0000000000000036e-12	41.66417910447761	LI10	LI
1040031	1050030	1045030.5	133	43.239789015542826	0	0	1	0.996005996001	1.0000000000000036e-12	42.35338345864662	LI10	LI
1045031	1055030	1050030.5	122	41.921543310404516	NA	0	1	0.996005996001	1.0000000000000036e-12	42.36065573770492	LI10	LI
1050031	1060030	1055030.5	95	25.78089440145653	0	0	1	0.996005996001	1.0000000000000036e-12	41.63157894736842	LI10	LI
1055031	1065030	1060030.5	94	25.78089440145653	0	0	1	0.996005996001	1.0000000000000036e-12	42.11702127659574	LI10	LI
1060031	1070030	1065030.5	71	NA	NA	0	1	0.996005996001	1.0000000000000036e-12	42.901408450704224	LI10	LI
1065031	1075030	1070030.5	68	33.78307629711986	0	0	1	0.996005996001	1.0000000000000036e-12	42.161764705882355	LI10	LI
1070031	1080030	1075030.5	102	37.72143089434872	0	0	1	0.996005996001	1.0000000000000036e-12	41.23529411764706	LI10	LI
1075031	1085030	1080030.5	109	45.873315114654396	NA	0	1	0.996005996001	1.0000000000000036e-12	40.96330275229358	LI10	LI
1080031	1090030	1085030.5	98	41.51441524453315	NA	0	1	0.996005996001	1.0000000000000036e-12	41.92857142857143	LI10	LI
1085031	1095030	1090030.5	110	36.558717064222336	1.2118575811876428e-4	0	1	0.996005996001	1.0000000000000036e-12	42.22727272727273	LI10	LI
1090031	1100030	1095030.5	102	31.60301888391153	1.2118575811876428e-4	0	1	0.996005996001	1.0000000000000036e-12	42.254901960784316	LI10	LI
1095031	1105030	1100030.5	94	42.96565475366949	NA	0	1	0.996005996001	1.0000000000000036e-12	43.03191489361702	LI10	LI
1100031	1110030	1105030.5	95	43.966406594941745	NA	0	1	0.996005996001	1.0000000000000036e-12	43.48421052631579	LI10	LI
1105031	1115030	1110030.5	79	44.96715843621399	NA	0	1	0.996005996001	1.0000000000000036e-12	43.53164556962025	LI10	LI
1110031	1120030	1115030.5	94	23.4832763671875	0	0	1	0.996005996001	1.0000000000000036e-12	42.54255319148936	LI10	LI
1115031	1125030	1120030.5	97	23.4832763671875	0	0	1	0.996005996001	1.0000000000000036e-12	42.27835051546392	LI10	LI
1120031	1130030	1125030.5	114	40.96400679763788	NA	0	1	0.996005996001	1.0000000000000036e-12	41.98245614035088	LI10	LI
1125031	1135030	1130030.5	161	40.48426330584367	NA	0	1	0.996005996001	1.0000000000000036e-12	42.38509316770186	LI10	LI
1130031	1140030	1135030.5	147	40.004519814049466	NA	0	1	0.996005996001	1.0000000000000036e-12	42.76190476190476	LI10	LI
1135031	1145030	1140030.5	120	35.11273590512451	NA	0	1	0.996005996001	1.0000000000000036e-12	41.825	LI10	LI
1140031	1150030	1145030.5	107	35.11273590512451	NA	0	1	0.996005996001	1.0000000000000036e-12	41.794392523364486	LI10	LI
1145031	1155030	1150030.5	98	30.45092857847169	0	0	1	0.996005996001	1.0000000000000036e-12	40.142857142857146	LI10	LI
1150031	1160030	1155030.5	97	30.45092857847169	0	0	1	0.996005996001	1.0000000000000036e-12	39.31958762886598	LI10	LI
1155031	1165030	1160030.5	98	NA	NA	0	1	0.996005996001	1.0000000000000036e-12	41.142857142857146	LI10	LI
1160031	1170030	1165030.5	109	34.45572184766764	0	0	1	0.996005996001	1.0000000000000036e-12	42.22018348623853	LI10	LI
1165031	1175030	1170030.5	123	37.06742977149007	0	0	1	0.996005996001	1.0000000000000036e-12	42.27642276422764	LI10	LI
1170031	1180030	1175030.5	108	39.679137695312505	0	0	1	0.996005996001	1.0000000000000036e-12	42.083333333333336	LI10	LI
1175031	1185030	1180030.5	85	NA	NA	0	1	0.996005996001	1.0000000000000036e-12	25.894117647058824	LI10	LI
1180031	1190030	1185030.5	59	NA	NA	0	1	0.996005996001	1.0000000000000036e-12	5.694915254237288	LI10	LI
1185031	1195030	1190030.5	62	23.504167027806904	328244.00960000086	0	1	0.996005996001	1.0000000000000036e-12	8.82258064516129	LI10	LI
1190031	1200030	1195030.5	90	23.504167027806904	328244.00960000086	0	1	0.996005996001	1.0000000000000036e-12	27.4	LI10	LI
1195031	1205030	1200030.5	110	NA	NA	0	1	0.996005996001	1.0000000000000036e-12	42.13636363636363	LI10	LI
1200031	1210030	1205030.5	132	28.802492927139284	NA	0	1	0.996005996001	1.0000000000000036e-12	42.39393939393939	LI10	LI
1205031	1215030	1210030.5	113	28.802492927139284	NA	0	1	0.996005996001	1.0000000000000036e-12	42.469026548672566	LI10	LI
1210031	1220030	1215030.5	72	493.48416300531045	0	0	1	0.996005996001	1.0000000000000036e-12	42.44444444444444	LI10	LI
1215031	1225030	1220030.5	81	40.13385887465359	0	0	1	0.996005996001	1.0000000000000036e-12	42.67901234567901	LI10	LI
1220031	1230030	1225030.5	103	37.27481884765625	0	0	1	0.996005996001	1.0000000000000036e-12	42.44660194174757	LI10	LI
1225031	1235030	1230030.5	89	34.8705	0	0	1	0.996005996001	1.0000000000000036e-12	42.359550561797754	LI10	LI
1230031	1240030	1235030.5	89	NA	NA	0	1	0.996005996001	1.0000000000000036e-12	42.96629213483146	LI10	LI
1235031	1245030	1240030.5	111	32.33016111528508	0	0	1	0.996005996001	1.0000000000000036e-12	42.63963963963964	LI10	LI
1240031	1250030	1245030.5	128	37.30308276774733	0	0	1	0.996005996001	1.0000000000000036e-12	42.125	LI10	LI
1245031	1255030	1250030.5	121	32.92838541666667	0	0	1	0.996005996001	1.0000000000000036e-12	41.925619834710744	LI10	LI
1250031	1260030	1255030.5	131	31.576666666666668	0	0	1	0.996005996001	1.0000000000000036e-12	42.01526717557252	LI10	LI
1255031	1265030	1260030.5	110	43.96642341871713	0	0	1	0.996005996001	1.0000000000000036e-12	42.77272727272727	LI10	LI
1260031	1270030	1265030.5	110	44.11862837602523	0	0	1	0.996005996001	1.0000000000000036e-12	43.31818181818182	LI10	LI
1265031	1275030	1270030.5	144	43.054986210444	0	0	1	0.996005996001	1.0000000000000036e-12	42.625	LI10	LI
1270031	1280030	1275030.5	138	35.1017272059847	0	0	1	0.996005996001	1.0000000000000036e-12	42.528985507246375	LI10	LI
1275031	1285030	1280030.5	134	35.1017272059847	0	0	1	0.996005996001	1.0000000000000036e-12	42.44776119402985	LI10	LI
1280031	1290030	1285030.5	100	34.561524463314385	9.05027393035596	0	1	0.996005996001	1.0000000000000036e-12	42.11	LI10	LI
1285031	1295030	1290030.5	82	34.561524463314385	9.05027393035596	0	1	0.996005996001	1.0000000000000036e-12	42.68292682926829	LI10	LI
1290031	1300030	1295030.5	104	33.83037349888052	NA	0	1	0.996005996001	1.0000000000000036e-12	42.44230769230769	LI10	LI
1295031	1305030	1300030.5	99	33.83037349888052	NA	0	1	0.996005996001	1.0000000000000036e-12	42.41414141414141	LI10	LI
1300031	1310030	1305030.5	83	41.96485007693554	NA	0	1	0.996005996001	1.0000000000000036e-12	43.28915662650602	LI10	LI
1305031	1315030	1310030.5	71	41.96485007693554	NA	0	1	0.996005996001	1.0000000000000036e-12	43.76056338028169	LI10	LI
1310031	1320030	1315030.5	66	41.640724508337314	NA	0	1	0.996005996001	1.0000000000000036e-12	43.303030303030305	LI10	LI
1315031	1325030	1320030.5	94	41.640724508337314	NA	0	1	0.996005996001	1.0000000000000036e-12	42.734042553191486	LI10	LI
1320031	1330030	1325030.5	105	NA	NA	0	1	0.996005996001	1.0000000000000036e-12	42.78095238095238	LI10	LI
1325031	1335030	1330030.5	93	40.80114777393662	444053.49999012257	0	1	0.996005996001	1.0000000000000036e-12	42.516129032258064	LI10	LI
1330031	1340030	1335030.5	79	28.94945723481898	222026.74999506128	0	1	0.996005996001	1.0000000000000036e-12	42.22784810126582	LI10	LI
1335031	1345030	1340030.5	93	28.94945723481898	0	0	1	0.996005996001	1.0000000000000036e-12	41.376344086021504	LI10	LI
1340031	1350030	1345030.5	102	35.849955240885414	0	0	1	0.996005996001	1.0000000000000036e-12	41.470588235294116	LI10	LI
1345031	1355030	1350030.5	68	NA	NA	0	1	0.996005996001	1.0000000000000036e-12	42.48529411764706	LI10	LI
1350031	1360030	1355030.5	55	NA	NA	0	1	0.996005996001	1.0000000000000036e-12	43.43636363636364	LI10	LI
1355031	1365030	1360030.5	79	29.229992469206806	0	0	1	0.996005996001	1.0000000000000036e-12	42.620253164556964	LI10	LI
1360031	1370030	1365030.5	72	29.229992469206806	0	0	1	0.996005996001	1.0000000000000036e-12	41.97222222222222	LI10	LI
1365031	1375030	1370030.5	54	NA	NA	0	1	0.996005996001	1.0000000000000036e-12	43.129629629629626	LI10	LI
1370031	1380030	1375030.5	77	28.887594849368565	NA	0	1	0.996005996001	1.0000000000000036e-12	40.87012987012987	LI10	LI
1375031	1385030	1380030.5	104	37.47251785974632	0	0	1	0.996005996001	1.0000000000000036e-12	40.77884615384615	LI10	LI
1380031	1390030	1385030.5	105	39.126524057927384	0	0	1	0.996005996001	1.0000000000000036e-12	42.114285714285714	LI10	LI
1385031	1395030	1390030.5	101	33.19471145072703	293222.25	0	1	0.996005996001	1.0000000000000036e-12	42.336633663366335	LI10	LI
1390031	1400030	1395030.5	109	33.19471145072703	146611.125	0	1	0.996005996001	1.0000000000000036e-12	42.330275229357795	LI10	LI
1395031	1405030	1400030.5	96	32.76529071978265	0	0	1	0.996005996001	1.0000000000000036e-12	42.552083333333336	LI10	LI
1400031	1410030	1405030.5	83	NA	NA	0	1	0.996005996001	1.0000000000000036e-12	42.855421686746986	LI10	LI
1405031	1415030	1410030.5	82	NA	NA	0	1	0.996005996001	1.0000000000000036e-12	42.68292682926829	LI10	LI
1410031	1420030	1415030.5	101	NA	NA	0	1	0.996005996001	1.0000000000000036e-12	42.7029702970297	LI10	LI
1415031	1425030	1420030.5	119	NA	NA	0	1	0.996005996001	1.0000000000000036e-12	42.596638655462186	LI10	LI
1420031	1430030	1425030.5	115	NA	NA	0	1	0.996005996001	1.0000000000000036e-12	42.03478260869565	LI10	LI
1425031	1435030	1430030.5	94	NA	NA	0	1	0.996005996001	1.0000000000000036e-12	41.96808510638298	LI10	LI
1430031	1440030	1435030.5	73	NA	NA	0	1	0.996005996001	1.0000000000000036e-12	42.02739726027397	LI10	LI
1435031	1445030	1440030.5	73	37.68631427029823	1056757.000000002	0	1	0.996005996001	1.0000000000000036e-12	42.26027397260274	LI10	LI
1440031	1450030	1445030.5	59	37.68631427029823	1056757.000000002	0	1	0.996005996001	1.0000000000000036e-12	43.16949152542373	LI10	LI
1445031	1455030	1450030.5	61	NA	NA	0	1	0.996005996001	1.0000000000000036e-12	43.0655737704918	LI10	LI
1450031	1460030	1455030.5	88	430.64988206742703	6.656810565034063e-7	0	1	0.996005996001	1.0000000000000036e-12	43.10227272727273	LI10	LI
1455031	1465030	1460030.5	106	430.64988206742703	6.656810565034063e-7	0	1	0.996005996001	1.0000000000000036e-12	43.25471698113208	LI10	LI
1460031	1470030	1465030.5	86	NA	NA	0	1	0.996005996001	1.0000000000000036e-12	43.13953488372093	LI10	LI
1465031	1475030	1470030.5	74	44.79930234053498	NA	0	1	0.996005996001	1.0000000000000036e-12	43.013513513513516	LI10	LI
1470031	1480030	1475030.5	78	44.79930234053498	NA	0	1	0.996005996001	1.0000000000000036e-12	42.94871794871795	LI10	LI
1475031	1485030	1480030.5	78	NA	NA	0	1	0.996005996001	1.0000000000000036e-12	41.782051282051285	LI10	LI
1480031	1490030	1485030.5	85	NA	NA	0	1	0.996005996001	1.0000000000000036e-12	42.141176470588235	LI10	LI
1485031	1495030	1490030.5	73	NA	NA	0	1	0.996005996001	1.0000000000000036e-12	43.136986301369866	LI10	LI
1490031	1500030	1495030.5	77	27.39715576171875	0	0	1	0.996005996001	1.0000000000000036e-12	42.84415584415584	LI10	LI
1495031	1505030	1500030.5	75	27.39715576171875	0	0	1	0.996005996001	1.0000000000000036e-12	42.93333333333333	LI10	LI
1500031	1510030	1505030.5	60	26.920219859777472	0	0	1	0.996005996001	1.0000000000000036e-12	42.96666666666667	LI10	LI
1505031	1515030	1510030.5	66	32.02836561834601	0	0	1	0.996005996001	1.0000000000000036e-12	42.90909090909091	LI10	LI
1510031	1520030	1515030.5	70	37.13651137691455	NA	0	1	0.996005996001	1.0000000000000036e-12	42.68571428571428	LI10	LI
1515031	1525030	1520030.5	68	42.96565475366949	NA	0	1	0.996005996001	1.0000000000000036e-12	40.63235294117647	LI10	LI
31	10030	5030.5	140	51.99047003533843	0	0	1	0.996005996001	1.0000000000000036e-12	45.58571428571429	LI11	LI
5031	15030	10030.5	118	41.70263671875	0	0	1	0.996005996001	1.0000000000000036e-12	49.313559322033896	LI11	LI
10031	20030	15030.5	124	41.657906549896744	0	0	1	0.996005996001	1.0000000000000036e-12	49.12903225806452	LI11	LI
15031	25030	20030.5	89	43.387593108996505	0	0	1	0.996005996001	1.0000000000000036e-12	50.19101123595506	LI11	LI
20031	30030	25030.5	77	51.936337553917625	0	0	1	0.996005996001	1.0000000000000036e-12	50	LI11	LI
25031	35030	30030.5	108	51.936337553917625	0	0	1	0.996005996001	1.0000000000000036e-12	50.30555555555556	LI11	LI
30031	40030	35030.5	117	37.913504169362334	NA	0	1	0.996005996001	1.0000000000000036e-12	50.64102564102564	LI11	LI
35031	45030	40030.5	78	NA	NA	0	1	0.996005996001	1.0000000000000036e-12	50.05128205128205	LI11	LI
40031	50030	45030.5	80	37.8362259057864	0	0	1	0.996005996001	1.0000000000000036e-12	49.6875	LI11	LI
45031	55030	50030.5	108	37.8362259057864	0	0	1	0.996005996001	1.0000000000000036e-12	50.425925925925924	LI11	LI
50031	60030	55030.5	110	45.896686816342864	0	0	1	0.996005996001	1.0000000000000036e-12	50.627272727272725	LI11	LI
55031	65030	60030.5	97	45.896686816342864	0	0	1	0.996005996001	1.0000000000000036e-12	50.05154639175258	LI11	LI
60031	70030	65030.5	96	NA	NA	0	1	0.996005996001	1.0000000000000036e-12	49.739583333333336	LI11	LI
65031	75030	70030.5	122	NA	NA	0	1	0.996005996001	1.0000000000000036e-12	50.040983606557376	LI11	LI
70031	80030	75030.5	123	NA	NA	0	1	0.996005996001	1.0000000000000036e-12	50.58536585365854	LI11	LI
75031	85030	80030.5	90	38.1080946920871	3.704205939503186e-5	0	1	0.996005996001	1.0000000000000036e-12	50.84444444444444	LI11	LI
80031	90030	85030.5	86	38.1080946920871	3.704205939503186e-5	0	1	0.996005996001	1.0000000000000036e-12	50.58139534883721	LI11	LI
85031	95030	90030.5	106	NA	NA	0	1	0.996005996001	1.0000000000000036e-12	49.64150943396226	LI11	LI
90031	100030	95030.5	129	50.88540606554041	NA	0	1	0.996005996001	1.0000000000000036e-12	48.674418604651166	LI11	LI
95031	105030	100030.5	164	48.86128190335019	NA	0	1	0.996005996001	1.0000000000000036e-12	48.40853658536585	LI11	LI
100031	110030	105030.5	134	46.83715774115998	NA	0	1	0.996005996001	1.0000000000000036e-12	48.843283582089555	LI11	LI
105031	115030	110030.5	88	38.366790865216245	0.0013696693397312865	0	1	0.996005996001	1.0000000000000036e-12	50	LI11	LI
110031	120030	115030.5	99	134.67912324223397	3.8989447820197385	0	1	0.996005996001	1.0000000000000036e-12	50.45454545454545	LI11	LI
115031	125030	120030.5	99	140.40507351275085	3.8982599473498727	0	1	0.996005996001	1.0000000000000036e-12	50.92929292929293	LI11	LI
120031	130030	125030.5	67	49.81869140625	0	0	1	0.996005996001	1.0000000000000036e-12	50.656716417910445	LI11	LI
125031	135030	130030.5	88	NA	NA	0	1	0.996005996001	1.0000000000000036e-12	50.25	LI11	LI
130031	140030	135030.5	118	NA	NA	0	1	0.996005996001	1.0000000000000036e-12	49.5	LI11	LI
135031	145030	140030.5	96	50.17296647429156	0	0	1	0.996005996001	1.0000000000000036e-12	49.302083333333336	LI11	LI
140031	150030	145030.5	138	52.03228989771581	0	0	1	0.996005996001	1.0000000000000036e-12	50.96376811594203	LI11	LI
145031	155030	150030.5	214	39.77527618408203	0	0	1	0.996005996001	1.0000000000000036e-12	50.36448598130841	LI11	LI
150031	160030	155030.5	199	39.77527618408203	0	0	1	0.996005996001	1.0000000000000036e-12	49.88944723618091	LI11	LI
155031	165030	160030.5	131	50.39762028983435	NA	0	1	0.996005996001	1.0000000000000036e-12	50.045801526717554	LI11	LI
160031	170030	165030.5	95	48.969802654506196	NA	0	1	0.996005996001	1.0000000000000036e-12	49.8421052631579	LI11	LI
165031	175030	170030.5	87	27.883725892003007	0	0	1	0.996005996001	1.0000000000000036e-12	49.724137931034484	LI11	LI
170031	180030	175030.5	81	32.440717639649634	0	0	1	0.996005996001	1.0000000000000036e-12	49.74074074074074	LI11	LI
175031	185030	180030.5	94	39.1367274938706	0	0	1	0.996005996001	1.0000000000000036e-12	49.180851063829785	LI11	LI
180031	190030	185030.5	112	40.31223956821941	0	0	1	0.996005996001	1.0000000000000036e-12	49.339285714285715	LI11	LI
185031	195030	190030.5	101	NA	NA	0	1	0.996005996001	1.0000000000000036e-12	50.603960396039604	LI11	LI
190031	200030	195030.5	80	NA	NA	0	1	0.996005996001	1.0000000000000036e-12	51.4	LI11	LI
195031	205030	200030.5	113	38.849192678192516	NA	0	1	0.996005996001	1.0000000000000036e-12	50.336283185840706	LI11	LI
200031	210030	205030.5	114	38.849192678192516	NA	0	1	0.996005996001	1.0000000000000036e-12	49.824561403508774	LI11	LI
205031	215030	210030.5	91	NA	NA	0	1	0.996005996001	1.0000000000000036e-12	49.97802197802198	LI11	LI
210031	220030	215030.5	103	NA	NA	0	1	0.996005996001	1.0000000000000036e-12	50.47572815533981	LI11	LI
215031	225030	220030.5	109	137.01477606946492	8970.886873708907	0	1	0.996005996001	1.0000000000000036e-12	49.88073394495413	LI11	LI
220031	230030	225030.5	84	137.01477606946492	8970.886873708907	0	1	0.996005996001	1.0000000000000036e-12	49.404761904761905	LI11	LI
225031	235030	230030.5	51	NA	NA	0	1	0.996005996001	1.0000000000000036e-12	51.09803921568628	LI11	LI
230031	240030	235030.5	89	NA	NA	0	1	0.996005996001	1.0000000000000036e-12	50.20224719101124	LI11	LI
235031	245030	240030.5	105	NA	NA	0	1	0.996005996001	1.0000000000000036e-12	49.857142857142854	LI11	LI
240031	250030	245030.5	100	NA	NA	0	1	0.996005996001	1.0000000000000036e-12	50.17	LI11	LI
245031	255030	250030.5	99	NA	NA	0	1	0.996005996001	1.0000000000000036e-12	50.474747474747474	LI11	LI
250031	260030	255030.5	98	47.96918233235677	NA	0	1	0.996005996001	1.0000000000000036e-12	50.48979591836735	LI11	LI
255031	265030	260030.5	104	47.96918233235677	NA	0	1	0.996005996001	1.0000000000000036e-12	49.99038461538461	LI11	LI
260031	270030	265030.5	87	NA	NA	0	1	0.996005996001	1.0000000000000036e-12	50.229885057471265	LI11	LI
265031	275030	270030.5	80	1162.2389547325859	0	0	1	0.996005996001	1.0000000000000036e-12	51.05	LI11	LI
270031	280030	275030.5	82	1162.2389547325859	0	0	1	0.996005996001	1.0000000000000036e-12	51.21951219512195	LI11	LI
275031	285030	280030.5	87	25.214933205872818	3125.000000000003	0	1	0.996005996001	1.0000000000000036e-12	49.264367816091955	LI11	LI
280031	290030	285030.5	86	25.214933205872818	3125.000000000003	0	1	0.996005996001	1.0000000000000036e-12	47.56976744186046	LI11	LI
285031	295030	290030.5	91	35.30358171122082	NA	0	1	0.996005996001	1.0000000000000036e-12	48.38461538461539	LI11	LI
290031	300030	295030.5	99	35.30358171122082	NA	0	1	0.996005996001	1.0000000000000036e-12	48.64646464646464	LI11	LI
295031	305030	300030.5	142	NA	NA	0	1	0.996005996001	1.0000000000000036e-12	49.471830985915496	LI11	LI
300031	310030	305030.5	134	NA	NA	0	1	0.996005996001	1.0000000000000036e-12	50.35820895522388	LI11	LI
305031	315030	310030.5	90	NA	NA	0	1	0.996005996001	1.0000000000000036e-12	47.81111111111111	LI11	LI
310031	320030	315030.5	131	NA	NA	0	1	0.996005996001	1.0000000000000036e-12	48.51908396946565	LI11	LI
315031	325030	320030.5	121	NA	NA	0	1	0.996005996001	1.0000000000000036e-12	49.32231404958678	LI11	LI
320031	330030	325030.5	92	50.97097128932312	NA	0	1	0.996005996001	1.0000000000000036e-12	47.27173913043478	LI11	LI
325031	335030	330030.5	108	50.97097128932312	NA	0	1	0.996005996001	1.0000000000000036e-12	48.00925925925926	LI11	LI
330031	340030	335030.5	99	NA	NA	0	1	0.996005996001	1.0000000000000036e-12	49.25252525252525	LI11	LI
335031	345030	340030.5	84	987.616229102626	0	0	1	0.996005996001	1.0000000000000036e-12	49.773809523809526	LI11	LI
340031	350030	345030.5	67	987.616229102626	0	0	1	0.996005996001	1.0000000000000036e-12	47.74626865671642	LI11	LI
345031	355030	350030.5	34	29.5794375	0	0	1	0.996005996001	1.0000000000000036e-12	43.44117647058823	LI11	LI
350031	360030	355030.5	8	294.52075642830334	0	0	1	0.996005996001	1.0000000000000036e-12	35.625	LI11	LI
355031	365030	360030.5	7	559.4620753566066	0	0	1	0.996005996001	1.0000000000000036e-12	29.857142857142858	LI11	LI
360031	370030	365030.5	13	34.28120242252907	0	0	1	0.996005996001	1.0000000000000036e-12	27.615384615384617	LI11	LI
365031	375030	370030.5	54	34.28120242252907	0	0	1	0.996005996001	1.0000000000000036e-12	31.72222222222222	LI11	LI
370031	380030	375030.5	89	NA	NA	0	1	0.996005996001	1.0000000000000036e-12	40.01123595505618	LI11	LI
375031	385030	380030.5	75	52.972052852354636	NA	0	1	0.996005996001	1.0000000000000036e-12	49.44	LI11	LI
380031	390030	385030.5	67	52.972052852354636	NA	0	1	0.996005996001	1.0000000000000036e-12	50.865671641791046	LI11	LI
385031	395030	390030.5	81	50.74556024832078	NA	0	1	0.996005996001	1.0000000000000036e-12	51.03703703703704	LI11	LI
390031	400030	395030.5	81	43.05267333984375	0	0	1	0.996005996001	1.0000000000000036e-12	50.382716049382715	LI11	LI
395031	405030	400030.5	80	41.50789770507812	0	0	1	0.996005996001	1.0000000000000036e-12	50.0375	LI11	LI
400031	410030	405030.5	99	NA	NA	0	1	0.996005996001	1.0000000000000036e-12	50.101010101010104	LI11	LI
405031	415030	410030.5	87	51.81897451980936	0	0	1	0.996005996001	1.0000000000000036e-12	49.97701149425287	LI11	LI
410031	420030	415030.5	67	50.75711478823396	0	0	1	0.996005996001	1.0000000000000036e-12	48.61194029850746	LI11	LI
415031	425030	420030.5	78	29.89121484375	NA	0	1	0.996005996001	1.0000000000000036e-12	48.12820512820513	LI11	LI
420031	430030	425030.5	91	29.89121484375	NA	0	1	0.996005996001	1.0000000000000036e-12	48.7032967032967	LI11	LI
425031	435030	430030.5	96	NA	NA	0	1	0.996005996001	1.0000000000000036e-12	49.583333333333336	LI11	LI
430031	440030	435030.5	96	NA	NA	0	1	0.996005996001	1.0000000000000036e-12	50.875	LI11	LI
435031	445030	440030.5	93	113.43721631659795	1.63750700095117e-4	0	1	0.996005996001	1.0000000000000036e-12	49.68817204301075	LI11	LI
440031	450030	445030.5	80	93.67455748167441	743.8474207553509	0	1	0.996005996001	1.0000000000000036e-12	49.0125	LI11	LI
445031	455030	450030.5	75	73.91189864675087	1487.6946777600017	0	1	0.996005996001	1.0000000000000036e-12	49.89333333333333	LI11	LI
450031	460030	455030.5	96	NA	NA	0	1	0.996005996001	1.0000000000000036e-12	50.59375	LI11	LI
455031	465030	460030.5	93	31.95405285141605	NA	0	1	0.996005996001	1.0000000000000036e-12	49.8494623655914	LI11	LI
460031	470030	465030.5	97	32.955458510727105	NA	0	1	0.996005996001	1.0000000000000036e-12	49.31958762886598	LI11	LI
465031	475030	470030.5	85	48.28263724813236	NA	0	1	0.996005996001	1.0000000000000036e-12	50.21176470588235	LI11	LI
470031	480030	475030.5	61	38.27380492833292	0.013554063846340596	0	1	0.996005996001	1.0000000000000036e-12	50.77049180327869	LI11	LI
475031	485030	480030.5	77	38.27380492833292	0.013554063846340596	0	1	0.996005996001	1.0000000000000036e-12	50.8051948051948	LI11	LI
480031	490030	485030.5	54	NA	NA	0	1	0.996005996001	1.0000000000000036e-12	50.18518518518518	LI11	LI
485031	495030	490030.5	40	NA	NA	0	1	0.996005996001	1.0000000000000036e-12	50.425	LI11	LI
490031	500030	495030.5	54	NA	NA	0	1	0.996005996001	1.0000000000000036e-12	50.870370370370374	LI11	LI
495031	505030	500030.5	65	23.350164716163597	NA	0	1	0.996005996001	1.0000000000000036e-12	49.47692307692308	LI11	LI
500031	510030	505030.5	74	23.763671875	NA	0	1	0.996005996001	1.0000000000000036e-12	49.391891891891895	LI11	LI
505031	515030	510030.5	83	36.953814423325156	NA	0	1	0.996005996001	1.0000000000000036e-12	48.74698795180723	LI11	LI
510031	520030	515030.5	77	45.86494089256544	7.8257692248485e-4	0	1	0.996005996001	1.0000000000000036e-12	48.98701298701299	LI11	LI
515031	525030	520030.5	59	41.75281779300555	0	0	1	0.996005996001	1.0000000000000036e-12	50.59322033898305	LI11	LI
520031	530030	525030.5	71	37.64069469344565	0	0	1	0.996005996001	1.0000000000000036e-12	47.67605633802817	LI11	LI
525031	535030	530030.5	76	30.800416206866167	0	0	1	0.996005996001	1.0000000000000036e-12	46.4078947368421	LI11	LI
530031	540030	535030.5	72	29.29809895620276	0	0	1	0.996005996001	1.0000000000000036e-12	46.56944444444444	LI11	LI
535031	545030	540030.5	82	NA	NA	0	1	0.996005996001	1.0000000000000036e-12	46.707317073170735	LI11	LI
540031	550030	545030.5	97	36.96018621799301	NA	0	1	0.996005996001	1.0000000000000036e-12	48.34020618556701	LI11	LI
545031	555030	550030.5	95	38.70287766145754	0	0	1	0.996005996001	1.0000000000000036e-12	49.34736842105263	LI11	LI
550031	560030	555030.5	63	42.26716880198344	0	0	1	0.996005996001	1.0000000000000036e-12	49.74603174603175	LI11	LI
555031	565030	560030.5	46	NA	NA	0	1	0.996005996001	1.0000000000000036e-12	49.869565217391305	LI11	LI
560031	570030	565030.5	73	52.972052852354636	NA	0	1	0.996005996001	1.0000000000000036e-12	50.205479452054796	LI11	LI
565031	575030	570030.5	109	36.97355335616393	0	0	1	0.996005996001	1.0000000000000036e-12	49.1651376146789	LI11	LI
570031	580030	575030.5	102	35.05227221579218	0	0	1	0.996005996001	1.0000000000000036e-12	48.450980392156865	LI11	LI
575031	585030	580030.5	67	486.84682685952646	0	0	1	0.996005996001	1.0000000000000036e-12	49.343283582089555	LI11	LI
580031	590030	585030.5	70	36.6221943758267	0	0	1	0.996005996001	1.0000000000000036e-12	48.98571428571429	LI11	LI
585031	595030	590030.5	79	36.320334527356955	0	0	1	0.996005996001	1.0000000000000036e-12	48.11392405063291	LI11	LI
590031	600030	595030.5	71	42.5737084821299	0	0	1	0.996005996001	1.0000000000000036e-12	48.74647887323944	LI11	LI
595031	605030	600030.5	86	34.84164313046647	0	0	1	0.996005996001	1.0000000000000036e-12	49.895348837209305	LI11	LI
600031	610030	605030.5	114	32.366428987108236	0	0	1	0.996005996001	1.0000000000000036e-12	48.29824561403509	LI11	LI
605031	615030	610030.5	118	32.24101935878471	0	0	1	0.996005996001	1.0000000000000036e-12	48.5	LI11	LI
610031	620030	615030.5	107	NA	NA	0	1	0.996005996001	1.0000000000000036e-12	50.28971962616822	LI11	LI
615031	625030	620030.5	100	53.97256396700198	NA	0	1	0.996005996001	1.0000000000000036e-12	50.94	LI11	LI
620031	630030	625030.5	101	53.97256396700198	NA	0	1	0.996005996001	1.0000000000000036e-12	50.93069306930693	LI11	LI
625031	635030	630030.5	112	NA	NA	0	1	0.996005996001	1.0000000000000036e-12	49.375	LI11	LI
630031	640030	635030.5	79	NA	NA	0	1	0.996005996001	1.0000000000000036e-12	49.0126582278481	LI11	LI
635031	645030	640030.5	41	NA	NA	0	1	0.996005996001	1.0000000000000036e-12	50.09756097560975	LI11	LI
640031	650030	645030.5	57	50.97097128932312	NA	0	1	0.996005996001	1.0000000000000036e-12	48.6140350877193	LI11	LI
645031	655030	650030.5	63	50.97097128932312	NA	0	1	0.996005996001	1.0000000000000036e-12	49.507936507936506	LI11	LI
650031	660030	655030.5	64	40.62175557564409	0	0	1	0.996005996001	1.0000000000000036e-12	49.359375	LI11	LI
655031	665030	660030.5	63	40.70986990217568	0	0	1	0.996005996001	1.0000000000000036e-12	48.6031746031746	LI11	LI
660031	670030	665030.5	53	40.70986990217568	138945.73946666668	0	1	0.996005996001	1.0000000000000036e-12	48.867924528301884	LI11	LI
665031	675030	670030.5	35	NA	NA	0	1	0.996005996001	1.0000000000000036e-12	49.114285714285714	LI11	LI
670031	680030	675030.5	11	NA	NA	0	1	0.996005996001	1.0000000000000036e-12	42.81818181818182	LI11	LI
675031	685030	680030.5	9	NA	NA	0	1	0.996005996001	1.0000000000000036e-12	4	LI11	LI
680031	690030	685030.5	7	NA	NA	0	1	0.996005996001	1.0000000000000036e-12	4.428571428571429	LI11	LI
685031	695030	690030.5	0	NA	NA	NA	NA	NA	NA	NA	LI11	LI
690031	700030	695030.5	0	NA	NA	NA	NA	NA	NA	NA	LI11	LI
695031	705030	700030.5	0	NA	NA	NA	NA	NA	NA	NA	LI11	LI
700031	710030	705030.5	16	36.244099328396146	0	0	1	0.996005996001	1.0000000000000036e-12	46.5	LI11	LI
705031	715030	710030.5	62	42.990728713514315	0	0	1	0.996005996001	1.0000000000000036e-12	48.95161290322581	LI11	LI
710031	720030	715030.5	107	42.32183124501596	0	0	1	0.996005996001	1.0000000000000036e-12	49.467289719626166	LI11	LI
715031	725030	720030.5	99	23.851980686187744	0	0	1	0.996005996001	1.0000000000000036e-12	49.121212121212125	LI11	LI
720031	730030	725030.5	77	41.74073944366518	0	0	1	0.996005996001	1.0000000000000036e-12	49.81818181818182	LI11	LI
725031	735030	730030.5	74	47.52237796783447	0	0	1	0.996005996001	1.0000000000000036e-12	50.91891891891892	LI11	LI
730031	740030	735030.5	66	31.9540958404541	NA	0	1	0.996005996001	1.0000000000000036e-12	50.04545454545455	LI11	LI
735031	745030	740030.5	71	31.9540958404541	NA	0	1	0.996005996001	1.0000000000000036e-12	49.647887323943664	LI11	LI
740031	750030	745030.5	77	40.59069735680478	NA	0	1	0.996005996001	1.0000000000000036e-12	49.96103896103896	LI11	LI
745031	755030	750030.5	72	50.97097128932312	NA	0	1	0.996005996001	1.0000000000000036e-12	48.791666666666664	LI11	LI
750031	760030	755030.5	75	47.60913007999207	NA	0	1	0.996005996001	1.0000000000000036e-12	48.14666666666667	LI11	LI
755031	765030	760030.5	93	38.851362969706166	0	0	1	0.996005996001	1.0000000000000036e-12	48.31182795698925	LI11	LI
760031	770030	765030.5	92	38.851362969706166	0	0	1	0.996005996001	1.0000000000000036e-12	48.23913043478261	LI11	LI
765031	775030	770030.5	102	39.90617066189867	0	0	1	0.996005996001	1.0000000000000036e-12	48.14705882352941	LI11	LI
770031	780030	775030.5	98	34.10351501981296	0	0	1	0.996005996001	1.0000000000000036e-12	48.255102040816325	LI11	LI
775031	785030	780030.5	58	35.87686892434083	NA	0	1	0.996005996001	1.0000000000000036e-12	48.793103448275865	LI11	LI
780031	790030	785030.5	70	NA	NA	0	1	0.996005996001	1.0000000000000036e-12	48.57142857142857	LI11	LI
785031	795030	790030.5	87	46.646321142714044	0	0	1	0.996005996001	1.0000000000000036e-12	48.2183908045977	LI11	LI
790031	800030	795030.5	67	46.646321142714044	0	0	1	0.996005996001	1.0000000000000036e-12	48.19402985074627	LI11	LI
795031	805030	800030.5	70	18.884997699190844	0	0	1	0.996005996001	1.0000000000000036e-12	48.042857142857144	LI11	LI
800031	810030	805030.5	66	18.884997699190844	0	0	1	0.996005996001	1.0000000000000036e-12	48.46969696969697	LI11	LI
805031	815030	810030.5	34	NA	NA	0	1	0.996005996001	1.0000000000000036e-12	46.794117647058826	LI11	LI
810031	820030	815030.5	91	32.90080003287002	0	0	1	0.996005996001	1.0000000000000036e-12	46.64835164835165	LI11	LI
815031	825030	820030.5	109	32.90080003287002	0	0	1	0.996005996001	1.0000000000000036e-12	48.39449541284404	LI11	LI
820031	830030	825030.5	62	48.932520045059874	NA	0	1	0.996005996001	1.0000000000000036e-12	50.306451612903224	LI11	LI
825031	835030	830030.5	77	43.23907323583772	0	0	1	0.996005996001	1.0000000000000036e-12	49.23376623376623	LI11	LI
830031	840030	835030.5	78	44.41551836302966	0	0	1	0.996005996001	1.0000000000000036e-12	49.07692307692308	LI11	LI
835031	845030	840030.5	84	37.41236725832587	NA	0	1	0.996005996001	1.0000000000000036e-12	48.45238095238095	LI11	LI
840031	850030	845030.5	91	37.41236725832587	NA	0	1	0.996005996001	1.0000000000000036e-12	49.38461538461539	LI11	LI
845031	855030	850030.5	85	47.90485931569468	NA	0	1	0.996005996001	1.0000000000000036e-12	49.917647058823526	LI11	LI
850031	860030	855030.5	94	47.289727210998535	0	0	1	0.996005996001	1.0000000000000036e-12	47.58510638297872	LI11	LI
855031	865030	860030.5	107	47.78618222956545	0	0	1	0.996005996001	1.0000000000000036e-12	48.570093457943926	LI11	LI
860031	870030	865030.5	118	46.910224123929666	0	0	1	0.996005996001	1.0000000000000036e-12	49.00847457627118	LI11	LI
865031	875030	870030.5	131	46.52748429715672	0	0	1	0.996005996001	1.0000000000000036e-12	48.29007633587786	LI11	LI
870031	880030	875030.5	100	42.07763741503892	6.7669276222821145e-6	0	1	0.996005996001	1.0000000000000036e-12	49.36	LI11	LI
875031	885030	880030.5	50	42.07763741503892	6.7669276222821145e-6	0	1	0.996005996001	1.0000000000000036e-12	45.12	LI11	LI
880031	890030	885030.5	29	NA	NA	0	1	0.996005996001	1.0000000000000036e-12	35.758620689655174	LI11	LI
885031	895030	890030.5	44	50.88540606554041	NA	0	1	0.996005996001	1.0000000000000036e-12	46.61363636363637	LI11	LI
890031	900030	895030.5	66	50.88540606554041	NA	0	1	0.996005996001	1.0000000000000036e-12	46.09090909090909	LI11	LI
895031	905030	900030.5	39	24.41184075	0	0	1	0.996005996001	1.0000000000000036e-12	37.23076923076923	LI11	LI
900031	910030	905030.5	26	24.41184075	0	0	1	0.996005996001	1.0000000000000036e-12	25.076923076923077	LI11	LI
905031	915030	910030.5	55	NA	NA	0	1	0.996005996001	1.0000000000000036e-12	41.89090909090909	LI11	LI
910031	920030	915030.5	86	25.51511100935106	0	0	1	0.996005996001	1.0000000000000036e-12	48.406976744186046	LI11	LI
915031	925030	920030.5	88	25.51511100935106	0	0	1	0.996005996001	1.0000000000000036e-12	48.80681818181818	LI11	LI
920031	930030	925030.5	107	29.951104166666664	NA	0	1	0.996005996001	1.0000000000000036e-12	49.504672897196265	LI11	LI
925031	935030	930030.5	119	31.95392340050207	NA	0	1	0.996005996001	1.0000000000000036e-12	49.66386554621849	LI11	LI
930031	940030	935030.5	94	33.95674263433747	NA	0	1	0.996005996001	1.0000000000000036e-12	50.276595744680854	LI11	LI
935031	945030	940030.5	97	NA	NA	0	1	0.996005996001	1.0000000000000036e-12	50.28865979381443	LI11	LI
940031	950030	945030.5	99	NA	NA	0	1	0.996005996001	1.0000000000000036e-12	50.04040404040404	LI11	LI
945031	955030	950030.5	71	48.22130234851125	0	0	1	0.996005996001	1.0000000000000036e-12	49.88732394366197	LI11	LI
950031	960030	955030.5	73	48.22130234851125	0	0	1	0.996005996001	1.0000000000000036e-12	48.28767123287671	LI11	LI
955031	965030	960030.5	66	NA	NA	0	1	0.996005996001	1.0000000000000036e-12	45.72727272727273	LI11	LI
960031	970030	965030.5	62	NA	NA	0	1	0.996005996001	1.0000000000000036e-12	43.66129032258065	LI11	LI
965031	975030	970030.5	57	NA	NA	0	1	0.996005996001	1.0000000000000036e-12	42.07017543859649	LI11	LI
970031	980030	975030.5	53	NA	NA	0	1	0.996005996001	1.0000000000000036e-12	46.22641509433962	LI11	LI
975031	985030	980030.5	81	40.90870760727533	0	0	1	0.996005996001	1.0000000000000036e-12	49.01234567901235	LI11	LI
980031	990030	985030.5	65	43.96642341871713	0	0	1	0.996005996001	1.0000000000000036e-12	48.215384615384615	LI11	LI
985031	995030	990030.5	67	50.43886675020354	0	0	1	0.996005996001	1.0000000000000036e-12	49.208955223880594	LI11	LI
990031	1000030	995030.5	78	28.416206621068927	0	0	1	0.996005996001	1.0000000000000036e-12	49.205128205128204	LI11	LI
995031	1005030	1000030.5	84	28.416206621068927	0	0	1	0.996005996001	1.0000000000000036e-12	48.01190476190476	LI11	LI
1000031	1010030	1005030.5	112	29.89121484375	NA	0	1	0.996005996001	1.0000000000000036e-12	49.026785714285715	LI11	LI
1005031	1015030	1010030.5	116	48.88085746585181	NA	0	1	0.996005996001	1.0000000000000036e-12	50.68103448275862	LI11	LI
1010031	1020030	1015030.5	123	41.29283918238167	0	0	1	0.996005996001	1.0000000000000036e-12	50.52845528455285	LI11	LI
1015031	1025030	1020030.5	92	41.29283918238167	0	0	1	0.996005996001	1.0000000000000036e-12	49.67391304347826	LI11	LI
1020031	1030030	1025030.5	59	44.883814967068105	NA	0	1	0.996005996001	1.0000000000000036e-12	49.57627118644068	LI11	LI
1025031	1035030	1030030.5	64	40.919676887759174	NA	0	1	0.996005996001	1.0000000000000036e-12	44.09375	LI11	LI
1030031	1040030	1035030.5	108	39.460914762230885	NA	0	1	0.996005996001	1.0000000000000036e-12	45.50925925925926	LI11	LI
1035031	1045030	1040030.5	134	47.30775173753541	0	0	1	0.996005996001	1.0000000000000036e-12	49.014925373134325	LI11	LI
1040031	1050030	1045030.5	133	46.71760570381136	0	0	1	0.996005996001	1.0000000000000036e-12	49.8421052631579	LI11	LI
1045031	1055030	1050030.5	122	47.281640288971325	NA	0	1	0.996005996001	1.0000000000000036e-12	50.10655737704918	LI11	LI
1050031	1060030	1055030.5	95	39.679137695312505	0	0	1	0.996005996001	1.0000000000000036e-12	49.32631578947368	LI11	LI
1055031	1065030	1060030.5	94	39.679137695312505	0	0	1	0.996005996001	1.0000000000000036e-12	49.723404255319146	LI11	LI
1060031	1070030	1065030.5	71	36.95143580421425	NA	0	1	0.996005996001	1.0000000000000036e-12	50.605633802816904	LI11	LI
1065031	1075030	1070030.5	68	37.529307132719694	0	0	1	0.996005996001	1.0000000000000036e-12	49.779411764705884	LI11	LI
1070031	1080030	1075030.5	102	41.562682215743436	0	0	1	0.996005996001	1.0000000000000036e-12	48.78431372549019	LI11	LI
1075031	1085030	1080030.5	109	40.85837408046894	NA	0	1	0.996005996001	1.0000000000000036e-12	48.81651376146789	LI11	LI
1080031	1090030	1085030.5	98	40.85837408046894	NA	0	1	0.996005996001	1.0000000000000036e-12	49.57142857142857	LI11	LI
1085031	1095030	1090030.5	110	30.713593896856437	0	0	1	0.996005996001	1.0000000000000036e-12	49.554545454545455	LI11	LI
1090031	1100030	1095030.5	102	39.84169827568132	0	0	1	0.996005996001	1.0000000000000036e-12	49.8235294117647	LI11	LI
1095031	1105030	1100030.5	94	48.969802654506196	NA	0	1	0.996005996001	1.0000000000000036e-12	50.329787234042556	LI11	LI
1100031	1110030	1105030.5	95	NA	NA	0	1	0.996005996001	1.0000000000000036e-12	50.85263157894737	LI11	LI
1105031	1115030	1110030.5	79	NA	NA	0	1	0.996005996001	1.0000000000000036e-12	51.265822784810126	LI11	LI
1110031	1120030	1115030.5	94	33.844004059966494	0	0	1	0.996005996001	1.0000000000000036e-12	49.765957446808514	LI11	LI
1115031	1125030	1120030.5	97	33.844004059966494	0	0	1	0.996005996001	1.0000000000000036e-12	49.81443298969072	LI11	LI
1120031	1130030	1125030.5	114	NA	NA	0	1	0.996005996001	1.0000000000000036e-12	49.85964912280702	LI11	LI
1125031	1135030	1130030.5	161	NA	NA	0	1	0.996005996001	1.0000000000000036e-12	50.037267080745345	LI11	LI
1130031	1140030	1135030.5	147	NA	NA	0	1	0.996005996001	1.0000000000000036e-12	50.31292517006803	LI11	LI
1135031	1145030	1140030.5	120	42.6191470559193	NA	0	1	0.996005996001	1.0000000000000036e-12	49.608333333333334	LI11	LI
1140031	1150030	1145030.5	107	42.6191470559193	NA	0	1	0.996005996001	1.0000000000000036e-12	49.757009345794394	LI11	LI
1145031	1155030	1150030.5	98	30.112403520568293	0	0	1	0.996005996001	1.0000000000000036e-12	47.52040816326531	LI11	LI
1150031	1160030	1155030.5	97	30.112403520568293	0	0	1	0.996005996001	1.0000000000000036e-12	46.92783505154639	LI11	LI
1155031	1165030	1160030.5	98	NA	NA	0	1	0.996005996001	1.0000000000000036e-12	49.07142857142857	LI11	LI
1160031	1170030	1165030.5	109	45.604485673949796	0	0	1	0.996005996001	1.0000000000000036e-12	49.57798165137615	LI11	LI
1165031	1175030	1170030.5	123	43.239789015542826	0	0	1	0.996005996001	1.0000000000000036e-12	49.26829268292683	LI11	LI
1170031	1180030	1175030.5	108	45.28487460712991	0	0	1	0.996005996001	1.0000000000000036e-12	49.27777777777778	LI11	LI
1175031	1185030	1180030.5	85	49.883176	NA	0	1	0.996005996001	1.0000000000000036e-12	30.223529411764705	LI11	LI
1180031	1190030	1185030.5	59	NA	NA	0	1	0.996005996001	1.0000000000000036e-12	6.033898305084746	LI11	LI
1185031	1195030	1190030.5	62	42.74695235505881	1419856.9999999974	0	1	0.996005996001	1.0000000000000036e-12	10.080645161290322	LI11	LI
1190031	1200030	1195030.5	90	42.08388485075296	709928.5000259567	0	1	0.996005996001	1.0000000000000036e-12	32.06666666666667	LI11	LI
1195031	1205030	1200030.5	110	42.08388485075296	5.1915824634749436e-5	0	1	0.996005996001	1.0000000000000036e-12	49.67272727272727	LI11	LI
1200031	1210030	1205030.5	132	45.87339925961327	0	0	1	0.996005996001	1.0000000000000036e-12	50.10606060606061	LI11	LI
1205031	1215030	1210030.5	113	45.87339925961327	0	0	1	0.996005996001	1.0000000000000036e-12	50.07079646017699	LI11	LI
1210031	1220030	1215030.5	72	674.1611614906957	0	0	1	0.996005996001	1.0000000000000036e-12	49.84722222222222	LI11	LI
1215031	1225030	1220030.5	81	44.93225929681103	0	0	1	0.996005996001	1.0000000000000036e-12	50.39506172839506	LI11	LI
1220031	1230030	1225030.5	103	38.09719995719203	0	0	1	0.996005996001	1.0000000000000036e-12	49.96116504854369	LI11	LI
1225031	1235030	1230030.5	89	36.41912373030204	0	0	1	0.996005996001	1.0000000000000036e-12	49.764044943820224	LI11	LI
1230031	1240030	1235030.5	89	NA	NA	0	1	0.996005996001	1.0000000000000036e-12	50.21348314606742	LI11	LI
1235031	1245030	1240030.5	111	46.957808836330216	0	0	1	0.996005996001	1.0000000000000036e-12	49.85585585585586	LI11	LI
1240031	1250030	1245030.5	128	46.957808836330216	0	0	1	0.996005996001	1.0000000000000036e-12	49.546875	LI11	LI
1245031	1255030	1250030.5	121	39.927624113573756	0	0	1	0.996005996001	1.0000000000000036e-12	49.34710743801653	LI11	LI
1250031	1260030	1255030.5	131	48.969802654506196	0	0	1	0.996005996001	1.0000000000000036e-12	49.725190839694655	LI11	LI
1255031	1265030	1260030.5	110	547.7293645528911	0	0	1	0.996005996001	1.0000000000000036e-12	50.41818181818182	LI11	LI
1260031	1270030	1265030.5	110	50.90736594522469	0	0	1	0.996005996001	1.0000000000000036e-12	50.972727272727276	LI11	LI
1265031	1275030	1270030.5	144	50.15415172261234	0	0	1	0.996005996001	1.0000000000000036e-12	50.22222222222222	LI11	LI
1270031	1280030	1275030.5	138	41.33719104309423	0	0	1	0.996005996001	1.0000000000000036e-12	50.02173913043478	LI11	LI
1275031	1285030	1280030.5	134	41.33719104309423	0	0	1	0.996005996001	1.0000000000000036e-12	49.985074626865675	LI11	LI
1280031	1290030	1285030.5	100	40.51936384133819	0	0	1	0.996005996001	1.0000000000000036e-12	49.65	LI11	LI
1285031	1295030	1290030.5	82	40.51936384133819	0	0	1	0.996005996001	1.0000000000000036e-12	50.353658536585364	LI11	LI
1290031	1300030	1295030.5	104	NA	NA	0	1	0.996005996001	1.0000000000000036e-12	50.13461538461539	LI11	LI
1295031	1305030	1300030.5	99	45.4472591089114	NA	0	1	0.996005996001	1.0000000000000036e-12	50.111111111111114	LI11	LI
1300031	1310030	1305030.5	83	45.4472591089114	NA	0	1	0.996005996001	1.0000000000000036e-12	50.69879518072289	LI11	LI
1305031	1315030	1310030.5	71	53.93865137924383	NA	0	1	0.996005996001	1.0000000000000036e-12	51.15492957746479	LI11	LI
1310031	1320030	1315030.5	66	50.26411050044217	10578148.148148192	0	1	0.996005996001	1.0000000000000036e-12	51.03030303030303	LI11	LI
1315031	1325030	1320030.5	94	48.78027045548181	10578148.148148192	0	1	0.996005996001	1.0000000000000036e-12	50.53191489361702	LI11	LI
1320031	1330030	1325030.5	105	50.97097128932312	NA	0	1	0.996005996001	1.0000000000000036e-12	50.7047619047619	LI11	LI
1325031	1335030	1330030.5	93	46.758716756083885	47261473.76543187	0	1	0.996005996001	1.0000000000000036e-12	50.03225806451613	LI11	LI
1330031	1340030	1335030.5	79	35.60223388671875	0	0	1	0.996005996001	1.0000000000000036e-12	49.46835443037975	LI11	LI
1335031	1345030	1340030.5	93	41.74903361002604	0	0	1	0.996005996001	1.0000000000000036e-12	48.87096774193548	LI11	LI
1340031	1350030	1345030.5	102	48.43281799391976	0	0	1	0.996005996001	1.0000000000000036e-12	49.11764705882353	LI11	LI
1345031	1355030	1350030.5	68	NA	NA	0	1	0.996005996001	1.0000000000000036e-12	50.3235294117647	LI11	LI
1350031	1360030	1355030.5	55	NA	NA	0	1	0.996005996001	1.0000000000000036e-12	51.41818181818182	LI11	LI
1355031	1365030	1360030.5	79	31.313464456521793	0	0	1	0.996005996001	1.0000000000000036e-12	50	LI11	LI
1360031	1370030	1365030.5	72	31.313464456521793	0	0	1	0.996005996001	1.0000000000000036e-12	48.791666666666664	LI11	LI
1365031	1375030	1370030.5	54	NA	NA	0	1	0.996005996001	1.0000000000000036e-12	50.574074074074076	LI11	LI
1370031	1380030	1375030.5	77	31.9540958404541	0	0	1	0.996005996001	1.0000000000000036e-12	48.22077922077922	LI11	LI
1375031	1385030	1380030.5	104	36.72952706000423	0	0	1	0.996005996001	1.0000000000000036e-12	48.24038461538461	LI11	LI
1380031	1390030	1385030.5	105	43.794916601489135	0	0	1	0.996005996001	1.0000000000000036e-12	49.857142857142854	LI11	LI
1385031	1395030	1390030.5	101	45.397281513052384	3062543.499999989	0	1	0.996005996001	1.0000000000000036e-12	50.0990099009901	LI11	LI
1390031	1400030	1395030.5	109	39.296376770019535	1531271.7499999944	0	1	0.996005996001	1.0000000000000036e-12	50.1651376146789	LI11	LI
1395031	1405030	1400030.5	96	36.60000373180971	0	0	1	0.996005996001	1.0000000000000036e-12	49.895833333333336	LI11	LI
1400031	1410030	1405030.5	83	NA	NA	0	1	0.996005996001	1.0000000000000036e-12	49.93975903614458	LI11	LI
1405031	1415030	1410030.5	82	27.947695540269677	NA	0	1	0.996005996001	1.0000000000000036e-12	49.74390243902439	LI11	LI
1410031	1420030	1415030.5	101	40.34233961870626	0	0	1	0.996005996001	1.0000000000000036e-12	50.0990099009901	LI11	LI
1415031	1425030	1420030.5	119	51.853977493232975	0	0	1	0.996005996001	1.0000000000000036e-12	50.45378151260504	LI11	LI
1420031	1430030	1425030.5	115	50.97097128932312	NA	0	1	0.996005996001	1.0000000000000036e-12	49.791304347826085	LI11	LI
1425031	1435030	1430030.5	94	51.936337553917625	NA	0	1	0.996005996001	1.0000000000000036e-12	49.255319148936174	LI11	LI
1430031	1440030	1435030.5	73	51.936337553917625	NA	0	1	0.996005996001	1.0000000000000036e-12	49.136986301369866	LI11	LI
1435031	1445030	1440030.5	73	46.40201014589897	2787106.0736971423	0	1	0.996005996001	1.0000000000000036e-12	49.863013698630134	LI11	LI
1440031	1450030	1445030.5	59	46.40201014589897	2787106.0736971423	0	1	0.996005996001	1.0000000000000036e-12	50.813559322033896	LI11	LI
1445031	1455030	1450030.5	61	NA	NA	0	1	0.996005996001	1.0000000000000036e-12	50.540983606557376	LI11	LI
1450031	1460030	1455030.5	88	1208.6729862627844	0	0	1	0.996005996001	1.0000000000000036e-12	50.69318181818182	LI11	LI
1455031	1465030	1460030.5	106	1208.6729862627844	0	0	1	0.996005996001	1.0000000000000036e-12	50.95283018867924	LI11	LI
1460031	1470030	1465030.5	86	NA	NA	0	1	0.996005996001	1.0000000000000036e-12	50.593023255813954	LI11	LI
1465031	1475030	1470030.5	74	NA	NA	0	1	0.996005996001	1.0000000000000036e-12	50.67567567567568	LI11	LI
1470031	1480030	1475030.5	78	NA	NA	0	1	0.996005996001	1.0000000000000036e-12	50.69230769230769	LI11	LI
1475031	1485030	1480030.5	78	NA	NA	0	1	0.996005996001	1.0000000000000036e-12	49.333333333333336	LI11	LI
1480031	1490030	1485030.5	85	NA	NA	0	1	0.996005996001	1.0000000000000036e-12	49.84705882352941	LI11	LI
1485031	1495030	1490030.5	73	NA	NA	0	1	0.996005996001	1.0000000000000036e-12	50.52054794520548	LI11	LI
1490031	1500030	1495030.5	77	34.00386536325964	0	0	1	0.996005996001	1.0000000000000036e-12	50.01298701298701	LI11	LI
1495031	1505030	1500030.5	75	34.00386536325964	0	0	1	0.996005996001	1.0000000000000036e-12	50.52	LI11	LI
1500031	1510030	1505030.5	60	33.90363069359989	NA	0	1	0.996005996001	1.0000000000000036e-12	50.65	LI11	LI
1505031	1515030	1510030.5	66	37.731514613357874	2.333115687316527e-5	0	1	0.996005996001	1.0000000000000036e-12	50.46969696969697	LI11	LI
1510031	1520030	1515030.5	70	41.55939853311587	2.333115687316527e-5	0	1	0.996005996001	1.0000000000000036e-12	50.31428571428572	LI11	LI
1515031	1525030	1520030.5	68	50.97097128932312	NA	0	1	0.996005996001	1.0000000000000036e-12	47.94117647058823	LI11	LI
31	10030	5030.5	140	107.63609271971256	0	0	1	0.996005996001	1.0000000000000036e-12	58.17857142857143	LI12	LI
5031	15030	10030.5	118	58.003110351015685	0	0	1	0.996005996001	1.0000000000000036e-12	61.05084745762712	LI12	LI
10031	20030	15030.5	124	57.97443423520849	0	0	1	0.996005996001	1.0000000000000036e-12	60.766129032258064	LI12	LI
15031	25030	20030.5	89	55.83430363172414	0	0	1	0.996005996001	1.0000000000000036e-12	61.943820224719104	LI12	LI
20031	30030	25030.5	77	53.69417302823979	0	0	1	0.996005996001	1.0000000000000036e-12	62.36363636363637	LI12	LI
25031	35030	30030.5	108	62.462074596474665	NA	0	1	0.996005996001	1.0000000000000036e-12	62.71296296296296	LI12	LI
30031	40030	35030.5	117	62.462074596474665	NA	0	1	0.996005996001	1.0000000000000036e-12	62.94871794871795	LI12	LI
35031	45030	40030.5	78	NA	NA	0	1	0.996005996001	1.0000000000000036e-12	61.833333333333336	LI12	LI
40031	50030	45030.5	80	49.15767740625	0	0	1	0.996005996001	1.0000000000000036e-12	61.6	LI12	LI
45031	55030	50030.5	108	49.15767740625	0	0	1	0.996005996001	1.0000000000000036e-12	62.9537037037037	LI12	LI
50031	60030	55030.5	110	60.001186880357274	0	0	1	0.996005996001	1.0000000000000036e-12	63.32727272727273	LI12	LI
55031	65030	60030.5	97	59.22228738064236	0	0	1	0.996005996001	1.0000000000000036e-12	62.608247422680414	LI12	LI
60031	70030	65030.5	96	27.947695540269677	NA	0	1	0.996005996001	1.0000000000000036e-12	62.291666666666664	LI12	LI
65031	75030	70030.5	122	NA	NA	0	1	0.996005996001	1.0000000000000036e-12	62.5655737704918	LI12	LI
70031	80030	75030.5	123	NA	NA	0	1	0.996005996001	1.0000000000000036e-12	62.96747967479675	LI12	LI
75031	85030	80030.5	90	62.976441678964356	NA	0	1	0.996005996001	1.0000000000000036e-12	63.62222222222222	LI12	LI
80031	90030	85030.5	86	62.976441678964356	NA	0	1	0.996005996001	1.0000000000000036e-12	63.5	LI12	LI
85031	95030	90030.5	106	48.969802654506196	NA	0	1	0.996005996001	1.0000000000000036e-12	61.85849056603774	LI12	LI
90031	100030	95030.5	129	48.969802654506196	NA	0	1	0.996005996001	1.0000000000000036e-12	60.10077519379845	LI12	LI
95031	105030	100030.5	164	65.70773767081229	1935.9357991783286	0	1	0.996005996001	1.0000000000000036e-12	59.109756097560975	LI12	LI
100031	110030	105030.5	134	65.70773767081229	1935.9357991783286	0	1	0.996005996001	1.0000000000000036e-12	59.91044776119403	LI12	LI
105031	115030	110030.5	88	41.89197293276835	15090.159342447894	0	1	0.996005996001	1.0000000000000036e-12	62.25	LI12	LI
110031	120030	115030.5	99	41.89197293276835	15090.159342447894	0	1	0.996005996001	1.0000000000000036e-12	62.898989898989896	LI12	LI
115031	125030	120030.5	99	NA	NA	0	1	0.996005996001	1.0000000000000036e-12	63.5959595959596	LI12	LI
120031	130030	125030.5	67	NA	NA	0	1	0.996005996001	1.0000000000000036e-12	63.07462686567164	LI12	LI
125031	135030	130030.5	88	NA	NA	0	1	0.996005996001	1.0000000000000036e-12	62.93181818181818	LI12	LI
130031	140030	135030.5	118	64.9771590805644	NA	0	1	0.996005996001	1.0000000000000036e-12	61.152542372881356	LI12	LI
135031	145030	140030.5	96	64.47698250296683	NA	0	1	0.996005996001	1.0000000000000036e-12	60.614583333333336	LI12	LI
140031	150030	145030.5	138	63.97680592536926	NA	0	1	0.996005996001	1.0000000000000036e-12	63.41304347826087	LI12	LI
145031	155030	150030.5	214	60.459178809241664	0	0	1	0.996005996001	1.0000000000000036e-12	63.28504672897196	LI12	LI
150031	160030	155030.5	199	61.97606581056358	0	0	1	0.996005996001	1.0000000000000036e-12	62.61306532663317	LI12	LI
155031	165030	160030.5	131	61.97606581056358	NA	0	1	0.996005996001	1.0000000000000036e-12	62.152671755725194	LI12	LI
160031	170030	165030.5	95	NA	NA	0	1	0.996005996001	1.0000000000000036e-12	62.22105263157895	LI12	LI
165031	175030	170030.5	87	44.22710905349794	0	0	1	0.996005996001	1.0000000000000036e-12	61.59770114942529	LI12	LI
170031	180030	175030.5	81	44.22710905349794	0	0	1	0.996005996001	1.0000000000000036e-12	61.71604938271605	LI12	LI
175031	185030	180030.5	94	58.510972948944385	0	0	1	0.996005996001	1.0000000000000036e-12	60.98936170212766	LI12	LI
180031	190030	185030.5	112	58.510972948944385	0	0	1	0.996005996001	1.0000000000000036e-12	61.13392857142857	LI12	LI
185031	195030	190030.5	101	65.97750164350111	NA	0	1	0.996005996001	1.0000000000000036e-12	62.722772277227726	LI12	LI
190031	200030	195030.5	80	65.97750164350111	NA	0	1	0.996005996001	1.0000000000000036e-12	63.6625	LI12	LI
195031	205030	200030.5	113	32.825444527923864	NA	0	1	0.996005996001	1.0000000000000036e-12	62.31858407079646	LI12	LI
200031	210030	205030.5	114	32.825444527923864	NA	0	1	0.996005996001	1.0000000000000036e-12	61.780701754385966	LI12	LI
205031	215030	210030.5	91	NA	NA	0	1	0.996005996001	1.0000000000000036e-12	61.84615384615385	LI12	LI
210031	220030	215030.5	103	NA	NA	0	1	0.996005996001	1.0000000000000036e-12	62.359223300970875	LI12	LI
215031	225030	220030.5	109	47.76204560403234	4.0793833271321986e-5	0	1	0.996005996001	1.0000000000000036e-12	62.11009174311926	LI12	LI
220031	230030	225030.5	84	47.76204560403234	4.0793833271321986e-5	0	1	0.996005996001	1.0000000000000036e-12	61.607142857142854	LI12	LI
225031	235030	230030.5	51	66.97783408364727	NA	0	1	0.996005996001	1.0000000000000036e-12	63.490196078431374	LI12	LI
230031	240030	235030.5	89	56.97318503879926	NA	0	1	0.996005996001	1.0000000000000036e-12	62.95505617977528	LI12	LI
235031	245030	240030.5	105	46.96853599395124	NA	0	1	0.996005996001	1.0000000000000036e-12	62.61904761904762	LI12	LI
240031	250030	245030.5	100	64.9771590805644	NA	0	1	0.996005996001	1.0000000000000036e-12	62.8	LI12	LI
245031	255030	250030.5	99	64.9771590805644	NA	0	1	0.996005996001	1.0000000000000036e-12	62.75757575757576	LI12	LI
250031	260030	255030.5	98	NA	NA	0	1	0.996005996001	1.0000000000000036e-12	62.285714285714285	LI12	LI
255031	265030	260030.5	104	NA	NA	0	1	0.996005996001	1.0000000000000036e-12	61.98076923076923	LI12	LI
260031	270030	265030.5	87	64.9771590805644	NA	0	1	0.996005996001	1.0000000000000036e-12	62.367816091954026	LI12	LI
265031	275030	270030.5	80	65.97750164350111	0	0	1	0.996005996001	1.0000000000000036e-12	62.9625	LI12	LI
270031	280030	275030.5	82	65.97750164350111	0	0	1	0.996005996001	1.0000000000000036e-12	63.01219512195122	LI12	LI
275031	285030	280030.5	87	60.647928494099034	0	0	1	0.996005996001	1.0000000000000036e-12	60.5632183908046	LI12	LI
280031	290030	285030.5	86	62.320994356186034	0	0	1	0.996005996001	1.0000000000000036e-12	57.83720930232558	LI12	LI
285031	295030	290030.5	91	43.794916601489135	0	0	1	0.996005996001	1.0000000000000036e-12	59.30769230769231	LI12	LI
290031	300030	295030.5	99	41.378554682173785	0	0	1	0.996005996001	1.0000000000000036e-12	60.94949494949495	LI12	LI
295031	305030	300030.5	142	38.96219276285844	NA	0	1	0.996005996001	1.0000000000000036e-12	61.732394366197184	LI12	LI
300031	310030	305030.5	134	NA	NA	0	1	0.996005996001	1.0000000000000036e-12	62.649253731343286	LI12	LI
305031	315030	310030.5	90	61.450610355061485	NA	0	1	0.996005996001	1.0000000000000036e-12	59.05555555555556	LI12	LI
310031	320030	315030.5	131	61.450610355061485	NA	0	1	0.996005996001	1.0000000000000036e-12	60.099236641221374	LI12	LI
315031	325030	320030.5	121	NA	NA	0	1	0.996005996001	1.0000000000000036e-12	60.97520661157025	LI12	LI
320031	330030	325030.5	92	NA	NA	0	1	0.996005996001	1.0000000000000036e-12	58.44565217391305	LI12	LI
325031	335030	330030.5	108	NA	NA	0	1	0.996005996001	1.0000000000000036e-12	60.01851851851852	LI12	LI
330031	340030	335030.5	99	NA	NA	0	1	0.996005996001	1.0000000000000036e-12	60.83838383838384	LI12	LI
335031	345030	340030.5	84	1181.3387391547524	0	0	1	0.996005996001	1.0000000000000036e-12	61.57142857142857	LI12	LI
340031	350030	345030.5	67	621.2538988076312	0	0	1	0.996005996001	1.0000000000000036e-12	57.40298507462686	LI12	LI
345031	355030	350030.5	34	61.16905846050999	NA	0	1	0.996005996001	1.0000000000000036e-12	50.705882352941174	LI12	LI
350031	360030	355030.5	8	1157.223100562844	0	0	1	0.996005996001	1.0000000000000036e-12	50.125	LI12	LI
355031	365030	360030.5	7	1157.223100562844	0	0	1	0.996005996001	1.0000000000000036e-12	43.42857142857143	LI12	LI
360031	370030	365030.5	13	41.01164393398729	0	0	1	0.996005996001	1.0000000000000036e-12	41.53846153846154	LI12	LI
365031	375030	370030.5	54	41.01164393398729	0	0	1	0.996005996001	1.0000000000000036e-12	38.75925925925926	LI12	LI
370031	380030	375030.5	89	NA	NA	0	1	0.996005996001	1.0000000000000036e-12	47.86516853932584	LI12	LI
375031	385030	380030.5	75	NA	NA	0	1	0.996005996001	1.0000000000000036e-12	60.333333333333336	LI12	LI
380031	390030	385030.5	67	NA	NA	0	1	0.996005996001	1.0000000000000036e-12	62.88059701492537	LI12	LI
385031	395030	390030.5	81	NA	NA	0	1	0.996005996001	1.0000000000000036e-12	63.54320987654321	LI12	LI
390031	400030	395030.5	81	61.67330317881239	0	0	1	0.996005996001	1.0000000000000036e-12	62.888888888888886	LI12	LI
395031	405030	400030.5	80	61.67330317881239	0	0	1	0.996005996001	1.0000000000000036e-12	62.5125	LI12	LI
400031	410030	405030.5	99	64.9771590805644	NA	0	1	0.996005996001	1.0000000000000036e-12	61.74747474747475	LI12	LI
405031	415030	410030.5	87	64.9771590805644	0	0	1	0.996005996001	1.0000000000000036e-12	60.758620689655174	LI12	LI
410031	420030	415030.5	67	64.9771590805644	0	0	1	0.996005996001	1.0000000000000036e-12	59.940298507462686	LI12	LI
415031	425030	420030.5	78	NA	NA	0	1	0.996005996001	1.0000000000000036e-12	60.02564102564103	LI12	LI
420031	430030	425030.5	91	NA	NA	0	1	0.996005996001	1.0000000000000036e-12	60.62637362637363	LI12	LI
425031	435030	430030.5	96	NA	NA	0	1	0.996005996001	1.0000000000000036e-12	61.135416666666664	LI12	LI
430031	440030	435030.5	96	NA	NA	0	1	0.996005996001	1.0000000000000036e-12	62.708333333333336	LI12	LI
435031	445030	440030.5	93	50.705172428031574	49033.66089347187	0	1	0.996005996001	1.0000000000000036e-12	61.55913978494624	LI12	LI
440031	450030	445030.5	80	48.015154643338576	24516.830466520674	0	1	0.996005996001	1.0000000000000036e-12	60.1625	LI12	LI
445031	455030	450030.5	75	54.65097139200742	3.9569484013928384e-5	0	1	0.996005996001	1.0000000000000036e-12	61.666666666666664	LI12	LI
450031	460030	455030.5	96	63.97680592536926	NA	0	1	0.996005996001	1.0000000000000036e-12	62.604166666666664	LI12	LI
455031	465030	460030.5	93	42.923325000078606	NA	0	1	0.996005996001	1.0000000000000036e-12	61.12903225806452	LI12	LI
460031	470030	465030.5	97	42.923325000078606	NA	0	1	0.996005996001	1.0000000000000036e-12	60.75257731958763	LI12	LI
465031	475030	470030.5	85	61.97606581056358	NA	0	1	0.996005996001	1.0000000000000036e-12	62	LI12	LI
470031	480030	475030.5	61	56.79043275069377	NA	0	1	0.996005996001	1.0000000000000036e-12	62.52459016393443	LI12	LI
475031	485030	480030.5	77	51.60479969082395	NA	0	1	0.996005996001	1.0000000000000036e-12	62.83116883116883	LI12	LI
480031	490030	485030.5	54	NA	NA	0	1	0.996005996001	1.0000000000000036e-12	62.51851851851852	LI12	LI
485031	495030	490030.5	40	NA	NA	0	1	0.996005996001	1.0000000000000036e-12	63.925	LI12	LI
490031	500030	495030.5	54	NA	NA	0	1	0.996005996001	1.0000000000000036e-12	63.44444444444444	LI12	LI
495031	505030	500030.5	65	36.43658902709207	NA	0	1	0.996005996001	1.0000000000000036e-12	61.56923076923077	LI12	LI
500031	510030	505030.5	74	36.43658902709207	NA	0	1	0.996005996001	1.0000000000000036e-12	62.027027027027025	LI12	LI
505031	515030	510030.5	83	NA	NA	0	1	0.996005996001	1.0000000000000036e-12	61.3855421686747	LI12	LI
510031	520030	515030.5	77	51.64252261404434	26411	0	1	0.996005996001	1.0000000000000036e-12	61.298701298701296	LI12	LI
515031	525030	520030.5	59	55.04554930928845	0	0	1	0.996005996001	1.0000000000000036e-12	62.74576271186441	LI12	LI
520031	530030	525030.5	71	55.04554930928845	0	0	1	0.996005996001	1.0000000000000036e-12	58.74647887323944	LI12	LI
525031	535030	530030.5	76	44.73243543836806	0	0	1	0.996005996001	1.0000000000000036e-12	56.18421052631579	LI12	LI
530031	540030	535030.5	72	41.58642578125	0	0	1	0.996005996001	1.0000000000000036e-12	55.93055555555556	LI12	LI
535031	545030	540030.5	82	63.97680592536926	NA	0	1	0.996005996001	1.0000000000000036e-12	56.207317073170735	LI12	LI
540031	550030	545030.5	97	63.13511205290948	NA	0	1	0.996005996001	1.0000000000000036e-12	59.21649484536083	LI12	LI
545031	555030	550030.5	95	55.79558397456147	0	0	1	0.996005996001	1.0000000000000036e-12	61.463157894736845	LI12	LI
550031	560030	555030.5	63	55.79558397456147	0	0	1	0.996005996001	1.0000000000000036e-12	62.12698412698413	LI12	LI
555031	565030	560030.5	46	NA	NA	0	1	0.996005996001	1.0000000000000036e-12	62.69565217391305	LI12	LI
560031	570030	565030.5	73	NA	NA	0	1	0.996005996001	1.0000000000000036e-12	62.23287671232877	LI12	LI
565031	575030	570030.5	109	47.42435971683731	0	0	1	0.996005996001	1.0000000000000036e-12	61.137614678899084	LI12	LI
570031	580030	575030.5	102	48.88085746585181	0	0	1	0.996005996001	1.0000000000000036e-12	60.69607843137255	LI12	LI
575031	585030	580030.5	67	54.68919669351288	0	0	1	0.996005996001	1.0000000000000036e-12	61.07462686567164	LI12	LI
580031	590030	585030.5	70	50.48817603690273	0	0	1	0.996005996001	1.0000000000000036e-12	60.214285714285715	LI12	LI
585031	595030	590030.5	79	52.972052852354636	NA	0	1	0.996005996001	1.0000000000000036e-12	59.30379746835443	LI12	LI
590031	600030	595030.5	71	56.92297048757453	0	0	1	0.996005996001	1.0000000000000036e-12	60.11267605633803	LI12	LI
595031	605030	600030.5	86	54.35081757493684	0	0	1	0.996005996001	1.0000000000000036e-12	61.25581395348837	LI12	LI
600031	610030	605030.5	114	47.82774702707926	0	0	1	0.996005996001	1.0000000000000036e-12	59.64035087719298	LI12	LI
605031	615030	610030.5	118	51.76685979855738	0	0	1	0.996005996001	1.0000000000000036e-12	60.3728813559322	LI12	LI
610031	620030	615030.5	107	63.97680592536926	NA	0	1	0.996005996001	1.0000000000000036e-12	62.822429906542055	LI12	LI
615031	625030	620030.5	100	63.97680592536926	NA	0	1	0.996005996001	1.0000000000000036e-12	63.61	LI12	LI
620031	630030	625030.5	101	NA	NA	0	1	0.996005996001	1.0000000000000036e-12	63.53465346534654	LI12	LI
625031	635030	630030.5	112	62.976441678964356	NA	0	1	0.996005996001	1.0000000000000036e-12	61.544642857142854	LI12	LI
630031	640030	635030.5	79	62.46144010197179	NA	0	1	0.996005996001	1.0000000000000036e-12	60.835443037974684	LI12	LI
635031	645030	640030.5	41	61.94643852497923	NA	0	1	0.996005996001	1.0000000000000036e-12	62.1219512195122	LI12	LI
640031	650030	645030.5	57	NA	NA	0	1	0.996005996001	1.0000000000000036e-12	58.666666666666664	LI12	LI
645031	655030	650030.5	63	NA	NA	0	1	0.996005996001	1.0000000000000036e-12	59.82539682539682	LI12	LI
650031	660030	655030.5	64	744.6383801171721	0	0	1	0.996005996001	1.0000000000000036e-12	60.71875	LI12	LI
655031	665030	660030.5	63	56.457727459569504	0	0	1	0.996005996001	1.0000000000000036e-12	59.96825396825397	LI12	LI
660031	670030	665030.5	53	56.457727459569504	0	0	1	0.996005996001	1.0000000000000036e-12	61.490566037735846	LI12	LI
665031	675030	670030.5	35	NA	NA	0	1	0.996005996001	1.0000000000000036e-12	61.542857142857144	LI12	LI
670031	680030	675030.5	11	NA	NA	0	1	0.996005996001	1.0000000000000036e-12	50.81818181818182	LI12	LI
675031	685030	680030.5	9	NA	NA	NA	NA	NA	NA	0.4444444444444444	LI12	LI
680031	690030	685030.5	7	NA	NA	NA	NA	NA	NA	0.5714285714285714	LI12	LI
685031	695030	690030.5	0	NA	NA	NA	NA	NA	NA	NA	LI12	LI
690031	700030	695030.5	0	NA	NA	NA	NA	NA	NA	NA	LI12	LI
695031	705030	700030.5	0	NA	NA	NA	NA	NA	NA	NA	LI12	LI
700031	710030	705030.5	16	61.97606581056358	NA	0	1	0.996005996001	1.0000000000000036e-12	57.5625	LI12	LI
705031	715030	710030.5	62	143.40982351088178	0.5127093868217708	0	1	0.996005996001	1.0000000000000036e-12	60.33870967741935	LI12	LI
710031	720030	715030.5	107	53.417937861985024	0.2563546934108854	0	1	0.996005996001	1.0000000000000036e-12	61.39252336448598	LI12	LI
715031	725030	720030.5	99	41.78699916192659	0	0	1	0.996005996001	1.0000000000000036e-12	61.484848484848484	LI12	LI
720031	730030	725030.5	77	62.29019998927701	0	0	1	0.996005996001	1.0000000000000036e-12	62.41558441558441	LI12	LI
725031	735030	730030.5	74	63.793944130730836	0	0	1	0.996005996001	1.0000000000000036e-12	63.32432432432432	LI12	LI
730031	740030	735030.5	66	54.61862483782198	NA	0	1	0.996005996001	1.0000000000000036e-12	62.54545454545455	LI12	LI
735031	745030	740030.5	71	54.61862483782198	NA	0	1	0.996005996001	1.0000000000000036e-12	62.2112676056338	LI12	LI
740031	750030	745030.5	77	NA	NA	0	1	0.996005996001	1.0000000000000036e-12	62.03896103896104	LI12	LI
745031	755030	750030.5	72	NA	NA	0	1	0.996005996001	1.0000000000000036e-12	60.47222222222222	LI12	LI
750031	760030	755030.5	75	NA	NA	0	1	0.996005996001	1.0000000000000036e-12	60.29333333333334	LI12	LI
755031	765030	760030.5	93	42.30289697265626	0	0	1	0.996005996001	1.0000000000000036e-12	60.344086021505376	LI12	LI
760031	770030	765030.5	92	42.70045797854277	0	0	1	0.996005996001	1.0000000000000036e-12	58.93478260869565	LI12	LI
765031	775030	770030.5	102	42.70045797854277	0	0	1	0.996005996001	1.0000000000000036e-12	59.431372549019606	LI12	LI
770031	780030	775030.5	98	47.79899171802032	0	0	1	0.996005996001	1.0000000000000036e-12	60.55102040816327	LI12	LI
775031	785030	780030.5	58	53.014313742737585	NA	0	1	0.996005996001	1.0000000000000036e-12	61.36206896551724	LI12	LI
780031	790030	785030.5	70	NA	NA	0	1	0.996005996001	1.0000000000000036e-12	58.74285714285714	LI12	LI
785031	795030	790030.5	87	61.3766776216758	0	0	1	0.996005996001	1.0000000000000036e-12	58.10344827586207	LI12	LI
790031	800030	795030.5	67	61.3766776216758	0	0	1	0.996005996001	1.0000000000000036e-12	58.343283582089555	LI12	LI
795031	805030	800030.5	70	33.62591116680236	0	0	1	0.996005996001	1.0000000000000036e-12	57.91428571428571	LI12	LI
800031	810030	805030.5	66	33.62591116680236	0	0	1	0.996005996001	1.0000000000000036e-12	59.59090909090909	LI12	LI
805031	815030	810030.5	34	NA	NA	0	1	0.996005996001	1.0000000000000036e-12	57.05882352941177	LI12	LI
810031	820030	815030.5	91	51.19992788047156	0	0	1	0.996005996001	1.0000000000000036e-12	56.02197802197802	LI12	LI
815031	825030	820030.5	109	51.19992788047156	0	0	1	0.996005996001	1.0000000000000036e-12	58.788990825688074	LI12	LI
820031	830030	825030.5	62	NA	NA	0	1	0.996005996001	1.0000000000000036e-12	62.87096774193548	LI12	LI
825031	835030	830030.5	77	48.81433007257229	NA	0	1	0.996005996001	1.0000000000000036e-12	62.03896103896104	LI12	LI
830031	840030	835030.5	78	48.81433007257229	NA	0	1	0.996005996001	1.0000000000000036e-12	61.87179487179487	LI12	LI
835031	845030	840030.5	84	46.498207252898695	0	0	1	0.996005996001	1.0000000000000036e-12	60.5	LI12	LI
840031	850030	845030.5	91	46.498207252898695	0	0	1	0.996005996001	1.0000000000000036e-12	61.79120879120879	LI12	LI
845031	855030	850030.5	85	NA	NA	0	1	0.996005996001	1.0000000000000036e-12	62.4	LI12	LI
850031	860030	855030.5	94	755.8922702613967	0	0	1	0.996005996001	1.0000000000000036e-12	58	LI12	LI
855031	865030	860030.5	107	61.97606581056358	0	0	1	0.996005996001	1.0000000000000036e-12	59.4392523364486	LI12	LI
860031	870030	865030.5	118	61.97606581056358	0	0	1	0.996005996001	1.0000000000000036e-12	61.1271186440678	LI12	LI
865031	875030	870030.5	131	52.88476989185845	0	0	1	0.996005996001	1.0000000000000036e-12	60.099236641221374	LI12	LI
870031	880030	875030.5	100	54.9566191538317	111202.64075137423	0	1	0.996005996001	1.0000000000000036e-12	61.19	LI12	LI
875031	885030	880030.5	50	54.9566191538317	111202.64075137423	0	1	0.996005996001	1.0000000000000036e-12	54.4	LI12	LI
880031	890030	885030.5	29	NA	NA	0	1	0.996005996001	1.0000000000000036e-12	42.793103448275865	LI12	LI
885031	895030	890030.5	44	NA	NA	0	1	0.996005996001	1.0000000000000036e-12	59.04545454545455	LI12	LI
890031	900030	895030.5	66	NA	NA	0	1	0.996005996001	1.0000000000000036e-12	57.878787878787875	LI12	LI
895031	905030	900030.5	39	31.186024069786072	0	0	1	0.996005996001	1.0000000000000036e-12	46	LI12	LI
900031	910030	905030.5	26	26.206888535448492	0	0	1	0.996005996001	1.0000000000000036e-12	28.115384615384617	LI12	LI
905031	915030	910030.5	55	21.22775300111091	NA	0	1	0.996005996001	1.0000000000000036e-12	50.78181818181818	LI12	LI
910031	920030	915030.5	86	56.38460723121667	0	0	1	0.996005996001	1.0000000000000036e-12	60.604651162790695	LI12	LI
915031	925030	920030.5	88	63.444133043289185	0	0	1	0.996005996001	1.0000000000000036e-12	61.61363636363637	LI12	LI
920031	930030	925030.5	107	52.68283817684685	0	0	1	0.996005996001	1.0000000000000036e-12	61.495327102803735	LI12	LI
925031	935030	930030.5	119	43.94470263911366	NA	0	1	0.996005996001	1.0000000000000036e-12	61.470588235294116	LI12	LI
930031	940030	935030.5	94	54.6309387644051	NA	0	1	0.996005996001	1.0000000000000036e-12	62.276595744680854	LI12	LI
935031	945030	940030.5	97	63.294015560987404	NA	0	1	0.996005996001	1.0000000000000036e-12	62.31958762886598	LI12	LI
940031	950030	945030.5	99	NA	NA	0	1	0.996005996001	1.0000000000000036e-12	62.101010101010104	LI12	LI
945031	955030	950030.5	71	1323.474077851812	0	0	1	0.996005996001	1.0000000000000036e-12	61.394366197183096	LI12	LI
950031	960030	955030.5	73	1323.474077851812	0	0	1	0.996005996001	1.0000000000000036e-12	59.3013698630137	LI12	LI
955031	965030	960030.5	66	NA	NA	0	1	0.996005996001	1.0000000000000036e-12	56.378787878787875	LI12	LI
960031	970030	965030.5	62	NA	NA	0	1	0.996005996001	1.0000000000000036e-12	52.403225806451616	LI12	LI
965031	975030	970030.5	57	NA	NA	0	1	0.996005996001	1.0000000000000036e-12	48.92982456140351	LI12	LI
970031	980030	975030.5	53	NA	NA	0	1	0.996005996001	1.0000000000000036e-12	55.79245283018868	LI12	LI
975031	985030	980030.5	81	50.4305699133124	0	0	1	0.996005996001	1.0000000000000036e-12	60.888888888888886	LI12	LI
980031	990030	985030.5	65	53.93142963927469	0	0	1	0.996005996001	1.0000000000000036e-12	59.95384615384615	LI12	LI
985031	995030	990030.5	67	64.91482020937642	0	0	1	0.996005996001	1.0000000000000036e-12	60.507462686567166	LI12	LI
990031	1000030	995030.5	78	35.859322912169404	0	0	1	0.996005996001	1.0000000000000036e-12	60.217948717948715	LI12	LI
995031	1005030	1000030.5	84	33.62591116680236	0	0	1	0.996005996001	1.0000000000000036e-12	59.19047619047619	LI12	LI
1000031	1010030	1005030.5	112	31.722066521644592	0	0	1	0.996005996001	1.0000000000000036e-12	60.67857142857143	LI12	LI
1005031	1015030	1010030.5	116	60.92368765275358	NA	0	1	0.996005996001	1.0000000000000036e-12	62.60344827586207	LI12	LI
1010031	1020030	1015030.5	123	NA	NA	0	1	0.996005996001	1.0000000000000036e-12	62.84552845528455	LI12	LI
1015031	1025030	1020030.5	92	NA	NA	0	1	0.996005996001	1.0000000000000036e-12	62.09782608695652	LI12	LI
1020031	1030030	1025030.5	59	44.26589287324994	7370.9993784578055	0	1	0.996005996001	1.0000000000000036e-12	60.88135593220339	LI12	LI
1025031	1035030	1030030.5	64	44.26589287324994	7370.9993784578055	0	1	0.996005996001	1.0000000000000036e-12	52.421875	LI12	LI
1030031	1040030	1035030.5	108	65.97750164350111	1.3129725701459027e-4	0	1	0.996005996001	1.0000000000000036e-12	55.583333333333336	LI12	LI
1035031	1045030	1040030.5	134	65.97750164350111	0	0	1	0.996005996001	1.0000000000000036e-12	61.14179104477612	LI12	LI
1040031	1050030	1045030.5	133	70.77531325745436	0	0	1	0.996005996001	1.0000000000000036e-12	61.94736842105263	LI12	LI
1045031	1055030	1050030.5	122	70.77531325745436	1387.5285516764493	0	1	0.996005996001	1.0000000000000036e-12	61.25409836065574	LI12	LI
1050031	1060030	1055030.5	95	38.769764759710206	0	0	1	0.996005996001	1.0000000000000036e-12	60.05263157894737	LI12	LI
1055031	1065030	1060030.5	94	48.67319739224303	0	0	1	0.996005996001	1.0000000000000036e-12	61.56382978723404	LI12	LI
1060031	1070030	1065030.5	71	61.950810777683515	NA	0	1	0.996005996001	1.0000000000000036e-12	62.61971830985915	LI12	LI
1065031	1075030	1070030.5	68	61.81435126773854	0	0	1	0.996005996001	1.0000000000000036e-12	61.61764705882353	LI12	LI
1070031	1080030	1075030.5	102	61.81435126773854	0	0	1	0.996005996001	1.0000000000000036e-12	59.990196078431374	LI12	LI
1075031	1085030	1080030.5	109	NA	NA	0	1	0.996005996001	1.0000000000000036e-12	60.19266055045872	LI12	LI
1080031	1090030	1085030.5	98	NA	NA	0	1	0.996005996001	1.0000000000000036e-12	61.52040816326531	LI12	LI
1085031	1095030	1090030.5	110	61.97455333182695	NA	0	1	0.996005996001	1.0000000000000036e-12	61.29090909090909	LI12	LI
1090031	1100030	1095030.5	102	61.97455333182695	NA	0	1	0.996005996001	1.0000000000000036e-12	61.69607843137255	LI12	LI
1095031	1105030	1100030.5	94	NA	NA	0	1	0.996005996001	1.0000000000000036e-12	62.787234042553195	LI12	LI
1100031	1110030	1105030.5	95	NA	NA	0	1	0.996005996001	1.0000000000000036e-12	62.88421052631579	LI12	LI
1105031	1115030	1110030.5	79	NA	NA	0	1	0.996005996001	1.0000000000000036e-12	63.0253164556962	LI12	LI
1110031	1120030	1115030.5	94	52.159340747887356	0	0	1	0.996005996001	1.0000000000000036e-12	61.98936170212766	LI12	LI
1115031	1125030	1120030.5	97	52.159340747887356	0	0	1	0.996005996001	1.0000000000000036e-12	62	LI12	LI
1120031	1130030	1125030.5	114	NA	NA	0	1	0.996005996001	1.0000000000000036e-12	62.04385964912281	LI12	LI
1125031	1135030	1130030.5	161	65.86151607598453	NA	0	1	0.996005996001	1.0000000000000036e-12	62.22360248447205	LI12	LI
1130031	1140030	1135030.5	147	65.86151607598453	NA	0	1	0.996005996001	1.0000000000000036e-12	61.80952380952381	LI12	LI
1135031	1145030	1140030.5	120	55.47293423253489	24126.655768429788	0	1	0.996005996001	1.0000000000000036e-12	59.825	LI12	LI
1140031	1150030	1145030.5	107	55.47293423253489	24126.655768429788	0	1	0.996005996001	1.0000000000000036e-12	60.4392523364486	LI12	LI
1145031	1155030	1150030.5	98	41.392525058663566	0	0	1	0.996005996001	1.0000000000000036e-12	59.19387755102041	LI12	LI
1150031	1160030	1155030.5	97	46.79448334188598	0	0	1	0.996005996001	1.0000000000000036e-12	57.79381443298969	LI12	LI
1155031	1165030	1160030.5	98	64.9771590805644	NA	0	1	0.996005996001	1.0000000000000036e-12	59.33673469387755	LI12	LI
1160031	1170030	1165030.5	109	55.87025471867544	0	0	1	0.996005996001	1.0000000000000036e-12	61.091743119266056	LI12	LI
1165031	1175030	1170030.5	123	53.869411333732515	0	0	1	0.996005996001	1.0000000000000036e-12	60.983739837398375	LI12	LI
1170031	1180030	1175030.5	108	56.973990985080434	NA	0	1	0.996005996001	1.0000000000000036e-12	60.56481481481482	LI12	LI
1175031	1185030	1180030.5	85	57.97443423520849	NA	0	1	0.996005996001	1.0000000000000036e-12	61.917647058823526	LI12	LI
1180031	1190030	1185030.5	59	57.97443423520849	NA	0	1	0.996005996001	1.0000000000000036e-12	61.559322033898304	LI12	LI
1185031	1195030	1190030.5	62	59.51870654296875	0	0	1	0.996005996001	1.0000000000000036e-12	58.37096774193548	LI12	LI
1190031	1200030	1195030.5	90	49.740914306640626	0	0	1	0.996005996001	1.0000000000000036e-12	59.24444444444445	LI12	LI
1195031	1205030	1200030.5	110	39.9631220703125	NA	0	1	0.996005996001	1.0000000000000036e-12	61.945454545454545	LI12	LI
1200031	1210030	1205030.5	132	NA	NA	0	1	0.996005996001	1.0000000000000036e-12	62.13636363636363	LI12	LI
1205031	1215030	1210030.5	113	53.97256396700198	NA	0	1	0.996005996001	1.0000000000000036e-12	62.07079646017699	LI12	LI
1210031	1220030	1215030.5	72	61.75844135948637	0	0	1	0.996005996001	1.0000000000000036e-12	62.31944444444444	LI12	LI
1215031	1225030	1220030.5	81	60.573559998273424	0	0	1	0.996005996001	1.0000000000000036e-12	62.382716049382715	LI12	LI
1220031	1230030	1225030.5	103	55.958119984618435	0	0	1	0.996005996001	1.0000000000000036e-12	62.28155339805825	LI12	LI
1225031	1235030	1230030.5	89	58.242159906577925	0	0	1	0.996005996001	1.0000000000000036e-12	61.80898876404494	LI12	LI
1230031	1240030	1235030.5	89	NA	NA	0	1	0.996005996001	1.0000000000000036e-12	62.60674157303371	LI12	LI
1235031	1245030	1240030.5	111	57.97416413025689	NA	0	1	0.996005996001	1.0000000000000036e-12	62.6036036036036	LI12	LI
1240031	1250030	1245030.5	128	57.97416413025689	NA	0	1	0.996005996001	1.0000000000000036e-12	61.40625	LI12	LI
1245031	1255030	1250030.5	121	53.46826171875001	0	0	1	0.996005996001	1.0000000000000036e-12	61.49586776859504	LI12	LI
1250031	1260030	1255030.5	131	47.32234226000668	0	0	1	0.996005996001	1.0000000000000036e-12	62.14503816793893	LI12	LI
1255031	1265030	1260030.5	110	756.1287814626883	0	0	1	0.996005996001	1.0000000000000036e-12	62.77272727272727	LI12	LI
1260031	1270030	1265030.5	110	1623.7064058946069	0	0	1	0.996005996001	1.0000000000000036e-12	63.518181818181816	LI12	LI
1265031	1275030	1270030.5	144	1623.7064058946069	0	0	1	0.996005996001	1.0000000000000036e-12	62.61805555555556	LI12	LI
1270031	1280030	1275030.5	138	54.674326600901715	0	0	1	0.996005996001	1.0000000000000036e-12	62.492753623188406	LI12	LI
1275031	1285030	1280030.5	134	64.38149476558944	0	0	1	0.996005996001	1.0000000000000036e-12	61.656716417910445	LI12	LI
1280031	1290030	1285030.5	100	NA	NA	0	1	0.996005996001	1.0000000000000036e-12	60.46	LI12	LI
1285031	1295030	1290030.5	82	NA	NA	0	1	0.996005996001	1.0000000000000036e-12	61.58536585365854	LI12	LI
1290031	1300030	1295030.5	104	44.96715843621399	NA	0	1	0.996005996001	1.0000000000000036e-12	61.78846153846154	LI12	LI
1295031	1305030	1300030.5	99	44.96715843621399	NA	0	1	0.996005996001	1.0000000000000036e-12	61.73737373737374	LI12	LI
1300031	1310030	1305030.5	83	NA	NA	0	1	0.996005996001	1.0000000000000036e-12	62.626506024096386	LI12	LI
1305031	1315030	1310030.5	71	NA	NA	0	1	0.996005996001	1.0000000000000036e-12	63.29577464788732	LI12	LI
1310031	1320030	1315030.5	66	51.11199256266716	2.326663258098713e-5	0	1	0.996005996001	1.0000000000000036e-12	62.78787878787879	LI12	LI
1315031	1325030	1320030.5	94	51.11199256266716	2.326663258098713e-5	0	1	0.996005996001	1.0000000000000036e-12	62.638297872340424	LI12	LI
1320031	1330030	1325030.5	105	NA	NA	0	1	0.996005996001	1.0000000000000036e-12	62.97142857142857	LI12	LI
1325031	1335030	1330030.5	93	47.28947444230103	2.147634595383877e-5	0	1	0.996005996001	1.0000000000000036e-12	62.215053763440864	LI12	LI
1330031	1340030	1335030.5	79	44.07392426138499	2.147634595383877e-5	0	1	0.996005996001	1.0000000000000036e-12	61.08860759493671	LI12	LI
1335031	1345030	1340030.5	93	45.37077504023447	NA	0	1	0.996005996001	1.0000000000000036e-12	60.12903225806452	LI12	LI
1340031	1350030	1345030.5	102	55.929620905281794	NA	0	1	0.996005996001	1.0000000000000036e-12	60.8235294117647	LI12	LI
1345031	1355030	1350030.5	68	61.475871782764926	NA	0	1	0.996005996001	1.0000000000000036e-12	62.69117647058823	LI12	LI
1350031	1360030	1355030.5	55	62.47624184016777	NA	0	1	0.996005996001	1.0000000000000036e-12	63.85454545454545	LI12	LI
1355031	1365030	1360030.5	79	54.86333977547101	0	0	1	0.996005996001	1.0000000000000036e-12	62.40506329113924	LI12	LI
1360031	1370030	1365030.5	72	45.74987362557276	0	0	1	0.996005996001	1.0000000000000036e-12	61.5	LI12	LI
1365031	1375030	1370030.5	54	NA	NA	0	1	0.996005996001	1.0000000000000036e-12	63.074074074074076	LI12	LI
1370031	1380030	1375030.5	77	36.82765716870147	0	0	1	0.996005996001	1.0000000000000036e-12	59.81818181818182	LI12	LI
1375031	1385030	1380030.5	104	50.97097128932312	0	0	1	0.996005996001	1.0000000000000036e-12	59.55769230769231	LI12	LI
1380031	1390030	1385030.5	105	59.03912295083961	0	0	1	0.996005996001	1.0000000000000036e-12	61.819047619047616	LI12	LI
1385031	1395030	1390030.5	101	61.97606581056358	2.373686937966777e-6	0	1	0.996005996001	1.0000000000000036e-12	62.277227722772274	LI12	LI
1390031	1400030	1395030.5	109	57.914976024632544	1.1868434689833885e-6	0	1	0.996005996001	1.0000000000000036e-12	61.972477064220186	LI12	LI
1395031	1405030	1400030.5	96	52.8286264888549	0	0	1	0.996005996001	1.0000000000000036e-12	62.322916666666664	LI12	LI
1400031	1410030	1405030.5	83	NA	NA	0	1	0.996005996001	1.0000000000000036e-12	62.795180722891565	LI12	LI
1405031	1415030	1410030.5	82	NA	NA	0	1	0.996005996001	1.0000000000000036e-12	62.609756097560975	LI12	LI
1410031	1420030	1415030.5	101	NA	NA	0	1	0.996005996001	1.0000000000000036e-12	62.45544554455446	LI12	LI
1415031	1425030	1420030.5	119	40.68657321425981	0	0	1	0.996005996001	1.0000000000000036e-12	62.11764705882353	LI12	LI
1420031	1430030	1425030.5	115	40.68657321425981	0	0	1	0.996005996001	1.0000000000000036e-12	61.28695652173913	LI12	LI
1425031	1435030	1430030.5	94	NA	NA	0	1	0.996005996001	1.0000000000000036e-12	61.234042553191486	LI12	LI
1430031	1440030	1435030.5	73	NA	NA	0	1	0.996005996001	1.0000000000000036e-12	61.57534246575342	LI12	LI
1435031	1445030	1440030.5	73	50.12951628046609	3.707903593854784e-5	0	1	0.996005996001	1.0000000000000036e-12	61.87671232876713	LI12	LI
1440031	1450030	1445030.5	59	50.12951628046609	3.707903593854784e-5	0	1	0.996005996001	1.0000000000000036e-12	63.16949152542373	LI12	LI
1445031	1455030	1450030.5	61	NA	NA	0	1	0.996005996001	1.0000000000000036e-12	63.14754098360656	LI12	LI
1450031	1460030	1455030.5	88	1392.817945168318	0	0	1	0.996005996001	1.0000000000000036e-12	63.25	LI12	LI
1455031	1465030	1460030.5	106	1392.817945168318	0	0	1	0.996005996001	1.0000000000000036e-12	63.10377358490566	LI12	LI
1460031	1470030	1465030.5	86	NA	NA	0	1	0.996005996001	1.0000000000000036e-12	62.81395348837209	LI12	LI
1465031	1475030	1470030.5	74	63.476612445563994	NA	0	1	0.996005996001	1.0000000000000036e-12	63.486486486486484	LI12	LI
1470031	1480030	1475030.5	78	63.476612445563994	NA	0	1	0.996005996001	1.0000000000000036e-12	62.93589743589744	LI12	LI
1475031	1485030	1480030.5	78	64.9771590805644	NA	0	1	0.996005996001	1.0000000000000036e-12	60.743589743589745	LI12	LI
1480031	1490030	1485030.5	85	64.9771590805644	NA	0	1	0.996005996001	1.0000000000000036e-12	61.4	LI12	LI
1485031	1495030	1490030.5	73	NA	NA	0	1	0.996005996001	1.0000000000000036e-12	62.97260273972603	LI12	LI
1490031	1500030	1495030.5	77	48.969802654506196	NA	0	1	0.996005996001	1.0000000000000036e-12	62.12987012987013	LI12	LI
1495031	1505030	1500030.5	75	48.969802654506196	NA	0	1	0.996005996001	1.0000000000000036e-12	62.36	LI12	LI
1500031	1510030	1505030.5	60	56.94182312928269	NA	0	1	0.996005996001	1.0000000000000036e-12	62.96666666666667	LI12	LI
1505031	1515030	1510030.5	66	59.97527690972221	NA	0	1	0.996005996001	1.0000000000000036e-12	62.878787878787875	LI12	LI
1510031	1520030	1515030.5	70	62.84890207652987	NA	0	1	0.996005996001	1.0000000000000036e-12	62.58571428571429	LI12	LI
1515031	1525030	1520030.5	68	NA	NA	0	1	0.996005996001	1.0000000000000036e-12	59.05882352941177	LI12	LI
31	10030	5030.5	140	12.367968038802912	0	0	1	0.996005996001	1.0000000000000036e-12	11.092857142857143	LI13	LI
5031	15030	10030.5	118	7.8277587890625	0	0	1	0.996005996001	1.0000000000000036e-12	11.652542372881356	LI13	LI
10031	20030	15030.5	124	7.272069713250603	0	0	1	0.996005996001	1.0000000000000036e-12	11.443548387096774	LI13	LI
15031	25030	20030.5	89	8.42798353909465	NA	0	1	0.996005996001	1.0000000000000036e-12	11.876404494382022	LI13	LI
20031	30030	25030.5	77	9.143898019547326	NA	0	1	0.996005996001	1.0000000000000036e-12	12.077922077922079	LI13	LI
25031	35030	30030.5	108	10.690384321247548	NA	0	1	0.996005996001	1.0000000000000036e-12	12.222222222222221	LI13	LI
30031	40030	35030.5	117	10.690384321247548	NA	0	1	0.996005996001	1.0000000000000036e-12	12.222222222222221	LI13	LI
35031	45030	40030.5	78	10.871759954921112	NA	0	1	0.996005996001	1.0000000000000036e-12	11.948717948717949	LI13	LI
40031	50030	45030.5	80	11.811737060546875	411.5226337448563	0	1	0.996005996001	1.0000000000000036e-12	11.7875	LI13	LI
45031	55030	50030.5	108	11.74163818359375	411.5226337448563	0	1	0.996005996001	1.0000000000000036e-12	12.018518518518519	LI13	LI
50031	60030	55030.5	110	7.730033725736021	0	0	1	0.996005996001	1.0000000000000036e-12	12.018181818181818	LI13	LI
55031	65030	60030.5	97	7.730033725736021	0	0	1	0.996005996001	1.0000000000000036e-12	12	LI13	LI
60031	70030	65030.5	96	8.665364583333334	NA	0	1	0.996005996001	1.0000000000000036e-12	12.166666666666666	LI13	LI
65031	75030	70030.5	122	11.74163818359375	NA	0	1	0.996005996001	1.0000000000000036e-12	12.12295081967213	LI13	LI
70031	80030	75030.5	123	11.74163818359375	NA	0	1	0.996005996001	1.0000000000000036e-12	12.170731707317072	LI13	LI
75031	85030	80030.5	90	9.671844169531528	NA	0	1	0.996005996001	1.0000000000000036e-12	12.144444444444444	LI13	LI
80031	90030	85030.5	86	9.432731086659485	411.5226337448563	0	1	0.996005996001	1.0000000000000036e-12	11.86046511627907	LI13	LI
85031	95030	90030.5	106	10.127906942618331	205.76131687242815	0	1	0.996005996001	1.0000000000000036e-12	11.537735849056604	LI13	LI
90031	100030	95030.5	129	10.480870515713931	0	0	1	0.996005996001	1.0000000000000036e-12	11.565891472868216	LI13	LI
95031	105030	100030.5	164	9.56961821888504	411.5226337448563	0	1	0.996005996001	1.0000000000000036e-12	11.713414634146341	LI13	LI
100031	110030	105030.5	134	7.76099537037037	411.5226337448563	0	1	0.996005996001	1.0000000000000036e-12	11.761194029850746	LI13	LI
105031	115030	110030.5	88	7.76099537037037	243	0	1	0.996005996001	1.0000000000000036e-12	12	LI13	LI
110031	120030	115030.5	99	12.890447200728264	3.1891200000000017	0	1	0.996005996001	1.0000000000000036e-12	12.181818181818182	LI13	LI
115031	125030	120030.5	99	12.890447200728264	NA	0	1	0.996005996001	1.0000000000000036e-12	12.191919191919192	LI13	LI
120031	130030	125030.5	67	8.496755555555556	57.665039062499986	0	1	0.996005996001	1.0000000000000036e-12	12.104477611940299	LI13	LI
125031	135030	130030.5	88	8.496755555555556	57.665039062499986	0	1	0.996005996001	1.0000000000000036e-12	12.022727272727273	LI13	LI
130031	140030	135030.5	118	8.10492374344645	243	0	1	0.996005996001	1.0000000000000036e-12	11.796610169491526	LI13	LI
135031	145030	140030.5	96	8.44885211652253	327.26131687242815	0	1	0.996005996001	1.0000000000000036e-12	11.65625	LI13	LI
140031	150030	145030.5	138	7.76099537037037	243	0	1	0.996005996001	1.0000000000000036e-12	11.96376811594203	LI13	LI
145031	155030	150030.5	214	8.44885211652253	243	0	1	0.996005996001	1.0000000000000036e-12	11.61214953271028	LI13	LI
150031	160030	155030.5	199	9.49862160892512	0	0	1	0.996005996001	1.0000000000000036e-12	11.638190954773869	LI13	LI
155031	165030	160030.5	131	8.42798353909465	243	0	1	0.996005996001	1.0000000000000036e-12	12.145038167938932	LI13	LI
160031	170030	165030.5	95	8.44885211652253	NA	0	1	0.996005996001	1.0000000000000036e-12	12.042105263157895	LI13	LI
165031	175030	170030.5	87	9.644497909080565	NA	0	1	0.996005996001	1.0000000000000036e-12	11.735632183908047	LI13	LI
170031	180030	175030.5	81	8.028494485611777	NA	0	1	0.996005996001	1.0000000000000036e-12	11.74074074074074	LI13	LI
175031	185030	180030.5	94	8.028494485611777	NA	0	1	0.996005996001	1.0000000000000036e-12	11.638297872340425	LI13	LI
180031	190030	185030.5	112	10.189109856311045	NA	0	1	0.996005996001	1.0000000000000036e-12	11.732142857142858	LI13	LI
185031	195030	190030.5	101	10.275098410623773	NA	0	1	0.996005996001	1.0000000000000036e-12	12.227722772277227	LI13	LI
190031	200030	195030.5	80	10.083692160623773	NA	0	1	0.996005996001	1.0000000000000036e-12	12.4	LI13	LI
195031	205030	200030.5	113	11.74163818359375	NA	0	1	0.996005996001	1.0000000000000036e-12	12.061946902654867	LI13	LI
200031	210030	205030.5	114	11.74163818359375	NA	0	1	0.996005996001	1.0000000000000036e-12	11.157894736842104	LI13	LI
205031	215030	210030.5	91	10.899515096580565	NA	0	1	0.996005996001	1.0000000000000036e-12	10.978021978021978	LI13	LI
210031	220030	215030.5	103	10.899515096580565	NA	0	1	0.996005996001	1.0000000000000036e-12	12.155339805825243	LI13	LI
215031	225030	220030.5	109	6.914425925925926	0	0	1	0.996005996001	1.0000000000000036e-12	12.1651376146789	LI13	LI
220031	230030	225030.5	84	9.477	0	0	1	0.996005996001	1.0000000000000036e-12	12.035714285714286	LI13	LI
225031	235030	230030.5	51	12.890447200728264	NA	0	1	0.996005996001	1.0000000000000036e-12	12.215686274509803	LI13	LI
230031	240030	235030.5	89	10.720361218069122	NA	0	1	0.996005996001	1.0000000000000036e-12	12.134831460674157	LI13	LI
235031	245030	240030.5	105	9.574172378581885	NA	0	1	0.996005996001	1.0000000000000036e-12	12.142857142857142	LI13	LI
240031	250030	245030.5	100	9.64987174700788	NA	0	1	0.996005996001	1.0000000000000036e-12	12.2	LI13	LI
245031	255030	250030.5	99	10.871759954921112	NA	0	1	0.996005996001	1.0000000000000036e-12	12.191919191919192	LI13	LI
250031	260030	255030.5	98	NA	NA	0	1	0.996005996001	1.0000000000000036e-12	12.408163265306122	LI13	LI
255031	265030	260030.5	104	10.690384321247548	NA	0	1	0.996005996001	1.0000000000000036e-12	12.317307692307692	LI13	LI
260031	270030	265030.5	87	10.690384321247548	NA	0	1	0.996005996001	1.0000000000000036e-12	12.068965517241379	LI13	LI
265031	275030	270030.5	80	9.8598125	NA	0	1	0.996005996001	1.0000000000000036e-12	12.2125	LI13	LI
270031	280030	275030.5	82	10.275098410623773	3125.000000000003	0	1	0.996005996001	1.0000000000000036e-12	12.28048780487805	LI13	LI
275031	285030	280030.5	87	9.240606365305952	1562.5000000000016	0	1	0.996005996001	1.0000000000000036e-12	12	LI13	LI
280031	290030	285030.5	86	7.8277587890625	0	0	1	0.996005996001	1.0000000000000036e-12	11.453488372093023	LI13	LI
285031	295030	290030.5	91	8.44885211652253	NA	0	1	0.996005996001	1.0000000000000036e-12	11.406593406593407	LI13	LI
290031	300030	295030.5	99	8.44885211652253	NA	0	1	0.996005996001	1.0000000000000036e-12	11.606060606060606	LI13	LI
295031	305030	300030.5	142	11.15830573737328	NA	0	1	0.996005996001	1.0000000000000036e-12	11.873239436619718	LI13	LI
300031	310030	305030.5	134	11.015032846147196	NA	0	1	0.996005996001	1.0000000000000036e-12	12.037313432835822	LI13	LI
305031	315030	310030.5	90	10.690384321247548	NA	0	1	0.996005996001	1.0000000000000036e-12	10.777777777777779	LI13	LI
310031	320030	315030.5	131	NA	NA	0	1	0.996005996001	1.0000000000000036e-12	11.13740458015267	LI13	LI
315031	325030	320030.5	121	NA	NA	0	1	0.996005996001	1.0000000000000036e-12	11.727272727272727	LI13	LI
320031	330030	325030.5	92	8.574131384088822	0	0	1	0.996005996001	1.0000000000000036e-12	11.108695652173912	LI13	LI
325031	335030	330030.5	108	8.65150721262209	0	0	1	0.996005996001	1.0000000000000036e-12	11.462962962962964	LI13	LI
330031	340030	335030.5	99	10.720361218069122	NA	0	1	0.996005996001	1.0000000000000036e-12	11.8989898989899	LI13	LI
335031	345030	340030.5	84	6.271102860787172	0	0	1	0.996005996001	1.0000000000000036e-12	11.714285714285714	LI13	LI
340031	350030	345030.5	67	6.583967292274053	0	0	1	0.996005996001	1.0000000000000036e-12	10.477611940298507	LI13	LI
345031	355030	350030.5	34	10.518407212622089	NA	0	1	0.996005996001	1.0000000000000036e-12	8.088235294117647	LI13	LI
350031	360030	355030.5	8	NA	NA	0	1	0.996005996001	1.0000000000000036e-12	4.125	LI13	LI
355031	365030	360030.5	7	NA	NA	0	1	0.996005996001	1.0000000000000036e-12	4.142857142857143	LI13	LI
360031	370030	365030.5	13	5.391989949319187	NA	0	1	0.996005996001	1.0000000000000036e-12	3.6153846153846154	LI13	LI
365031	375030	370030.5	54	5.391989949319187	NA	0	1	0.996005996001	1.0000000000000036e-12	2.8703703703703702	LI13	LI
370031	380030	375030.5	89	NA	NA	0	1	0.996005996001	1.0000000000000036e-12	6.876404494382022	LI13	LI
375031	385030	380030.5	75	NA	NA	0	1	0.996005996001	1.0000000000000036e-12	11.8	LI13	LI
380031	390030	385030.5	67	9.064253606311045	NA	0	1	0.996005996001	1.0000000000000036e-12	12.26865671641791	LI13	LI
385031	395030	390030.5	81	8.65150721262209	3125.000000000003	0	1	0.996005996001	1.0000000000000036e-12	12.333333333333334	LI13	LI
390031	400030	395030.5	81	11.72808837890625	1562.5000000000016	0	1	0.996005996001	1.0000000000000036e-12	12.135802469135802	LI13	LI
395031	405030	400030.5	80	11.72808837890625	0	0	1	0.996005996001	1.0000000000000036e-12	11.925	LI13	LI
400031	410030	405030.5	99	9.671844169531528	NA	0	1	0.996005996001	1.0000000000000036e-12	12.080808080808081	LI13	LI
405031	415030	410030.5	87	6.805575801749272	NA	0	1	0.996005996001	1.0000000000000036e-12	12.011494252873563	LI13	LI
410031	420030	415030.5	67	7.627213959135901	NA	0	1	0.996005996001	1.0000000000000036e-12	11.776119402985074	LI13	LI
415031	425030	420030.5	78	9.8598125	NA	0	1	0.996005996001	1.0000000000000036e-12	11.923076923076923	LI13	LI
420031	430030	425030.5	91	10.189109856311045	NA	0	1	0.996005996001	1.0000000000000036e-12	11.923076923076923	LI13	LI
425031	435030	430030.5	96	10.518407212622089	NA	0	1	0.996005996001	1.0000000000000036e-12	11.78125	LI13	LI
430031	440030	435030.5	96	8.015957042238599	NA	0	1	0.996005996001	1.0000000000000036e-12	11.96875	LI13	LI
435031	445030	440030.5	93	8.015957042238599	525.2187500000001	0	1	0.996005996001	1.0000000000000036e-12	11.795698924731182	LI13	LI
440031	450030	445030.5	80	7.76099537037037	384.10937500000006	0	1	0.996005996001	1.0000000000000036e-12	11.6375	LI13	LI
445031	455030	450030.5	75	8.71641976995095	243	0	1	0.996005996001	1.0000000000000036e-12	12.106666666666667	LI13	LI
450031	460030	455030.5	96	9.8598125	NA	0	1	0.996005996001	1.0000000000000036e-12	12.260416666666666	LI13	LI
455031	465030	460030.5	93	9.8598125	5.3782400000000035	0	1	0.996005996001	1.0000000000000036e-12	11.978494623655914	LI13	LI
460031	470030	465030.5	97	8.44885211652253	5.3782400000000035	0	1	0.996005996001	1.0000000000000036e-12	11.876288659793815	LI13	LI
465031	475030	470030.5	85	8.44885211652253	NA	0	1	0.996005996001	1.0000000000000036e-12	11.964705882352941	LI13	LI
470031	480030	475030.5	61	7.76099537037037	NA	0	1	0.996005996001	1.0000000000000036e-12	12.131147540983607	LI13	LI
475031	485030	480030.5	77	7.76099537037037	NA	0	1	0.996005996001	1.0000000000000036e-12	12.077922077922079	LI13	LI
480031	490030	485030.5	54	7.76099537037037	NA	0.16666666666666666	0.8333333333333334	0.4822530864197532	7.716049382716042e-4	11.88888888888889	LI13	LI
485031	495030	490030.5	40	7.76099537037037	NA	0	1	0.996005996001	1.0000000000000036e-12	12.325	LI13	LI
490031	500030	495030.5	54	7.4877817151966894	NA	0	1	0.996005996001	1.0000000000000036e-12	12.203703703703704	LI13	LI
495031	505030	500030.5	65	10.24119732905376	0.4626643660379606	0	1	0.996005996001	1.0000000000000036e-12	12.046153846153846	LI13	LI
500031	510030	505030.5	74	10.24119732905376	0.4626643660379606	0	1	0.996005996001	1.0000000000000036e-12	12.18918918918919	LI13	LI
505031	515030	510030.5	83	10.24119732905376	NA	0	1	0.996005996001	1.0000000000000036e-12	11.891566265060241	LI13	LI
510031	520030	515030.5	77	10.24119732905376	0	0	1	0.996005996001	1.0000000000000036e-12	11.883116883116884	LI13	LI
515031	525030	520030.5	59	10.24119732905376	0	0	1	0.996005996001	1.0000000000000036e-12	12.23728813559322	LI13	LI
520031	530030	525030.5	71	9.57300491452688	0	0	1	0.996005996001	1.0000000000000036e-12	11.394366197183098	LI13	LI
525031	535030	530030.5	76	9.671844169531528	205.8542840884691	0	1	0.996005996001	1.0000000000000036e-12	10.921052631578947	LI13	LI
530031	540030	535030.5	72	9.765828334765764	205.8542840884691	0	1	0.996005996001	1.0000000000000036e-12	11	LI13	LI
535031	545030	540030.5	82	9.66840625	NA	0	1	0.996005996001	1.0000000000000036e-12	10.865853658536585	LI13	LI
540031	550030	545030.5	97	9.477	NA	0	1	0.996005996001	1.0000000000000036e-12	11.257731958762887	LI13	LI
545031	555030	550030.5	95	8.14989366256651	0	0	1	0.996005996001	1.0000000000000036e-12	11.726315789473684	LI13	LI
550031	560030	555030.5	63	8.496755555555556	0	0	1	0.996005996001	1.0000000000000036e-12	11.80952380952381	LI13	LI
555031	565030	560030.5	46	9.368976442304657	NA	0	1	0.996005996001	1.0000000000000036e-12	11.91304347826087	LI13	LI
560031	570030	565030.5	73	10.556478641987436	NA	0	1	0.996005996001	1.0000000000000036e-12	12.164383561643836	LI13	LI
565031	575030	570030.5	109	10.60185185185185	NA	0	1	0.996005996001	1.0000000000000036e-12	11.8348623853211	LI13	LI
570031	580030	575030.5	102	10.230832175925926	NA	0	1	0.996005996001	1.0000000000000036e-12	11.637254901960784	LI13	LI
575031	585030	580030.5	67	9.847503536522634	0	0	1	0.996005996001	1.0000000000000036e-12	11.805970149253731	LI13	LI
580031	590030	585030.5	70	9.847503536522634	0	0	1	0.996005996001	1.0000000000000036e-12	11.757142857142858	LI13	LI
585031	595030	590030.5	79	NA	NA	0	1	0.996005996001	1.0000000000000036e-12	11.518987341772151	LI13	LI
590031	600030	595030.5	71	11.677301061947954	NA	0	1	0.996005996001	1.0000000000000036e-12	11.47887323943662	LI13	LI
595031	605030	600030.5	86	8.987338577621209	NA	0	1	0.996005996001	1.0000000000000036e-12	11.825581395348838	LI13	LI
600031	610030	605030.5	114	7.5713989519970255	NA	0	1	0.996005996001	1.0000000000000036e-12	11.692982456140351	LI13	LI
605031	615030	610030.5	118	8.84542181069959	NA	0	1	0.996005996001	1.0000000000000036e-12	11.73728813559322	LI13	LI
610031	620030	615030.5	107	7.5830619679546665	NA	0	1	0.996005996001	1.0000000000000036e-12	12.093457943925234	LI13	LI
615031	625030	620030.5	100	19.630813308883653	0.3242993990599157	0	1	0.996005996001	1.0000000000000036e-12	12.19	LI13	LI
620031	630030	625030.5	101	26.49109623303306	0.3242993990599157	0	1	0.996005996001	1.0000000000000036e-12	12.188118811881187	LI13	LI
625031	635030	630030.5	112	11.805555555555557	0	0	1	0.996005996001	1.0000000000000036e-12	11.9375	LI13	LI
630031	640030	635030.5	79	10.151155555555556	0	0	1	0.996005996001	1.0000000000000036e-12	11.860759493670885	LI13	LI
635031	645030	640030.5	41	8.496755555555556	NA	0	1	0.996005996001	1.0000000000000036e-12	12.170731707317072	LI13	LI
640031	650030	645030.5	57	NA	NA	0	1	0.996005996001	1.0000000000000036e-12	11.421052631578947	LI13	LI
645031	655030	650030.5	63	NA	NA	0	1	0.996005996001	1.0000000000000036e-12	11.714285714285714	LI13	LI
650031	660030	655030.5	64	8.336590299881045	NA	0	1	0.996005996001	1.0000000000000036e-12	11.734375	LI13	LI
655031	665030	660030.5	63	7.8277587890625	NA	0	1	0.996005996001	1.0000000000000036e-12	11.476190476190476	LI13	LI
660031	670030	665030.5	53	8.400935855829744	NA	0	1	0.996005996001	1.0000000000000036e-12	11.90566037735849	LI13	LI
665031	675030	670030.5	35	9.836964207856623	NA	0	1	0.996005996001	1.0000000000000036e-12	11.857142857142858	LI13	LI
670031	680030	675030.5	11	10.24119732905376	NA	0	1	0.996005996001	1.0000000000000036e-12	9.545454545454545	LI13	LI
675031	685030	680030.5	9	NA	NA	NA	NA	NA	NA	0	LI13	LI
680031	690030	685030.5	7	NA	NA	NA	NA	NA	NA	0	LI13	LI
685031	695030	690030.5	0	NA	NA	NA	NA	NA	NA	NA	LI13	LI
690031	700030	695030.5	0	NA	NA	NA	NA	NA	NA	NA	LI13	LI
695031	705030	700030.5	0	NA	NA	NA	NA	NA	NA	NA	LI13	LI
700031	710030	705030.5	16	NA	NA	0	1	0.996005996001	1.0000000000000036e-12	11.3125	LI13	LI
705031	715030	710030.5	62	NA	NA	0	1	0.996005996001	1.0000000000000036e-12	11.774193548387096	LI13	LI
710031	720030	715030.5	107	9.173403996936045	NA	0	1	0.996005996001	1.0000000000000036e-12	11.841121495327103	LI13	LI
715031	725030	720030.5	99	9.173403996936045	NA	0	1	0.996005996001	1.0000000000000036e-12	11.727272727272727	LI13	LI
720031	730030	725030.5	77	9.009984375	NA	0	1	0.996005996001	1.0000000000000036e-12	11.818181818181818	LI13	LI
725031	735030	730030.5	74	9.477	NA	0	1	0.996005996001	1.0000000000000036e-12	12.14864864864865	LI13	LI
730031	740030	735030.5	66	11.122101882845996	NA	0	1	0.996005996001	1.0000000000000036e-12	12.106060606060606	LI13	LI
735031	745030	740030.5	71	11.553819444444443	NA	0	1	0.996005996001	1.0000000000000036e-12	12.070422535211268	LI13	LI
740031	750030	745030.5	77	10.09524515005814	411.5226337448563	0	1	0.996005996001	1.0000000000000036e-12	12.03896103896104	LI13	LI
745031	755030	750030.5	72	10.008727717126439	411.5226337448563	0	1	0.996005996001	1.0000000000000036e-12	11.708333333333334	LI13	LI
750031	760030	755030.5	75	10.5	1	0	1	0.996005996001	1.0000000000000036e-12	11.693333333333333	LI13	LI
755031	765030	760030.5	93	10.5	1	0	1	0.996005996001	1.0000000000000036e-12	11.720430107526882	LI13	LI
760031	770030	765030.5	92	12.890447200728264	NA	0	1	0.996005996001	1.0000000000000036e-12	11.478260869565217	LI13	LI
765031	775030	770030.5	102	12.890447200728264	NA	0	1	0.996005996001	1.0000000000000036e-12	11.441176470588236	LI13	LI
770031	780030	775030.5	98	NA	NA	0	1	0.996005996001	1.0000000000000036e-12	11.551020408163266	LI13	LI
775031	785030	780030.5	58	NA	NA	0	1	0.996005996001	1.0000000000000036e-12	11.758620689655173	LI13	LI
780031	790030	785030.5	70	NA	NA	0	1	0.996005996001	1.0000000000000036e-12	11.157142857142857	LI13	LI
785031	795030	790030.5	87	9.21142578125	0	0	1	0.996005996001	1.0000000000000036e-12	11.114942528735632	LI13	LI
790031	800030	795030.5	67	9.21142578125	0	0	1	0.996005996001	1.0000000000000036e-12	11.328358208955224	LI13	LI
795031	805030	800030.5	70	10.800725341796875	NA	0	1	0.996005996001	1.0000000000000036e-12	11.257142857142858	LI13	LI
800031	810030	805030.5	66	10.800725341796875	NA	0	1	0.996005996001	1.0000000000000036e-12	11.484848484848484	LI13	LI
805031	815030	810030.5	34	NA	NA	0	1	0.996005996001	1.0000000000000036e-12	11	LI13	LI
810031	820030	815030.5	91	7.59844970703125	NA	0	1	0.996005996001	1.0000000000000036e-12	10.824175824175825	LI13	LI
815031	825030	820030.5	109	7.59844970703125	NA	0	1	0.996005996001	1.0000000000000036e-12	11.376146788990825	LI13	LI
820031	830030	825030.5	62	9.139356075378679	NA	0	1	0.996005996001	1.0000000000000036e-12	12.32258064516129	LI13	LI
825031	835030	830030.5	77	7.087358213374635	NA	0	1	0.996005996001	1.0000000000000036e-12	11.792207792207792	LI13	LI
830031	840030	835030.5	78	7.369140625	NA	0	1	0.996005996001	1.0000000000000036e-12	11.871794871794872	LI13	LI
835031	845030	840030.5	84	10.273600260416668	11.712800000000001	0	1	0.996005996001	1.0000000000000036e-12	11.738095238095237	LI13	LI
840031	850030	845030.5	91	8.665364583333334	11.712800000000001	0	1	0.996005996001	1.0000000000000036e-12	11.692307692307692	LI13	LI
845031	855030	850030.5	85	10.720361218069122	NA	0	1	0.996005996001	1.0000000000000036e-12	11.823529411764707	LI13	LI
850031	860030	855030.5	94	9.253545425182924	0	0	1	0.996005996001	1.0000000000000036e-12	11.191489361702128	LI13	LI
855031	865030	860030.5	107	9.253545425182924	0	0	1	0.996005996001	1.0000000000000036e-12	11.439252336448599	LI13	LI
860031	870030	865030.5	118	11.805555555555557	0	0	1	0.996005996001	1.0000000000000036e-12	11.635593220338983	LI13	LI
865031	875030	870030.5	131	10.106853996936044	0	0	1	0.996005996001	1.0000000000000036e-12	11.557251908396946	LI13	LI
870031	880030	875030.5	100	8.84542181069959	NA	0	1	0.996005996001	1.0000000000000036e-12	11.87	LI13	LI
875031	885030	880030.5	50	10.867934505713926	NA	0	1	0.996005996001	1.0000000000000036e-12	10.44	LI13	LI
880031	890030	885030.5	29	12.890447200728264	NA	0	1	0.996005996001	1.0000000000000036e-12	7.379310344827586	LI13	LI
885031	895030	890030.5	44	6.911438150770513	69.16460905349788	0	1	0.996005996001	1.0000000000000036e-12	9.431818181818182	LI13	LI
890031	900030	895030.5	66	6.758700102745081	69.16460905349788	0	1	0.996005996001	1.0000000000000036e-12	10.121212121212121	LI13	LI
895031	905030	900030.5	39	6.60596205471965	NA	0	1	0.996005996001	1.0000000000000036e-12	8.461538461538462	LI13	LI
900031	910030	905030.5	26	10.5	1	0	1	0.996005996001	1.0000000000000036e-12	4.653846153846154	LI13	LI
905031	915030	910030.5	55	8.496755555555556	411.5226337448563	0	1	0.996005996001	1.0000000000000036e-12	9.836363636363636	LI13	LI
910031	920030	915030.5	86	8.496755555555556	1768.2613168724297	0	1	0.996005996001	1.0000000000000036e-12	11.604651162790697	LI13	LI
915031	925030	920030.5	88	11.009950505007897	2.488319999999999	0	1	0.996005996001	1.0000000000000036e-12	11.488636363636363	LI13	LI
920031	930030	925030.5	107	9.55672426746807	2.488319999999999	0	1	0.996005996001	1.0000000000000036e-12	11.88785046728972	LI13	LI
925031	935030	930030.5	119	11.74163818359375	NA	0	1	0.996005996001	1.0000000000000036e-12	11.991596638655462	LI13	LI
930031	940030	935030.5	94	10.609319091796875	NA	0	1	0.996005996001	1.0000000000000036e-12	11.96808510638298	LI13	LI
935031	945030	940030.5	97	7.369140625	NA	0	1	0.996005996001	1.0000000000000036e-12	12.010309278350515	LI13	LI
940031	950030	945030.5	99	7.219281860947643	0	0	1	0.996005996001	1.0000000000000036e-12	12.02020202020202	LI13	LI
945031	955030	950030.5	71	6.768768221574344	0	0	1	0.996005996001	1.0000000000000036e-12	11.71830985915493	LI13	LI
950031	960030	955030.5	73	6.7871720116618075	0	0	1	0.996005996001	1.0000000000000036e-12	11.068493150684931	LI13	LI
955031	965030	960030.5	66	6.805575801749272	NA	0	1	0.996005996001	1.0000000000000036e-12	10.515151515151516	LI13	LI
960031	970030	965030.5	62	10.871759954921112	NA	0	1	0.996005996001	1.0000000000000036e-12	10.14516129032258	LI13	LI
965031	975030	970030.5	57	10.152245520790299	NA	0	1	0.996005996001	1.0000000000000036e-12	9.807017543859649	LI13	LI
970031	980030	975030.5	53	9.432731086659485	NA	0	1	0.996005996001	1.0000000000000036e-12	10.962264150943396	LI13	LI
975031	985030	980030.5	81	5.958238429300291	0	0	1	0.996005996001	1.0000000000000036e-12	11.716049382716049	LI13	LI
980031	990030	985030.5	65	9.588986049284165	0	0	1	0.996005996001	1.0000000000000036e-12	11.415384615384616	LI13	LI
985031	995030	990030.5	67	10.681216543012773	1562.5000000000016	0	1	0.996005996001	1.0000000000000036e-12	11.701492537313433	LI13	LI
990031	1000030	995030.5	78	8.44885211652253	NA	0	1	0.996005996001	1.0000000000000036e-12	11.743589743589743	LI13	LI
995031	1005030	1000030.5	84	8.44885211652253	NA	0	1	0.996005996001	1.0000000000000036e-12	11.619047619047619	LI13	LI
1000031	1010030	1005030.5	112	8.138305452792515	NA	0	1	0.996005996001	1.0000000000000036e-12	11.803571428571429	LI13	LI
1005031	1015030	1010030.5	116	8.44885211652253	NA	0	1	0.996005996001	1.0000000000000036e-12	12.10344827586207	LI13	LI
1010031	1020030	1015030.5	123	8.44885211652253	NA	0	1	0.996005996001	1.0000000000000036e-12	12.235772357723578	LI13	LI
1015031	1025030	1020030.5	92	8.44885211652253	NA	0	1	0.996005996001	1.0000000000000036e-12	11.956521739130435	LI13	LI
1020031	1030030	1025030.5	59	9.507581384088823	NA	0	1	0.996005996001	1.0000000000000036e-12	11.76271186440678	LI13	LI
1025031	1035030	1030030.5	64	9.477	NA	0	1	0.996005996001	1.0000000000000036e-12	9.890625	LI13	LI
1030031	1040030	1035030.5	108	10.098680609034561	NA	0	1	0.996005996001	1.0000000000000036e-12	10.555555555555555	LI13	LI
1035031	1045030	1040030.5	134	8.472803836039043	0	0	1	0.996005996001	1.0000000000000036e-12	11.835820895522389	LI13	LI
1040031	1050030	1045030.5	133	7.794377079716435	0	0	1	0.996005996001	1.0000000000000036e-12	12	LI13	LI
1045031	1055030	1050030.5	122	7.76099537037037	NA	0	1	0.996005996001	1.0000000000000036e-12	11.98360655737705	LI13	LI
1050031	1060030	1055030.5	95	7.8277587890625	NA	0	1	0.996005996001	1.0000000000000036e-12	11.621052631578948	LI13	LI
1055031	1065030	1060030.5	94	8.472803836039043	NA	0	1	0.996005996001	1.0000000000000036e-12	11.787234042553191	LI13	LI
1060031	1070030	1065030.5	71	9.507581384088823	NA	0	1	0.996005996001	1.0000000000000036e-12	12.19718309859155	LI13	LI
1065031	1075030	1070030.5	68	8.138305452792515	NA	0	1	0.996005996001	1.0000000000000036e-12	11.941176470588236	LI13	LI
1070031	1080030	1075030.5	102	8.42798353909465	NA	0	1	0.996005996001	1.0000000000000036e-12	11.490196078431373	LI13	LI
1075031	1085030	1080030.5	109	8.09448945473251	1845.2812500000023	0	1	0.996005996001	1.0000000000000036e-12	11.495412844036696	LI13	LI
1080031	1090030	1085030.5	98	8.09448945473251	1845.2812500000023	0	1	0.996005996001	1.0000000000000036e-12	11.714285714285714	LI13	LI
1085031	1095030	1090030.5	110	8.44885211652253	NA	0	1	0.996005996001	1.0000000000000036e-12	11.927272727272728	LI13	LI
1090031	1100030	1095030.5	102	8.44885211652253	NA	0	1	0.996005996001	1.0000000000000036e-12	12.029411764705882	LI13	LI
1095031	1105030	1100030.5	94	8.44885211652253	NA	0	1	0.996005996001	1.0000000000000036e-12	12.191489361702128	LI13	LI
1100031	1110030	1105030.5	95	8.44885211652253	NA	0	1	0.996005996001	1.0000000000000036e-12	12.368421052631579	LI13	LI
1105031	1115030	1110030.5	79	7.76099537037037	NA	0	1	0.996005996001	1.0000000000000036e-12	12.037974683544304	LI13	LI
1110031	1120030	1115030.5	94	7.8277587890625	0	0	1	0.996005996001	1.0000000000000036e-12	11.787234042553191	LI13	LI
1115031	1125030	1120030.5	97	8.986394984200878	0	0	1	0.996005996001	1.0000000000000036e-12	12.02061855670103	LI13	LI
1120031	1130030	1125030.5	114	NA	NA	0	1	0.996005996001	1.0000000000000036e-12	12.228070175438596	LI13	LI
1125031	1135030	1130030.5	161	11.74163818359375	NA	0	1	0.996005996001	1.0000000000000036e-12	12.049689440993788	LI13	LI
1130031	1140030	1135030.5	147	9.27360699267151	NA	0	1	0.996005996001	1.0000000000000036e-12	11.761904761904763	LI13	LI
1135031	1145030	1140030.5	120	6.805575801749272	NA	0	1	0.996005996001	1.0000000000000036e-12	11.616666666666667	LI13	LI
1140031	1150030	1145030.5	107	9.671844169531528	NA	0	1	0.996005996001	1.0000000000000036e-12	11.953271028037383	LI13	LI
1145031	1155030	1150030.5	98	9.04991385431309	NA	0	1	0.996005996001	1.0000000000000036e-12	11.33673469387755	LI13	LI
1150031	1160030	1155030.5	97	9.990901491769545	NA	0	1	0.996005996001	1.0000000000000036e-12	10.917525773195877	LI13	LI
1155031	1165030	1160030.5	98	11.553819444444443	NA	0	1	0.996005996001	1.0000000000000036e-12	11.612244897959183	LI13	LI
1160031	1170030	1165030.5	109	11.74163818359375	NA	0	1	0.996005996001	1.0000000000000036e-12	11.889908256880734	LI13	LI
1165031	1175030	1170030.5	123	11.230999700831436	NA	0	1	0.996005996001	1.0000000000000036e-12	11.658536585365853	LI13	LI
1170031	1180030	1175030.5	108	10.720361218069122	NA	0	1	0.996005996001	1.0000000000000036e-12	11.648148148148149	LI13	LI
1175031	1185030	1180030.5	85	11.740142097712305	NA	0	1	0.996005996001	1.0000000000000036e-12	12.176470588235293	LI13	LI
1180031	1190030	1185030.5	59	NA	NA	0	1	0.996005996001	1.0000000000000036e-12	12.305084745762711	LI13	LI
1185031	1195030	1190030.5	62	8.496755555555556	NA	0	1	0.996005996001	1.0000000000000036e-12	11.725806451612904	LI13	LI
1190031	1200030	1195030.5	90	8.496755555555556	243	0	1	0.996005996001	1.0000000000000036e-12	11.5	LI13	LI
1195031	1205030	1200030.5	110	11.52917618002523	122.5806970164609	0	1	0.996005996001	1.0000000000000036e-12	11.863636363636363	LI13	LI
1200031	1210030	1205030.5	132	10.720361218069122	1.0806970164609049	0	1	0.996005996001	1.0000000000000036e-12	11.931818181818182	LI13	LI
1205031	1215030	1210030.5	113	10.796060586495116	0	0	1	0.996005996001	1.0000000000000036e-12	11.946902654867257	LI13	LI
1210031	1220030	1215030.5	72	10.721637866265965	0	0	1	0.996005996001	1.0000000000000036e-12	12.125	LI13	LI
1215031	1225030	1220030.5	81	10.518407212622089	0	0	1	0.996005996001	1.0000000000000036e-12	12.11111111111111	LI13	LI
1220031	1230030	1225030.5	103	10.518407212622089	NA	0	1	0.996005996001	1.0000000000000036e-12	11.990291262135923	LI13	LI
1225031	1235030	1230030.5	89	10.518407212622089	NA	0	1	0.996005996001	1.0000000000000036e-12	12.044943820224718	LI13	LI
1230031	1240030	1235030.5	89	12.672178147758308	NA	0	1	0.996005996001	1.0000000000000036e-12	12.258426966292134	LI13	LI
1235031	1245030	1240030.5	111	12.233134627830564	NA	0	1	0.996005996001	1.0000000000000036e-12	11.99099099099099	LI13	LI
1240031	1250030	1245030.5	128	11.301098577784561	NA	0	1	0.996005996001	1.0000000000000036e-12	11.8671875	LI13	LI
1245031	1255030	1250030.5	121	7.8277587890625	NA	0	1	0.996005996001	1.0000000000000036e-12	11.925619834710744	LI13	LI
1250031	1260030	1255030.5	131	9.55672426746807	0.40187757201646107	0	1	0.996005996001	1.0000000000000036e-12	11.954198473282442	LI13	LI
1255031	1265030	1260030.5	110	9.626012524359034	0.40187757201646107	0	1	0.996005996001	1.0000000000000036e-12	12	LI13	LI
1260031	1270030	1265030.5	110	8.44885211652253	243	0	1	0.996005996001	1.0000000000000036e-12	12.1	LI13	LI
1265031	1275030	1270030.5	144	9.56961821888504	411.5226337448563	0	1	0.996005996001	1.0000000000000036e-12	12.034722222222221	LI13	LI
1270031	1280030	1275030.5	138	11.553819444444443	0	0	1	0.996005996001	1.0000000000000036e-12	11.992753623188406	LI13	LI
1275031	1285030	1280030.5	134	11.212789699682777	0	0	1	0.996005996001	1.0000000000000036e-12	11.880597014925373	LI13	LI
1280031	1290030	1285030.5	100	10.690384321247548	2.488319999999999	0	1	0.996005996001	1.0000000000000036e-12	11.67	LI13	LI
1285031	1295030	1290030.5	82	9.55672426746807	207.00547687242815	0	1	0.996005996001	1.0000000000000036e-12	11.987804878048781	LI13	LI
1290031	1300030	1295030.5	104	9.154332308261266	411.5226337448563	0	1	0.996005996001	1.0000000000000036e-12	12.173076923076923	LI13	LI
1295031	1305030	1300030.5	99	9.8598125	411.5226337448563	0	1	0.996005996001	1.0000000000000036e-12	12.030303030303031	LI13	LI
1300031	1310030	1305030.5	83	10.518407212622089	411.5226337448563	0	1	0.996005996001	1.0000000000000036e-12	12.108433734939759	LI13	LI
1305031	1315030	1310030.5	71	NA	NA	0	1	0.996005996001	1.0000000000000036e-12	12.23943661971831	LI13	LI
1310031	1320030	1315030.5	66	11.8818359375	NA	0	1	0.996005996001	1.0000000000000036e-12	12.181818181818182	LI13	LI
1315031	1325030	1320030.5	94	11.811737060546875	NA	0	1	0.996005996001	1.0000000000000036e-12	12.180851063829786	LI13	LI
1320031	1330030	1325030.5	105	11.30669906925743	NA	0	1	0.996005996001	1.0000000000000036e-12	12.133333333333333	LI13	LI
1325031	1335030	1330030.5	93	11.376797946210555	NA	0	1	0.996005996001	1.0000000000000036e-12	12.043010752688172	LI13	LI
1330031	1340030	1335030.5	79	7.76099537037037	NA	0	1	0.996005996001	1.0000000000000036e-12	11.962025316455696	LI13	LI
1335031	1345030	1340030.5	93	9.69530078125	2.1613940329218098	0	1	0.996005996001	1.0000000000000036e-12	11.64516129032258	LI13	LI
1340031	1350030	1345030.5	102	11.8818359375	2.1613940329218098	0	1	0.996005996001	1.0000000000000036e-12	11.803921568627452	LI13	LI
1345031	1355030	1350030.5	68	11.8818359375	NA	0	1	0.996005996001	1.0000000000000036e-12	12.235294117647058	LI13	LI
1350031	1360030	1355030.5	55	33.351379157182464	2.1613940329218098	0	1	0.996005996001	1.0000000000000036e-12	12.381818181818181	LI13	LI
1355031	1365030	1360030.5	79	5.776909722222221	2.1613940329218098	0	1	0.996005996001	1.0000000000000036e-12	11.89873417721519	LI13	LI
1360031	1370030	1365030.5	72	5.776909722222221	243	0	1	0.996005996001	1.0000000000000036e-12	11.73611111111111	LI13	LI
1365031	1375030	1370030.5	54	7.76099537037037	243	0	1	0.996005996001	1.0000000000000036e-12	12.166666666666666	LI13	LI
1370031	1380030	1375030.5	77	8.665364583333334	411.5226337448563	0	1	0.996005996001	1.0000000000000036e-12	11.792207792207792	LI13	LI
1375031	1385030	1380030.5	104	8.596621260683762	411.5226337448563	0	1	0.996005996001	1.0000000000000036e-12	11.75	LI13	LI
1380031	1390030	1385030.5	105	8.488365027278359	327.26131687242815	0	1	0.996005996001	1.0000000000000036e-12	11.971428571428572	LI13	LI
1385031	1395030	1390030.5	101	8.44885211652253	411.5226337448563	0	1	0.996005996001	1.0000000000000036e-12	12.108910891089108	LI13	LI
1390031	1400030	1395030.5	109	8.138305452792515	411.5226337448563	0	1	0.996005996001	1.0000000000000036e-12	11.990825688073395	LI13	LI
1395031	1405030	1400030.5	96	7.8277587890625	1684.0000000000016	0	1	0.996005996001	1.0000000000000036e-12	11.958333333333334	LI13	LI
1400031	1410030	1405030.5	83	8.496755555555556	1684.0000000000016	0	1	0.996005996001	1.0000000000000036e-12	12.132530120481928	LI13	LI
1405031	1415030	1410030.5	82	7.4877817151966894	134.84773662551441	0	1	0.996005996001	1.0000000000000036e-12	11.878048780487806	LI13	LI
1410031	1420030	1415030.5	101	7.4877817151966894	188.9238683127572	0	1	0.996005996001	1.0000000000000036e-12	11.94059405940594	LI13	LI
1415031	1425030	1420030.5	119	8.472803836039043	327.26131687242815	0	1	0.996005996001	1.0000000000000036e-12	12.268907563025211	LI13	LI
1420031	1430030	1425030.5	115	8.10492374344645	243	0	1	0.996005996001	1.0000000000000036e-12	11.939130434782609	LI13	LI
1425031	1435030	1430030.5	94	7.76099537037037	243	0	1	0.996005996001	1.0000000000000036e-12	11.712765957446809	LI13	LI
1430031	1440030	1435030.5	73	10.165344027011265	327.26131687242815	0	1	0.996005996001	1.0000000000000036e-12	11.712328767123287	LI13	LI
1435031	1445030	1440030.5	73	9.671844169531528	327.26131687242815	0	1	0.996005996001	1.0000000000000036e-12	11.917808219178083	LI13	LI
1440031	1450030	1445030.5	59	10.796060586495116	327.26131687242815	0	1	0.996005996001	1.0000000000000036e-12	12.423728813559322	LI13	LI
1445031	1455030	1450030.5	61	11.8818359375	NA	0	1	0.996005996001	1.0000000000000036e-12	12.032786885245901	LI13	LI
1450031	1460030	1455030.5	88	11.8818359375	0	0	1	0.996005996001	1.0000000000000036e-12	12.272727272727273	LI13	LI
1455031	1465030	1460030.5	106	11.8818359375	0	0	1	0.996005996001	1.0000000000000036e-12	12.29245283018868	LI13	LI
1460031	1470030	1465030.5	86	11.8818359375	NA	0	1	0.996005996001	1.0000000000000036e-12	12.081395348837209	LI13	LI
1465031	1475030	1470030.5	74	10.871759954921112	NA	0	1	0.996005996001	1.0000000000000036e-12	12.256756756756756	LI13	LI
1470031	1480030	1475030.5	78	10.871759954921112	243	0	1	0.996005996001	1.0000000000000036e-12	12.333333333333334	LI13	LI
1475031	1485030	1480030.5	78	7.76099537037037	243	0	1	0.996005996001	1.0000000000000036e-12	11.987179487179487	LI13	LI
1480031	1490030	1485030.5	85	8.10492374344645	327.26131687242815	0	1	0.996005996001	1.0000000000000036e-12	12.070588235294117	LI13	LI
1485031	1495030	1490030.5	73	8.44885211652253	411.5226337448563	0	1	0.996005996001	1.0000000000000036e-12	12.383561643835616	LI13	LI
1490031	1500030	1495030.5	77	8.44885211652253	327.26131687242815	0	1	0.996005996001	1.0000000000000036e-12	12.181818181818182	LI13	LI
1495031	1505030	1500030.5	75	7.76099537037037	243	0	1	0.996005996001	1.0000000000000036e-12	12.186666666666667	LI13	LI
1500031	1510030	1505030.5	60	7.76099537037037	243	0	1	0.996005996001	1.0000000000000036e-12	12.116666666666667	LI13	LI
1505031	1515030	1510030.5	66	7.76099537037037	243	0	1	0.996005996001	1.0000000000000036e-12	12.075757575757576	LI13	LI
1510031	1520030	1515030.5	70	8.44885211652253	243	0	1	0.996005996001	1.0000000000000036e-12	12.185714285714285	LI13	LI
1515031	1525030	1520030.5	68	8.44885211652253	327.26131687242815	0	1	0.996005996001	1.0000000000000036e-12	9.220588235294118	LI13	LI
31	10030	5030.5	140	1331.9475380628437	0	0	1	0.996005996001	1.0000000000000036e-12	58.27857142857143	LI2	LI
5031	15030	10030.5	118	66.2957051042123	NA	0	1	0.996005996001	1.0000000000000036e-12	66.72881355932203	LI2	LI
10031	20030	15030.5	124	66.2957051042123	NA	0	1	0.996005996001	1.0000000000000036e-12	66.91129032258064	LI2	LI
15031	25030	20030.5	89	NA	NA	0	1	0.996005996001	1.0000000000000036e-12	67.34831460674157	LI2	LI
20031	30030	25030.5	77	NA	NA	0	1	0.996005996001	1.0000000000000036e-12	67.1948051948052	LI2	LI
25031	35030	30030.5	108	NA	NA	0	1	0.996005996001	1.0000000000000036e-12	67.62037037037037	LI2	LI
30031	40030	35030.5	117	NA	NA	0	1	0.996005996001	1.0000000000000036e-12	67.91452991452991	LI2	LI
35031	45030	40030.5	78	69.97877496355686	NA	0	1	0.996005996001	1.0000000000000036e-12	68.02564102564102	LI2	LI
40031	50030	45030.5	80	69.97877496355686	NA	0	1	0.996005996001	1.0000000000000036e-12	67.2625	LI2	LI
45031	55030	50030.5	108	NA	NA	0	1	0.996005996001	1.0000000000000036e-12	67.45370370370371	LI2	LI
50031	60030	55030.5	110	39.9631220703125	NA	0	1	0.996005996001	1.0000000000000036e-12	66.71818181818182	LI2	LI
55031	65030	60030.5	97	54.93951584565188	NA	0	1	0.996005996001	1.0000000000000036e-12	66.3917525773196	LI2	LI
60031	70030	65030.5	96	69.91590962099126	NA	0	1	0.996005996001	1.0000000000000036e-12	67.45833333333333	LI2	LI
65031	75030	70030.5	122	NA	NA	0	1	0.996005996001	1.0000000000000036e-12	67.38524590163935	LI2	LI
70031	80030	75030.5	123	67.29623649675739	NA	0	1	0.996005996001	1.0000000000000036e-12	67.8780487804878	LI2	LI
75031	85030	80030.5	90	67.29623649675739	NA	0	1	0.996005996001	1.0000000000000036e-12	67.95555555555555	LI2	LI
80031	90030	85030.5	86	67.97815684313302	NA	0	1	0.996005996001	1.0000000000000036e-12	67.94186046511628	LI2	LI
85031	95030	90030.5	106	67.95459925687842	NA	0	1	0.996005996001	1.0000000000000036e-12	65.52830188679245	LI2	LI
90031	100030	95030.5	129	68.42287816798773	NA	0	1	0.996005996001	1.0000000000000036e-12	64.93798449612403	LI2	LI
95031	105030	100030.5	164	127.54069066600914	1.0952380952380953	0	1	0.996005996001	1.0000000000000036e-12	66.4451219512195	LI2	LI
100031	110030	105030.5	134	68.97847033871217	1.0952380952380953	0	1	0.996005996001	1.0000000000000036e-12	66.82089552238806	LI2	LI
105031	115030	110030.5	88	67.97815221117972	3.0765456211724524	0	1	0.996005996001	1.0000000000000036e-12	67.375	LI2	LI
110031	120030	115030.5	99	126.56358906775395	3.0765456211724524	0	1	0.996005996001	1.0000000000000036e-12	67.4949494949495	LI2	LI
115031	125030	120030.5	99	69.91590962099126	NA	0	1	0.996005996001	1.0000000000000036e-12	67.91919191919192	LI2	LI
120031	130030	125030.5	67	69.91590962099126	NA	0	1	0.996005996001	1.0000000000000036e-12	68.40298507462687	LI2	LI
125031	135030	130030.5	88	NA	NA	0	1	0.996005996001	1.0000000000000036e-12	68.10227272727273	LI2	LI
130031	140030	135030.5	118	NA	NA	0	1	0.996005996001	1.0000000000000036e-12	67.12711864406779	LI2	LI
135031	145030	140030.5	96	62.976441678964356	NA	0	1	0.996005996001	1.0000000000000036e-12	67.08333333333333	LI2	LI
140031	150030	145030.5	138	62.976441678964356	NA	0	1	0.996005996001	1.0000000000000036e-12	68.18840579710145	LI2	LI
145031	155030	150030.5	214	NA	NA	0	1	0.996005996001	1.0000000000000036e-12	67.85046728971963	LI2	LI
150031	160030	155030.5	199	NA	NA	0	1	0.996005996001	1.0000000000000036e-12	67.70854271356784	LI2	LI
155031	165030	160030.5	131	NA	NA	0	1	0.996005996001	1.0000000000000036e-12	67.78625954198473	LI2	LI
160031	170030	165030.5	95	69.97877496355686	NA	0	1	0.996005996001	1.0000000000000036e-12	67.61052631578947	LI2	LI
165031	175030	170030.5	87	69.97877496355686	NA	0	1	0.996005996001	1.0000000000000036e-12	67.57471264367815	LI2	LI
170031	180030	175030.5	81	NA	NA	0	1	0.996005996001	1.0000000000000036e-12	67.46913580246914	LI2	LI
175031	185030	180030.5	94	NA	NA	0	1	0.996005996001	1.0000000000000036e-12	67.32978723404256	LI2	LI
180031	190030	185030.5	112	67.93104167062384	NA	0	1	0.996005996001	1.0000000000000036e-12	67.375	LI2	LI
185031	195030	190030.5	101	67.93104167062384	NA	0	1	0.996005996001	1.0000000000000036e-12	67.68316831683168	LI2	LI
190031	200030	195030.5	80	NA	NA	0	1	0.996005996001	1.0000000000000036e-12	67.575	LI2	LI
195031	205030	200030.5	113	NA	NA	0	1	0.996005996001	1.0000000000000036e-12	66.71681415929204	LI2	LI
200031	210030	205030.5	114	68.97847033871217	NA	0	1	0.996005996001	1.0000000000000036e-12	66.43859649122807	LI2	LI
205031	215030	210030.5	91	68.97847033871217	NA	0	1	0.996005996001	1.0000000000000036e-12	66.86813186813187	LI2	LI
210031	220030	215030.5	103	66.94009174106041	NA	0	1	0.996005996001	1.0000000000000036e-12	67.69902912621359	LI2	LI
215031	225030	220030.5	109	67.95109451576573	0.06649232828948669	0	1	0.996005996001	1.0000000000000036e-12	67.46788990825688	LI2	LI
220031	230030	225030.5	84	284.0914647865286	0.06649232828948669	0	1	0.996005996001	1.0000000000000036e-12	67.11904761904762	LI2	LI
225031	235030	230030.5	51	67.97815684313302	NA	0	1	0.996005996001	1.0000000000000036e-12	67.90196078431373	LI2	LI
230031	240030	235030.5	89	67.07866562541084	NA	0	1	0.996005996001	1.0000000000000036e-12	67.74157303370787	LI2	LI
235031	245030	240030.5	105	67.07866562541084	NA	0	1	0.996005996001	1.0000000000000036e-12	67.62857142857143	LI2	LI
240031	250030	245030.5	100	NA	NA	0	1	0.996005996001	1.0000000000000036e-12	67.89	LI2	LI
245031	255030	250030.5	99	NA	NA	0	1	0.996005996001	1.0000000000000036e-12	67.92929292929293	LI2	LI
250031	260030	255030.5	98	NA	NA	0	1	0.996005996001	1.0000000000000036e-12	67.61224489795919	LI2	LI
255031	265030	260030.5	104	NA	NA	0	1	0.996005996001	1.0000000000000036e-12	67.58653846153847	LI2	LI
260031	270030	265030.5	87	NA	NA	0	1	0.996005996001	1.0000000000000036e-12	67.47126436781609	LI2	LI
265031	275030	270030.5	80	58.47397974881961	NA	0	1	0.996005996001	1.0000000000000036e-12	67.1875	LI2	LI
270031	280030	275030.5	82	58.47397974881961	NA	0	1	0.996005996001	1.0000000000000036e-12	67.32926829268293	LI2	LI
275031	285030	280030.5	87	66.97783408364727	NA	0	1	0.996005996001	1.0000000000000036e-12	65.8735632183908	LI2	LI
280031	290030	285030.5	86	66.97783408364727	NA	0	1	0.996005996001	1.0000000000000036e-12	64.63953488372093	LI2	LI
285031	295030	290030.5	91	64.84697281831805	NA	0	1	0.996005996001	1.0000000000000036e-12	65.87912087912088	LI2	LI
290031	300030	295030.5	99	66.75582066189267	NA	0	1	0.996005996001	1.0000000000000036e-12	66.88888888888889	LI2	LI
295031	305030	300030.5	142	66.75582066189267	NA	0	1	0.996005996001	1.0000000000000036e-12	67.42957746478874	LI2	LI
300031	310030	305030.5	134	NA	NA	0	1	0.996005996001	1.0000000000000036e-12	67.7089552238806	LI2	LI
305031	315030	310030.5	90	64.9771590805644	NA	0	1	0.996005996001	1.0000000000000036e-12	66.18888888888888	LI2	LI
310031	320030	315030.5	131	64.9771590805644	NA	0	1	0.996005996001	1.0000000000000036e-12	66.38167938931298	LI2	LI
315031	325030	320030.5	121	63.425137076450774	NA	0	1	0.996005996001	1.0000000000000036e-12	66.9090909090909	LI2	LI
320031	330030	325030.5	92	64.05627884379852	NA	0	1	0.996005996001	1.0000000000000036e-12	65.04347826086956	LI2	LI
325031	335030	330030.5	108	66.33278872713964	NA	0	1	0.996005996001	1.0000000000000036e-12	64.27777777777777	LI2	LI
330031	340030	335030.5	99	67.97815684313302	NA	0	1	0.996005996001	1.0000000000000036e-12	65.68686868686869	LI2	LI
335031	345030	340030.5	84	51.92441380254198	0	0	1	0.996005996001	1.0000000000000036e-12	67.33333333333333	LI2	LI
340031	350030	345030.5	67	51.92441380254198	0	0	1	0.996005996001	1.0000000000000036e-12	66.65671641791045	LI2	LI
345031	355030	350030.5	34	NA	NA	0	1	0.996005996001	1.0000000000000036e-12	58.294117647058826	LI2	LI
350031	360030	355030.5	8	NA	NA	0	1	0.996005996001	1.0000000000000036e-12	24.75	LI2	LI
355031	365030	360030.5	7	NA	NA	0	1	0.996005996001	1.0000000000000036e-12	41.42857142857143	LI2	LI
360031	370030	365030.5	13	4.7385	NA	0	1	0.996005996001	1.0000000000000036e-12	27.76923076923077	LI2	LI
365031	375030	370030.5	54	64.92807062868354	NA	0	1	0.996005996001	1.0000000000000036e-12	50.55555555555556	LI2	LI
370031	380030	375030.5	89	65.95295235616541	NA	0	1	0.996005996001	1.0000000000000036e-12	60.235955056179776	LI2	LI
375031	385030	380030.5	75	NA	NA	0	1	0.996005996001	1.0000000000000036e-12	65.88	LI2	LI
380031	390030	385030.5	67	NA	NA	0	1	0.996005996001	1.0000000000000036e-12	67.35820895522389	LI2	LI
385031	395030	390030.5	81	NA	NA	0	1	0.996005996001	1.0000000000000036e-12	67.34567901234568	LI2	LI
390031	400030	395030.5	81	35.908833821614586	NA	0	1	0.996005996001	1.0000000000000036e-12	66.95061728395062	LI2	LI
395031	405030	400030.5	80	35.908833821614586	NA	0	1	0.996005996001	1.0000000000000036e-12	66.9625	LI2	LI
400031	410030	405030.5	99	NA	NA	0	1	0.996005996001	1.0000000000000036e-12	67.62626262626263	LI2	LI
405031	415030	410030.5	87	38.96219276285844	0.07629723247497461	0	1	0.996005996001	1.0000000000000036e-12	66.63218390804597	LI2	LI
410031	420030	415030.5	67	54.43905119192485	0.07629723247497461	0	1	0.996005996001	1.0000000000000036e-12	65.61194029850746	LI2	LI
415031	425030	420030.5	78	69.91590962099126	NA	0	1	0.996005996001	1.0000000000000036e-12	66.64102564102564	LI2	LI
420031	430030	425030.5	91	NA	NA	0	1	0.996005996001	1.0000000000000036e-12	67.02197802197803	LI2	LI
425031	435030	430030.5	96	NA	NA	0	1	0.996005996001	1.0000000000000036e-12	67.125	LI2	LI
430031	440030	435030.5	96	68.97847033871217	NA	0	1	0.996005996001	1.0000000000000036e-12	67.3125	LI2	LI
435031	445030	440030.5	93	68.97847033871217	10.335104224449807	0	1	0.996005996001	1.0000000000000036e-12	67.05376344086021	LI2	LI
440031	450030	445030.5	80	387.40188243132206	5.233528501218918	0	1	0.996005996001	1.0000000000000036e-12	67.1875	LI2	LI
445031	455030	450030.5	75	387.40188243132206	0.13195277798802776	0	1	0.996005996001	1.0000000000000036e-12	67.41333333333333	LI2	LI
450031	460030	455030.5	96	NA	NA	0	1	0.996005996001	1.0000000000000036e-12	67.41666666666667	LI2	LI
455031	465030	460030.5	93	NA	NA	0	1	0.996005996001	1.0000000000000036e-12	67.7741935483871	LI2	LI
460031	470030	465030.5	97	NA	NA	0	1	0.996005996001	1.0000000000000036e-12	67.50515463917526	LI2	LI
465031	475030	470030.5	85	68.9465925020319	NA	0	1	0.996005996001	1.0000000000000036e-12	67.4	LI2	LI
470031	480030	475030.5	61	68.97847033871217	10.90384615384615	0	1	0.996005996001	1.0000000000000036e-12	67.93442622950819	LI2	LI
475031	485030	480030.5	77	67.45377965253363	10.90384615384615	0	1	0.996005996001	1.0000000000000036e-12	68.2987012987013	LI2	LI
480031	490030	485030.5	54	64.73067942936453	NA	0	1	0.996005996001	1.0000000000000036e-12	68.16666666666667	LI2	LI
485031	495030	490030.5	40	69.97877496355686	NA	0	1	0.996005996001	1.0000000000000036e-12	67.6	LI2	LI
490031	500030	495030.5	54	69.97877496355686	NA	0	1	0.996005996001	1.0000000000000036e-12	67.81481481481481	LI2	LI
495031	505030	500030.5	65	NA	NA	0	1	0.996005996001	1.0000000000000036e-12	67.3076923076923	LI2	LI
500031	510030	505030.5	74	NA	NA	0	1	0.996005996001	1.0000000000000036e-12	66.67567567567568	LI2	LI
505031	515030	510030.5	83	64.9771590805644	NA	0	1	0.996005996001	1.0000000000000036e-12	66.34939759036145	LI2	LI
510031	520030	515030.5	77	64.9771590805644	3.6813877502998933	0	1	0.996005996001	1.0000000000000036e-12	67.01298701298701	LI2	LI
515031	525030	520030.5	59	67.97815684313302	3.6813877502998933	0	1	0.996005996001	1.0000000000000036e-12	68.37288135593221	LI2	LI
520031	530030	525030.5	71	67.97815684313302	NA	0	1	0.996005996001	1.0000000000000036e-12	67.92957746478874	LI2	LI
525031	535030	530030.5	76	27.39715576171875	0	0	1	0.996005996001	1.0000000000000036e-12	67.09210526315789	LI2	LI
530031	540030	535030.5	72	41.60653250522188	2.0610720587433008e-6	0	1	0.996005996001	1.0000000000000036e-12	66.91666666666667	LI2	LI
535031	545030	540030.5	82	55.815909248725	4.1221441174866015e-6	0	1	0.996005996001	1.0000000000000036e-12	67.2560975609756	LI2	LI
540031	550030	545030.5	97	NA	NA	0	1	0.996005996001	1.0000000000000036e-12	67.24742268041237	LI2	LI
545031	555030	550030.5	95	48.05142788137894	0	0	1	0.996005996001	1.0000000000000036e-12	66.51578947368421	LI2	LI
550031	560030	555030.5	63	48.05142788137894	0	0	1	0.996005996001	1.0000000000000036e-12	66.46031746031746	LI2	LI
555031	565030	560030.5	46	66.97783408364727	NA	0	1	0.996005996001	1.0000000000000036e-12	67.3695652173913	LI2	LI
560031	570030	565030.5	73	67.97815221117972	NA	0	1	0.996005996001	1.0000000000000036e-12	67.06849315068493	LI2	LI
565031	575030	570030.5	109	34.7447271319242	0	0	1	0.996005996001	1.0000000000000036e-12	66.22018348623853	LI2	LI
570031	580030	575030.5	102	34.7447271319242	0	0	1	0.996005996001	1.0000000000000036e-12	65.36274509803921	LI2	LI
575031	585030	580030.5	67	60.47527918388429	NA	0	1	0.996005996001	1.0000000000000036e-12	65.4776119402985	LI2	LI
580031	590030	585030.5	70	54.973056724267465	NA	0	1	0.996005996001	1.0000000000000036e-12	67.04285714285714	LI2	LI
585031	595030	590030.5	79	NA	NA	0	1	0.996005996001	1.0000000000000036e-12	67.44303797468355	LI2	LI
590031	600030	595030.5	71	NA	NA	0	1	0.996005996001	1.0000000000000036e-12	67.32394366197182	LI2	LI
595031	605030	600030.5	86	NA	NA	0	1	0.996005996001	1.0000000000000036e-12	67.27906976744185	LI2	LI
600031	610030	605030.5	114	50.41196243713867	3.6398539683839985e-6	0	1	0.996005996001	1.0000000000000036e-12	66.71929824561404	LI2	LI
605031	615030	610030.5	118	50.41196243713867	3.6398539683839985e-6	0	1	0.996005996001	1.0000000000000036e-12	67.30508474576271	LI2	LI
610031	620030	615030.5	107	NA	NA	0	1	0.996005996001	1.0000000000000036e-12	67.8785046728972	LI2	LI
615031	625030	620030.5	100	NA	NA	0	1	0.996005996001	1.0000000000000036e-12	67.78	LI2	LI
620031	630030	625030.5	101	NA	NA	0	1	0.996005996001	1.0000000000000036e-12	68.10891089108911	LI2	LI
625031	635030	630030.5	112	NA	NA	0	1	0.996005996001	1.0000000000000036e-12	67.67857142857143	LI2	LI
630031	640030	635030.5	79	69.97877496355686	NA	0	1	0.996005996001	1.0000000000000036e-12	67.53164556962025	LI2	LI
635031	645030	640030.5	41	69.97877496355686	NA	0	1	0.996005996001	1.0000000000000036e-12	67.6829268292683	LI2	LI
640031	650030	645030.5	57	NA	NA	0	1	0.996005996001	1.0000000000000036e-12	67.63157894736842	LI2	LI
645031	655030	650030.5	63	NA	NA	0	1	0.996005996001	1.0000000000000036e-12	68.01587301587301	LI2	LI
650031	660030	655030.5	64	68.97847033871217	NA	0	1	0.996005996001	1.0000000000000036e-12	67.109375	LI2	LI
655031	665030	660030.5	63	65.11074474833791	1133096.3134765595	0	1	0.996005996001	1.0000000000000036e-12	67.04761904761905	LI2	LI
660031	670030	665030.5	53	61.24301915796366	1133096.3134765595	0	1	0.996005996001	1.0000000000000036e-12	67.22641509433963	LI2	LI
665031	675030	670030.5	35	NA	NA	0	1	0.996005996001	1.0000000000000036e-12	66.82857142857142	LI2	LI
670031	680030	675030.5	11	NA	NA	0	1	0.996005996001	1.0000000000000036e-12	56.72727272727273	LI2	LI
675031	685030	680030.5	9	NA	NA	0	1	0.996005996001	1.0000000000000036e-12	4.333333333333333	LI2	LI
680031	690030	685030.5	7	NA	NA	0	1	0.996005996001	1.0000000000000036e-12	4.571428571428571	LI2	LI
685031	695030	690030.5	0	NA	NA	NA	NA	NA	NA	NA	LI2	LI
690031	700030	695030.5	0	NA	NA	NA	NA	NA	NA	NA	LI2	LI
695031	705030	700030.5	0	NA	NA	NA	NA	NA	NA	NA	LI2	LI
700031	710030	705030.5	16	NA	NA	0	1	0.996005996001	1.0000000000000036e-12	62.8125	LI2	LI
705031	715030	710030.5	62	51.1356699420805	5.003513569638696e-4	0	1	0.996005996001	1.0000000000000036e-12	65.51612903225806	LI2	LI
710031	720030	715030.5	107	57.03080687124063	5.003513569638696e-4	0	1	0.996005996001	1.0000000000000036e-12	66.6822429906542	LI2	LI
715031	725030	720030.5	99	61.950810777683515	NA	0	1	0.996005996001	1.0000000000000036e-12	66.82828282828282	LI2	LI
720031	730030	725030.5	77	62.853178592165406	NA	0	1	0.996005996001	1.0000000000000036e-12	67.03896103896103	LI2	LI
725031	735030	730030.5	74	64.73067942936453	NA	0	1	0.996005996001	1.0000000000000036e-12	67.48648648648648	LI2	LI
730031	740030	735030.5	66	62.663175606456406	NA	0	1	0.996005996001	1.0000000000000036e-12	67.16666666666667	LI2	LI
735031	745030	740030.5	71	62.663175606456406	NA	0	1	0.996005996001	1.0000000000000036e-12	66.71830985915493	LI2	LI
740031	750030	745030.5	77	NA	NA	0	1	0.996005996001	1.0000000000000036e-12	66.6103896103896	LI2	LI
745031	755030	750030.5	72	NA	NA	0	1	0.996005996001	1.0000000000000036e-12	66.83333333333333	LI2	LI
750031	760030	755030.5	75	NA	NA	0	1	0.996005996001	1.0000000000000036e-12	67.02666666666667	LI2	LI
755031	765030	760030.5	93	66.97783408364727	NA	0	1	0.996005996001	1.0000000000000036e-12	66.58064516129032	LI2	LI
760031	770030	765030.5	92	66.97783408364727	NA	0	1	0.996005996001	1.0000000000000036e-12	66.68478260869566	LI2	LI
765031	775030	770030.5	102	NA	NA	0	1	0.996005996001	1.0000000000000036e-12	66.8921568627451	LI2	LI
770031	780030	775030.5	98	NA	NA	0	1	0.996005996001	1.0000000000000036e-12	66.8061224489796	LI2	LI
775031	785030	780030.5	58	NA	NA	0	1	0.996005996001	1.0000000000000036e-12	67.25862068965517	LI2	LI
780031	790030	785030.5	70	NA	NA	0	1	0.996005996001	1.0000000000000036e-12	68.02857142857142	LI2	LI
785031	795030	790030.5	87	NA	NA	0	1	0.996005996001	1.0000000000000036e-12	67	LI2	LI
790031	800030	795030.5	67	NA	NA	0	1	0.996005996001	1.0000000000000036e-12	66.4776119402985	LI2	LI
795031	805030	800030.5	70	69.97877496355686	NA	0	1	0.996005996001	1.0000000000000036e-12	66.95714285714286	LI2	LI
800031	810030	805030.5	66	69.97877496355686	NA	0	1	0.996005996001	1.0000000000000036e-12	67.04545454545455	LI2	LI
805031	815030	810030.5	34	NA	NA	0	1	0.996005996001	1.0000000000000036e-12	63.94117647058823	LI2	LI
810031	820030	815030.5	91	NA	NA	0	1	0.996005996001	1.0000000000000036e-12	62.97802197802198	LI2	LI
815031	825030	820030.5	109	NA	NA	0	1	0.996005996001	1.0000000000000036e-12	64.8348623853211	LI2	LI
820031	830030	825030.5	62	67.93104167062384	NA	0	1	0.996005996001	1.0000000000000036e-12	66.69354838709677	LI2	LI
825031	835030	830030.5	77	67.93104167062384	NA	0	1	0.996005996001	1.0000000000000036e-12	66.92207792207792	LI2	LI
830031	840030	835030.5	78	NA	NA	0	1	0.996005996001	1.0000000000000036e-12	67.37179487179488	LI2	LI
835031	845030	840030.5	84	NA	NA	0	1	0.996005996001	1.0000000000000036e-12	66.61904761904762	LI2	LI
840031	850030	845030.5	91	NA	NA	0	1	0.996005996001	1.0000000000000036e-12	66.86813186813187	LI2	LI
845031	855030	850030.5	85	NA	NA	0	1	0.996005996001	1.0000000000000036e-12	67.5764705882353	LI2	LI
850031	860030	855030.5	94	48.463807038976	NA	0	1	0.996005996001	1.0000000000000036e-12	66.53191489361703	LI2	LI
855031	865030	860030.5	107	48.463807038976	NA	0	1	0.996005996001	1.0000000000000036e-12	66.67289719626169	LI2	LI
860031	870030	865030.5	118	64.9771590805644	NA	0	1	0.996005996001	1.0000000000000036e-12	66.94067796610169	LI2	LI
865031	875030	870030.5	131	67.47796702206062	NA	0	1	0.996005996001	1.0000000000000036e-12	66.40458015267176	LI2	LI
870031	880030	875030.5	100	564.5300603434457	24.00626929012347	0	1	0.996005996001	1.0000000000000036e-12	66.42	LI2	LI
875031	885030	880030.5	50	68.47830452360206	12.003140693152272	0	1	0.996005996001	1.0000000000000036e-12	63.74	LI2	LI
880031	890030	885030.5	29	66.4776678635742	1.2096181072135275e-5	0	1	0.996005996001	1.0000000000000036e-12	50.96551724137931	LI2	LI
885031	895030	890030.5	44	67.47798599110664	NA	0	1	0.996005996001	1.0000000000000036e-12	60.18181818181818	LI2	LI
890031	900030	895030.5	66	68.97847033871217	NA	0	1	0.996005996001	1.0000000000000036e-12	61.92424242424242	LI2	LI
895031	905030	900030.5	39	NA	NA	0	1	0.996005996001	1.0000000000000036e-12	49.58974358974359	LI2	LI
900031	910030	905030.5	26	59.34084418470399	NA	0	1	0.996005996001	1.0000000000000036e-12	36.34615384615385	LI2	LI
905031	915030	910030.5	55	59.787675595636955	1.6271345085315238e-6	0	1	0.996005996001	1.0000000000000036e-12	58.654545454545456	LI2	LI
910031	920030	915030.5	86	443.2824181316011	8.135672542657619e-7	0	1	0.996005996001	1.0000000000000036e-12	66.25581395348837	LI2	LI
915031	925030	920030.5	88	442.6156593943041	6.552487191161694e-6	0	1	0.996005996001	1.0000000000000036e-12	66.68181818181819	LI2	LI
920031	930030	925030.5	107	58.90098953197592	1.3104974382323387e-5	0	1	0.996005996001	1.0000000000000036e-12	67.29906542056075	LI2	LI
925031	935030	930030.5	119	NA	NA	0	1	0.996005996001	1.0000000000000036e-12	66.94117647058823	LI2	LI
930031	940030	935030.5	94	69.97877496355686	NA	0	1	0.996005996001	1.0000000000000036e-12	67.43617021276596	LI2	LI
935031	945030	940030.5	97	69.97877496355686	NA	0	1	0.996005996001	1.0000000000000036e-12	67.70103092783505	LI2	LI
940031	950030	945030.5	99	68.97847033871217	NA	0	1	0.996005996001	1.0000000000000036e-12	67.21212121212122	LI2	LI
945031	955030	950030.5	71	51.968212574603896	NA	0	1	0.996005996001	1.0000000000000036e-12	65.91549295774648	LI2	LI
950031	960030	955030.5	73	63.92702267601813	NA	0	1	0.996005996001	1.0000000000000036e-12	64.23287671232876	LI2	LI
955031	965030	960030.5	66	64.91896984873617	NA	0	1	0.996005996001	1.0000000000000036e-12	63.93939393939394	LI2	LI
960031	970030	965030.5	62	NA	NA	0	1	0.996005996001	1.0000000000000036e-12	65.35483870967742	LI2	LI
965031	975030	970030.5	57	NA	NA	0	1	0.996005996001	1.0000000000000036e-12	63.8421052631579	LI2	LI
970031	980030	975030.5	53	NA	NA	0	1	0.996005996001	1.0000000000000036e-12	65.41509433962264	LI2	LI
975031	985030	980030.5	81	51.97152233514451	NA	0	1	0.996005996001	1.0000000000000036e-12	67.9753086419753	LI2	LI
980031	990030	985030.5	65	51.97152233514451	NA	0	1	0.996005996001	1.0000000000000036e-12	67.01538461538462	LI2	LI
985031	995030	990030.5	67	NA	NA	0	1	0.996005996001	1.0000000000000036e-12	66.92537313432835	LI2	LI
990031	1000030	995030.5	78	NA	NA	0	1	0.996005996001	1.0000000000000036e-12	66.15384615384616	LI2	LI
995031	1005030	1000030.5	84	64.44499578753693	NA	0	1	0.996005996001	1.0000000000000036e-12	65.75	LI2	LI
1000031	1010030	1005030.5	112	64.44499578753693	NA	0	1	0.996005996001	1.0000000000000036e-12	67.23214285714286	LI2	LI
1005031	1015030	1010030.5	116	NA	NA	0	1	0.996005996001	1.0000000000000036e-12	67.77586206896552	LI2	LI
1010031	1020030	1015030.5	123	NA	NA	0	1	0.996005996001	1.0000000000000036e-12	67.79674796747967	LI2	LI
1015031	1025030	1020030.5	92	NA	NA	0	1	0.996005996001	1.0000000000000036e-12	67.3804347826087	LI2	LI
1020031	1030030	1025030.5	59	210.39430023156456	1.1494572585535103	0	1	0.996005996001	1.0000000000000036e-12	66.49152542372882	LI2	LI
1025031	1035030	1030030.5	64	210.39430023156456	1.1494572585535103	0	1	0.996005996001	1.0000000000000036e-12	61.109375	LI2	LI
1030031	1040030	1035030.5	108	65.56819555596209	1.1073447538462727e-7	0	1	0.996005996001	1.0000000000000036e-12	63.68518518518518	LI2	LI
1035031	1045030	1040030.5	134	65.56819555596209	1.1073447538462727e-7	0	1	0.996005996001	1.0000000000000036e-12	66.8955223880597	LI2	LI
1040031	1050030	1045030.5	133	403.3973605204217	0.19067404879495095	0	1	0.996005996001	1.0000000000000036e-12	67.02255639097744	LI2	LI
1045031	1055030	1050030.5	122	403.3973605204217	0.19067404879495095	0	1	0.996005996001	1.0000000000000036e-12	67.51639344262296	LI2	LI
1050031	1060030	1055030.5	95	NA	NA	0	1	0.996005996001	1.0000000000000036e-12	67.2	LI2	LI
1055031	1065030	1060030.5	94	66.93007892441521	NA	0	1	0.996005996001	1.0000000000000036e-12	66.94680851063829	LI2	LI
1060031	1070030	1065030.5	71	66.93007892441521	NA	0	1	0.996005996001	1.0000000000000036e-12	67.3943661971831	LI2	LI
1065031	1075030	1070030.5	68	NA	NA	0	1	0.996005996001	1.0000000000000036e-12	67.48529411764706	LI2	LI
1070031	1080030	1075030.5	102	64.91882275175644	NA	0	1	0.996005996001	1.0000000000000036e-12	67.07843137254902	LI2	LI
1075031	1085030	1080030.5	109	64.91882275175644	NA	0	1	0.996005996001	1.0000000000000036e-12	66.77064220183486	LI2	LI
1080031	1090030	1085030.5	98	NA	NA	0	1	0.996005996001	1.0000000000000036e-12	66.73469387755102	LI2	LI
1085031	1095030	1090030.5	110	69.95247172239432	NA	0	1	0.996005996001	1.0000000000000036e-12	67.30909090909091	LI2	LI
1090031	1100030	1095030.5	102	69.95247172239432	NA	0	1	0.996005996001	1.0000000000000036e-12	67.52941176470588	LI2	LI
1095031	1105030	1100030.5	94	NA	NA	0	1	0.996005996001	1.0000000000000036e-12	67.29787234042553	LI2	LI
1100031	1110030	1105030.5	95	69.97877496355686	NA	0	1	0.996005996001	1.0000000000000036e-12	67.48421052631579	LI2	LI
1105031	1115030	1110030.5	79	69.94734229227406	NA	0	1	0.996005996001	1.0000000000000036e-12	67.78481012658227	LI2	LI
1110031	1120030	1115030.5	94	69.91590962099126	NA	0	1	0.996005996001	1.0000000000000036e-12	67.6063829787234	LI2	LI
1115031	1125030	1120030.5	97	NA	NA	0	1	0.996005996001	1.0000000000000036e-12	67.72164948453609	LI2	LI
1120031	1130030	1125030.5	114	NA	NA	0	1	0.996005996001	1.0000000000000036e-12	67.78070175438596	LI2	LI
1125031	1135030	1130030.5	161	62.41783693196341	NA	0	1	0.996005996001	1.0000000000000036e-12	67.36645962732919	LI2	LI
1130031	1140030	1135030.5	147	63.697498006263906	NA	0	1	0.996005996001	1.0000000000000036e-12	67.59863945578232	LI2	LI
1135031	1145030	1140030.5	120	157.20999853406852	0.27230871794959766	0	1	0.996005996001	1.0000000000000036e-12	67.93333333333334	LI2	LI
1140031	1150030	1145030.5	107	249.44283798757263	0.27230871794959766	0	1	0.996005996001	1.0000000000000036e-12	67.46728971962617	LI2	LI
1145031	1155030	1150030.5	98	NA	NA	0	1	0.996005996001	1.0000000000000036e-12	63.285714285714285	LI2	LI
1150031	1160030	1155030.5	97	69.91590962099126	NA	0	1	0.996005996001	1.0000000000000036e-12	63.50515463917526	LI2	LI
1155031	1165030	1160030.5	98	68.60607305887433	NA	0	1	0.996005996001	1.0000000000000036e-12	67.79591836734694	LI2	LI
1160031	1170030	1165030.5	109	67.29623649675739	NA	0	1	0.996005996001	1.0000000000000036e-12	67.70642201834862	LI2	LI
1165031	1175030	1170030.5	123	68.97847033871217	NA	0	1	0.996005996001	1.0000000000000036e-12	67.51219512195122	LI2	LI
1170031	1180030	1175030.5	108	68.97847033871217	NA	0	1	0.996005996001	1.0000000000000036e-12	67.64814814814815	LI2	LI
1175031	1185030	1180030.5	85	32.0663090357062	1.2504564165920536e-6	0	1	0.996005996001	1.0000000000000036e-12	55.96470588235294	LI2	LI
1180031	1190030	1185030.5	59	34.01270497760104	1.2504564165920536e-6	0	1	0.996005996001	1.0000000000000036e-12	41.69491525423729	LI2	LI
1185031	1195030	1190030.5	62	68.97847033871217	1.4659096820316084	0	1	0.996005996001	1.0000000000000036e-12	45.04838709677419	LI2	LI
1190031	1200030	1195030.5	90	68.97847033871217	1.4659096820316084	0	1	0.996005996001	1.0000000000000036e-12	58.1	LI2	LI
1195031	1205030	1200030.5	110	68.94613011611591	NA	0	1	0.996005996001	1.0000000000000036e-12	67.75454545454545	LI2	LI
1200031	1210030	1205030.5	132	68.97847033871217	NA	0	1	0.996005996001	1.0000000000000036e-12	67.43939393939394	LI2	LI
1205031	1215030	1210030.5	113	68.4783135909226	NA	0	1	0.996005996001	1.0000000000000036e-12	67.39823008849558	LI2	LI
1210031	1220030	1215030.5	72	34.61278927635155	0	0	1	0.996005996001	1.0000000000000036e-12	66.48611111111111	LI2	LI
1215031	1225030	1220030.5	81	35.877318833590536	0	0	1	0.996005996001	1.0000000000000036e-12	66.69135802469135	LI2	LI
1220031	1230030	1225030.5	103	224.01952991217775	0.5897815632375402	0	1	0.996005996001	1.0000000000000036e-12	67.40776699029126	LI2	LI
1225031	1235030	1230030.5	89	NA	NA	0	1	0.996005996001	1.0000000000000036e-12	67.4494382022472	LI2	LI
1230031	1240030	1235030.5	89	NA	NA	0	1	0.996005996001	1.0000000000000036e-12	67.56179775280899	LI2	LI
1235031	1245030	1240030.5	111	NA	NA	0	1	0.996005996001	1.0000000000000036e-12	66.88288288288288	LI2	LI
1240031	1250030	1245030.5	128	69.97877496355686	NA	0	1	0.996005996001	1.0000000000000036e-12	66.96875	LI2	LI
1245031	1255030	1250030.5	121	69.97877496355686	NA	0	1	0.996005996001	1.0000000000000036e-12	67.43801652892562	LI2	LI
1250031	1260030	1255030.5	131	63.727031345538	NA	0	1	0.996005996001	1.0000000000000036e-12	67.53435114503817	LI2	LI
1255031	1265030	1260030.5	110	47.336825189675736	0	0	1	0.996005996001	1.0000000000000036e-12	67.57272727272728	LI2	LI
1260031	1270030	1265030.5	110	30.946619033813477	0	0	1	0.996005996001	1.0000000000000036e-12	67.26363636363637	LI2	LI
1265031	1275030	1270030.5	144	NA	NA	0	1	0.996005996001	1.0000000000000036e-12	67.42361111111111	LI2	LI
1270031	1280030	1275030.5	138	NA	NA	0	1	0.996005996001	1.0000000000000036e-12	67.46376811594203	LI2	LI
1275031	1285030	1280030.5	134	NA	NA	0	1	0.996005996001	1.0000000000000036e-12	67.25373134328358	LI2	LI
1280031	1290030	1285030.5	100	68.97847033871217	NA	0	1	0.996005996001	1.0000000000000036e-12	67.58	LI2	LI
1285031	1295030	1290030.5	82	68.97847033871217	NA	0	1	0.996005996001	1.0000000000000036e-12	67.9390243902439	LI2	LI
1290031	1300030	1295030.5	104	68.97847033871217	NA	0	1	0.996005996001	1.0000000000000036e-12	67.41346153846153	LI2	LI
1295031	1305030	1300030.5	99	44.96715843621399	NA	0	1	0.996005996001	1.0000000000000036e-12	66.97979797979798	LI2	LI
1300031	1310030	1305030.5	83	44.96715843621399	NA	0	1	0.996005996001	1.0000000000000036e-12	67.42168674698796	LI2	LI
1305031	1315030	1310030.5	71	NA	NA	0	1	0.996005996001	1.0000000000000036e-12	68.09859154929578	LI2	LI
1310031	1320030	1315030.5	66	145.74106505190068	0.624295076969974	0	1	0.996005996001	1.0000000000000036e-12	68.10606060606061	LI2	LI
1315031	1325030	1320030.5	94	145.74106505190068	0.624295076969974	0	1	0.996005996001	1.0000000000000036e-12	67.40425531914893	LI2	LI
1320031	1330030	1325030.5	105	NA	NA	0	1	0.996005996001	1.0000000000000036e-12	67.4	LI2	LI
1325031	1335030	1330030.5	93	135.1351168265258	0.6385988502505859	0	1	0.996005996001	1.0000000000000036e-12	67.24731182795699	LI2	LI
1330031	1340030	1335030.5	79	67.97815684313302	0.6385988502505859	0	1	0.996005996001	1.0000000000000036e-12	66.54430379746836	LI2	LI
1335031	1345030	1340030.5	93	62.71495763483966	0	0	1	0.996005996001	1.0000000000000036e-12	66.05376344086021	LI2	LI
1340031	1350030	1345030.5	102	65.84671398677591	0	0	1	0.996005996001	1.0000000000000036e-12	66.6470588235294	LI2	LI
1345031	1355030	1350030.5	68	67.97815684313302	NA	0	1	0.996005996001	1.0000000000000036e-12	67.54411764705883	LI2	LI
1350031	1360030	1355030.5	55	67.97815684313302	NA	0	1	0.996005996001	1.0000000000000036e-12	67.89090909090909	LI2	LI
1355031	1365030	1360030.5	79	NA	NA	0	1	0.996005996001	1.0000000000000036e-12	66.92405063291139	LI2	LI
1360031	1370030	1365030.5	72	NA	NA	0	1	0.996005996001	1.0000000000000036e-12	66.75	LI2	LI
1365031	1375030	1370030.5	54	NA	NA	0	1	0.996005996001	1.0000000000000036e-12	68.33333333333333	LI2	LI
1370031	1380030	1375030.5	77	68.97847033871217	NA	0	1	0.996005996001	1.0000000000000036e-12	66.55844155844156	LI2	LI
1375031	1385030	1380030.5	104	68.97847033871217	NA	0	1	0.996005996001	1.0000000000000036e-12	66.17307692307692	LI2	LI
1380031	1390030	1385030.5	105	65.29515827862018	NA	0	1	0.996005996001	1.0000000000000036e-12	66.84761904761905	LI2	LI
1385031	1395030	1390030.5	101	68.95179295173419	0.9224923752530063	0	1	0.996005996001	1.0000000000000036e-12	67.39603960396039	LI2	LI
1390031	1400030	1395030.5	109	68.95179295173419	0.9224923752530063	0	1	0.996005996001	1.0000000000000036e-12	67.81651376146789	LI2	LI
1395031	1405030	1400030.5	96	66.97783408364727	NA	0	1	0.996005996001	1.0000000000000036e-12	67.83333333333333	LI2	LI
1400031	1410030	1405030.5	83	NA	NA	0	1	0.996005996001	1.0000000000000036e-12	67.40963855421687	LI2	LI
1405031	1415030	1410030.5	82	NA	NA	0	1	0.996005996001	1.0000000000000036e-12	67.02439024390245	LI2	LI
1410031	1420030	1415030.5	101	68.91471466535162	NA	0	1	0.996005996001	1.0000000000000036e-12	67.57425742574257	LI2	LI
1415031	1425030	1420030.5	119	68.91471466535162	NA	0	1	0.996005996001	1.0000000000000036e-12	67.70588235294117	LI2	LI
1420031	1430030	1425030.5	115	NA	NA	0	1	0.996005996001	1.0000000000000036e-12	67.24347826086957	LI2	LI
1425031	1435030	1430030.5	94	NA	NA	0	1	0.996005996001	1.0000000000000036e-12	67.20212765957447	LI2	LI
1430031	1440030	1435030.5	73	68.4783135909226	NA	0	1	0.996005996001	1.0000000000000036e-12	67.43835616438356	LI2	LI
1435031	1445030	1440030.5	73	68.97847033871217	0.7474339112353486	0	1	0.996005996001	1.0000000000000036e-12	67.41095890410959	LI2	LI
1440031	1450030	1445030.5	59	132.25692564093603	0.7474339112353486	0	1	0.996005996001	1.0000000000000036e-12	67.35593220338983	LI2	LI
1445031	1455030	1450030.5	61	69.95247172239432	NA	0	1	0.996005996001	1.0000000000000036e-12	67.29508196721312	LI2	LI
1450031	1460030	1455030.5	88	28.69500290217926	0	0	1	0.996005996001	1.0000000000000036e-12	67.38636363636364	LI2	LI
1455031	1465030	1460030.5	106	28.69500290217926	0	0	1	0.996005996001	1.0000000000000036e-12	67.29245283018868	LI2	LI
1460031	1470030	1465030.5	86	NA	NA	0	1	0.996005996001	1.0000000000000036e-12	67.26744186046511	LI2	LI
1465031	1475030	1470030.5	74	69.97877496355686	NA	0	1	0.996005996001	1.0000000000000036e-12	67.48648648648648	LI2	LI
1470031	1480030	1475030.5	78	69.47862265113451	NA	0	1	0.996005996001	1.0000000000000036e-12	67.41025641025641	LI2	LI
1475031	1485030	1480030.5	78	68.97847033871217	NA	0	1	0.996005996001	1.0000000000000036e-12	66.35897435897436	LI2	LI
1480031	1490030	1485030.5	85	NA	NA	0	1	0.996005996001	1.0000000000000036e-12	66.58823529411765	LI2	LI
1485031	1495030	1490030.5	73	69.97877496355686	NA	0	1	0.996005996001	1.0000000000000036e-12	67.26027397260275	LI2	LI
1490031	1500030	1495030.5	77	59.47428880903153	NA	0	1	0.996005996001	1.0000000000000036e-12	66.94805194805195	LI2	LI
1495031	1505030	1500030.5	75	59.47428880903153	NA	0	1	0.996005996001	1.0000000000000036e-12	67.48	LI2	LI
1500031	1510030	1505030.5	60	69.97877496355686	NA	0	1	0.996005996001	1.0000000000000036e-12	68.21666666666667	LI2	LI
1505031	1515030	1510030.5	66	57.683808387132444	1.7759627521795332e-4	0	1	0.996005996001	1.0000000000000036e-12	67.96969696969697	LI2	LI
1510031	1520030	1515030.5	70	57.683808387132444	1.7759627521795332e-4	0	1	0.996005996001	1.0000000000000036e-12	67.6	LI2	LI
1515031	1525030	1520030.5	68	NA	NA	0	1	0.996005996001	1.0000000000000036e-12	66.25	LI2	LI
31	10030	5030.5	140	13.815014719615526	0	0	1	0.996005996001	1.0000000000000036e-12	12.892857142857142	LI3	LI
5031	15030	10030.5	118	9.844695961228833	0	0	1	0.996005996001	1.0000000000000036e-12	14.135593220338983	LI3	LI
10031	20030	15030.5	124	9.844695961228833	0	0	1	0.996005996001	1.0000000000000036e-12	14.258064516129032	LI3	LI
15031	25030	20030.5	89	11.213793944483633	NA	0	1	0.996005996001	1.0000000000000036e-12	14.853932584269662	LI3	LI
20031	30030	25030.5	77	11.707226670898145	NA	0	1	0.996005996001	1.0000000000000036e-12	14.935064935064934	LI3	LI
25031	35030	30030.5	108	13.81345478735712	NA	0	1	0.996005996001	1.0000000000000036e-12	14.87962962962963	LI3	LI
30031	40030	35030.5	117	12.722520685825351	NA	0	1	0.996005996001	1.0000000000000036e-12	14.88888888888889	LI3	LI
35031	45030	40030.5	78	NA	NA	0	1	0.996005996001	1.0000000000000036e-12	14.76923076923077	LI3	LI
40031	50030	45030.5	80	10.508149148261914	0.17353880327641286	0	1	0.996005996001	1.0000000000000036e-12	14.575	LI3	LI
45031	55030	50030.5	108	12.722520685825351	0.17353880327641286	0	1	0.996005996001	1.0000000000000036e-12	14.805555555555555	LI3	LI
50031	60030	55030.5	110	12.722520685825351	0	0	1	0.996005996001	1.0000000000000036e-12	14.645454545454545	LI3	LI
55031	65030	60030.5	97	11.208910733537675	0	0	1	0.996005996001	1.0000000000000036e-12	14.43298969072165	LI3	LI
60031	70030	65030.5	96	NA	NA	0	1	0.996005996001	1.0000000000000036e-12	14.697916666666666	LI3	LI
65031	75030	70030.5	122	13.73642622010031	NA	0	1	0.996005996001	1.0000000000000036e-12	14.901639344262295	LI3	LI
70031	80030	75030.5	123	11.896634985050156	NA	0	1	0.996005996001	1.0000000000000036e-12	15.08130081300813	LI3	LI
75031	85030	80030.5	90	10.05684375	NA	0	1	0.996005996001	1.0000000000000036e-12	15.1	LI3	LI
80031	90030	85030.5	86	11.095484996271484	2.955267200000002	0	1	0.996005996001	1.0000000000000036e-12	14.976744186046512	LI3	LI
85031	95030	90030.5	106	11.927703986813485	2.955267200000002	0	1	0.996005996001	1.0000000000000036e-12	14.377358490566039	LI3	LI
90031	100030	95030.5	129	12.759922977355487	NA	0	1	0.996005996001	1.0000000000000036e-12	14.054263565891473	LI3	LI
95031	105030	100030.5	164	11.344672525471799	42.666666666666636	0	1	0.996005996001	1.0000000000000036e-12	14.262195121951219	LI3	LI
100031	110030	105030.5	134	5.770775043402777	31.1747355002157	0	1	0.996005996001	1.0000000000000036e-12	14.5	LI3	LI
105031	115030	110030.5	88	6.303939521733774	35.42217061676115	0	1	0.996005996001	1.0000000000000036e-12	14.931818181818182	LI3	LI
110031	120030	115030.5	99	7.570497523311037	136.44476638609854	0	1	0.996005996001	1.0000000000000036e-12	15.141414141414142	LI3	LI
115031	125030	120030.5	99	8.02533696607895	136.44476638609854	0	1	0.996005996001	1.0000000000000036e-12	15.080808080808081	LI3	LI
120031	130030	125030.5	67	9.654384350168122	618.3407881376702	0	1	0.996005996001	1.0000000000000036e-12	14.895522388059701	LI3	LI
125031	135030	130030.5	88	9.539312622196476	297	0	1	0.996005996001	1.0000000000000036e-12	14.943181818181818	LI3	LI
130031	140030	135030.5	118	8.455075976975458	297	0	1	0.996005996001	1.0000000000000036e-12	14.61864406779661	LI3	LI
135031	145030	140030.5	96	8.450626929012346	283.5	0	1	0.996005996001	1.0000000000000036e-12	14.479166666666666	LI3	LI
140031	150030	145030.5	138	8.8011452134606	903.7654320987651	0	1	0.996005996001	1.0000000000000036e-12	14.76086956521739	LI3	LI
145031	155030	150030.5	214	10.762677830722106	921.7235041870528	0	1	0.996005996001	1.0000000000000036e-12	14.551401869158878	LI3	LI
150031	160030	155030.5	199	12.253590127090952	1.9290123456790123	0	1	0.996005996001	1.0000000000000036e-12	14.698492462311558	LI3	LI
155031	165030	160030.5	131	10.366463928197724	1509.6975308641972	0	1	0.996005996001	1.0000000000000036e-12	15.145038167938932	LI3	LI
160031	170030	165030.5	95	13.73642622010031	NA	0	1	0.996005996001	1.0000000000000036e-12	14.8	LI3	LI
165031	175030	170030.5	87	15.910110473632812	NA	0	1	0.996005996001	1.0000000000000036e-12	14.39080459770115	LI3	LI
170031	180030	175030.5	81	10.616196119458243	121.75072886297384	0	1	0.996005996001	1.0000000000000036e-12	14.592592592592593	LI3	LI
175031	185030	180030.5	94	8.179162245472897	124.64511320506212	0	1	0.996005996001	1.0000000000000036e-12	14.457446808510639	LI3	LI
180031	190030	185030.5	112	9.75562818924313	124.64511320506212	0	1	0.996005996001	1.0000000000000036e-12	14.4375	LI3	LI
185031	195030	190030.5	101	13.178502343332362	652.1500312898397	0	1	0.996005996001	1.0000000000000036e-12	14.94059405940594	LI3	LI
190031	200030	195030.5	80	9.882177953184783	5226.7008529988425	0	1	0.996005996001	1.0000000000000036e-12	15.1625	LI3	LI
195031	205030	200030.5	113	9.138320353361639	4866.692133486046	0	1	0.996005996001	1.0000000000000036e-12	14.743362831858407	LI3	LI
200031	210030	205030.5	114	8.61753089744712	894.8094543940025	0	1	0.996005996001	1.0000000000000036e-12	13.991228070175438	LI3	LI
205031	215030	210030.5	91	8.61753089744712	791.6279892160638	0	1	0.996005996001	1.0000000000000036e-12	13.857142857142858	LI3	LI
210031	220030	215030.5	103	8.267912989596839	569.1574112638258	0	1	0.996005996001	1.0000000000000036e-12	14.766990291262136	LI3	LI
215031	225030	220030.5	109	13.25204844724453	NA	0	1	0.996005996001	1.0000000000000036e-12	14.743119266055047	LI3	LI
220031	230030	225030.5	84	13.25204844724453	NA	0	1	0.996005996001	1.0000000000000036e-12	14.761904761904763	LI3	LI
225031	235030	230030.5	51	14.90438888888889	NA	0	1	0.996005996001	1.0000000000000036e-12	15.176470588235293	LI3	LI
230031	240030	235030.5	89	14.90438888888889	868.5147530906352	0	1	0.996005996001	1.0000000000000036e-12	14.97752808988764	LI3	LI
235031	245030	240030.5	105	11.876488707836337	868.5147530906352	0	1	0.996005996001	1.0000000000000036e-12	14.733333333333333	LI3	LI
240031	250030	245030.5	100	NA	NA	0	1	0.996005996001	1.0000000000000036e-12	14.75	LI3	LI
245031	255030	250030.5	99	12.096698512270162	2115.6296296296296	0	1	0.996005996001	1.0000000000000036e-12	15.030303030303031	LI3	LI
250031	260030	255030.5	98	12.096698512270162	2115.6296296296296	0	1	0.996005996001	1.0000000000000036e-12	14.979591836734693	LI3	LI
255031	265030	260030.5	104	15.33148789807873	6.146560000000004	0	1	0.996005996001	1.0000000000000036e-12	14.836538461538462	LI3	LI
260031	270030	265030.5	87	15.33148789807873	6.146560000000004	0	1	0.996005996001	1.0000000000000036e-12	15	LI3	LI
265031	275030	270030.5	80	13.749576017720996	0	0	1	0.996005996001	1.0000000000000036e-12	15.075	LI3	LI
270031	280030	275030.5	82	11.589041561809179	4090.572397500382	0	1	0.996005996001	1.0000000000000036e-12	15.012195121951219	LI3	LI
275031	285030	280030.5	87	10.871759954921112	0.02528254788740263	0	1	0.996005996001	1.0000000000000036e-12	14.74712643678161	LI3	LI
280031	290030	285030.5	86	10.871759954921112	0.012641273943701315	0	1	0.996005996001	1.0000000000000036e-12	14.186046511627907	LI3	LI
285031	295030	290030.5	91	6.728020602460556	NA	0	1	0.996005996001	1.0000000000000036e-12	14.263736263736265	LI3	LI
290031	300030	295030.5	99	10.871759954921112	NA	0	1	0.996005996001	1.0000000000000036e-12	14.424242424242424	LI3	LI
295031	305030	300030.5	142	13.992668300682329	NA	0	1	0.996005996001	1.0000000000000036e-12	14.514084507042254	LI3	LI
300031	310030	305030.5	134	13.73642622010031	NA	0	1	0.996005996001	1.0000000000000036e-12	14.746268656716419	LI3	LI
305031	315030	310030.5	90	13.22947345296283	NA	0	1	0.996005996001	1.0000000000000036e-12	13.655555555555555	LI3	LI
310031	320030	315030.5	131	12.722520685825351	NA	0	1	0.996005996001	1.0000000000000036e-12	14.129770992366412	LI3	LI
315031	325030	320030.5	121	12.722520685825351	NA	0	1	0.996005996001	1.0000000000000036e-12	14.652892561983471	LI3	LI
320031	330030	325030.5	92	12.722520685825351	0	0	1	0.996005996001	1.0000000000000036e-12	13.543478260869565	LI3	LI
325031	335030	330030.5	108	11.605237408622443	0	0	1	0.996005996001	1.0000000000000036e-12	13.777777777777779	LI3	LI
330031	340030	335030.5	99	12.722520685825351	NA	0	1	0.996005996001	1.0000000000000036e-12	14.353535353535353	LI3	LI
335031	345030	340030.5	84	12.722520685825351	0	0	1	0.996005996001	1.0000000000000036e-12	14.452380952380953	LI3	LI
340031	350030	345030.5	67	7.516297801195097	2550.9167999999995	0	1	0.996005996001	1.0000000000000036e-12	13.283582089552239	LI3	LI
345031	355030	350030.5	34	3.4184468333911093	2551.148456547825	0	1	0.996005996001	1.0000000000000036e-12	11.176470588235293	LI3	LI
350031	360030	355030.5	8	3.0172339224749223	0.4633130956507447	0	1	0.996005996001	1.0000000000000036e-12	8.625	LI3	LI
355031	365030	360030.5	7	4.620334890278909	NA	0	0.9285714285714286	0.9304620185925133	1.016828925447741e-7	6.714285714285714	LI3	LI
360031	370030	365030.5	13	5.132677734375	NA	0	1	0.996005996001	1.0000000000000036e-12	6.538461538461538	LI3	LI
365031	375030	370030.5	54	6.044566666666667	1737.0295061812703	0	1	0.996005996001	1.0000000000000036e-12	8.074074074074074	LI3	LI
370031	380030	375030.5	89	6.429178786874109	1737.0295061812703	0	1	0.996005996001	1.0000000000000036e-12	11.067415730337078	LI3	LI
375031	385030	380030.5	75	NA	NA	0	1	0.996005996001	1.0000000000000036e-12	14.413333333333334	LI3	LI
380031	390030	385030.5	67	15.910110473632812	NA	0	1	0.996005996001	1.0000000000000036e-12	14.850746268656716	LI3	LI
385031	395030	390030.5	81	10.928162281429987	3233.5828153814628	0	1	0.996005996001	1.0000000000000036e-12	15.185185185185185	LI3	LI
390031	400030	395030.5	81	10.928162281429987	1616.7914076907314	0	1	0.996005996001	1.0000000000000036e-12	14.938271604938272	LI3	LI
395031	405030	400030.5	80	11.323018391927082	0	0	1	0.996005996001	1.0000000000000036e-12	14.6375	LI3	LI
400031	410030	405030.5	99	NA	NA	0	1	0.996005996001	1.0000000000000036e-12	14.717171717171718	LI3	LI
405031	415030	410030.5	87	10.87082421875	NA	0	1	0.996005996001	1.0000000000000036e-12	14.597701149425287	LI3	LI
410031	420030	415030.5	67	10.87082421875	NA	0	1	0.996005996001	1.0000000000000036e-12	14.223880597014926	LI3	LI
415031	425030	420030.5	78	8.116467016879348	NA	0	1	0.996005996001	1.0000000000000036e-12	14.166666666666666	LI3	LI
420031	430030	425030.5	91	11.95924068388523	NA	0	1	0.996005996001	1.0000000000000036e-12	14.274725274725276	LI3	LI
425031	435030	430030.5	96	15.802014350891113	NA	0	1	0.996005996001	1.0000000000000036e-12	14.53125	LI3	LI
430031	440030	435030.5	96	11.707226670898145	NA	0	1	0.996005996001	1.0000000000000036e-12	14.885416666666666	LI3	LI
435031	445030	440030.5	93	9.620331060377005	555.5555555555561	0	1	0.996005996001	1.0000000000000036e-12	14.516129032258064	LI3	LI
440031	450030	445030.5	80	8.378870961187065	555.5555555555561	0	1	0.996005996001	1.0000000000000036e-12	14.2125	LI3	LI
445031	455030	450030.5	75	12.722520685825351	NA	0	1	0.996005996001	1.0000000000000036e-12	14.426666666666666	LI3	LI
450031	460030	455030.5	96	11.8818359375	NA	0	1	0.996005996001	1.0000000000000036e-12	14.645833333333334	LI3	LI
455031	465030	460030.5	93	10.535693801921376	16866.50819616143	0	1	0.996005996001	1.0000000000000036e-12	14.387096774193548	LI3	LI
460031	470030	465030.5	97	7.0867195777409915	16866.50819616143	0	1	0.996005996001	1.0000000000000036e-12	14.474226804123711	LI3	LI
465031	475030	470030.5	85	13.775802033983236	NA	0	1	0.996005996001	1.0000000000000036e-12	14.823529411764707	LI3	LI
470031	480030	475030.5	61	13.775802033983236	NA	0	1	0.996005996001	1.0000000000000036e-12	15.131147540983607	LI3	LI
475031	485030	480030.5	77	NA	NA	0	1	0.996005996001	1.0000000000000036e-12	15.155844155844155	LI3	LI
480031	490030	485030.5	54	NA	NA	0	1	0.996005996001	1.0000000000000036e-12	14.777777777777779	LI3	LI
485031	495030	490030.5	40	NA	NA	0	1	0.996005996001	1.0000000000000036e-12	15.2	LI3	LI
490031	500030	495030.5	54	15.910110473632812	NA	0	1	0.996005996001	1.0000000000000036e-12	15.25925925925926	LI3	LI
495031	505030	500030.5	65	15.910110473632812	NA	0	1	0.996005996001	1.0000000000000036e-12	14.738461538461538	LI3	LI
500031	510030	505030.5	74	NA	NA	0	1	0.996005996001	1.0000000000000036e-12	14.783783783783784	LI3	LI
505031	515030	510030.5	83	NA	NA	0	1	0.996005996001	1.0000000000000036e-12	14.25301204819277	LI3	LI
510031	520030	515030.5	77	8.84542181069959	NA	0	1	0.996005996001	1.0000000000000036e-12	14.233766233766234	LI3	LI
515031	525030	520030.5	59	11.323018391927082	0	0	1	0.996005996001	1.0000000000000036e-12	14.796610169491526	LI3	LI
520031	530030	525030.5	71	13.611151603498543	0	0	1	0.996005996001	1.0000000000000036e-12	14.04225352112676	LI3	LI
525031	535030	530030.5	76	12.759922977355487	NA	0	1	0.996005996001	1.0000000000000036e-12	13.723684210526315	LI3	LI
530031	540030	535030.5	72	12.759922977355487	NA	0	1	0.996005996001	1.0000000000000036e-12	13.625	LI3	LI
535031	545030	540030.5	82	11.438970824652777	15.4320987654321	0	1	0.996005996001	1.0000000000000036e-12	13.621951219512194	LI3	LI
540031	550030	545030.5	97	8.916682630208333	15.4320987654321	0	1	0.996005996001	1.0000000000000036e-12	14.185567010309278	LI3	LI
545031	555030	550030.5	95	9.8598125	0	0	1	0.996005996001	1.0000000000000036e-12	14.673684210526316	LI3	LI
550031	560030	555030.5	63	12.174500000000002	0	0	1	0.996005996001	1.0000000000000036e-12	14.873015873015873	LI3	LI
555031	565030	560030.5	46	NA	NA	0	1	0.996005996001	1.0000000000000036e-12	14.673913043478262	LI3	LI
560031	570030	565030.5	73	NA	NA	0	1	0.996005996001	1.0000000000000036e-12	14.643835616438356	LI3	LI
565031	575030	570030.5	109	11.137090331256783	NA	0	1	0.996005996001	1.0000000000000036e-12	14.229357798165138	LI3	LI
570031	580030	575030.5	102	11.553819444444443	NA	0	1	0.996005996001	1.0000000000000036e-12	14.068627450980392	LI3	LI
575031	585030	580030.5	67	11.72808837890625	0	0	1	0.996005996001	1.0000000000000036e-12	14.417910447761194	LI3	LI
580031	590030	585030.5	70	11.29992416691368	0	0	1	0.996005996001	1.0000000000000036e-12	14.371428571428572	LI3	LI
585031	595030	590030.5	79	10.359102994895382	NA	0	1	0.996005996001	1.0000000000000036e-12	14.126582278481013	LI3	LI
590031	600030	595030.5	71	11.553819444444443	NA	0	1	0.996005996001	1.0000000000000036e-12	14.366197183098592	LI3	LI
595031	605030	600030.5	86	12.138170065134897	NA	0	1	0.996005996001	1.0000000000000036e-12	14.651162790697674	LI3	LI
600031	610030	605030.5	114	11.553819444444443	NA	0	1	0.996005996001	1.0000000000000036e-12	14.175438596491228	LI3	LI
605031	615030	610030.5	118	10.786282819188468	NA	0	1	0.996005996001	1.0000000000000036e-12	14.11864406779661	LI3	LI
610031	620030	615030.5	107	9.778050436749162	NA	0	1	0.996005996001	1.0000000000000036e-12	14.728971962616823	LI3	LI
615031	625030	620030.5	100	10.05684375	NA	0	1	0.996005996001	1.0000000000000036e-12	15.12	LI3	LI
620031	630030	625030.5	101	12.983477111816406	NA	0	1	0.996005996001	1.0000000000000036e-12	15.029702970297029	LI3	LI
625031	635030	630030.5	112	13.73642622010031	NA	0	1	0.996005996001	1.0000000000000036e-12	14.589285714285714	LI3	LI
630031	640030	635030.5	79	12.228393719084716	NA	0	1	0.996005996001	1.0000000000000036e-12	14.379746835443038	LI3	LI
635031	645030	640030.5	41	NA	NA	0	1	0.996005996001	1.0000000000000036e-12	14.512195121951219	LI3	LI
640031	650030	645030.5	57	11.707226670898145	NA	0	1	0.996005996001	1.0000000000000036e-12	13.964912280701755	LI3	LI
645031	655030	650030.5	63	11.707226670898145	NA	0	1	0.996005996001	1.0000000000000036e-12	14.301587301587302	LI3	LI
650031	660030	655030.5	64	10.095047168085694	NA	0	1	0.996005996001	1.0000000000000036e-12	14.359375	LI3	LI
655031	665030	660030.5	63	11.344672525471799	NA	0	1	0.996005996001	1.0000000000000036e-12	14.444444444444445	LI3	LI
660031	670030	665030.5	53	10.69360137814191	NA	0	1	0.996005996001	1.0000000000000036e-12	15	LI3	LI
665031	675030	670030.5	35	8.496755555555556	NA	0	1	0.996005996001	1.0000000000000036e-12	14.914285714285715	LI3	LI
670031	680030	675030.5	11	NA	NA	0	1	0.996005996001	1.0000000000000036e-12	13.454545454545455	LI3	LI
675031	685030	680030.5	9	NA	NA	0	1	0.996005996001	1.0000000000000036e-12	11.333333333333334	LI3	LI
680031	690030	685030.5	7	NA	NA	0	1	0.996005996001	1.0000000000000036e-12	12.857142857142858	LI3	LI
685031	695030	690030.5	0	NA	NA	NA	NA	NA	NA	NA	LI3	LI
690031	700030	695030.5	0	NA	NA	NA	NA	NA	NA	NA	LI3	LI
695031	705030	700030.5	0	NA	NA	NA	NA	NA	NA	NA	LI3	LI
700031	710030	705030.5	16	NA	NA	0	1	0.996005996001	1.0000000000000036e-12	13.8125	LI3	LI
705031	715030	710030.5	62	15.910110473632812	NA	0	1	0.996005996001	1.0000000000000036e-12	14.403225806451612	LI3	LI
710031	720030	715030.5	107	15.910110473632812	NA	0	1	0.996005996001	1.0000000000000036e-12	14.514018691588785	LI3	LI
715031	725030	720030.5	99	NA	NA	0	1	0.996005996001	1.0000000000000036e-12	14.434343434343434	LI3	LI
720031	730030	725030.5	77	13.312177870008682	0	0	1	0.996005996001	1.0000000000000036e-12	14.688311688311689	LI3	LI
725031	735030	730030.5	74	13.312177870008682	0	0	1	0.996005996001	1.0000000000000036e-12	15.013513513513514	LI3	LI
730031	740030	735030.5	66	12.740051535623774	NA	0	1	0.996005996001	1.0000000000000036e-12	14.878787878787879	LI3	LI
735031	745030	740030.5	71	14.78971875	1	0	1	0.996005996001	1.0000000000000036e-12	14.816901408450704	LI3	LI
740031	750030	745030.5	77	60.248377777777776	1	0	1	0.996005996001	1.0000000000000036e-12	14.805194805194805	LI3	LI
745031	755030	750030.5	72	8.496755555555556	NA	0	1	0.996005996001	1.0000000000000036e-12	14.458333333333334	LI3	LI
750031	760030	755030.5	75	12.313207712932112	NA	0	1	0.996005996001	1.0000000000000036e-12	14.4	LI3	LI
755031	765030	760030.5	93	12.313207712932112	NA	0	1	0.996005996001	1.0000000000000036e-12	14.204301075268818	LI3	LI
760031	770030	765030.5	92	8.665364583333334	NA	0	1	0.996005996001	1.0000000000000036e-12	13.847826086956522	LI3	LI
765031	775030	770030.5	102	8.665364583333334	NA	0	1	0.996005996001	1.0000000000000036e-12	13.892156862745098	LI3	LI
770031	780030	775030.5	98	NA	NA	0	1	0.996005996001	1.0000000000000036e-12	14.03061224489796	LI3	LI
775031	785030	780030.5	58	NA	NA	0	1	0.996005996001	1.0000000000000036e-12	14.224137931034482	LI3	LI
780031	790030	785030.5	70	NA	NA	0	1	0.996005996001	1.0000000000000036e-12	13.914285714285715	LI3	LI
785031	795030	790030.5	87	12.367968038802912	0	0	1	0.996005996001	1.0000000000000036e-12	13.862068965517242	LI3	LI
790031	800030	795030.5	67	12.367968038802912	0	0	1	0.996005996001	1.0000000000000036e-12	13.880597014925373	LI3	LI
795031	805030	800030.5	70	6.805575801749272	NA	0	1	0.996005996001	1.0000000000000036e-12	13.571428571428571	LI3	LI
800031	810030	805030.5	66	10.351733327259474	NA	0	1	0.996005996001	1.0000000000000036e-12	13.787878787878787	LI3	LI
805031	815030	810030.5	34	13.897890852769677	NA	0	1	0.996005996001	1.0000000000000036e-12	13.558823529411764	LI3	LI
810031	820030	815030.5	91	12.123497509954525	8181.144795000764	0	1	0.996005996001	1.0000000000000036e-12	13.67032967032967	LI3	LI
815031	825030	820030.5	109	12.841469892313324	4090.5820993960547	0	1	0.996005996001	1.0000000000000036e-12	14.211009174311927	LI3	LI
820031	830030	825030.5	62	12.841469892313324	0.0194037913455986	0	1	0.996005996001	1.0000000000000036e-12	15.048387096774194	LI3	LI
825031	835030	830030.5	77	9.477	NA	0	1	0.996005996001	1.0000000000000036e-12	14.636363636363637	LI3	LI
830031	840030	835030.5	78	9.477	NA	0	1	0.996005996001	1.0000000000000036e-12	14.653846153846153	LI3	LI
835031	845030	840030.5	84	10.203501383463543	5.947730112453148	0	1	0.996005996001	1.0000000000000036e-12	14.297619047619047	LI3	LI
840031	850030	845030.5	91	11.527681630574243	5.947730112453148	0	1	0.996005996001	1.0000000000000036e-12	14.32967032967033	LI3	LI
845031	855030	850030.5	85	11.313725077554736	NA	0	1	0.996005996001	1.0000000000000036e-12	14.635294117647058	LI3	LI
850031	860030	855030.5	94	13.723829263848398	0	0	1	0.996005996001	1.0000000000000036e-12	14.148936170212766	LI3	LI
855031	865030	860030.5	107	14.816969868740605	0.2636718750000001	0	1	0.996005996001	1.0000000000000036e-12	14.373831775700934	LI3	LI
860031	870030	865030.5	118	10.518407212622089	0.9481293135000006	0	1	0.996005996001	1.0000000000000036e-12	14.322033898305085	LI3	LI
865031	875030	870030.5	131	10.518407212622089	NA	0	1	0.996005996001	1.0000000000000036e-12	14.076335877862595	LI3	LI
870031	880030	875030.5	100	10.518407212622089	NA	0	1	0.996005996001	1.0000000000000036e-12	14.29	LI3	LI
875031	885030	880030.5	50	7.540221899871855	NA	0	1	0.996005996001	1.0000000000000036e-12	13.12	LI3	LI
880031	890030	885030.5	29	4.5620365871216215	NA	0	1	0.996005996001	1.0000000000000036e-12	10.448275862068966	LI3	LI
885031	895030	890030.5	44	NA	NA	0	1	0.996005996001	1.0000000000000036e-12	13.568181818181818	LI3	LI
890031	900030	895030.5	66	10.638829023363174	NA	0	1	0.996005996001	1.0000000000000036e-12	14.333333333333334	LI3	LI
895031	905030	900030.5	39	10.638829023363174	NA	0	1	0.996005996001	1.0000000000000036e-12	11.871794871794872	LI3	LI
900031	910030	905030.5	26	9.491061989503503	0.02237551891099668	0	1	0.996005996001	1.0000000000000036e-12	6.653846153846154	LI3	LI
905031	915030	910030.5	55	15.463744997814084	0.10956076914787886	0	1	0.996005996001	1.0000000000000036e-12	12.418181818181818	LI3	LI
910031	920030	915030.5	86	15.463744997814084	0.2965666279601829	0	1	0.996005996001	1.0000000000000036e-12	14.30232558139535	LI3	LI
915031	925030	920030.5	88	10.941381613144117	0.03764120916696232	0	1	0.996005996001	1.0000000000000036e-12	14.329545454545455	LI3	LI
920031	930030	925030.5	107	12.405763226288235	0.03764120916696232	0	1	0.996005996001	1.0000000000000036e-12	14.663551401869158	LI3	LI
925031	935030	930030.5	119	NA	NA	0	1	0.996005996001	1.0000000000000036e-12	14.739495798319327	LI3	LI
930031	940030	935030.5	94	NA	NA	0	1	0.996005996001	1.0000000000000036e-12	14.936170212765957	LI3	LI
935031	945030	940030.5	97	NA	NA	0	1	0.996005996001	1.0000000000000036e-12	14.8659793814433	LI3	LI
940031	950030	945030.5	99	10.720361218069122	NA	0	1	0.996005996001	1.0000000000000036e-12	14.636363636363637	LI3	LI
945031	955030	950030.5	71	9.965893499659561	0	0	1	0.996005996001	1.0000000000000036e-12	14.394366197183098	LI3	LI
950031	960030	955030.5	73	9.21142578125	0	0	1	0.996005996001	1.0000000000000036e-12	13.931506849315069	LI3	LI
955031	965030	960030.5	66	NA	NA	0	1	0.996005996001	1.0000000000000036e-12	13.424242424242424	LI3	LI
960031	970030	965030.5	62	15.655517578125	NA	0	1	0.996005996001	1.0000000000000036e-12	13.016129032258064	LI3	LI
965031	975030	970030.5	57	15.655517578125	NA	0	1	0.996005996001	1.0000000000000036e-12	12.421052631578947	LI3	LI
970031	980030	975030.5	53	15.910110473632812	NA	0	1	0.996005996001	1.0000000000000036e-12	13.79245283018868	LI3	LI
975031	985030	980030.5	81	12.693555236816406	NA	0	1	0.996005996001	1.0000000000000036e-12	14.592592592592593	LI3	LI
980031	990030	985030.5	65	12.88595776911698	0.06584362139917696	0	1	0.996005996001	1.0000000000000036e-12	14.23076923076923	LI3	LI
985031	995030	990030.5	67	12.88595776911698	0.039277546964236534	0	1	0.996005996001	1.0000000000000036e-12	14.552238805970148	LI3	LI
990031	1000030	995030.5	78	9.797646536837435	0.039277546964236534	0	1	0.996005996001	1.0000000000000036e-12	14.384615384615385	LI3	LI
995031	1005030	1000030.5	84	11.74163818359375	NA	0	1	0.996005996001	1.0000000000000036e-12	14.178571428571429	LI3	LI
1000031	1010030	1005030.5	112	13.73642622010031	NA	0	1	0.996005996001	1.0000000000000036e-12	14.508928571428571	LI3	LI
1005031	1015030	1010030.5	116	14.3204075544946	NA	0	1	0.996005996001	1.0000000000000036e-12	14.974137931034482	LI3	LI
1010031	1020030	1015030.5	123	NA	NA	0	1	0.996005996001	1.0000000000000036e-12	14.861788617886178	LI3	LI
1015031	1025030	1020030.5	92	NA	NA	0	1	0.996005996001	1.0000000000000036e-12	14.478260869565217	LI3	LI
1020031	1030030	1025030.5	59	12.169003580673904	NA	0	1	0.996005996001	1.0000000000000036e-12	14.338983050847459	LI3	LI
1025031	1035030	1030030.5	64	12.169003580673904	NA	0	1	0.996005996001	1.0000000000000036e-12	12.265625	LI3	LI
1030031	1040030	1035030.5	108	14.389620977893923	0.1685495311841417	0	1	0.996005996001	1.0000000000000036e-12	13.027777777777779	LI3	LI
1035031	1045030	1040030.5	134	13.215258254017051	0.08427476559207085	0	1	0.996005996001	1.0000000000000036e-12	14.291044776119403	LI3	LI
1040031	1050030	1045030.5	133	11.696156510997344	0	0	1	0.996005996001	1.0000000000000036e-12	14.488721804511279	LI3	LI
1045031	1055030	1050030.5	122	NA	NA	0	1	0.996005996001	1.0000000000000036e-12	14.598360655737705	LI3	LI
1050031	1060030	1055030.5	95	6.055411380512027	NA	0	1	0.996005996001	1.0000000000000036e-12	14.25263157894737	LI3	LI
1055031	1065030	1060030.5	94	6.583967292274053	NA	0	1	0.996005996001	1.0000000000000036e-12	14.457446808510639	LI3	LI
1060031	1070030	1065030.5	71	11.057376836623266	NA	0	1	0.996005996001	1.0000000000000036e-12	15.126760563380282	LI3	LI
1065031	1075030	1070030.5	68	11.323018391927082	0	0	1	0.996005996001	1.0000000000000036e-12	14.735294117647058	LI3	LI
1070031	1080030	1075030.5	102	10.591415445963541	0	0	1	0.996005996001	1.0000000000000036e-12	14.343137254901961	LI3	LI
1075031	1085030	1080030.5	109	13.252314814814811	0.031249999999999955	0	1	0.996005996001	1.0000000000000036e-12	14.412844036697248	LI3	LI
1080031	1090030	1085030.5	98	13.252314814814811	0.031249999999999955	0	1	0.996005996001	1.0000000000000036e-12	14.561224489795919	LI3	LI
1085031	1095030	1090030.5	110	11.798119360050155	NA	0	1	0.996005996001	1.0000000000000036e-12	14.5	LI3	LI
1090031	1100030	1095030.5	102	11.798119360050155	NA	0	1	0.996005996001	1.0000000000000036e-12	14.53921568627451	LI3	LI
1095031	1105030	1100030.5	94	NA	NA	0	1	0.996005996001	1.0000000000000036e-12	14.75531914893617	LI3	LI
1100031	1110030	1105030.5	95	NA	NA	0	1	0.996005996001	1.0000000000000036e-12	14.83157894736842	LI3	LI
1105031	1115030	1110030.5	79	12.98252177239214	0.21692350409551606	0	1	0.996005996001	1.0000000000000036e-12	14.949367088607595	LI3	LI
1110031	1120030	1115030.5	94	11.493777747723126	0.21692350409551606	0	1	0.996005996001	1.0000000000000036e-12	14.606382978723405	LI3	LI
1115031	1125030	1120030.5	97	11.707226670898145	NA	0	1	0.996005996001	1.0000000000000036e-12	14.577319587628866	LI3	LI
1120031	1130030	1125030.5	114	13.775802033983236	NA	0	1	0.996005996001	1.0000000000000036e-12	14.666666666666666	LI3	LI
1125031	1135030	1130030.5	161	NA	NA	0	1	0.996005996001	1.0000000000000036e-12	14.639751552795031	LI3	LI
1130031	1140030	1135030.5	147	15.910110473632812	NA	0	1	0.996005996001	1.0000000000000036e-12	14.748299319727892	LI3	LI
1135031	1145030	1140030.5	120	15.910110473632812	NA	0	1	0.996005996001	1.0000000000000036e-12	14.45	LI3	LI
1140031	1150030	1145030.5	107	NA	NA	0	1	0.996005996001	1.0000000000000036e-12	14.317757009345794	LI3	LI
1145031	1155030	1150030.5	98	NA	NA	0	1	0.996005996001	1.0000000000000036e-12	13.683673469387756	LI3	LI
1150031	1160030	1155030.5	97	NA	NA	0	1	0.996005996001	1.0000000000000036e-12	13.505154639175258	LI3	LI
1155031	1165030	1160030.5	98	13.897890852769677	NA	0	1	0.996005996001	1.0000000000000036e-12	14.408163265306122	LI3	LI
1160031	1170030	1165030.5	109	12.164484767297118	0	0	1	0.996005996001	1.0000000000000036e-12	14.596330275229358	LI3	LI
1165031	1175030	1170030.5	123	10.720361218069122	0	0	1	0.996005996001	1.0000000000000036e-12	14.40650406504065	LI3	LI
1170031	1180030	1175030.5	108	10.720361218069122	NA	0	1	0.996005996001	1.0000000000000036e-12	14.49074074074074	LI3	LI
1175031	1185030	1180030.5	85	NA	NA	0	1	0.996005996001	1.0000000000000036e-12	15.129411764705882	LI3	LI
1180031	1190030	1185030.5	59	14.90438888888889	NA	0	1	0.996005996001	1.0000000000000036e-12	15.305084745762711	LI3	LI
1185031	1195030	1190030.5	62	13.22947345296283	NA	0	1	0.996005996001	1.0000000000000036e-12	14.274193548387096	LI3	LI
1190031	1200030	1195030.5	90	12.214873678361748	5801.571777343757	0	1	0.996005996001	1.0000000000000036e-12	14.088888888888889	LI3	LI
1195031	1205030	1200030.5	110	14.227953533624571	0.14511341845067238	0	1	0.996005996001	1.0000000000000036e-12	14.336363636363636	LI3	LI
1200031	1210030	1205030.5	132	14.227953533624571	0.05292214940134471	0	1	0.996005996001	1.0000000000000036e-12	14.575757575757576	LI3	LI
1205031	1215030	1210030.5	113	14.3204075544946	NA	0	1	0.996005996001	1.0000000000000036e-12	14.823008849557523	LI3	LI
1210031	1220030	1215030.5	72	11.457064405481377	0	0	1	0.996005996001	1.0000000000000036e-12	14.833333333333334	LI3	LI
1215031	1225030	1220030.5	81	11.046717515389838	0	0	1	0.996005996001	1.0000000000000036e-12	14.864197530864198	LI3	LI
1220031	1230030	1225030.5	103	10.42810856498873	0	0	1	0.996005996001	1.0000000000000036e-12	14.844660194174757	LI3	LI
1225031	1235030	1230030.5	89	10.42810856498873	0	0	1	0.996005996001	1.0000000000000036e-12	14.719101123595506	LI3	LI
1230031	1240030	1235030.5	89	NA	NA	0	1	0.996005996001	1.0000000000000036e-12	14.752808988764045	LI3	LI
1235031	1245030	1240030.5	111	12.367968038802912	0	0	1	0.996005996001	1.0000000000000036e-12	14.666666666666666	LI3	LI
1240031	1250030	1245030.5	128	12.367968038802912	0	0	1	0.996005996001	1.0000000000000036e-12	14.5625	LI3	LI
1245031	1255030	1250030.5	121	9.232901614887027	NA	0	1	0.996005996001	1.0000000000000036e-12	14.49586776859504	LI3	LI
1250031	1260030	1255030.5	131	9.232901614887027	NA	0	1	0.996005996001	1.0000000000000036e-12	14.473282442748092	LI3	LI
1255031	1265030	1260030.5	110	13.765992213320926	0	0	1	0.996005996001	1.0000000000000036e-12	14.654545454545454	LI3	LI
1260031	1270030	1265030.5	110	12.313207712932112	0	0	1	0.996005996001	1.0000000000000036e-12	14.909090909090908	LI3	LI
1265031	1275030	1270030.5	144	11.867411295572916	0	0	1	0.996005996001	1.0000000000000036e-12	14.82638888888889	LI3	LI
1270031	1280030	1275030.5	138	12.832222710449074	0	0	1	0.996005996001	1.0000000000000036e-12	14.731884057971014	LI3	LI
1275031	1285030	1280030.5	134	12.832222710449074	0	0	1	0.996005996001	1.0000000000000036e-12	14.567164179104477	LI3	LI
1280031	1290030	1285030.5	100	NA	NA	0	1	0.996005996001	1.0000000000000036e-12	14.52	LI3	LI
1285031	1295030	1290030.5	82	11.344672525471799	NA	0	1	0.996005996001	1.0000000000000036e-12	14.817073170731707	LI3	LI
1290031	1300030	1295030.5	104	11.344672525471799	NA	0	1	0.996005996001	1.0000000000000036e-12	14.817307692307692	LI3	LI
1295031	1305030	1300030.5	99	11.707226670898145	NA	0	1	0.996005996001	1.0000000000000036e-12	14.747474747474747	LI3	LI
1300031	1310030	1305030.5	83	11.707226670898145	NA	0	1	0.996005996001	1.0000000000000036e-12	14.867469879518072	LI3	LI
1305031	1315030	1310030.5	71	NA	NA	0	1	0.996005996001	1.0000000000000036e-12	15.084507042253522	LI3	LI
1310031	1320030	1315030.5	66	NA	NA	0	1	0.996005996001	1.0000000000000036e-12	14.893939393939394	LI3	LI
1315031	1325030	1320030.5	94	NA	NA	0	1	0.996005996001	1.0000000000000036e-12	14.851063829787234	LI3	LI
1320031	1330030	1325030.5	105	13.178502343332362	NA	0	1	0.996005996001	1.0000000000000036e-12	14.971428571428572	LI3	LI
1325031	1335030	1330030.5	93	13.178502343332362	NA	0	1	0.996005996001	1.0000000000000036e-12	14.666666666666666	LI3	LI
1330031	1340030	1335030.5	79	10.518407212622089	NA	0	1	0.996005996001	1.0000000000000036e-12	14.544303797468354	LI3	LI
1335031	1345030	1340030.5	93	11.376797946210555	0	0	1	0.996005996001	1.0000000000000036e-12	14.311827956989248	LI3	LI
1340031	1350030	1345030.5	102	11.8818359375	0	0	1	0.996005996001	1.0000000000000036e-12	14.470588235294118	LI3	LI
1345031	1355030	1350030.5	68	12.722520685825351	NA	0	1	0.996005996001	1.0000000000000036e-12	15.044117647058824	LI3	LI
1350031	1360030	1355030.5	55	12.722520685825351	NA	0	1	0.996005996001	1.0000000000000036e-12	15.090909090909092	LI3	LI
1355031	1365030	1360030.5	79	NA	NA	0	1	0.996005996001	1.0000000000000036e-12	14.632911392405063	LI3	LI
1360031	1370030	1365030.5	72	NA	NA	0	1	0.996005996001	1.0000000000000036e-12	14.541666666666666	LI3	LI
1365031	1375030	1370030.5	54	11.707226670898145	NA	0	1	0.996005996001	1.0000000000000036e-12	15.092592592592593	LI3	LI
1370031	1380030	1375030.5	77	9.354168724279836	0.11287477954144622	0	1	0.996005996001	1.0000000000000036e-12	14.077922077922079	LI3	LI
1375031	1385030	1380030.5	104	9.8598125	0	0	1	0.996005996001	1.0000000000000036e-12	13.98076923076923	LI3	LI
1380031	1390030	1385030.5	105	10.714831223776798	0	0	1	0.996005996001	1.0000000000000036e-12	14.495238095238095	LI3	LI
1385031	1395030	1390030.5	101	12.06694025383862	0.09326569080430405	0	1	0.996005996001	1.0000000000000036e-12	14.712871287128714	LI3	LI
1390031	1400030	1395030.5	109	12.009519675925926	0.09326569080430405	0	1	0.996005996001	1.0000000000000036e-12	14.79816513761468	LI3	LI
1395031	1405030	1400030.5	96	11.553819444444443	NA	0	1	0.996005996001	1.0000000000000036e-12	14.708333333333334	LI3	LI
1400031	1410030	1405030.5	83	NA	NA	0	1	0.996005996001	1.0000000000000036e-12	14.771084337349398	LI3	LI
1405031	1415030	1410030.5	82	NA	NA	0	1	0.996005996001	1.0000000000000036e-12	14.731707317073171	LI3	LI
1410031	1420030	1415030.5	101	15.910110473632812	NA	0	1	0.996005996001	1.0000000000000036e-12	14.653465346534654	LI3	LI
1415031	1425030	1420030.5	119	15.910110473632812	NA	0	1	0.996005996001	1.0000000000000036e-12	14.831932773109244	LI3	LI
1420031	1430030	1425030.5	115	12.214873678361748	NA	0	1	0.996005996001	1.0000000000000036e-12	14.643478260869566	LI3	LI
1425031	1435030	1430030.5	94	12.214873678361748	NA	0	1	0.996005996001	1.0000000000000036e-12	14.382978723404255	LI3	LI
1430031	1440030	1435030.5	73	14.90438888888889	NA	0	1	0.996005996001	1.0000000000000036e-12	14.479452054794521	LI3	LI
1435031	1445030	1440030.5	73	12.357673868312759	0.09876543209876545	0	1	0.996005996001	1.0000000000000036e-12	14.63013698630137	LI3	LI
1440031	1450030	1445030.5	59	9.810958847736627	0.09876543209876545	0	1	0.996005996001	1.0000000000000036e-12	14.94915254237288	LI3	LI
1445031	1455030	1450030.5	61	16.114536717993325	0.33666020110668177	0	1	0.996005996001	1.0000000000000036e-12	14.918032786885245	LI3	LI
1450031	1460030	1455030.5	88	14.241573852453412	0.2613930803231215	0	1	0.996005996001	1.0000000000000036e-12	14.943181818181818	LI3	LI
1455031	1465030	1460030.5	106	14.241573852453412	0.27168773942322694	0	1	0.996005996001	1.0000000000000036e-12	14.981132075471699	LI3	LI
1460031	1470030	1465030.5	86	16.114536717993325	0.33666020110668177	0	1	0.996005996001	1.0000000000000036e-12	14.965116279069768	LI3	LI
1465031	1475030	1470030.5	74	10.585340909897926	0.19280329218107012	0	1	0.996005996001	1.0000000000000036e-12	15.054054054054054	LI3	LI
1470031	1480030	1475030.5	78	10.585340909897926	0.21093750000000008	0	1	0.996005996001	1.0000000000000036e-12	14.91025641025641	LI3	LI
1475031	1485030	1480030.5	78	11.951150079672608	0.2361652901615608	0	1	0.996005996001	1.0000000000000036e-12	14.435897435897436	LI3	LI
1480031	1490030	1485030.5	85	14.241573852453412	0.2613930803231215	0	1	0.996005996001	1.0000000000000036e-12	14.576470588235294	LI3	LI
1485031	1495030	1490030.5	73	14.241573852453412	0.25282579080340106	0	1	0.996005996001	1.0000000000000036e-12	14.726027397260275	LI3	LI
1490031	1500030	1495030.5	77	12.511126928172944	0.24425850128368065	0	1	0.996005996001	1.0000000000000036e-12	14.662337662337663	LI3	LI
1495031	1505030	1500030.5	75	14.816681519523655	0.24425850128368065	0	1	0.996005996001	1.0000000000000036e-12	14.933333333333334	LI3	LI
1500031	1510030	1505030.5	60	15.391789186593899	0.24425850128368065	0	1	0.996005996001	1.0000000000000036e-12	14.883333333333333	LI3	LI
1505031	1515030	1510030.5	66	13.73642622010031	NA	0	1	0.996005996001	1.0000000000000036e-12	14.772727272727273	LI3	LI
1510031	1520030	1515030.5	70	13.73642622010031	NA	0	1	0.996005996001	1.0000000000000036e-12	14.714285714285714	LI3	LI
1515031	1525030	1520030.5	68	12.890447200728264	NA	0	1	0.996005996001	1.0000000000000036e-12	13.764705882352942	LI3	LI
31	10030	5030.5	140	21.48606110600467	0	0	1	0.996005996001	1.0000000000000036e-12	20.307142857142857	LI4	LI
5031	15030	10030.5	118	19.9274765625	0	0	1	0.996005996001	1.0000000000000036e-12	20.906779661016948	LI4	LI
10031	20030	15030.5	124	22.52514766040614	0	0	1	0.996005996001	1.0000000000000036e-12	20.75	LI4	LI
15031	25030	20030.5	89	23.67422103881836	0	0	1	0.996005996001	1.0000000000000036e-12	21.359550561797754	LI4	LI
20031	30030	25030.5	77	21.853474904324756	0	0	1	0.996005996001	1.0000000000000036e-12	21.207792207792206	LI4	LI
25031	35030	30030.5	108	21.853474904324756	NA	0	1	0.996005996001	1.0000000000000036e-12	21.26851851851852	LI4	LI
30031	40030	35030.5	117	22.859562815916004	0	0	1	0.996005996001	1.0000000000000036e-12	21.256410256410255	LI4	LI
35031	45030	40030.5	78	22.859562815916004	0	0	1	0.996005996001	1.0000000000000036e-12	21.384615384615383	LI4	LI
40031	50030	45030.5	80	22.462834922330895	0	0	1	0.996005996001	1.0000000000000036e-12	21.775	LI4	LI
45031	55030	50030.5	108	19.852884499130617	0	0	1	0.996005996001	1.0000000000000036e-12	21.50925925925926	LI4	LI
50031	60030	55030.5	110	17.860243900806708	0	0	1	0.996005996001	1.0000000000000036e-12	21.172727272727272	LI4	LI
55031	65030	60030.5	97	18.55651381685527	0	0	1	0.996005996001	1.0000000000000036e-12	21.45360824742268	LI4	LI
60031	70030	65030.5	96	22.39535701975438	0	0	1	0.996005996001	1.0000000000000036e-12	21.65625	LI4	LI
65031	75030	70030.5	122	22.858205083422373	0	0	1	0.996005996001	1.0000000000000036e-12	20.9672131147541	LI4	LI
70031	80030	75030.5	123	22.754006739541385	0	0	1	0.996005996001	1.0000000000000036e-12	21.056910569105693	LI4	LI
75031	85030	80030.5	90	22.82274543848114	0	0	1	0.996005996001	1.0000000000000036e-12	21.544444444444444	LI4	LI
80031	90030	85030.5	86	23.4832763671875	0	0	1	0.996005996001	1.0000000000000036e-12	21.36046511627907	LI4	LI
85031	95030	90030.5	106	21.933866688580014	0	0	1	0.996005996001	1.0000000000000036e-12	21.132075471698112	LI4	LI
90031	100030	95030.5	129	18.923795378335036	NA	0	1	0.996005996001	1.0000000000000036e-12	20.72093023255814	LI4	LI
95031	105030	100030.5	164	19.32171018916752	NA	0	1	0.996005996001	1.0000000000000036e-12	20.45731707317073	LI4	LI
100031	110030	105030.5	134	19.719625	0	0	1	0.996005996001	1.0000000000000036e-12	20.425373134328357	LI4	LI
105031	115030	110030.5	88	21.933866688580014	0	0	1	0.996005996001	1.0000000000000036e-12	20.954545454545453	LI4	LI
110031	120030	115030.5	99	21.873469021999625	0	0	1	0.996005996001	1.0000000000000036e-12	21.333333333333332	LI4	LI
115031	125030	120030.5	99	19.56939697265625	0	0	1	0.996005996001	1.0000000000000036e-12	21.22222222222222	LI4	LI
120031	130030	125030.5	67	21.743519909842224	NA	0	1	0.996005996001	1.0000000000000036e-12	21.46268656716418	LI4	LI
125031	135030	130030.5	88	21.743519909842224	0	0	1	0.996005996001	1.0000000000000036e-12	21.25	LI4	LI
130031	140030	135030.5	118	20.732102364755427	0	0	1	0.996005996001	1.0000000000000036e-12	21.1864406779661	LI4	LI
135031	145030	140030.5	96	20.732102364755427	0	0	1	0.996005996001	1.0000000000000036e-12	21.1875	LI4	LI
140031	150030	145030.5	138	20.732102364755427	0	0	1	0.996005996001	1.0000000000000036e-12	21.043478260869566	LI4	LI
145031	155030	150030.5	214	19.719625	0	0	1	0.996005996001	1.0000000000000036e-12	20.429906542056074	LI4	LI
150031	160030	155030.5	199	17.919720936213995	0	0	1	0.996005996001	1.0000000000000036e-12	20.628140703517587	LI4	LI
155031	165030	160030.5	131	20.22336268504258	0	0	1	0.996005996001	1.0000000000000036e-12	21.85496183206107	LI4	LI
160031	170030	165030.5	95	23.586839463975693	0	0	1	0.996005996001	1.0000000000000036e-12	22.263157894736842	LI4	LI
165031	175030	170030.5	87	22.07355962850333	0	0	1	0.996005996001	1.0000000000000036e-12	21.74712643678161	LI4	LI
170031	180030	175030.5	81	21.74562472852883	0	0	1	0.996005996001	1.0000000000000036e-12	21.814814814814813	LI4	LI
175031	185030	180030.5	94	21.74562472852883	0	0	1	0.996005996001	1.0000000000000036e-12	21.54255319148936	LI4	LI
180031	190030	185030.5	112	22.300183630385483	0	0	1	0.996005996001	1.0000000000000036e-12	20.767857142857142	LI4	LI
185031	195030	190030.5	101	21.813071355419236	0	0	1	0.996005996001	1.0000000000000036e-12	21.425742574257427	LI4	LI
190031	200030	195030.5	80	22.28353904748031	0	0	1	0.996005996001	1.0000000000000036e-12	21.9625	LI4	LI
195031	205030	200030.5	113	22.806784777728694	0	0	1	0.996005996001	1.0000000000000036e-12	21.92920353982301	LI4	LI
200031	210030	205030.5	114	21.605458844970887	0	0	1	0.996005996001	1.0000000000000036e-12	21.789473684210527	LI4	LI
205031	215030	210030.5	91	19.9274765625	0	0	1	0.996005996001	1.0000000000000036e-12	21.34065934065934	LI4	LI
210031	220030	215030.5	103	20.8059456439878	0	0	1	0.996005996001	1.0000000000000036e-12	21.475728155339805	LI4	LI
215031	225030	220030.5	109	21.798497407083488	0	0	1	0.996005996001	1.0000000000000036e-12	21.339449541284402	LI4	LI
220031	230030	225030.5	84	21.933866688580014	0	0	1	0.996005996001	1.0000000000000036e-12	21.523809523809526	LI4	LI
225031	235030	230030.5	51	21.933866688580014	0	0	1	0.996005996001	1.0000000000000036e-12	22	LI4	LI
230031	240030	235030.5	89	19.818409946954972	0	0	1	0.996005996001	1.0000000000000036e-12	21.39325842696629	LI4	LI
235031	245030	240030.5	105	21.605458844970887	0	0	1	0.996005996001	1.0000000000000036e-12	21.4	LI4	LI
240031	250030	245030.5	100	22.462834922330895	0	0	1	0.996005996001	1.0000000000000036e-12	21.51	LI4	LI
245031	255030	250030.5	99	21.933866688580014	0	0	1	0.996005996001	1.0000000000000036e-12	21.636363636363637	LI4	LI
250031	260030	255030.5	98	21.743519909842224	NA	0	1	0.996005996001	1.0000000000000036e-12	21.56122448979592	LI4	LI
255031	265030	260030.5	104	21.833273129871998	NA	0	1	0.996005996001	1.0000000000000036e-12	21.326923076923077	LI4	LI
260031	270030	265030.5	87	21.853474904324756	NA	0	1	0.996005996001	1.0000000000000036e-12	21.528735632183906	LI4	LI
265031	275030	270030.5	80	22.754006739541385	NA	0	1	0.996005996001	1.0000000000000036e-12	21.6375	LI4	LI
270031	280030	275030.5	82	21.485636455476566	NA	0	1	0.996005996001	1.0000000000000036e-12	21.74390243902439	LI4	LI
275031	285030	280030.5	87	21.45784661231353	0	0	1	0.996005996001	1.0000000000000036e-12	21.804597701149426	LI4	LI
280031	290030	285030.5	86	21.687940223516154	0	0	1	0.996005996001	1.0000000000000036e-12	21.651162790697676	LI4	LI
285031	295030	290030.5	91	20.732102364755427	0	0	1	0.996005996001	1.0000000000000036e-12	21	LI4	LI
290031	300030	295030.5	99	20.84683627915452	0	0	1	0.996005996001	1.0000000000000036e-12	20.666666666666668	LI4	LI
295031	305030	300030.5	142	21.25071499636082	0	0	1	0.996005996001	1.0000000000000036e-12	20.697183098591548	LI4	LI
300031	310030	305030.5	134	23.431558911720238	0	0	1	0.996005996001	1.0000000000000036e-12	20.507462686567163	LI4	LI
305031	315030	310030.5	90	20.302108201763712	NA	0	1	0.996005996001	1.0000000000000036e-12	20.92222222222222	LI4	LI
310031	320030	315030.5	131	21.786942235931193	0	0	1	0.996005996001	1.0000000000000036e-12	21.16030534351145	LI4	LI
315031	325030	320030.5	121	24.33179925	0	0	1	0.996005996001	1.0000000000000036e-12	20.96694214876033	LI4	LI
320031	330030	325030.5	92	21.028330320174312	0	0	1	0.996005996001	1.0000000000000036e-12	21.07608695652174	LI4	LI
325031	335030	330030.5	108	20.8059456439878	0	0	1	0.996005996001	1.0000000000000036e-12	20.805555555555557	LI4	LI
330031	340030	335030.5	99	19.226439987107014	0	0	1	0.996005996001	1.0000000000000036e-12	20.7979797979798	LI4	LI
335031	345030	340030.5	84	19.73058355949911	0	0	1	0.996005996001	1.0000000000000036e-12	20.988095238095237	LI4	LI
340031	350030	345030.5	67	19.6628963594586	0	0	1	0.996005996001	1.0000000000000036e-12	21.119402985074625	LI4	LI
345031	355030	350030.5	34	17.871237421231996	0	0	1	0.996005996001	1.0000000000000036e-12	21.205882352941178	LI4	LI
350031	360030	355030.5	8	17.82275390625	0	0	0.8823529411764706	0.8874422300978196	7.483147950814771e-7	17.375	LI4	LI
355031	365030	360030.5	7	18.32380515377315	NA	0	1	0.996005996001	1.0000000000000036e-12	12.857142857142858	LI4	LI
360031	370030	365030.5	13	18.32380515377315	0	0	1	0.996005996001	1.0000000000000036e-12	12.23076923076923	LI4	LI
365031	375030	370030.5	54	17.89135197183625	0	0	1	0.996005996001	1.0000000000000036e-12	16.88888888888889	LI4	LI
370031	380030	375030.5	89	17.458898789899354	NA	0	1	0.996005996001	1.0000000000000036e-12	19.43820224719101	LI4	LI
375031	385030	380030.5	75	19.818409946954972	NA	0	1	0.996005996001	1.0000000000000036e-12	21.426666666666666	LI4	LI
380031	390030	385030.5	67	21.56332992067572	0	0	1	0.996005996001	1.0000000000000036e-12	21.83582089552239	LI4	LI
385031	395030	390030.5	81	19.294127187147524	0	0	1	0.996005996001	1.0000000000000036e-12	21.419753086419753	LI4	LI
390031	400030	395030.5	81	19.798270759539623	0	0	1	0.996005996001	1.0000000000000036e-12	21.382716049382715	LI4	LI
395031	405030	400030.5	80	20.807708393008078	0	0	1	0.996005996001	1.0000000000000036e-12	21.475	LI4	LI
400031	410030	405030.5	99	19.9274765625	NA	0	1	0.996005996001	1.0000000000000036e-12	20.95959595959596	LI4	LI
405031	415030	410030.5	87	18.85688949654523	0	0	1	0.996005996001	1.0000000000000036e-12	20.75862068965517	LI4	LI
410031	420030	415030.5	67	19.9274765625	0	0	1	0.996005996001	1.0000000000000036e-12	20.776119402985074	LI4	LI
415031	425030	420030.5	78	22.964050801615954	0	0	1	0.996005996001	1.0000000000000036e-12	21.166666666666668	LI4	LI
420031	430030	425030.5	91	23.306775410970054	0	0	1	0.996005996001	1.0000000000000036e-12	21.63736263736264	LI4	LI
425031	435030	430030.5	96	23.306775410970054	0	0	1	0.996005996001	1.0000000000000036e-12	21.489583333333332	LI4	LI
430031	440030	435030.5	96	22.462834922330895	0	0	1	0.996005996001	1.0000000000000036e-12	21.21875	LI4	LI
435031	445030	440030.5	93	22.740444504088927	0	0	1	0.996005996001	1.0000000000000036e-12	21.344086021505376	LI4	LI
440031	450030	445030.5	80	23.399392681829532	0	0	1	0.996005996001	1.0000000000000036e-12	21.85	LI4	LI
445031	455030	450030.5	75	20.725297639345467	0	0	1	0.996005996001	1.0000000000000036e-12	22.04	LI4	LI
450031	460030	455030.5	96	20.930818756073858	0	0	1	0.996005996001	1.0000000000000036e-12	21.385416666666668	LI4	LI
455031	465030	460030.5	93	18.789983614755425	NA	0	1	0.996005996001	1.0000000000000036e-12	21.107526881720432	LI4	LI
460031	470030	465030.5	97	19.761042989755424	0	0	1	0.996005996001	1.0000000000000036e-12	21.061855670103093	LI4	LI
465031	475030	470030.5	85	20.769024004371616	0	0	1	0.996005996001	1.0000000000000036e-12	21.211764705882352	LI4	LI
470031	480030	475030.5	61	20.8059456439878	0	0	1	0.996005996001	1.0000000000000036e-12	22.049180327868854	LI4	LI
475031	485030	480030.5	77	21.728217039972137	0	0	1	0.996005996001	1.0000000000000036e-12	21.896103896103895	LI4	LI
480031	490030	485030.5	54	20.36454475780674	NA	0	1	0.996005996001	1.0000000000000036e-12	21.555555555555557	LI4	LI
485031	495030	490030.5	40	18.789983614755425	NA	0	1	0.996005996001	1.0000000000000036e-12	21.45	LI4	LI
490031	500030	495030.5	54	18.789983614755425	NA	0	1	0.996005996001	1.0000000000000036e-12	21.51851851851852	LI4	LI
495031	505030	500030.5	65	20.58821140063168	0	0	1	0.996005996001	1.0000000000000036e-12	21.846153846153847	LI4	LI
500031	510030	505030.5	74	20.58821140063168	0	0	1	0.996005996001	1.0000000000000036e-12	21.324324324324323	LI4	LI
505031	515030	510030.5	83	21.640367685839966	0	0	1	0.996005996001	1.0000000000000036e-12	21.120481927710845	LI4	LI
510031	520030	515030.5	77	21.83869329921112	0	0	1	0.996005996001	1.0000000000000036e-12	21.51948051948052	LI4	LI
515031	525030	520030.5	59	20.84683627915452	0	0	1	0.996005996001	1.0000000000000036e-12	21.661016949152543	LI4	LI
520031	530030	525030.5	71	21.079285878592383	0	0	1	0.996005996001	1.0000000000000036e-12	21.169014084507044	LI4	LI
525031	535030	530030.5	76	20.88882751761419	0	0	1	0.996005996001	1.0000000000000036e-12	20.644736842105264	LI4	LI
530031	540030	535030.5	72	19.82794887154523	0	0	1	0.996005996001	1.0000000000000036e-12	20.694444444444443	LI4	LI
535031	545030	540030.5	82	22.172969651514464	0	0	1	0.996005996001	1.0000000000000036e-12	20.926829268292682	LI4	LI
540031	550030	545030.5	97	22.621326192261854	0	0	1	0.996005996001	1.0000000000000036e-12	20.97938144329897	LI4	LI
545031	555030	550030.5	95	22.621326192261854	0	0	1	0.996005996001	1.0000000000000036e-12	20.926315789473684	LI4	LI
550031	560030	555030.5	63	22.754006739541385	0	0	1	0.996005996001	1.0000000000000036e-12	20.857142857142858	LI4	LI
555031	565030	560030.5	46	22.936657557327198	0	0	1	0.996005996001	1.0000000000000036e-12	21.52173913043478	LI4	LI
560031	570030	565030.5	73	23.20720714992947	0	0	1	0.996005996001	1.0000000000000036e-12	21.397260273972602	LI4	LI
565031	575030	570030.5	109	22.7450592072785	0	0	1	0.996005996001	1.0000000000000036e-12	20.93577981651376	LI4	LI
570031	580030	575030.5	102	22.553460857229805	0	0	1	0.996005996001	1.0000000000000036e-12	20.676470588235293	LI4	LI
575031	585030	580030.5	67	23.26323784722222	0	0	1	0.996005996001	1.0000000000000036e-12	21.059701492537314	LI4	LI
580031	590030	585030.5	70	23.043199327256943	0	0	1	0.996005996001	1.0000000000000036e-12	21	LI4	LI
585031	595030	590030.5	79	20.58821140063168	0	0	1	0.996005996001	1.0000000000000036e-12	20.443037974683545	LI4	LI
590031	600030	595030.5	71	23.3095862249953	NA	0	1	0.996005996001	1.0000000000000036e-12	20.732394366197184	LI4	LI
595031	605030	600030.5	86	21.743519909842224	NA	0	1	0.996005996001	1.0000000000000036e-12	21.488372093023255	LI4	LI
600031	610030	605030.5	114	20.930818756073858	0	0	1	0.996005996001	1.0000000000000036e-12	20.74561403508772	LI4	LI
605031	615030	610030.5	118	21.933866688580014	0	0	1	0.996005996001	1.0000000000000036e-12	20.347457627118644	LI4	LI
610031	620030	615030.5	107	21.933866688580014	0	0	1	0.996005996001	1.0000000000000036e-12	20.97196261682243	LI4	LI
615031	625030	620030.5	100	22.231808880086582	0	0	1	0.996005996001	1.0000000000000036e-12	20.83	LI4	LI
620031	630030	625030.5	101	21.729780940598744	NA	0	1	0.996005996001	1.0000000000000036e-12	20.85148514851485	LI4	LI
625031	635030	630030.5	112	22.936657557327198	0	0	1	0.996005996001	1.0000000000000036e-12	21.232142857142858	LI4	LI
630031	640030	635030.5	79	22.936657557327198	0	0	1	0.996005996001	1.0000000000000036e-12	21.49367088607595	LI4	LI
635031	645030	640030.5	41	22.740444504088927	0	0	1	0.996005996001	1.0000000000000036e-12	21.21951219512195	LI4	LI
640031	650030	645030.5	57	18.15289415597013	0	0	1	0.996005996001	1.0000000000000036e-12	21.035087719298247	LI4	LI
645031	655030	650030.5	63	23.88764995852322	0	0	1	0.996005996001	1.0000000000000036e-12	21.603174603174605	LI4	LI
650031	660030	655030.5	64	23.635971917046444	0	0	1	0.996005996001	1.0000000000000036e-12	21.140625	LI4	LI
655031	665030	660030.5	63	20.86838220003083	0	0	1	0.996005996001	1.0000000000000036e-12	20.6984126984127	LI4	LI
660031	670030	665030.5	53	20.930818756073858	NA	0	1	0.996005996001	1.0000000000000036e-12	21.07547169811321	LI4	LI
665031	675030	670030.5	35	21.079285878592383	0	0	1	0.996005996001	1.0000000000000036e-12	21.457142857142856	LI4	LI
670031	680030	675030.5	11	23.635971917046444	0	0	1	0.996005996001	1.0000000000000036e-12	21.181818181818183	LI4	LI
675031	685030	680030.5	9	NA	NA	0	1	0.996005996001	1.0000000000000036e-12	18.11111111111111	LI4	LI
680031	690030	685030.5	7	NA	NA	0	1	0.996005996001	1.0000000000000036e-12	18.857142857142858	LI4	LI
685031	695030	690030.5	0	NA	NA	NA	NA	NA	NA	NA	LI4	LI
690031	700030	695030.5	0	NA	NA	NA	NA	NA	NA	NA	LI4	LI
695031	705030	700030.5	0	NA	NA	NA	NA	NA	NA	NA	LI4	LI
700031	710030	705030.5	16	NA	NA	0	1	0.996005996001	1.0000000000000036e-12	21.1875	LI4	LI
705031	715030	710030.5	62	22.546459355780065	NA	0	1	0.996005996001	1.0000000000000036e-12	21.483870967741936	LI4	LI
710031	720030	715030.5	107	22.936657557327198	0	0	1	0.996005996001	1.0000000000000036e-12	20.813084112149532	LI4	LI
715031	725030	720030.5	99	23.939222547743057	0	0	1	0.996005996001	1.0000000000000036e-12	20.636363636363637	LI4	LI
720031	730030	725030.5	77	23.486402299669052	0	0	1	0.996005996001	1.0000000000000036e-12	21.38961038961039	LI4	LI
725031	735030	730030.5	74	21.9772375840217	0	0	1	0.996005996001	1.0000000000000036e-12	21.56756756756757	LI4	LI
730031	740030	735030.5	66	22.462834922330895	0	0	1	0.996005996001	1.0000000000000036e-12	21.681818181818183	LI4	LI
735031	745030	740030.5	71	22.884805166650473	0	0	1	0.996005996001	1.0000000000000036e-12	21.450704225352112	LI4	LI
740031	750030	745030.5	77	23.750568813747833	0	0	1	0.996005996001	1.0000000000000036e-12	21.22077922077922	LI4	LI
745031	755030	750030.5	72	22.754006739541385	0	0	1	0.996005996001	1.0000000000000036e-12	21.63888888888889	LI4	LI
750031	760030	755030.5	75	22.754006739541385	0	0	1	0.996005996001	1.0000000000000036e-12	21.706666666666667	LI4	LI
755031	765030	760030.5	93	22.936657557327198	0	0	1	0.996005996001	1.0000000000000036e-12	21.150537634408604	LI4	LI
760031	770030	765030.5	92	22.936657557327198	0	0	1	0.996005996001	1.0000000000000036e-12	21.07608695652174	LI4	LI
765031	775030	770030.5	102	22.754006739541385	0	0	1	0.996005996001	1.0000000000000036e-12	20.49019607843137	LI4	LI
770031	780030	775030.5	98	22.754006739541385	NA	0	1	0.996005996001	1.0000000000000036e-12	20.581632653061224	LI4	LI
775031	785030	780030.5	58	24.64953125	0	0	1	0.996005996001	1.0000000000000036e-12	21.655172413793103	LI4	LI
780031	790030	785030.5	70	24.257348480224607	0	0	1	0.996005996001	1.0000000000000036e-12	21	LI4	LI
785031	795030	790030.5	87	23.93284140692817	0	0	1	0.996005996001	1.0000000000000036e-12	20.74712643678161	LI4	LI
790031	800030	795030.5	67	23.70486831665039	0	0	1	0.996005996001	1.0000000000000036e-12	20.955223880597014	LI4	LI
795031	805030	800030.5	70	22.621326192261854	0	0	1	0.996005996001	1.0000000000000036e-12	21.014285714285716	LI4	LI
800031	810030	805030.5	66	22.778991874794528	0	0	1	0.996005996001	1.0000000000000036e-12	21.227272727272727	LI4	LI
805031	815030	810030.5	34	21.274732776915013	NA	0	1	0.996005996001	1.0000000000000036e-12	20.61764705882353	LI4	LI
810031	820030	815030.5	91	22.754006739541385	0	0	1	0.996005996001	1.0000000000000036e-12	20.9010989010989	LI4	LI
815031	825030	820030.5	109	22.754006739541385	0	0	1	0.996005996001	1.0000000000000036e-12	21.137614678899084	LI4	LI
820031	830030	825030.5	62	23.013914341245215	0	0	1	0.996005996001	1.0000000000000036e-12	21.403225806451612	LI4	LI
825031	835030	830030.5	77	23.013914341245215	0	0	1	0.996005996001	1.0000000000000036e-12	21.038961038961038	LI4	LI
830031	840030	835030.5	78	22.462834922330895	0	0	1	0.996005996001	1.0000000000000036e-12	20.602564102564102	LI4	LI
835031	845030	840030.5	84	23.4832763671875	0	0	1	0.996005996001	1.0000000000000036e-12	20.535714285714285	LI4	LI
840031	850030	845030.5	91	23.733025021023224	0	0	1	0.996005996001	1.0000000000000036e-12	20.318681318681318	LI4	LI
845031	855030	850030.5	85	22.542080557296373	0	0	1	0.996005996001	1.0000000000000036e-12	20.71764705882353	LI4	LI
850031	860030	855030.5	94	22.076253255999063	0	0	1	0.996005996001	1.0000000000000036e-12	20.93617021276596	LI4	LI
855031	865030	860030.5	107	20.111070116329408	0	0	1	0.996005996001	1.0000000000000036e-12	20.850467289719628	LI4	LI
860031	870030	865030.5	118	21.440722436138245	0	0	1	0.996005996001	1.0000000000000036e-12	20.796610169491526	LI4	LI
865031	875030	870030.5	131	22.1096743997742	0	0	1	0.996005996001	1.0000000000000036e-12	20.46564885496183	LI4	LI
870031	880030	875030.5	100	22.76793882787458	0	0	1	0.996005996001	1.0000000000000036e-12	20.52	LI4	LI
875031	885030	880030.5	50	22.854765772774886	0	0	1	0.996005996001	1.0000000000000036e-12	20.6	LI4	LI
880031	890030	885030.5	29	19.66014373861333	0	0	1	0.996005996001	1.0000000000000036e-12	17.275862068965516	LI4	LI
885031	895030	890030.5	44	22.54685096752129	NA	0	1	0.996005996001	1.0000000000000036e-12	19.113636363636363	LI4	LI
890031	900030	895030.5	66	24.33179925	0	0	1	0.996005996001	1.0000000000000036e-12	21.151515151515152	LI4	LI
895031	905030	900030.5	39	23.132832969290007	0	0	1	0.996005996001	1.0000000000000036e-12	18.692307692307693	LI4	LI
900031	910030	905030.5	26	16.201483256130825	NA	0	1	0.996005996001	1.0000000000000036e-12	11.653846153846153	LI4	LI
905031	915030	910030.5	55	17.69084362139918	NA	0	1	0.996005996001	1.0000000000000036e-12	18.381818181818183	LI4	LI
910031	920030	915030.5	86	23.06323921947037	0	0	1	0.996005996001	1.0000000000000036e-12	20.558139534883722	LI4	LI
915031	925030	920030.5	88	23.535223642985027	0	0	1	0.996005996001	1.0000000000000036e-12	20.295454545454547	LI4	LI
920031	930030	925030.5	107	21.853474904324756	0	0	1	0.996005996001	1.0000000000000036e-12	20.2803738317757	LI4	LI
925031	935030	930030.5	119	23.635971917046444	0	0	1	0.996005996001	1.0000000000000036e-12	20.537815126050422	LI4	LI
930031	940030	935030.5	94	23.93284140692817	0	0	1	0.996005996001	1.0000000000000036e-12	20.74468085106383	LI4	LI
935031	945030	940030.5	97	23.196417157569847	0	0	1	0.996005996001	1.0000000000000036e-12	20.711340206185568	LI4	LI
940031	950030	945030.5	99	23.535223642985027	0	0	1	0.996005996001	1.0000000000000036e-12	21.060606060606062	LI4	LI
945031	955030	950030.5	71	20.84683627915452	0	0	1	0.996005996001	1.0000000000000036e-12	20.943661971830984	LI4	LI
950031	960030	955030.5	73	19.425635970417517	0	0	1	0.996005996001	1.0000000000000036e-12	21.136986301369863	LI4	LI
955031	965030	960030.5	66	20.930671625540008	0	0	1	0.996005996001	1.0000000000000036e-12	20.939393939393938	LI4	LI
960031	970030	965030.5	62	22.754006739541385	NA	0	1	0.996005996001	1.0000000000000036e-12	20.161290322580644	LI4	LI
965031	975030	970030.5	57	22.754006739541385	NA	0	1	0.996005996001	1.0000000000000036e-12	19.982456140350877	LI4	LI
970031	980030	975030.5	53	18.27013649870914	NA	0	1	0.996005996001	1.0000000000000036e-12	20.71698113207547	LI4	LI
975031	985030	980030.5	81	19.9274765625	0	0	1	0.996005996001	1.0000000000000036e-12	20.938271604938272	LI4	LI
980031	990030	985030.5	65	22.395066230825975	0	0	1	0.996005996001	1.0000000000000036e-12	20.646153846153847	LI4	LI
985031	995030	990030.5	67	22.86073174537527	0	0	1	0.996005996001	1.0000000000000036e-12	20.880597014925375	LI4	LI
990031	1000030	995030.5	78	19.425635970417517	0	0	1	0.996005996001	1.0000000000000036e-12	20.871794871794872	LI4	LI
995031	1005030	1000030.5	84	22.621326192261854	0	0	1	0.996005996001	1.0000000000000036e-12	21.488095238095237	LI4	LI
1000031	1010030	1005030.5	112	22.805427045235064	0	0	1	0.996005996001	1.0000000000000036e-12	21.767857142857142	LI4	LI
1005031	1015030	1010030.5	116	23.734822591145832	0	0	1	0.996005996001	1.0000000000000036e-12	21.50862068965517	LI4	LI
1010031	1020030	1015030.5	123	22.834344639862923	0	0	1	0.996005996001	1.0000000000000036e-12	21.227642276422763	LI4	LI
1015031	1025030	1020030.5	92	21.893670796452383	0	0	1	0.996005996001	1.0000000000000036e-12	21.347826086956523	LI4	LI
1020031	1030030	1025030.5	59	22.896348726033906	0	0	1	0.996005996001	1.0000000000000036e-12	21.203389830508474	LI4	LI
1025031	1035030	1030030.5	64	20.65098032235263	0	0	1	0.996005996001	1.0000000000000036e-12	19.640625	LI4	LI
1030031	1040030	1035030.5	108	21.304876096600303	0	0	1	0.996005996001	1.0000000000000036e-12	20.24074074074074	LI4	LI
1035031	1045030	1040030.5	134	23.36622534857856	0	0	1	0.996005996001	1.0000000000000036e-12	20.94776119402985	LI4	LI
1040031	1050030	1045030.5	133	22.936657557327198	0	0	1	0.996005996001	1.0000000000000036e-12	21.23308270676692	LI4	LI
1045031	1055030	1050030.5	122	22.936657557327198	0	0	1	0.996005996001	1.0000000000000036e-12	21.131147540983605	LI4	LI
1050031	1060030	1055030.5	95	22.462834922330895	0	0	1	0.996005996001	1.0000000000000036e-12	20.726315789473684	LI4	LI
1055031	1065030	1060030.5	94	22.462409500756866	0	0	1	0.996005996001	1.0000000000000036e-12	20.893617021276597	LI4	LI
1060031	1070030	1065030.5	71	22.005059972289537	0	0	1	0.996005996001	1.0000000000000036e-12	21.295774647887324	LI4	LI
1065031	1075030	1070030.5	68	20.87093051506317	881.5123456790124	0	1	0.996005996001	1.0000000000000036e-12	21.11764705882353	LI4	LI
1070031	1080030	1075030.5	102	22.31514643862497	0	0	1	0.996005996001	1.0000000000000036e-12	20.607843137254903	LI4	LI
1075031	1085030	1080030.5	109	22.71139266375693	0	0	1	0.996005996001	1.0000000000000036e-12	20.798165137614678	LI4	LI
1080031	1090030	1085030.5	98	23.65272394816081	0	0	1	0.996005996001	1.0000000000000036e-12	21.06122448979592	LI4	LI
1085031	1095030	1090030.5	110	23.371805402967667	0	0	1	0.996005996001	1.0000000000000036e-12	20.78181818181818	LI4	LI
1090031	1100030	1095030.5	102	21.695679903209523	0	0	1	0.996005996001	1.0000000000000036e-12	20.754901960784313	LI4	LI
1095031	1105030	1100030.5	94	22.279823562196924	0	0	1	0.996005996001	1.0000000000000036e-12	21.117021276595743	LI4	LI
1100031	1110030	1105030.5	95	22.920189793601544	0	0	1	0.996005996001	1.0000000000000036e-12	21.378947368421052	LI4	LI
1105031	1115030	1110030.5	79	23.787597232394752	0	0	1	0.996005996001	1.0000000000000036e-12	21.632911392405063	LI4	LI
1110031	1120030	1115030.5	94	20.75951507835277	0	0	1	0.996005996001	1.0000000000000036e-12	21.393617021276597	LI4	LI
1115031	1125030	1120030.5	97	20.58821140063168	0	0	1	0.996005996001	1.0000000000000036e-12	21.432989690721648	LI4	LI
1120031	1130030	1125030.5	114	21.853474904324756	NA	0	1	0.996005996001	1.0000000000000036e-12	21.43859649122807	LI4	LI
1125031	1135030	1130030.5	161	22.395066230825975	0	0	1	0.996005996001	1.0000000000000036e-12	21.198757763975156	LI4	LI
1130031	1140030	1135030.5	147	19.77638504437388	0	0	1	0.996005996001	1.0000000000000036e-12	21.068027210884352	LI4	LI
1135031	1145030	1140030.5	120	20.84683627915452	0	0	1	0.996005996001	1.0000000000000036e-12	20.816666666666666	LI4	LI
1140031	1150030	1145030.5	107	23.856140984429253	0	0	1	0.996005996001	1.0000000000000036e-12	20.747663551401867	LI4	LI
1145031	1155030	1150030.5	98	22.217198773840543	0	0	1	0.996005996001	1.0000000000000036e-12	20.275510204081634	LI4	LI
1150031	1160030	1155030.5	97	20.83146056041464	0	0	1	0.996005996001	1.0000000000000036e-12	20.412371134020617	LI4	LI
1155031	1165030	1160030.5	98	23.4561767578125	0	0	1	0.996005996001	1.0000000000000036e-12	21.1734693877551	LI4	LI
1160031	1170030	1165030.5	109	23.635971917046444	0	0	1	0.996005996001	1.0000000000000036e-12	21.38532110091743	LI4	LI
1165031	1175030	1170030.5	123	21.813071355419236	0	0	1	0.996005996001	1.0000000000000036e-12	21.520325203252032	LI4	LI
1170031	1180030	1175030.5	108	21.813071355419236	0	0	1	0.996005996001	1.0000000000000036e-12	21.23148148148148	LI4	LI
1175031	1185030	1180030.5	85	20.321729259540092	0	0	1	0.996005996001	1.0000000000000036e-12	20.011764705882353	LI4	LI
1180031	1190030	1185030.5	59	17.30301442524418	NA	0	1	0.996005996001	1.0000000000000036e-12	18.89830508474576	LI4	LI
1185031	1195030	1190030.5	62	18.98745201245584	0	0	1	0.996005996001	1.0000000000000036e-12	20.048387096774192	LI4	LI
1190031	1200030	1195030.5	90	19.184920410156252	0	0	1	0.996005996001	1.0000000000000036e-12	21.355555555555554	LI4	LI
1195031	1205030	1200030.5	110	21.524198003221265	0	0	1	0.996005996001	1.0000000000000036e-12	21.654545454545456	LI4	LI
1200031	1210030	1205030.5	132	22.580416666666668	0	0	1	0.996005996001	1.0000000000000036e-12	21.545454545454547	LI4	LI
1205031	1215030	1210030.5	113	23.107638888888886	0	0	1	0.996005996001	1.0000000000000036e-12	21.336283185840706	LI4	LI
1210031	1220030	1215030.5	72	23.537707010904946	0	0	1	0.996005996001	1.0000000000000036e-12	21.11111111111111	LI4	LI
1215031	1225030	1220030.5	81	20.930756082339048	0	0	1	0.996005996001	1.0000000000000036e-12	20.987654320987655	LI4	LI
1220031	1230030	1225030.5	103	20.89047573341238	0	0	1	0.996005996001	1.0000000000000036e-12	20.66990291262136	LI4	LI
1225031	1235030	1230030.5	89	22.395066230825975	0	0	1	0.996005996001	1.0000000000000036e-12	21.0561797752809	LI4	LI
1230031	1240030	1235030.5	89	22.936657557327198	0	0	1	0.996005996001	1.0000000000000036e-12	21.752808988764045	LI4	LI
1235031	1245030	1240030.5	111	22.60025790175269	0	0	1	0.996005996001	1.0000000000000036e-12	21	LI4	LI
1240031	1250030	1245030.5	128	22.106845125388467	0	0	1	0.996005996001	1.0000000000000036e-12	20.6796875	LI4	LI
1245031	1255030	1250030.5	121	21.505962963476176	0	0	1	0.996005996001	1.0000000000000036e-12	21	LI4	LI
1250031	1260030	1255030.5	131	22.859562815916004	0	0	1	0.996005996001	1.0000000000000036e-12	21.106870229007633	LI4	LI
1255031	1265030	1260030.5	110	22.019228822481374	0	0	1	0.996005996001	1.0000000000000036e-12	21.29090909090909	LI4	LI
1260031	1270030	1265030.5	110	22.516915150869153	0	0	1	0.996005996001	1.0000000000000036e-12	21.59090909090909	LI4	LI
1265031	1275030	1270030.5	144	23.10509174867694	0	0	1	0.996005996001	1.0000000000000036e-12	21.444444444444443	LI4	LI
1270031	1280030	1275030.5	138	23.36622534857856	0	0	1	0.996005996001	1.0000000000000036e-12	20.905797101449274	LI4	LI
1275031	1285030	1280030.5	134	22.936657557327198	0	0	1	0.996005996001	1.0000000000000036e-12	20.604477611940297	LI4	LI
1280031	1290030	1285030.5	100	22.87818029264894	0	0	1	0.996005996001	1.0000000000000036e-12	21.09	LI4	LI
1285031	1295030	1290030.5	82	22.466561222209666	0	0	1	0.996005996001	1.0000000000000036e-12	22.024390243902438	LI4	LI
1290031	1300030	1295030.5	104	22.859562815916004	0	0	1	0.996005996001	1.0000000000000036e-12	21.701923076923077	LI4	LI
1295031	1305030	1300030.5	99	23.306775410970054	0	0	1	0.996005996001	1.0000000000000036e-12	21.565656565656564	LI4	LI
1300031	1310030	1305030.5	83	23.92646026611328	0	0	1	0.996005996001	1.0000000000000036e-12	21.46987951807229	LI4	LI
1305031	1315030	1310030.5	71	22.62204932217168	NA	0	1	0.996005996001	1.0000000000000036e-12	21.3943661971831	LI4	LI
1310031	1320030	1315030.5	66	22.52075278873445	0	0	1	0.996005996001	1.0000000000000036e-12	21.454545454545453	LI4	LI
1315031	1325030	1320030.5	94	23.295457628038193	0	0	1	0.996005996001	1.0000000000000036e-12	21.28723404255319	LI4	LI
1320031	1330030	1325030.5	105	23.635971917046444	0	0	1	0.996005996001	1.0000000000000036e-12	21.228571428571428	LI4	LI
1325031	1335030	1330030.5	93	23.107638888888886	0	0	1	0.996005996001	1.0000000000000036e-12	21.129032258064516	LI4	LI
1330031	1340030	1335030.5	79	21.853474904324756	0	0	1	0.996005996001	1.0000000000000036e-12	21.11392405063291	LI4	LI
1335031	1345030	1340030.5	93	22.00021324734444	0	0	1	0.996005996001	1.0000000000000036e-12	20.56989247311828	LI4	LI
1340031	1350030	1345030.5	102	22.621326192261854	0	0	1	0.996005996001	1.0000000000000036e-12	20.666666666666668	LI4	LI
1345031	1355030	1350030.5	68	21.933866688580014	0	0	1	0.996005996001	1.0000000000000036e-12	21.352941176470587	LI4	LI
1350031	1360030	1355030.5	55	22.35993524240558	0	0	1	0.996005996001	1.0000000000000036e-12	21.70909090909091	LI4	LI
1355031	1365030	1360030.5	79	19.357705332281967	0	0	1	0.996005996001	1.0000000000000036e-12	21.59493670886076	LI4	LI
1360031	1370030	1365030.5	72	21.39214683019931	0	0	1	0.996005996001	1.0000000000000036e-12	21.76388888888889	LI4	LI
1365031	1375030	1370030.5	54	22.3439367140607	0	0	1	0.996005996001	1.0000000000000036e-12	22.055555555555557	LI4	LI
1370031	1380030	1375030.5	77	21.893670796452383	0	0	1	0.996005996001	1.0000000000000036e-12	21.558441558441558	LI4	LI
1375031	1385030	1380030.5	104	20.59264793771052	0	0	1	0.996005996001	1.0000000000000036e-12	21.46153846153846	LI4	LI
1380031	1390030	1385030.5	105	21.309205370183406	0	0	1	0.996005996001	1.0000000000000036e-12	21.18095238095238	LI4	LI
1385031	1395030	1390030.5	101	22.621326192261854	0	0	1	0.996005996001	1.0000000000000036e-12	21.247524752475247	LI4	LI
1390031	1400030	1395030.5	109	19.839568847656253	0	0	1	0.996005996001	1.0000000000000036e-12	21.422018348623855	LI4	LI
1395031	1405030	1400030.5	96	19.839568847656253	0	0	1	0.996005996001	1.0000000000000036e-12	21.083333333333332	LI4	LI
1400031	1410030	1405030.5	83	22.48252188296211	0	0	1	0.996005996001	1.0000000000000036e-12	20.879518072289155	LI4	LI
1405031	1415030	1410030.5	82	22.07355962850333	0	0	1	0.996005996001	1.0000000000000036e-12	21.109756097560975	LI4	LI
1410031	1420030	1415030.5	101	22.859562815916004	0	0	1	0.996005996001	1.0000000000000036e-12	21.742574257425744	LI4	LI
1415031	1425030	1420030.5	119	23.4561767578125	0	0	1	0.996005996001	1.0000000000000036e-12	21.605042016806724	LI4	LI
1420031	1430030	1425030.5	115	21.813071355419236	0	0	1	0.996005996001	1.0000000000000036e-12	20.973913043478262	LI4	LI
1425031	1435030	1430030.5	94	21.776880598175715	0	0	1	0.996005996001	1.0000000000000036e-12	21.02127659574468	LI4	LI
1430031	1440030	1435030.5	73	20.773685535135705	0	0	1	0.996005996001	1.0000000000000036e-12	21.246575342465754	LI4	LI
1435031	1445030	1440030.5	73	18.923795378335036	0	0	1	0.996005996001	1.0000000000000036e-12	21.15068493150685	LI4	LI
1440031	1450030	1445030.5	59	21.853474904324756	0	0	1	0.996005996001	1.0000000000000036e-12	21.491525423728813	LI4	LI
1445031	1455030	1450030.5	61	22.621326192261854	0	0	1	0.996005996001	1.0000000000000036e-12	21.475409836065573	LI4	LI
1450031	1460030	1455030.5	88	22.621326192261854	0	0	1	0.996005996001	1.0000000000000036e-12	21.238636363636363	LI4	LI
1455031	1465030	1460030.5	106	21.605458844970887	0	0	1	0.996005996001	1.0000000000000036e-12	20.952830188679247	LI4	LI
1460031	1470030	1465030.5	86	22.936657557327198	0	0	1	0.996005996001	1.0000000000000036e-12	20.8953488372093	LI4	LI
1465031	1475030	1470030.5	74	24.49888	0	0	1	0.996005996001	1.0000000000000036e-12	21.64864864864865	LI4	LI
1470031	1480030	1475030.5	78	24.701515999999998	0	0	1	0.996005996001	1.0000000000000036e-12	21.897435897435898	LI4	LI
1475031	1485030	1480030.5	78	21.605458844970887	0	0	1	0.996005996001	1.0000000000000036e-12	21.833333333333332	LI4	LI
1480031	1490030	1485030.5	85	23.939222547743057	0	0	1	0.996005996001	1.0000000000000036e-12	21.44705882352941	LI4	LI
1485031	1495030	1490030.5	73	23.939222547743057	0	0	1	0.996005996001	1.0000000000000036e-12	21.205479452054796	LI4	LI
1490031	1500030	1495030.5	77	23.734822591145832	0	0	1	0.996005996001	1.0000000000000036e-12	21.883116883116884	LI4	LI
1495031	1505030	1500030.5	75	23.295457628038193	0	0	1	0.996005996001	1.0000000000000036e-12	22.346666666666668	LI4	LI
1500031	1510030	1505030.5	60	22.248763324691804	NA	0	1	0.996005996001	1.0000000000000036e-12	21.666666666666668	LI4	LI
1505031	1515030	1510030.5	66	21.743519909842224	0	0	1	0.996005996001	1.0000000000000036e-12	21.393939393939394	LI4	LI
1510031	1520030	1515030.5	70	23.763671875	0	0	1	0.996005996001	1.0000000000000036e-12	22.4	LI4	LI
1515031	1525030	1520030.5	68	23.62347412109375	0	0	1	0.996005996001	1.0000000000000036e-12	22.279411764705884	LI4	LI
31	10030	5030.5	140	13.795558206541543	0	0	1	0.996005996001	1.0000000000000036e-12	15.85	LI5	LI
5031	15030	10030.5	118	15.784469604492188	0	0	1	0.996005996001	1.0000000000000036e-12	17.779661016949152	LI5	LI
10031	20030	15030.5	124	15.473309516906738	0	0	1	0.996005996001	1.0000000000000036e-12	17.588709677419356	LI5	LI
15031	25030	20030.5	89	15.473309516906738	0	0	1	0.996005996001	1.0000000000000036e-12	18.10112359550562	LI5	LI
20031	30030	25030.5	77	17.77956377937356	0	0	1	0.996005996001	1.0000000000000036e-12	18.038961038961038	LI5	LI
25031	35030	30030.5	108	15.789259374222585	NA	0	1	0.996005996001	1.0000000000000036e-12	18.26851851851852	LI5	LI
30031	40030	35030.5	117	14.90438888888889	NA	0	1	0.996005996001	1.0000000000000036e-12	18.495726495726494	LI5	LI
35031	45030	40030.5	78	NA	NA	0	1	0.996005996001	1.0000000000000036e-12	18.243589743589745	LI5	LI
40031	50030	45030.5	80	10.871759954921112	NA	0	1	0.996005996001	1.0000000000000036e-12	17.925	LI5	LI
45031	55030	50030.5	108	10.871759954921112	NA	0	1	0.996005996001	1.0000000000000036e-12	18.333333333333332	LI5	LI
50031	60030	55030.5	110	16.381094975726594	0	0	1	0.996005996001	1.0000000000000036e-12	18.509090909090908	LI5	LI
55031	65030	60030.5	97	16.381094975726594	0	0	1	0.996005996001	1.0000000000000036e-12	18.175257731958762	LI5	LI
60031	70030	65030.5	96	9.226308814973434	58.56400000000001	0	1	0.996005996001	1.0000000000000036e-12	18.135416666666668	LI5	LI
65031	75030	70030.5	122	9.226308814973434	58.56400000000001	0	1	0.996005996001	1.0000000000000036e-12	17.9672131147541	LI5	LI
70031	80030	75030.5	123	17.78101188315774	NA	0	1	0.996005996001	1.0000000000000036e-12	17.975609756097562	LI5	LI
75031	85030	80030.5	90	17.78101188315774	NA	0	1	0.996005996001	1.0000000000000036e-12	18.322222222222223	LI5	LI
80031	90030	85030.5	86	NA	NA	0	1	0.996005996001	1.0000000000000036e-12	18.453488372093023	LI5	LI
85031	95030	90030.5	106	15.54912548804106	0	0	1	0.996005996001	1.0000000000000036e-12	18.10377358490566	LI5	LI
90031	100030	95030.5	129	15.54912548804106	0	0	1	0.996005996001	1.0000000000000036e-12	17.891472868217054	LI5	LI
95031	105030	100030.5	164	NA	NA	0	1	0.996005996001	1.0000000000000036e-12	17.79268292682927	LI5	LI
100031	110030	105030.5	134	NA	NA	0	1	0.996005996001	1.0000000000000036e-12	17.917910447761194	LI5	LI
105031	115030	110030.5	88	NA	NA	0	1	0.996005996001	1.0000000000000036e-12	18.386363636363637	LI5	LI
110031	120030	115030.5	99	14.265422051826132	32767.999999999935	0	1	0.996005996001	1.0000000000000036e-12	18.484848484848484	LI5	LI
115031	125030	120030.5	99	14.265422051826132	32767.999999999935	0	1	0.996005996001	1.0000000000000036e-12	18.68686868686869	LI5	LI
120031	130030	125030.5	67	NA	NA	0	1	0.996005996001	1.0000000000000036e-12	18.402985074626866	LI5	LI
125031	135030	130030.5	88	14.265422051826132	32767.999999999935	0	1	0.996005996001	1.0000000000000036e-12	18.102272727272727	LI5	LI
130031	140030	135030.5	118	14.265422051826132	32767.999999999935	0	1	0.996005996001	1.0000000000000036e-12	18.11864406779661	LI5	LI
135031	145030	140030.5	96	NA	NA	0	1	0.996005996001	1.0000000000000036e-12	17.989583333333332	LI5	LI
140031	150030	145030.5	138	NA	NA	0	1	0.996005996001	1.0000000000000036e-12	18.5	LI5	LI
145031	155030	150030.5	214	13.75452122813411	NA	0	1	0.996005996001	1.0000000000000036e-12	18.593457943925234	LI5	LI
150031	160030	155030.5	199	13.75452122813411	NA	0	1	0.996005996001	1.0000000000000036e-12	18.452261306532662	LI5	LI
155031	165030	160030.5	131	NA	NA	0	1	0.996005996001	1.0000000000000036e-12	18.27480916030534	LI5	LI
160031	170030	165030.5	95	NA	NA	0	1	0.996005996001	1.0000000000000036e-12	18.28421052631579	LI5	LI
165031	175030	170030.5	87	10.871759954921112	NA	0	1	0.996005996001	1.0000000000000036e-12	18.310344827586206	LI5	LI
170031	180030	175030.5	81	15.355664401288681	NA	0	1	0.996005996001	1.0000000000000036e-12	18.22222222222222	LI5	LI
175031	185030	180030.5	94	16.29974591250587	NA	0	1	0.996005996001	1.0000000000000036e-12	17.78723404255319	LI5	LI
180031	190030	185030.5	112	12.759922977355487	NA	0	1	0.996005996001	1.0000000000000036e-12	17.839285714285715	LI5	LI
185031	195030	190030.5	101	NA	NA	0	1	0.996005996001	1.0000000000000036e-12	18.504950495049506	LI5	LI
190031	200030	195030.5	80	NA	NA	0	1	0.996005996001	1.0000000000000036e-12	18.8875	LI5	LI
195031	205030	200030.5	113	16.771272553687123	NA	0	1	0.996005996001	1.0000000000000036e-12	18.1858407079646	LI5	LI
200031	210030	205030.5	114	16.771272553687123	NA	0	1	0.996005996001	1.0000000000000036e-12	17.964912280701753	LI5	LI
205031	215030	210030.5	91	15.781025936810762	1048575.9999999992	0	1	0.996005996001	1.0000000000000036e-12	18.34065934065934	LI5	LI
210031	220030	215030.5	103	15.781025936810762	1048575.9999999992	0	1	0.996005996001	1.0000000000000036e-12	18.40776699029126	LI5	LI
215031	225030	220030.5	109	15.258831580551744	59049.00000000005	0	1	0.996005996001	1.0000000000000036e-12	18.201834862385322	LI5	LI
220031	230030	225030.5	84	15.258831580551744	59049.00000000005	0	1	0.996005996001	1.0000000000000036e-12	18.05952380952381	LI5	LI
225031	235030	230030.5	51	NA	NA	0	1	0.996005996001	1.0000000000000036e-12	18.568627450980394	LI5	LI
230031	240030	235030.5	89	NA	NA	0	1	0.996005996001	1.0000000000000036e-12	18.43820224719101	LI5	LI
235031	245030	240030.5	105	NA	NA	0	1	0.996005996001	1.0000000000000036e-12	18.152380952380952	LI5	LI
240031	250030	245030.5	100	15.910110473632812	NA	0	1	0.996005996001	1.0000000000000036e-12	18.33	LI5	LI
245031	255030	250030.5	99	15.910110473632812	NA	0	1	0.996005996001	1.0000000000000036e-12	18.363636363636363	LI5	LI
250031	260030	255030.5	98	NA	NA	0	1	0.996005996001	1.0000000000000036e-12	18.020408163265305	LI5	LI
255031	265030	260030.5	104	NA	NA	0	1	0.996005996001	1.0000000000000036e-12	17.951923076923077	LI5	LI
260031	270030	265030.5	87	NA	NA	0	1	0.996005996001	1.0000000000000036e-12	18.114942528735632	LI5	LI
265031	275030	270030.5	80	16.31082744198517	0	0	1	0.996005996001	1.0000000000000036e-12	18.5375	LI5	LI
270031	280030	275030.5	82	16.31082744198517	0	0	1	0.996005996001	1.0000000000000036e-12	18.79268292682927	LI5	LI
275031	285030	280030.5	87	13.91564049952351	44370.531250000015	0	1	0.996005996001	1.0000000000000036e-12	18.091954022988507	LI5	LI
280031	290030	285030.5	86	15.246847680885892	44370.531250000015	0	1	0.996005996001	1.0000000000000036e-12	17.77906976744186	LI5	LI
285031	295030	290030.5	91	16.28536531657887	NA	0	1	0.996005996001	1.0000000000000036e-12	18.032967032967033	LI5	LI
290031	300030	295030.5	99	14.78971875	NA	0	1	0.996005996001	1.0000000000000036e-12	17.67676767676768	LI5	LI
295031	305030	300030.5	142	19.719625	NA	0	1	0.996005996001	1.0000000000000036e-12	18.1056338028169	LI5	LI
300031	310030	305030.5	134	19.719625	NA	0	1	0.996005996001	1.0000000000000036e-12	18.492537313432837	LI5	LI
305031	315030	310030.5	90	NA	NA	0	1	0.996005996001	1.0000000000000036e-12	17.633333333333333	LI5	LI
310031	320030	315030.5	131	NA	NA	0	1	0.996005996001	1.0000000000000036e-12	17.748091603053435	LI5	LI
315031	325030	320030.5	121	NA	NA	0	1	0.996005996001	1.0000000000000036e-12	17.975206611570247	LI5	LI
320031	330030	325030.5	92	9.055594171357733	0.12299364797486502	0	1	0.996005996001	1.0000000000000036e-12	17.5	LI5	LI
325031	335030	330030.5	108	9.055594171357733	0.12299364797486502	0	1	0.996005996001	1.0000000000000036e-12	17.62037037037037	LI5	LI
330031	340030	335030.5	99	NA	NA	0	1	0.996005996001	1.0000000000000036e-12	17.90909090909091	LI5	LI
335031	345030	340030.5	84	13.738056273830473	2045.286198750191	0	1	0.996005996001	1.0000000000000036e-12	17.845238095238095	LI5	LI
340031	350030	345030.5	67	16.91518674944026	2045.286198750191	0	1	0.996005996001	1.0000000000000036e-12	17.597014925373134	LI5	LI
345031	355030	350030.5	34	13.817773983754691	NA	0	1	0.996005996001	1.0000000000000036e-12	16.970588235294116	LI5	LI
350031	360030	355030.5	8	9.628452915371689	0	0	1	0.996005996001	1.0000000000000036e-12	13.125	LI5	LI
355031	365030	360030.5	7	8.536544612674255	0	0	1	0.996005996001	1.0000000000000036e-12	12.142857142857142	LI5	LI
360031	370030	365030.5	13	12.584433318161128	NA	0	1	0.996005996001	1.0000000000000036e-12	10.76923076923077	LI5	LI
365031	375030	370030.5	54	12.584433318161128	NA	0	1	0.996005996001	1.0000000000000036e-12	14.518518518518519	LI5	LI
370031	380030	375030.5	89	NA	NA	0	1	0.996005996001	1.0000000000000036e-12	16.584269662921347	LI5	LI
375031	385030	380030.5	75	NA	NA	0	1	0.996005996001	1.0000000000000036e-12	17.933333333333334	LI5	LI
380031	390030	385030.5	67	NA	NA	0	1	0.996005996001	1.0000000000000036e-12	18.16417910447761	LI5	LI
385031	395030	390030.5	81	NA	NA	0	1	0.996005996001	1.0000000000000036e-12	18.580246913580247	LI5	LI
390031	400030	395030.5	81	13.957218750000001	0	0	1	0.996005996001	1.0000000000000036e-12	18.246913580246915	LI5	LI
395031	405030	400030.5	80	13.957218750000001	0	0	1	0.996005996001	1.0000000000000036e-12	18.2875	LI5	LI
400031	410030	405030.5	99	NA	NA	0	1	0.996005996001	1.0000000000000036e-12	18.353535353535353	LI5	LI
405031	415030	410030.5	87	16.807589558314675	0	0	1	0.996005996001	1.0000000000000036e-12	17.908045977011493	LI5	LI
410031	420030	415030.5	67	16.807589558314675	0	0	1	0.996005996001	1.0000000000000036e-12	17.402985074626866	LI5	LI
415031	425030	420030.5	78	9.751651994618301	104.35776759683472	0	1	0.996005996001	1.0000000000000036e-12	17.615384615384617	LI5	LI
420031	430030	425030.5	91	9.751651994618301	104.35776759683472	0	1	0.996005996001	1.0000000000000036e-12	17.626373626373628	LI5	LI
425031	435030	430030.5	96	NA	NA	0	1	0.996005996001	1.0000000000000036e-12	17.802083333333332	LI5	LI
430031	440030	435030.5	96	NA	NA	0	1	0.996005996001	1.0000000000000036e-12	18.25	LI5	LI
435031	445030	440030.5	93	NA	NA	0	1	0.996005996001	1.0000000000000036e-12	17.903225806451612	LI5	LI
440031	450030	445030.5	80	18.890456400008517	0	0	1	0.996005996001	1.0000000000000036e-12	17.975	LI5	LI
445031	455030	450030.5	75	18.890456400008517	0	0	1	0.996005996001	1.0000000000000036e-12	18.253333333333334	LI5	LI
450031	460030	455030.5	96	NA	NA	0	1	0.996005996001	1.0000000000000036e-12	18.125	LI5	LI
455031	465030	460030.5	93	15.760670371557818	NA	0	1	0.996005996001	1.0000000000000036e-12	17.946236559139784	LI5	LI
460031	470030	465030.5	97	15.760670371557818	NA	0	1	0.996005996001	1.0000000000000036e-12	17.804123711340207	LI5	LI
465031	475030	470030.5	85	NA	NA	0	1	0.996005996001	1.0000000000000036e-12	18.023529411764706	LI5	LI
470031	480030	475030.5	61	18.923795378335036	NA	0	1	0.996005996001	1.0000000000000036e-12	18.62295081967213	LI5	LI
475031	485030	480030.5	77	18.923795378335036	NA	0	1	0.996005996001	1.0000000000000036e-12	18.675324675324674	LI5	LI
480031	490030	485030.5	54	NA	NA	0	1	0.996005996001	1.0000000000000036e-12	18.333333333333332	LI5	LI
485031	495030	490030.5	40	NA	NA	0	1	0.996005996001	1.0000000000000036e-12	18.225	LI5	LI
490031	500030	495030.5	54	NA	NA	0	1	0.996005996001	1.0000000000000036e-12	18.074074074074073	LI5	LI
495031	505030	500030.5	65	14.90438888888889	NA	0	1	0.996005996001	1.0000000000000036e-12	17.815384615384616	LI5	LI
500031	510030	505030.5	74	14.90438888888889	NA	0	1	0.996005996001	1.0000000000000036e-12	18.2972972972973	LI5	LI
505031	515030	510030.5	83	NA	NA	0	1	0.996005996001	1.0000000000000036e-12	17.843373493975903	LI5	LI
510031	520030	515030.5	77	14.215499999999999	0	0	1	0.996005996001	1.0000000000000036e-12	17.636363636363637	LI5	LI
515031	525030	520030.5	59	14.328887152777778	0	0	1	0.996005996001	1.0000000000000036e-12	18.47457627118644	LI5	LI
520031	530030	525030.5	71	13.091956244574654	0	0	1	0.996005996001	1.0000000000000036e-12	17.64788732394366	LI5	LI
525031	535030	530030.5	76	11.8818359375	NA	0	1	0.996005996001	1.0000000000000036e-12	17.19736842105263	LI5	LI
530031	540030	535030.5	72	12.889863395134839	NA	0	1	0.996005996001	1.0000000000000036e-12	17.333333333333332	LI5	LI
535031	545030	540030.5	82	NA	NA	0	1	0.996005996001	1.0000000000000036e-12	17.365853658536587	LI5	LI
540031	550030	545030.5	97	12.759922977355487	NA	0	1	0.996005996001	1.0000000000000036e-12	17.721649484536083	LI5	LI
545031	555030	550030.5	95	12.759922977355487	0	0	1	0.996005996001	1.0000000000000036e-12	17.8	LI5	LI
550031	560030	555030.5	63	14.090506165101543	0	0	1	0.996005996001	1.0000000000000036e-12	17.793650793650794	LI5	LI
555031	565030	560030.5	46	NA	NA	0	1	0.996005996001	1.0000000000000036e-12	17.91304347826087	LI5	LI
560031	570030	565030.5	73	NA	NA	0	1	0.996005996001	1.0000000000000036e-12	18	LI5	LI
565031	575030	570030.5	109	13.69347681874089	NA	0	1	0.996005996001	1.0000000000000036e-12	17.788990825688074	LI5	LI
570031	580030	575030.5	102	13.69347681874089	NA	0	1	0.996005996001	1.0000000000000036e-12	17.676470588235293	LI5	LI
575031	585030	580030.5	67	16.926874423866415	0	0	1	0.996005996001	1.0000000000000036e-12	17.850746268656717	LI5	LI
580031	590030	585030.5	70	16.926874423866415	0	0	1	0.996005996001	1.0000000000000036e-12	17.6	LI5	LI
585031	595030	590030.5	79	NA	NA	0	1	0.996005996001	1.0000000000000036e-12	17.620253164556964	LI5	LI
590031	600030	595030.5	71	15.258010864257812	0	0	1	0.996005996001	1.0000000000000036e-12	18.014084507042252	LI5	LI
595031	605030	600030.5	86	13.501658783004192	0	0	1	0.996005996001	1.0000000000000036e-12	18.337209302325583	LI5	LI
600031	610030	605030.5	114	12.367968038802912	0	0	1	0.996005996001	1.0000000000000036e-12	17.640350877192983	LI5	LI
605031	615030	610030.5	118	NA	NA	0	1	0.996005996001	1.0000000000000036e-12	17.52542372881356	LI5	LI
610031	620030	615030.5	107	NA	NA	0	1	0.996005996001	1.0000000000000036e-12	18.14018691588785	LI5	LI
615031	625030	620030.5	100	NA	NA	0	1	0.996005996001	1.0000000000000036e-12	18.49	LI5	LI
620031	630030	625030.5	101	NA	NA	0	1	0.996005996001	1.0000000000000036e-12	18.643564356435643	LI5	LI
625031	635030	630030.5	112	NA	NA	0	1	0.996005996001	1.0000000000000036e-12	18.294642857142858	LI5	LI
630031	640030	635030.5	79	NA	NA	0	1	0.996005996001	1.0000000000000036e-12	18.189873417721518	LI5	LI
635031	645030	640030.5	41	NA	NA	0	1	0.996005996001	1.0000000000000036e-12	17.951219512195124	LI5	LI
640031	650030	645030.5	57	NA	NA	0	1	0.996005996001	1.0000000000000036e-12	17.859649122807017	LI5	LI
645031	655030	650030.5	63	10.080181829913872	137.09279999999995	0	1	0.996005996001	1.0000000000000036e-12	18.476190476190474	LI5	LI
650031	660030	655030.5	64	11.0537109375	0	0	1	0.996005996001	1.0000000000000036e-12	18.078125	LI5	LI
655031	665030	660030.5	63	13.957218750000001	0	0	1	0.996005996001	1.0000000000000036e-12	17.53968253968254	LI5	LI
660031	670030	665030.5	53	18.923795378335036	NA	0	1	0.996005996001	1.0000000000000036e-12	17.69811320754717	LI5	LI
665031	675030	670030.5	35	NA	NA	0	1	0.996005996001	1.0000000000000036e-12	17.771428571428572	LI5	LI
670031	680030	675030.5	11	NA	NA	0	1	0.996005996001	1.0000000000000036e-12	17.454545454545453	LI5	LI
675031	685030	680030.5	9	NA	NA	0	1	0.996005996001	1.0000000000000036e-12	17.666666666666668	LI5	LI
680031	690030	685030.5	7	NA	NA	0	1	0.996005996001	1.0000000000000036e-12	18.571428571428573	LI5	LI
685031	695030	690030.5	0	NA	NA	NA	NA	NA	NA	NA	LI5	LI
690031	700030	695030.5	0	NA	NA	NA	NA	NA	NA	NA	LI5	LI
695031	705030	700030.5	0	NA	NA	NA	NA	NA	NA	NA	LI5	LI
700031	710030	705030.5	16	10.720361218069122	NA	0	1	0.996005996001	1.0000000000000036e-12	16.9375	LI5	LI
705031	715030	710030.5	62	13.789250266854594	0	0	1	0.996005996001	1.0000000000000036e-12	17.870967741935484	LI5	LI
710031	720030	715030.5	107	16.858139315640067	0	0	1	0.996005996001	1.0000000000000036e-12	18.205607476635514	LI5	LI
715031	725030	720030.5	99	11.553819444444443	NA	0	1	0.996005996001	1.0000000000000036e-12	18.04040404040404	LI5	LI
720031	730030	725030.5	77	14.631916773391513	0	0	1	0.996005996001	1.0000000000000036e-12	18.01298701298701	LI5	LI
725031	735030	730030.5	74	15.012173652648926	0	0	1	0.996005996001	1.0000000000000036e-12	18.364864864864863	LI5	LI
730031	740030	735030.5	66	14.91877454449518	0	0	1	0.996005996001	1.0000000000000036e-12	18.257575757575758	LI5	LI
735031	745030	740030.5	71	14.91877454449518	0	0	1	0.996005996001	1.0000000000000036e-12	18.112676056338028	LI5	LI
740031	750030	745030.5	77	NA	NA	0	1	0.996005996001	1.0000000000000036e-12	18.22077922077922	LI5	LI
745031	755030	750030.5	72	11.8818359375	NA	0	1	0.996005996001	1.0000000000000036e-12	18.15277777777778	LI5	LI
750031	760030	755030.5	75	11.8818359375	NA	0	1	0.996005996001	1.0000000000000036e-12	18.013333333333332	LI5	LI
755031	765030	760030.5	93	13.611151603498543	NA	0	1	0.996005996001	1.0000000000000036e-12	17.677419354838708	LI5	LI
760031	770030	765030.5	92	17.29692539788514	0	0	1	0.996005996001	1.0000000000000036e-12	17.619565217391305	LI5	LI
765031	775030	770030.5	102	16.67412985955628	0	0	1	0.996005996001	1.0000000000000036e-12	17.676470588235293	LI5	LI
770031	780030	775030.5	98	13.775802033983236	NA	0	1	0.996005996001	1.0000000000000036e-12	17.571428571428573	LI5	LI
775031	785030	780030.5	58	NA	NA	0	1	0.996005996001	1.0000000000000036e-12	17.879310344827587	LI5	LI
780031	790030	785030.5	70	NA	NA	0	1	0.996005996001	1.0000000000000036e-12	17.914285714285715	LI5	LI
785031	795030	790030.5	87	15.258010864257812	0	0	1	0.996005996001	1.0000000000000036e-12	17.74712643678161	LI5	LI
790031	800030	795030.5	67	15.258010864257812	0	0	1	0.996005996001	1.0000000000000036e-12	17.83582089552239	LI5	LI
795031	805030	800030.5	70	7.629005432128906	NA	0	1	0.996005996001	1.0000000000000036e-12	17.585714285714285	LI5	LI
800031	810030	805030.5	66	7.629005432128906	NA	0	1	0.996005996001	1.0000000000000036e-12	17.62121212121212	LI5	LI
805031	815030	810030.5	34	NA	NA	0	1	0.996005996001	1.0000000000000036e-12	17.529411764705884	LI5	LI
810031	820030	815030.5	91	9.949566374099795	0	0	1	0.996005996001	1.0000000000000036e-12	16.45054945054945	LI5	LI
815031	825030	820030.5	109	9.949566374099795	0	0	1	0.996005996001	1.0000000000000036e-12	16.972477064220183	LI5	LI
820031	830030	825030.5	62	NA	NA	0	1	0.996005996001	1.0000000000000036e-12	18.241935483870968	LI5	LI
825031	835030	830030.5	77	14.634666666666668	NA	0	1	0.996005996001	1.0000000000000036e-12	18.181818181818183	LI5	LI
830031	840030	835030.5	78	14.634666666666668	NA	0	1	0.996005996001	1.0000000000000036e-12	17.94871794871795	LI5	LI
835031	845030	840030.5	84	11.553819444444443	NA	0	1	0.996005996001	1.0000000000000036e-12	17.44047619047619	LI5	LI
840031	850030	845030.5	91	12.156871210899965	23730.46874999998	0	1	0.996005996001	1.0000000000000036e-12	18.032967032967033	LI5	LI
845031	855030	850030.5	85	13.287231008686955	23730.46874999998	0	1	0.996005996001	1.0000000000000036e-12	18.258823529411764	LI5	LI
850031	860030	855030.5	94	12.812375053479006	NA	0	1	0.996005996001	1.0000000000000036e-12	17.30851063829787	LI5	LI
855031	865030	860030.5	107	14.90438888888889	NA	0	1	0.996005996001	1.0000000000000036e-12	17.7196261682243	LI5	LI
860031	870030	865030.5	118	14.23438339310682	0	0	1	0.996005996001	1.0000000000000036e-12	17.949152542372882	LI5	LI
865031	875030	870030.5	131	13.167934584548107	0	0	1	0.996005996001	1.0000000000000036e-12	17.564885496183205	LI5	LI
870031	880030	875030.5	100	13.775802033983236	NA	0	1	0.996005996001	1.0000000000000036e-12	17.83	LI5	LI
875031	885030	880030.5	50	13.775802033983236	NA	0	1	0.996005996001	1.0000000000000036e-12	17.12	LI5	LI
880031	890030	885030.5	29	NA	NA	0	1	0.996005996001	1.0000000000000036e-12	13.655172413793103	LI5	LI
885031	895030	890030.5	44	NA	NA	0	1	0.996005996001	1.0000000000000036e-12	16.545454545454547	LI5	LI
890031	900030	895030.5	66	2.5842812500000005	NA	0	1	0.996005996001	1.0000000000000036e-12	17.045454545454547	LI5	LI
895031	905030	900030.5	39	3.7499999999999996	39.99999999999997	0	1	0.996005996001	1.0000000000000036e-12	14.153846153846153	LI5	LI
900031	910030	905030.5	26	8.55856317016784	39.99999999999997	0	1	0.996005996001	1.0000000000000036e-12	9.576923076923077	LI5	LI
905031	915030	910030.5	55	8.55856317016784	NA	0	1	0.996005996001	1.0000000000000036e-12	15.49090909090909	LI5	LI
910031	920030	915030.5	86	13.795558206541543	0	0	1	0.996005996001	1.0000000000000036e-12	17.697674418604652	LI5	LI
915031	925030	920030.5	88	13.795558206541543	0	0	1	0.996005996001	1.0000000000000036e-12	17.90909090909091	LI5	LI
920031	930030	925030.5	107	NA	NA	0	1	0.996005996001	1.0000000000000036e-12	17.869158878504674	LI5	LI
925031	935030	930030.5	119	NA	NA	0	1	0.996005996001	1.0000000000000036e-12	17.722689075630253	LI5	LI
930031	940030	935030.5	94	NA	NA	0	1	0.996005996001	1.0000000000000036e-12	18.22340425531915	LI5	LI
935031	945030	940030.5	97	NA	NA	0	1	0.996005996001	1.0000000000000036e-12	18.484536082474225	LI5	LI
940031	950030	945030.5	99	7.629005432128906	NA	0	1	0.996005996001	1.0000000000000036e-12	18.2020202020202	LI5	LI
945031	955030	950030.5	71	16.608723958333336	0	0	1	0.996005996001	1.0000000000000036e-12	17.95774647887324	LI5	LI
950031	960030	955030.5	73	17.330729166666668	0	0	1	0.996005996001	1.0000000000000036e-12	17.575342465753426	LI5	LI
955031	965030	960030.5	66	NA	NA	0	1	0.996005996001	1.0000000000000036e-12	17.106060606060606	LI5	LI
960031	970030	965030.5	62	NA	NA	0	1	0.996005996001	1.0000000000000036e-12	16.967741935483872	LI5	LI
965031	975030	970030.5	57	NA	NA	0	1	0.996005996001	1.0000000000000036e-12	16.19298245614035	LI5	LI
970031	980030	975030.5	53	NA	NA	0	1	0.996005996001	1.0000000000000036e-12	17.20754716981132	LI5	LI
975031	985030	980030.5	81	7.490980940412599	626.2993679012345	0	1	0.996005996001	1.0000000000000036e-12	18.049382716049383	LI5	LI
980031	990030	985030.5	65	11.374495902335205	313.14968395061726	0	1	0.996005996001	1.0000000000000036e-12	17.73846153846154	LI5	LI
985031	995030	990030.5	67	15.258010864257812	0	0	1	0.996005996001	1.0000000000000036e-12	17.91044776119403	LI5	LI
990031	1000030	995030.5	78	5.132677734375	NA	0	1	0.996005996001	1.0000000000000036e-12	17.692307692307693	LI5	LI
995031	1005030	1000030.5	84	7.611078125	NA	0	1	0.996005996001	1.0000000000000036e-12	17.357142857142858	LI5	LI
1000031	1010030	1005030.5	112	10.283530368085556	NA	0	1	0.996005996001	1.0000000000000036e-12	17.9375	LI5	LI
1005031	1015030	1010030.5	116	NA	NA	0	1	0.996005996001	1.0000000000000036e-12	18.405172413793103	LI5	LI
1010031	1020030	1015030.5	123	15.332716780964393	NA	0	1	0.996005996001	1.0000000000000036e-12	18.520325203252032	LI5	LI
1015031	1025030	1020030.5	92	15.332716780964393	NA	0	1	0.996005996001	1.0000000000000036e-12	18.304347826086957	LI5	LI
1020031	1030030	1025030.5	59	15.760670371557818	1419856.9999999974	0	1	0.996005996001	1.0000000000000036e-12	17.83050847457627	LI5	LI
1025031	1035030	1030030.5	64	15.760670371557818	1419856.9999999974	0	1	0.996005996001	1.0000000000000036e-12	16.203125	LI5	LI
1030031	1040030	1035030.5	108	NA	NA	0	1	0.996005996001	1.0000000000000036e-12	16.5	LI5	LI
1035031	1045030	1040030.5	134	12.88595776911698	0	0	1	0.996005996001	1.0000000000000036e-12	17.619402985074625	LI5	LI
1040031	1050030	1045030.5	133	12.786520693905619	0	0	1	0.996005996001	1.0000000000000036e-12	18.097744360902254	LI5	LI
1045031	1055030	1050030.5	122	11.606319587124906	0	0	1	0.996005996001	1.0000000000000036e-12	18.270491803278688	LI5	LI
1050031	1060030	1055030.5	95	16.501104372328516	0	0	1	0.996005996001	1.0000000000000036e-12	17.821052631578947	LI5	LI
1055031	1065030	1060030.5	94	16.700073863347242	0	0	1	0.996005996001	1.0000000000000036e-12	17.79787234042553	LI5	LI
1060031	1070030	1065030.5	71	NA	NA	0	1	0.996005996001	1.0000000000000036e-12	18.323943661971832	LI5	LI
1065031	1075030	1070030.5	68	11.785387153361317	467.1367677691413	0	1	0.996005996001	1.0000000000000036e-12	17.985294117647058	LI5	LI
1070031	1080030	1075030.5	102	13.611151603498543	467.1367677691413	0	1	0.996005996001	1.0000000000000036e-12	17.598039215686274	LI5	LI
1075031	1085030	1080030.5	109	14.78971875	NA	0	1	0.996005996001	1.0000000000000036e-12	17.71559633027523	LI5	LI
1080031	1090030	1085030.5	98	15.28601035616298	NA	0	1	0.996005996001	1.0000000000000036e-12	18.051020408163264	LI5	LI
1085031	1095030	1090030.5	110	13.611151603498543	NA	0	1	0.996005996001	1.0000000000000036e-12	18.381818181818183	LI5	LI
1090031	1100030	1095030.5	102	13.611151603498543	NA	0	1	0.996005996001	1.0000000000000036e-12	18.372549019607842	LI5	LI
1095031	1105030	1100030.5	94	NA	NA	0	1	0.996005996001	1.0000000000000036e-12	18.29787234042553	LI5	LI
1100031	1110030	1105030.5	95	17.78101188315774	NA	0	1	0.996005996001	1.0000000000000036e-12	18.53684210526316	LI5	LI
1105031	1115030	1110030.5	79	17.78101188315774	NA	0	1	0.996005996001	1.0000000000000036e-12	18.70886075949367	LI5	LI
1110031	1120030	1115030.5	94	NA	NA	0	1	0.996005996001	1.0000000000000036e-12	18.24468085106383	LI5	LI
1115031	1125030	1120030.5	97	NA	NA	0	1	0.996005996001	1.0000000000000036e-12	18.164948453608247	LI5	LI
1120031	1130030	1125030.5	114	NA	NA	0	1	0.996005996001	1.0000000000000036e-12	18.228070175438596	LI5	LI
1125031	1135030	1130030.5	161	NA	NA	0	1	0.996005996001	1.0000000000000036e-12	18.372670807453417	LI5	LI
1130031	1140030	1135030.5	147	NA	NA	0	1	0.996005996001	1.0000000000000036e-12	18.462585034013607	LI5	LI
1135031	1145030	1140030.5	120	NA	NA	0	1	0.996005996001	1.0000000000000036e-12	18.041666666666668	LI5	LI
1140031	1150030	1145030.5	107	NA	NA	0	1	0.996005996001	1.0000000000000036e-12	17.85981308411215	LI5	LI
1145031	1155030	1150030.5	98	11.868934631347656	NA	0	1	0.996005996001	1.0000000000000036e-12	17.255102040816325	LI5	LI
1150031	1160030	1155030.5	97	11.868934631347656	NA	0	1	0.996005996001	1.0000000000000036e-12	17.24742268041237	LI5	LI
1155031	1165030	1160030.5	98	NA	NA	0	1	0.996005996001	1.0000000000000036e-12	18.051020408163264	LI5	LI
1160031	1170030	1165030.5	109	17.87255859375	0	0	1	0.996005996001	1.0000000000000036e-12	18.03669724770642	LI5	LI
1165031	1175030	1170030.5	123	17.87255859375	0	0	1	0.996005996001	1.0000000000000036e-12	18.008130081300813	LI5	LI
1170031	1180030	1175030.5	108	16.914915704923402	NA	0	1	0.996005996001	1.0000000000000036e-12	18.203703703703702	LI5	LI
1175031	1185030	1180030.5	85	NA	NA	0	1	0.996005996001	1.0000000000000036e-12	18.529411764705884	LI5	LI
1180031	1190030	1185030.5	59	NA	NA	0	1	0.996005996001	1.0000000000000036e-12	18.47457627118644	LI5	LI
1185031	1195030	1190030.5	62	13.73642622010031	NA	0	1	0.996005996001	1.0000000000000036e-12	18.241935483870968	LI5	LI
1190031	1200030	1195030.5	90	16.831951391300155	NA	0	1	0.996005996001	1.0000000000000036e-12	18.233333333333334	LI5	LI
1195031	1205030	1200030.5	110	19.9274765625	NA	0	1	0.996005996001	1.0000000000000036e-12	18.054545454545455	LI5	LI
1200031	1210030	1205030.5	132	16.67412985955628	NA	0	1	0.996005996001	1.0000000000000036e-12	18.022727272727273	LI5	LI
1205031	1215030	1210030.5	113	16.67412985955628	NA	0	1	0.996005996001	1.0000000000000036e-12	18.097345132743364	LI5	LI
1210031	1220030	1215030.5	72	14.681114583333333	0	0	1	0.996005996001	1.0000000000000036e-12	17.958333333333332	LI5	LI
1215031	1225030	1220030.5	81	14.681114583333333	0	0	1	0.996005996001	1.0000000000000036e-12	18.34567901234568	LI5	LI
1220031	1230030	1225030.5	103	14.634666666666668	NA	0	1	0.996005996001	1.0000000000000036e-12	18.45631067961165	LI5	LI
1225031	1235030	1230030.5	89	15.921193479562614	NA	0	1	0.996005996001	1.0000000000000036e-12	18.269662921348313	LI5	LI
1230031	1240030	1235030.5	89	17.20772029245856	NA	0	1	0.996005996001	1.0000000000000036e-12	18.191011235955056	LI5	LI
1235031	1245030	1240030.5	111	13.897890852769677	NA	0	1	0.996005996001	1.0000000000000036e-12	17.9009009009009	LI5	LI
1240031	1250030	1245030.5	128	13.897890852769677	NA	0	1	0.996005996001	1.0000000000000036e-12	17.9375	LI5	LI
1245031	1255030	1250030.5	121	12.437155958409196	0	0	1	0.996005996001	1.0000000000000036e-12	18	LI5	LI
1250031	1260030	1255030.5	131	12.437155958409196	0	0	1	0.996005996001	1.0000000000000036e-12	18.106870229007633	LI5	LI
1255031	1265030	1260030.5	110	11.867411295572916	0	0	1	0.996005996001	1.0000000000000036e-12	18.40909090909091	LI5	LI
1260031	1270030	1265030.5	110	13.74441110352501	0	0	1	0.996005996001	1.0000000000000036e-12	18.6	LI5	LI
1265031	1275030	1270030.5	144	14.90438888888889	0	0	1	0.996005996001	1.0000000000000036e-12	18.34027777777778	LI5	LI
1270031	1280030	1275030.5	138	14.776704215447339	NA	0	1	0.996005996001	1.0000000000000036e-12	18.21014492753623	LI5	LI
1275031	1285030	1280030.5	134	14.776704215447339	NA	0	1	0.996005996001	1.0000000000000036e-12	18.15671641791045	LI5	LI
1280031	1290030	1285030.5	100	NA	NA	0	1	0.996005996001	1.0000000000000036e-12	18.04	LI5	LI
1285031	1295030	1290030.5	82	12.722520685825351	NA	0	1	0.996005996001	1.0000000000000036e-12	18.29268292682927	LI5	LI
1290031	1300030	1295030.5	104	12.722520685825351	NA	0	1	0.996005996001	1.0000000000000036e-12	18.16346153846154	LI5	LI
1295031	1305030	1300030.5	99	NA	NA	0	1	0.996005996001	1.0000000000000036e-12	18	LI5	LI
1300031	1310030	1305030.5	83	NA	NA	0	1	0.996005996001	1.0000000000000036e-12	18.49397590361446	LI5	LI
1305031	1315030	1310030.5	71	NA	NA	0	1	0.996005996001	1.0000000000000036e-12	18.816901408450704	LI5	LI
1310031	1320030	1315030.5	66	NA	NA	0	1	0.996005996001	1.0000000000000036e-12	18.348484848484848	LI5	LI
1315031	1325030	1320030.5	94	NA	NA	0	1	0.996005996001	1.0000000000000036e-12	18.29787234042553	LI5	LI
1320031	1330030	1325030.5	105	NA	NA	0	1	0.996005996001	1.0000000000000036e-12	18.333333333333332	LI5	LI
1325031	1335030	1330030.5	93	NA	NA	0	1	0.996005996001	1.0000000000000036e-12	18.043010752688172	LI5	LI
1330031	1340030	1335030.5	79	11.8818359375	NA	0	1	0.996005996001	1.0000000000000036e-12	18.164556962025316	LI5	LI
1335031	1345030	1340030.5	93	13.69347681874089	0	0	1	0.996005996001	1.0000000000000036e-12	17.311827956989248	LI5	LI
1340031	1350030	1345030.5	102	13.69347681874089	0	0	1	0.996005996001	1.0000000000000036e-12	17.254901960784313	LI5	LI
1345031	1355030	1350030.5	68	10.518407212622089	NA	0	1	0.996005996001	1.0000000000000036e-12	18.176470588235293	LI5	LI
1350031	1360030	1355030.5	55	NA	NA	0	1	0.996005996001	1.0000000000000036e-12	18.545454545454547	LI5	LI
1355031	1365030	1360030.5	79	10.871759954921112	NA	0	1	0.996005996001	1.0000000000000036e-12	17.962025316455698	LI5	LI
1360031	1370030	1365030.5	72	10.871759954921112	NA	0	1	0.996005996001	1.0000000000000036e-12	17.59722222222222	LI5	LI
1365031	1375030	1370030.5	54	NA	NA	0	1	0.996005996001	1.0000000000000036e-12	18.25925925925926	LI5	LI
1370031	1380030	1375030.5	77	16.061747055007125	0	0	1	0.996005996001	1.0000000000000036e-12	17.83116883116883	LI5	LI
1375031	1385030	1380030.5	104	14.90438888888889	0	0	1	0.996005996001	1.0000000000000036e-12	17.60576923076923	LI5	LI
1380031	1390030	1385030.5	105	14.430803819444446	0	0	1	0.996005996001	1.0000000000000036e-12	17.857142857142858	LI5	LI
1385031	1395030	1390030.5	101	NA	NA	0	1	0.996005996001	1.0000000000000036e-12	18	LI5	LI
1390031	1400030	1395030.5	109	14.782288530142273	NA	0	1	0.996005996001	1.0000000000000036e-12	17.81651376146789	LI5	LI
1395031	1405030	1400030.5	96	14.782288530142273	NA	0	1	0.996005996001	1.0000000000000036e-12	17.895833333333332	LI5	LI
1400031	1410030	1405030.5	83	NA	NA	0	1	0.996005996001	1.0000000000000036e-12	18.53012048192771	LI5	LI
1405031	1415030	1410030.5	82	NA	NA	0	1	0.996005996001	1.0000000000000036e-12	18.475609756097562	LI5	LI
1410031	1420030	1415030.5	101	12.299155226807471	9065.548315805518	0	1	0.996005996001	1.0000000000000036e-12	18.08910891089109	LI5	LI
1415031	1425030	1420030.5	119	12.299155226807471	9065.548315805518	0	1	0.996005996001	1.0000000000000036e-12	18.084033613445378	LI5	LI
1420031	1430030	1425030.5	115	NA	NA	0	1	0.996005996001	1.0000000000000036e-12	18.191304347826087	LI5	LI
1425031	1435030	1430030.5	94	NA	NA	0	1	0.996005996001	1.0000000000000036e-12	18.329787234042552	LI5	LI
1430031	1440030	1435030.5	73	NA	NA	0	1	0.996005996001	1.0000000000000036e-12	18	LI5	LI
1435031	1445030	1440030.5	73	15.600225881859533	NA	0	1	0.996005996001	1.0000000000000036e-12	17.876712328767123	LI5	LI
1440031	1450030	1445030.5	59	15.600225881859533	NA	0	1	0.996005996001	1.0000000000000036e-12	18.440677966101696	LI5	LI
1445031	1455030	1450030.5	61	14.265422051826132	32767.999999999935	0	1	0.996005996001	1.0000000000000036e-12	18.18032786885246	LI5	LI
1450031	1460030	1455030.5	88	15.470590122188254	16383.999999999967	0	1	0.996005996001	1.0000000000000036e-12	18.170454545454547	LI5	LI
1455031	1465030	1460030.5	106	16.675758192550376	0	0	1	0.996005996001	1.0000000000000036e-12	18.264150943396228	LI5	LI
1460031	1470030	1465030.5	86	NA	NA	0	1	0.996005996001	1.0000000000000036e-12	18.13953488372093	LI5	LI
1465031	1475030	1470030.5	74	NA	NA	0	1	0.996005996001	1.0000000000000036e-12	18.554054054054053	LI5	LI
1470031	1480030	1475030.5	78	NA	NA	0	1	0.996005996001	1.0000000000000036e-12	18.71794871794872	LI5	LI
1475031	1485030	1480030.5	78	NA	NA	0	1	0.996005996001	1.0000000000000036e-12	18.358974358974358	LI5	LI
1480031	1490030	1485030.5	85	19.9274765625	NA	0	1	0.996005996001	1.0000000000000036e-12	18.141176470588235	LI5	LI
1485031	1495030	1490030.5	73	19.9274765625	NA	0	1	0.996005996001	1.0000000000000036e-12	18.17808219178082	LI5	LI
1490031	1500030	1495030.5	77	NA	NA	0	1	0.996005996001	1.0000000000000036e-12	17.766233766233768	LI5	LI
1495031	1505030	1500030.5	75	NA	NA	0	1	0.996005996001	1.0000000000000036e-12	17.786666666666665	LI5	LI
1500031	1510030	1505030.5	60	16.67412985955628	NA	0	1	0.996005996001	1.0000000000000036e-12	18.116666666666667	LI5	LI
1505031	1515030	1510030.5	66	16.67412985955628	NA	0	1	0.996005996001	1.0000000000000036e-12	18.242424242424242	LI5	LI
1510031	1520030	1515030.5	70	13.82125315452891	1419856.9999999974	0	1	0.996005996001	1.0000000000000036e-12	18.02857142857143	LI5	LI
1515031	1525030	1520030.5	68	13.82125315452891	1419856.9999999974	0	1	0.996005996001	1.0000000000000036e-12	17.735294117647058	LI5	LI
31	10030	5030.5	140	36.080538291712564	0	0	1	0.996005996001	1.0000000000000036e-12	48.74285714285714	LI6	LI
5031	15030	10030.5	118	45.81309663658615	0	0	1	0.996005996001	1.0000000000000036e-12	52.04237288135593	LI6	LI
10031	20030	15030.5	124	45.81309663658615	0	0	1	0.996005996001	1.0000000000000036e-12	51.483870967741936	LI6	LI
15031	25030	20030.5	89	41.83913908755467	0	0	1	0.996005996001	1.0000000000000036e-12	52.69662921348315	LI6	LI
20031	30030	25030.5	77	41.83913908755467	0	0	1	0.996005996001	1.0000000000000036e-12	52.96103896103896	LI6	LI
25031	35030	30030.5	108	41.78554456566853	0	0	1	0.996005996001	1.0000000000000036e-12	53.25	LI6	LI
30031	40030	35030.5	117	41.78554456566853	0	0	1	0.996005996001	1.0000000000000036e-12	53.58119658119658	LI6	LI
35031	45030	40030.5	78	NA	NA	0	1	0.996005996001	1.0000000000000036e-12	53.07692307692308	LI6	LI
40031	50030	45030.5	80	37.66315812253973	0	0	1	0.996005996001	1.0000000000000036e-12	53.1875	LI6	LI
45031	55030	50030.5	108	37.66315812253973	0	0	1	0.996005996001	1.0000000000000036e-12	53.72222222222222	LI6	LI
50031	60030	55030.5	110	46.10823878891238	0	0	1	0.996005996001	1.0000000000000036e-12	53.35454545454545	LI6	LI
55031	65030	60030.5	97	50.04040137795718	0	0	1	0.996005996001	1.0000000000000036e-12	52.628865979381445	LI6	LI
60031	70030	65030.5	96	53.47228952970599	NA	0	1	0.996005996001	1.0000000000000036e-12	52.75	LI6	LI
65031	75030	70030.5	122	50.92734916757226	NA	0	1	0.996005996001	1.0000000000000036e-12	53.01639344262295	LI6	LI
70031	80030	75030.5	123	55.05405274276044	NA	0	1	0.996005996001	1.0000000000000036e-12	53.49593495934959	LI6	LI
75031	85030	80030.5	90	54.51330835488121	3.3938222498132887e-5	0	1	0.996005996001	1.0000000000000036e-12	53.86666666666667	LI6	LI
80031	90030	85030.5	86	48.012341464194584	3.3938222498132887e-5	0	1	0.996005996001	1.0000000000000036e-12	53.58139534883721	LI6	LI
85031	95030	90030.5	106	48.012341464194584	NA	0	1	0.996005996001	1.0000000000000036e-12	52.31132075471698	LI6	LI
90031	100030	95030.5	129	55.97353209559493	NA	0	1	0.996005996001	1.0000000000000036e-12	51.30232558139535	LI6	LI
95031	105030	100030.5	164	54.00989521446505	NA	0	1	0.996005996001	1.0000000000000036e-12	51.06707317073171	LI6	LI
100031	110030	105030.5	134	52.04625833333517	NA	0	1	0.996005996001	1.0000000000000036e-12	51.67910447761194	LI6	LI
105031	115030	110030.5	88	32.93969365036344	9.800398037286047e-5	0	1	0.996005996001	1.0000000000000036e-12	53.46590909090909	LI6	LI
110031	120030	115030.5	99	35.076824728350516	1.1194421920943401e-4	0	1	0.996005996001	1.0000000000000036e-12	53.60606060606061	LI6	LI
115031	125030	120030.5	99	37.21395580633759	1.2588445804600755e-4	0	1	0.996005996001	1.0000000000000036e-12	53.7979797979798	LI6	LI
120031	130030	125030.5	67	NA	NA	0	1	0.996005996001	1.0000000000000036e-12	53.67164179104478	LI6	LI
125031	135030	130030.5	88	NA	NA	0	1	0.996005996001	1.0000000000000036e-12	53.45454545454545	LI6	LI
130031	140030	135030.5	118	NA	NA	0	1	0.996005996001	1.0000000000000036e-12	52.09322033898305	LI6	LI
135031	145030	140030.5	96	NA	NA	0	1	0.996005996001	1.0000000000000036e-12	51.666666666666664	LI6	LI
140031	150030	145030.5	138	54.52727418558102	NA	0	1	0.996005996001	1.0000000000000036e-12	53.927536231884055	LI6	LI
145031	155030	150030.5	214	49.09472016857802	0	0	1	0.996005996001	1.0000000000000036e-12	53.75233644859813	LI6	LI
150031	160030	155030.5	199	42.841437003054224	0	0	1	0.996005996001	1.0000000000000036e-12	53.311557788944725	LI6	LI
155031	165030	160030.5	131	NA	NA	0	1	0.996005996001	1.0000000000000036e-12	53.16793893129771	LI6	LI
160031	170030	165030.5	95	25.875130904713817	NA	0	1	0.996005996001	1.0000000000000036e-12	52.76842105263158	LI6	LI
165031	175030	170030.5	87	30.120270991715508	0	0	1	0.996005996001	1.0000000000000036e-12	52.03448275862069	LI6	LI
170031	180030	175030.5	81	34.3654110787172	0	0	1	0.996005996001	1.0000000000000036e-12	52.074074074074076	LI6	LI
175031	185030	180030.5	94	47.770169891357426	0	0	1	0.996005996001	1.0000000000000036e-12	51.12765957446808	LI6	LI
180031	190030	185030.5	112	47.770169891357426	0	0	1	0.996005996001	1.0000000000000036e-12	51.839285714285715	LI6	LI
185031	195030	190030.5	101	52.91310218213448	NA	0	1	0.996005996001	1.0000000000000036e-12	53.83168316831683	LI6	LI
190031	200030	195030.5	80	52.91310218213448	NA	0	1	0.996005996001	1.0000000000000036e-12	54.275	LI6	LI
195031	205030	200030.5	113	41.93032578681802	NA	0	1	0.996005996001	1.0000000000000036e-12	52.86725663716814	LI6	LI
200031	210030	205030.5	114	41.93032578681802	NA	0	1	0.996005996001	1.0000000000000036e-12	52.29824561403509	LI6	LI
205031	215030	210030.5	91	NA	NA	0	1	0.996005996001	1.0000000000000036e-12	52.89010989010989	LI6	LI
210031	220030	215030.5	103	NA	NA	0	1	0.996005996001	1.0000000000000036e-12	53.689320388349515	LI6	LI
215031	225030	220030.5	109	35.601004361412606	42.29433655976674	0	1	0.996005996001	1.0000000000000036e-12	52.92660550458716	LI6	LI
220031	230030	225030.5	84	52.28626852428827	42.29433655976674	0	1	0.996005996001	1.0000000000000036e-12	52.38095238095238	LI6	LI
225031	235030	230030.5	51	53.048947225053496	NA	0	1	0.996005996001	1.0000000000000036e-12	54.05882352941177	LI6	LI
230031	240030	235030.5	89	37.4607008187574	NA	0	1	0.996005996001	1.0000000000000036e-12	53.21348314606742	LI6	LI
235031	245030	240030.5	105	37.96121541952179	NA	0	1	0.996005996001	1.0000000000000036e-12	52.885714285714286	LI6	LI
240031	250030	245030.5	100	54.973056724267465	NA	0	1	0.996005996001	1.0000000000000036e-12	53.1	LI6	LI
245031	255030	250030.5	99	54.93974636081894	NA	0	1	0.996005996001	1.0000000000000036e-12	53.292929292929294	LI6	LI
250031	260030	255030.5	98	52.21058578326678	NA	0	1	0.996005996001	1.0000000000000036e-12	53.265306122448976	LI6	LI
255031	265030	260030.5	104	49.38251086937203	NA	0	1	0.996005996001	1.0000000000000036e-12	52.96153846153846	LI6	LI
260031	270030	265030.5	87	49.283596533029424	NA	0	1	0.996005996001	1.0000000000000036e-12	53.12643678160919	LI6	LI
265031	275030	270030.5	80	1292.0904061487586	0	0	1	0.996005996001	1.0000000000000036e-12	53.925	LI6	LI
270031	280030	275030.5	82	1292.0904061487586	0	0	1	0.996005996001	1.0000000000000036e-12	54.15853658536585	LI6	LI
275031	285030	280030.5	87	42.80426291287294	0	0	1	0.996005996001	1.0000000000000036e-12	51.64367816091954	LI6	LI
280031	290030	285030.5	86	42.80426291287294	0	0	1	0.996005996001	1.0000000000000036e-12	49.116279069767444	LI6	LI
285031	295030	290030.5	91	27.39715576171875	0	0	1	0.996005996001	1.0000000000000036e-12	50.34065934065934	LI6	LI
290031	300030	295030.5	99	24.163987258896306	0	0	1	0.996005996001	1.0000000000000036e-12	51.39393939393939	LI6	LI
295031	305030	300030.5	142	35.95089502269849	NA	0	1	0.996005996001	1.0000000000000036e-12	52.2112676056338	LI6	LI
300031	310030	305030.5	134	50.97097128932312	NA	0	1	0.996005996001	1.0000000000000036e-12	52.992537313432834	LI6	LI
305031	315030	310030.5	90	51.94052724012886	NA	0	1	0.996005996001	1.0000000000000036e-12	49.522222222222226	LI6	LI
310031	320030	315030.5	131	51.94052724012886	NA	0	1	0.996005996001	1.0000000000000036e-12	50.6793893129771	LI6	LI
315031	325030	320030.5	121	42.7962661554784	3.0517578125000054e-5	0	1	0.996005996001	1.0000000000000036e-12	51.56198347107438	LI6	LI
320031	330030	325030.5	92	50.97097128932312	3.0517578125000054e-5	0	1	0.996005996001	1.0000000000000036e-12	49.25	LI6	LI
325031	335030	330030.5	108	51.471246812233815	NA	0	1	0.996005996001	1.0000000000000036e-12	50.74074074074074	LI6	LI
330031	340030	335030.5	99	NA	NA	0	1	0.996005996001	1.0000000000000036e-12	51.86868686868687	LI6	LI
335031	345030	340030.5	84	52.943052555120126	7.421796937986497e-6	0	1	0.996005996001	1.0000000000000036e-12	52.30952380952381	LI6	LI
340031	350030	345030.5	67	53.91458277509574	7.421796937986497e-6	0	1	0.996005996001	1.0000000000000036e-12	48.8955223880597	LI6	LI
345031	355030	350030.5	34	43.935665138087536	NA	0	1	0.996005996001	1.0000000000000036e-12	43.205882352941174	LI6	LI
350031	360030	355030.5	8	416.3288048764678	0	0	1	0.996005996001	1.0000000000000036e-12	38.625	LI6	LI
355031	365030	360030.5	7	800.7598115723555	0	0	1	0.996005996001	1.0000000000000036e-12	31	LI6	LI
360031	370030	365030.5	13	41.32740610194971	0	0	1	0.996005996001	1.0000000000000036e-12	31.46153846153846	LI6	LI
365031	375030	370030.5	54	41.32740610194971	0	0	1	0.996005996001	1.0000000000000036e-12	31.814814814814813	LI6	LI
370031	380030	375030.5	89	NA	NA	0	1	0.996005996001	1.0000000000000036e-12	40.39325842696629	LI6	LI
375031	385030	380030.5	75	53.97252721536972	NA	0	1	0.996005996001	1.0000000000000036e-12	51.86666666666667	LI6	LI
380031	390030	385030.5	67	53.97252721536972	NA	0	1	0.996005996001	1.0000000000000036e-12	53.865671641791046	LI6	LI
385031	395030	390030.5	81	NA	NA	0	1	0.996005996001	1.0000000000000036e-12	54.02469135802469	LI6	LI
390031	400030	395030.5	81	46.32750630881404	0	0	1	0.996005996001	1.0000000000000036e-12	53.123456790123456	LI6	LI
395031	405030	400030.5	80	46.32750630881404	0	0	1	0.996005996001	1.0000000000000036e-12	52.6125	LI6	LI
400031	410030	405030.5	99	NA	NA	0	1	0.996005996001	1.0000000000000036e-12	52.57575757575758	LI6	LI
405031	415030	410030.5	87	210.10024664779317	0	0	1	0.996005996001	1.0000000000000036e-12	51.96551724137931	LI6	LI
410031	420030	415030.5	67	210.10024664779317	0	0	1	0.996005996001	1.0000000000000036e-12	50.985074626865675	LI6	LI
415031	425030	420030.5	78	NA	NA	0	1	0.996005996001	1.0000000000000036e-12	50.92307692307692	LI6	LI
420031	430030	425030.5	91	54.91601389879903	NA	0	1	0.996005996001	1.0000000000000036e-12	51.472527472527474	LI6	LI
425031	435030	430030.5	96	54.91601389879903	NA	0	1	0.996005996001	1.0000000000000036e-12	52.041666666666664	LI6	LI
430031	440030	435030.5	96	NA	NA	0	1	0.996005996001	1.0000000000000036e-12	53.145833333333336	LI6	LI
435031	445030	440030.5	93	268.2712088336393	0.35681042679177427	0	1	0.996005996001	1.0000000000000036e-12	52.13978494623656	LI6	LI
440031	450030	445030.5	80	256.39578752118257	1.423485012924296	0	1	0.996005996001	1.0000000000000036e-12	51.325	LI6	LI
445031	455030	450030.5	75	244.5203662087258	2.4901595990568177	0	1	0.996005996001	1.0000000000000036e-12	52.61333333333334	LI6	LI
450031	460030	455030.5	96	NA	NA	0	1	0.996005996001	1.0000000000000036e-12	53.145833333333336	LI6	LI
455031	465030	460030.5	93	28.802492927139284	NA	0	1	0.996005996001	1.0000000000000036e-12	51.81720430107527	LI6	LI
460031	470030	465030.5	97	28.802492927139284	NA	0	1	0.996005996001	1.0000000000000036e-12	51.72164948453608	LI6	LI
465031	475030	470030.5	85	NA	NA	0	1	0.996005996001	1.0000000000000036e-12	53.294117647058826	LI6	LI
470031	480030	475030.5	61	145.44371602814797	0.642883243304241	0	1	0.996005996001	1.0000000000000036e-12	53.967213114754095	LI6	LI
475031	485030	480030.5	77	145.44371602814797	0.642883243304241	0	1	0.996005996001	1.0000000000000036e-12	53.57142857142857	LI6	LI
480031	490030	485030.5	54	NA	NA	0	1	0.996005996001	1.0000000000000036e-12	52.94444444444444	LI6	LI
485031	495030	490030.5	40	NA	NA	0	1	0.996005996001	1.0000000000000036e-12	53.875	LI6	LI
490031	500030	495030.5	54	NA	NA	0	1	0.996005996001	1.0000000000000036e-12	53.75925925925926	LI6	LI
495031	505030	500030.5	65	NA	NA	0	1	0.996005996001	1.0000000000000036e-12	52.323076923076925	LI6	LI
500031	510030	505030.5	74	NA	NA	0	1	0.996005996001	1.0000000000000036e-12	52.91891891891892	LI6	LI
505031	515030	510030.5	83	NA	NA	0	1	0.996005996001	1.0000000000000036e-12	52	LI6	LI
510031	520030	515030.5	77	50.88540606554041	0.24916632907575606	0	1	0.996005996001	1.0000000000000036e-12	51.493506493506494	LI6	LI
515031	525030	520030.5	59	49.89265585854858	0	0	1	0.996005996001	1.0000000000000036e-12	52.88135593220339	LI6	LI
520031	530030	525030.5	71	46.19123893549599	0	0	1	0.996005996001	1.0000000000000036e-12	49.70422535211268	LI6	LI
525031	535030	530030.5	76	39.92415078225575	0	0	1	0.996005996001	1.0000000000000036e-12	47.51315789473684	LI6	LI
530031	540030	535030.5	72	31.59495299448309	0	0	1	0.996005996001	1.0000000000000036e-12	47.638888888888886	LI6	LI
535031	545030	540030.5	82	52.91310218213448	NA	0	1	0.996005996001	1.0000000000000036e-12	47.71951219512195	LI6	LI
540031	550030	545030.5	97	52.91310218213448	NA	0	1	0.996005996001	1.0000000000000036e-12	50.16494845360825	LI6	LI
545031	555030	550030.5	95	46.8140828813017	0	0	1	0.996005996001	1.0000000000000036e-12	52.36842105263158	LI6	LI
550031	560030	555030.5	63	46.8140828813017	0	0	1	0.996005996001	1.0000000000000036e-12	52.82539682539682	LI6	LI
555031	565030	560030.5	46	NA	NA	0	1	0.996005996001	1.0000000000000036e-12	53.08695652173913	LI6	LI
560031	570030	565030.5	73	NA	NA	0	1	0.996005996001	1.0000000000000036e-12	52.75342465753425	LI6	LI
565031	575030	570030.5	109	43.91344504738265	0	0	1	0.996005996001	1.0000000000000036e-12	51.5045871559633	LI6	LI
570031	580030	575030.5	102	43.91344504738265	0	0	1	0.996005996001	1.0000000000000036e-12	51.3235294117647	LI6	LI
575031	585030	580030.5	67	520.1955479601006	0	0	1	0.996005996001	1.0000000000000036e-12	52.134328358208954	LI6	LI
580031	590030	585030.5	70	45.934852772059166	0	0	1	0.996005996001	1.0000000000000036e-12	50.97142857142857	LI6	LI
585031	595030	590030.5	79	39.854953125	NA	0	1	0.996005996001	1.0000000000000036e-12	50.139240506329116	LI6	LI
590031	600030	595030.5	71	42.40214322916667	0	0	1	0.996005996001	1.0000000000000036e-12	51.15492957746479	LI6	LI
595031	605030	600030.5	86	44.949333333333335	0	0	1	0.996005996001	1.0000000000000036e-12	52.51162790697674	LI6	LI
600031	610030	605030.5	114	39.50934781725465	0	0	1	0.996005996001	1.0000000000000036e-12	50.89473684210526	LI6	LI
605031	615030	610030.5	118	43.96642341871713	0	0	1	0.996005996001	1.0000000000000036e-12	51.19491525423729	LI6	LI
610031	620030	615030.5	107	48.906630225540404	NA	0	1	0.996005996001	1.0000000000000036e-12	53.2803738317757	LI6	LI
615031	625030	620030.5	100	NA	NA	0	1	0.996005996001	1.0000000000000036e-12	54	LI6	LI
620031	630030	625030.5	101	NA	NA	0	1	0.996005996001	1.0000000000000036e-12	53.93069306930693	LI6	LI
625031	635030	630030.5	112	41.90885416666667	0	0	1	0.996005996001	1.0000000000000036e-12	52.375	LI6	LI
630031	640030	635030.5	79	41.90885416666667	0	0	1	0.996005996001	1.0000000000000036e-12	51.79746835443038	LI6	LI
635031	645030	640030.5	41	NA	NA	0	1	0.996005996001	1.0000000000000036e-12	52.24390243902439	LI6	LI
640031	650030	645030.5	57	NA	NA	0	1	0.996005996001	1.0000000000000036e-12	50.43859649122807	LI6	LI
645031	655030	650030.5	63	NA	NA	0	1	0.996005996001	1.0000000000000036e-12	52	LI6	LI
650031	660030	655030.5	64	39.945122738837426	0	0	1	0.996005996001	1.0000000000000036e-12	52.03125	LI6	LI
655031	665030	660030.5	63	42.452345811211956	0	0	1	0.996005996001	1.0000000000000036e-12	51.36507936507937	LI6	LI
660031	670030	665030.5	53	46.03733517116096	3258024.999999988	0	1	0.996005996001	1.0000000000000036e-12	52.77358490566038	LI6	LI
665031	675030	670030.5	35	50.97097128932312	NA	0	1	0.996005996001	1.0000000000000036e-12	52.8	LI6	LI
670031	680030	675030.5	11	50.97097128932312	NA	0	1	0.996005996001	1.0000000000000036e-12	44.27272727272727	LI6	LI
675031	685030	680030.5	9	NA	NA	0	1	0.996005996001	1.0000000000000036e-12	3.5555555555555554	LI6	LI
680031	690030	685030.5	7	NA	NA	0	1	0.996005996001	1.0000000000000036e-12	4	LI6	LI
685031	695030	690030.5	0	NA	NA	NA	NA	NA	NA	NA	LI6	LI
690031	700030	695030.5	0	NA	NA	NA	NA	NA	NA	NA	LI6	LI
695031	705030	700030.5	0	NA	NA	NA	NA	NA	NA	NA	LI6	LI
700031	710030	705030.5	16	NA	NA	0	1	0.996005996001	1.0000000000000036e-12	48.6875	LI6	LI
705031	715030	710030.5	62	39.497461015564234	NA	0	1	0.996005996001	1.0000000000000036e-12	50.96774193548387	LI6	LI
710031	720030	715030.5	107	36.79908253303272	0	0	1	0.996005996001	1.0000000000000036e-12	52.25233644859813	LI6	LI
715031	725030	720030.5	99	36.88361375436796	0	0	1	0.996005996001	1.0000000000000036e-12	52.44444444444444	LI6	LI
720031	730030	725030.5	77	46.46540719161162	0	0	1	0.996005996001	1.0000000000000036e-12	53.02597402597402	LI6	LI
725031	735030	730030.5	74	52.71853274851051	0	0	1	0.996005996001	1.0000000000000036e-12	53.932432432432435	LI6	LI
730031	740030	735030.5	66	NA	NA	0	1	0.996005996001	1.0000000000000036e-12	53.24242424242424	LI6	LI
735031	745030	740030.5	71	29.951104166666664	NA	0	1	0.996005996001	1.0000000000000036e-12	53.014084507042256	LI6	LI
740031	750030	745030.5	77	29.951104166666664	NA	0	1	0.996005996001	1.0000000000000036e-12	53	LI6	LI
745031	755030	750030.5	72	42.502095499049034	NA	0	1	0.996005996001	1.0000000000000036e-12	51.44444444444444	LI6	LI
750031	760030	755030.5	75	42.502095499049034	NA	0	1	0.996005996001	1.0000000000000036e-12	50.89333333333333	LI6	LI
755031	765030	760030.5	93	31.39136380512026	NA	0	1	0.996005996001	1.0000000000000036e-12	50.913978494623656	LI6	LI
760031	770030	765030.5	92	34.83503206997084	0	0	1	0.996005996001	1.0000000000000036e-12	50.08695652173913	LI6	LI
765031	775030	770030.5	102	38.71728786749793	0	0	1	0.996005996001	1.0000000000000036e-12	50.549019607843135	LI6	LI
770031	780030	775030.5	98	35.395279858436766	NA	0	1	0.996005996001	1.0000000000000036e-12	51.39795918367347	LI6	LI
775031	785030	780030.5	58	36.96018621799301	NA	0	1	0.996005996001	1.0000000000000036e-12	52.51724137931034	LI6	LI
780031	790030	785030.5	70	56.94182312928269	NA	0	1	0.996005996001	1.0000000000000036e-12	50.51428571428571	LI6	LI
785031	795030	790030.5	87	51.70812471552117	0	0	1	0.996005996001	1.0000000000000036e-12	49.55172413793103	LI6	LI
790031	800030	795030.5	67	51.83982352533285	0	0	1	0.996005996001	1.0000000000000036e-12	49.80597014925373	LI6	LI
795031	805030	800030.5	70	52.471787593749575	NA	0	1	0.996005996001	1.0000000000000036e-12	49.614285714285714	LI6	LI
800031	810030	805030.5	66	52.441272983472544	NA	0	1	0.996005996001	1.0000000000000036e-12	50.57575757575758	LI6	LI
805031	815030	810030.5	34	53.941986492511774	NA	0	1	0.996005996001	1.0000000000000036e-12	48.61764705882353	LI6	LI
810031	820030	815030.5	91	41.42061009908184	0	0	1	0.996005996001	1.0000000000000036e-12	48.18681318681319	LI6	LI
815031	825030	820030.5	109	41.42061009908184	0	0	1	0.996005996001	1.0000000000000036e-12	50.34862385321101	LI6	LI
820031	830030	825030.5	62	NA	NA	0	1	0.996005996001	1.0000000000000036e-12	53.354838709677416	LI6	LI
825031	835030	830030.5	77	40.38987453355045	NA	0	1	0.996005996001	1.0000000000000036e-12	52.753246753246756	LI6	LI
830031	840030	835030.5	78	40.38987453355045	NA	0	1	0.996005996001	1.0000000000000036e-12	52.717948717948715	LI6	LI
835031	845030	840030.5	84	28.802492927139284	NA	0	1	0.996005996001	1.0000000000000036e-12	51.333333333333336	LI6	LI
840031	850030	845030.5	91	28.802492927139284	NA	0	1	0.996005996001	1.0000000000000036e-12	52.08791208791209	LI6	LI
845031	855030	850030.5	85	NA	NA	0	1	0.996005996001	1.0000000000000036e-12	52.811764705882354	LI6	LI
850031	860030	855030.5	94	53.91458277509574	0	0	1	0.996005996001	1.0000000000000036e-12	49.851063829787236	LI6	LI
855031	865030	860030.5	107	53.943573371048856	0	0	1	0.996005996001	1.0000000000000036e-12	50.85981308411215	LI6	LI
860031	870030	865030.5	118	53.97256396700198	7796735.999999971	0	1	0.996005996001	1.0000000000000036e-12	52.00847457627118	LI6	LI
865031	875030	870030.5	131	52.40963023085212	7796735.999999971	0	1	0.996005996001	1.0000000000000036e-12	51.13740458015267	LI6	LI
870031	880030	875030.5	100	42.63090594766685	6.0352971491516005e-6	0	1	0.996005996001	1.0000000000000036e-12	52	LI6	LI
875031	885030	880030.5	50	42.63090594766685	6.0352971491516005e-6	0	1	0.996005996001	1.0000000000000036e-12	46.14	LI6	LI
880031	890030	885030.5	29	NA	NA	0	1	0.996005996001	1.0000000000000036e-12	35.689655172413794	LI6	LI
885031	895030	890030.5	44	NA	NA	0	1	0.996005996001	1.0000000000000036e-12	49.88636363636363	LI6	LI
890031	900030	895030.5	66	53.97256396700198	NA	0	1	0.996005996001	1.0000000000000036e-12	49.09090909090909	LI6	LI
895031	905030	900030.5	39	39.33651635850099	0	0	1	0.996005996001	1.0000000000000036e-12	38.666666666666664	LI6	LI
900031	910030	905030.5	26	40.337000422797466	0	0	1	0.996005996001	1.0000000000000036e-12	23.46153846153846	LI6	LI
905031	915030	910030.5	55	53.943573371048856	NA	0	1	0.996005996001	1.0000000000000036e-12	43.63636363636363	LI6	LI
910031	920030	915030.5	86	53.759162808641975	0	0	1	0.996005996001	1.0000000000000036e-12	51.47674418604651	LI6	LI
915031	925030	920030.5	88	37.875255049591686	0	0	1	0.996005996001	1.0000000000000036e-12	52.35227272727273	LI6	LI
920031	930030	925030.5	107	NA	NA	0	1	0.996005996001	1.0000000000000036e-12	52.700934579439256	LI6	LI
925031	935030	930030.5	119	39.9631220703125	NA	0	1	0.996005996001	1.0000000000000036e-12	52.38655462184874	LI6	LI
930031	940030	935030.5	94	46.467587461333565	NA	0	1	0.996005996001	1.0000000000000036e-12	52.797872340425535	LI6	LI
935031	945030	940030.5	97	53.95589960658678	NA	0	1	0.996005996001	1.0000000000000036e-12	53.03092783505155	LI6	LI
940031	950030	945030.5	99	49.453084889768036	NA	0	1	0.996005996001	1.0000000000000036e-12	52.898989898989896	LI6	LI
945031	955030	950030.5	71	44.15231671193058	0	0	1	0.996005996001	1.0000000000000036e-12	52.25352112676056	LI6	LI
950031	960030	955030.5	73	44.338210005144035	0	0	1	0.996005996001	1.0000000000000036e-12	50.47945205479452	LI6	LI
955031	965030	960030.5	66	42.462080445467066	NA	0	1	0.996005996001	1.0000000000000036e-12	47.833333333333336	LI6	LI
960031	970030	965030.5	62	NA	NA	0	1	0.996005996001	1.0000000000000036e-12	44.67741935483871	LI6	LI
965031	975030	970030.5	57	NA	NA	0	1	0.996005996001	1.0000000000000036e-12	41.771929824561404	LI6	LI
970031	980030	975030.5	53	NA	NA	0	1	0.996005996001	1.0000000000000036e-12	47.0188679245283	LI6	LI
975031	985030	980030.5	81	40.92300406375879	0	0	1	0.996005996001	1.0000000000000036e-12	51.382716049382715	LI6	LI
980031	990030	985030.5	65	45.8869072080217	0	0	1	0.996005996001	1.0000000000000036e-12	50.87692307692308	LI6	LI
985031	995030	990030.5	67	49.903743999999996	0	0	1	0.996005996001	1.0000000000000036e-12	51.47761194029851	LI6	LI
990031	1000030	995030.5	78	20.416727405247816	0	0	1	0.996005996001	1.0000000000000036e-12	50.833333333333336	LI6	LI
995031	1005030	1000030.5	84	20.574414885001623	0	0	1	0.996005996001	1.0000000000000036e-12	50.273809523809526	LI6	LI
1000031	1010030	1005030.5	112	34.906304391399416	NA	0	1	0.996005996001	1.0000000000000036e-12	51.69642857142857	LI6	LI
1005031	1015030	1010030.5	116	NA	NA	0	1	0.996005996001	1.0000000000000036e-12	53.11206896551724	LI6	LI
1010031	1020030	1015030.5	123	50.3243864689661	0	0	1	0.996005996001	1.0000000000000036e-12	53.3739837398374	LI6	LI
1015031	1025030	1020030.5	92	50.3243864689661	0	0	1	0.996005996001	1.0000000000000036e-12	52.98913043478261	LI6	LI
1020031	1030030	1025030.5	59	54.28789604869601	NA	0	1	0.996005996001	1.0000000000000036e-12	52.220338983050844	LI6	LI
1025031	1035030	1030030.5	64	50.97097128932312	NA	0	1	0.996005996001	1.0000000000000036e-12	44.40625	LI6	LI
1030031	1040030	1035030.5	108	42.96446304990937	NA	0	1	0.996005996001	1.0000000000000036e-12	47	LI6	LI
1035031	1045030	1040030.5	134	46.22537930141492	0	0	1	0.996005996001	1.0000000000000036e-12	51.76865671641791	LI6	LI
1040031	1050030	1045030.5	133	48.251468350772214	0	0	1	0.996005996001	1.0000000000000036e-12	52.443609022556394	LI6	LI
1045031	1055030	1050030.5	122	49.03758588881747	NA	0	1	0.996005996001	1.0000000000000036e-12	52.278688524590166	LI6	LI
1050031	1060030	1055030.5	95	29.82182124974421	0	0	1	0.996005996001	1.0000000000000036e-12	51.126315789473686	LI6	LI
1055031	1065030	1060030.5	94	32.85504320060105	0	0	1	0.996005996001	1.0000000000000036e-12	52.276595744680854	LI6	LI
1060031	1070030	1065030.5	71	56.973990985080434	NA	0	1	0.996005996001	1.0000000000000036e-12	53.774647887323944	LI6	LI
1065031	1075030	1070030.5	68	42.33784680916	0	0	1	0.996005996001	1.0000000000000036e-12	53.25	LI6	LI
1070031	1080030	1075030.5	102	39.9631220703125	0	0	1	0.996005996001	1.0000000000000036e-12	51.3921568627451	LI6	LI
1075031	1085030	1080030.5	109	39.9631220703125	NA	0	1	0.996005996001	1.0000000000000036e-12	50.95412844036697	LI6	LI
1080031	1090030	1085030.5	98	52.972052852354636	NA	0	1	0.996005996001	1.0000000000000036e-12	52.244897959183675	LI6	LI
1085031	1095030	1090030.5	110	52.85459979155269	NA	0	1	0.996005996001	1.0000000000000036e-12	52.5	LI6	LI
1090031	1100030	1095030.5	102	52.85459979155269	NA	0	1	0.996005996001	1.0000000000000036e-12	52.65686274509804	LI6	LI
1095031	1105030	1100030.5	94	54.973056724267465	NA	0	1	0.996005996001	1.0000000000000036e-12	53.287234042553195	LI6	LI
1100031	1110030	1105030.5	95	52.849463515649404	NA	0	1	0.996005996001	1.0000000000000036e-12	53.578947368421055	LI6	LI
1105031	1115030	1110030.5	79	52.849463515649404	NA	0	1	0.996005996001	1.0000000000000036e-12	53.78481012658228	LI6	LI
1110031	1120030	1115030.5	94	32.16108365420737	0	0	1	0.996005996001	1.0000000000000036e-12	52.755319148936174	LI6	LI
1115031	1125030	1120030.5	97	32.16108365420737	0	0	1	0.996005996001	1.0000000000000036e-12	52.608247422680414	LI6	LI
1120031	1130030	1125030.5	114	NA	NA	0	1	0.996005996001	1.0000000000000036e-12	52.55263157894737	LI6	LI
1125031	1135030	1130030.5	161	38.886113589508916	4.71512129698046e-5	0	1	0.996005996001	1.0000000000000036e-12	52.91925465838509	LI6	LI
1130031	1140030	1135030.5	147	38.886113589508916	4.71512129698046e-5	0	1	0.996005996001	1.0000000000000036e-12	53.204081632653065	LI6	LI
1135031	1145030	1140030.5	120	46.758716756083885	NA	0	1	0.996005996001	1.0000000000000036e-12	51.708333333333336	LI6	LI
1140031	1150030	1145030.5	107	51.36612442583941	NA	0	1	0.996005996001	1.0000000000000036e-12	51.8411214953271	LI6	LI
1145031	1155030	1150030.5	98	31.216298848062586	0	0	1	0.996005996001	1.0000000000000036e-12	50.46938775510204	LI6	LI
1150031	1160030	1155030.5	97	28.69500290217926	0	0	1	0.996005996001	1.0000000000000036e-12	49.07216494845361	LI6	LI
1155031	1165030	1160030.5	98	NA	NA	0	1	0.996005996001	1.0000000000000036e-12	50.744897959183675	LI6	LI
1160031	1170030	1165030.5	109	43.86907308790317	0	0	1	0.996005996001	1.0000000000000036e-12	51.788990825688074	LI6	LI
1165031	1175030	1170030.5	123	48.7676550309131	0	0	1	0.996005996001	1.0000000000000036e-12	51.71544715447155	LI6	LI
1170031	1180030	1175030.5	108	51.830595359183064	NA	0	1	0.996005996001	1.0000000000000036e-12	51.81481481481482	LI6	LI
1175031	1185030	1180030.5	85	54.973056724267465	NA	0	1	0.996005996001	1.0000000000000036e-12	31.71764705882353	LI6	LI
1180031	1190030	1185030.5	59	NA	NA	0	1	0.996005996001	1.0000000000000036e-12	6.1525423728813555	LI6	LI
1185031	1195030	1190030.5	62	20.8059456439878	5153632.000000015	0	1	0.996005996001	1.0000000000000036e-12	9.612903225806452	LI6	LI
1190031	1200030	1195030.5	90	20.8059456439878	5153632.000000015	0	1	0.996005996001	1.0000000000000036e-12	33.06666666666667	LI6	LI
1195031	1205030	1200030.5	110	NA	NA	0	1	0.996005996001	1.0000000000000036e-12	52.372727272727275	LI6	LI
1200031	1210030	1205030.5	132	NA	NA	0	1	0.996005996001	1.0000000000000036e-12	52.696969696969695	LI6	LI
1205031	1215030	1210030.5	113	52.972052852354636	NA	0	1	0.996005996001	1.0000000000000036e-12	52.67256637168141	LI6	LI
1210031	1220030	1215030.5	72	53.97255478831105	0	0	1	0.996005996001	1.0000000000000036e-12	52.763888888888886	LI6	LI
1215031	1225030	1220030.5	81	49.74467753908847	0	0	1	0.996005996001	1.0000000000000036e-12	52.91358024691358	LI6	LI
1220031	1230030	1225030.5	103	38.49195692649099	7.426535616169041e-5	0	1	0.996005996001	1.0000000000000036e-12	52.592233009708735	LI6	LI
1225031	1235030	1230030.5	89	38.55656051655035	0	0	1	0.996005996001	1.0000000000000036e-12	52.26966292134831	LI6	LI
1230031	1240030	1235030.5	89	50.97097128932312	NA	0	1	0.996005996001	1.0000000000000036e-12	53.1123595505618	LI6	LI
1235031	1245030	1240030.5	111	42.037287664298766	3.330432335383271e-6	0	1	0.996005996001	1.0000000000000036e-12	52.88288288288288	LI6	LI
1240031	1250030	1245030.5	128	39.28571452175562	3.330432335383271e-6	0	1	0.996005996001	1.0000000000000036e-12	52.140625	LI6	LI
1245031	1255030	1250030.5	121	34.02787900874635	0	0	1	0.996005996001	1.0000000000000036e-12	51.79338842975206	LI6	LI
1250031	1260030	1255030.5	131	33.42666176833511	0	0	1	0.996005996001	1.0000000000000036e-12	52.16793893129771	LI6	LI
1255031	1265030	1260030.5	110	621.8994617419662	0	0	1	0.996005996001	1.0000000000000036e-12	53.018181818181816	LI6	LI
1260031	1270030	1265030.5	110	1210.9734789560086	0	0	1	0.996005996001	1.0000000000000036e-12	53.627272727272725	LI6	LI
1265031	1275030	1270030.5	144	733.9108626307176	0	0	1	0.996005996001	1.0000000000000036e-12	53.00694444444444	LI6	LI
1270031	1280030	1275030.5	138	47.69960202111138	0	0	1	0.996005996001	1.0000000000000036e-12	52.80434782608695	LI6	LI
1275031	1285030	1280030.5	134	39.32612460660819	0	0	1	0.996005996001	1.0000000000000036e-12	52.23880597014925	LI6	LI
1280031	1290030	1285030.5	100	49.9703985	NA	0	1	0.996005996001	1.0000000000000036e-12	51.3	LI6	LI
1285031	1295030	1290030.5	82	49.9703985	NA	0	1	0.996005996001	1.0000000000000036e-12	52.390243902439025	LI6	LI
1290031	1300030	1295030.5	104	47.281640288971325	NA	0	1	0.996005996001	1.0000000000000036e-12	52.80769230769231	LI6	LI
1295031	1305030	1300030.5	99	NA	NA	0	1	0.996005996001	1.0000000000000036e-12	52.72727272727273	LI6	LI
1300031	1310030	1305030.5	83	NA	NA	0	1	0.996005996001	1.0000000000000036e-12	53.46987951807229	LI6	LI
1305031	1315030	1310030.5	71	NA	NA	0	1	0.996005996001	1.0000000000000036e-12	54.23943661971831	LI6	LI
1310031	1320030	1315030.5	66	40.462899327927786	395480.6017449221	0	1	0.996005996001	1.0000000000000036e-12	54.015151515151516	LI6	LI
1315031	1325030	1320030.5	94	40.462899327927786	395480.6017449221	0	1	0.996005996001	1.0000000000000036e-12	53.57446808510638	LI6	LI
1320031	1330030	1325030.5	105	NA	NA	0	1	0.996005996001	1.0000000000000036e-12	53.51428571428571	LI6	LI
1325031	1335030	1330030.5	93	41.47466154226841	52436.50205473816	0	1	0.996005996001	1.0000000000000036e-12	52.8494623655914	LI6	LI
1330031	1340030	1335030.5	79	32.988444771134205	26218.25102736908	0	1	0.996005996001	1.0000000000000036e-12	52.151898734177216	LI6	LI
1335031	1345030	1340030.5	93	35.18366306495679	0	0	1	0.996005996001	1.0000000000000036e-12	51.29032258064516	LI6	LI
1340031	1350030	1345030.5	102	37.411867619186474	0	0	1	0.996005996001	1.0000000000000036e-12	51.90196078431372	LI6	LI
1345031	1355030	1350030.5	68	NA	NA	0	1	0.996005996001	1.0000000000000036e-12	53.588235294117645	LI6	LI
1350031	1360030	1355030.5	55	NA	NA	0	1	0.996005996001	1.0000000000000036e-12	54.32727272727273	LI6	LI
1355031	1365030	1360030.5	79	48.47811642019995	0	0	1	0.996005996001	1.0000000000000036e-12	52.67088607594937	LI6	LI
1360031	1370030	1365030.5	72	48.47811642019995	0	0	1	0.996005996001	1.0000000000000036e-12	52.06944444444444	LI6	LI
1365031	1375030	1370030.5	54	NA	NA	0	1	0.996005996001	1.0000000000000036e-12	53.592592592592595	LI6	LI
1370031	1380030	1375030.5	77	36.34019882646193	NA	0	1	0.996005996001	1.0000000000000036e-12	50.64935064935065	LI6	LI
1375031	1385030	1380030.5	104	42.73773491131878	0	0	1	0.996005996001	1.0000000000000036e-12	50.47115384615385	LI6	LI
1380031	1390030	1385030.5	105	48.04847559451896	0	0	1	0.996005996001	1.0000000000000036e-12	52.476190476190474	LI6	LI
1385031	1395030	1390030.5	101	37.154414307765904	96227.24329923786	0	1	0.996005996001	1.0000000000000036e-12	53.10891089108911	LI6	LI
1390031	1400030	1395030.5	109	38.399994793917216	48113.62164961893	0	1	0.996005996001	1.0000000000000036e-12	52.88073394495413	LI6	LI
1395031	1405030	1400030.5	96	40.724127619603124	0	0	1	0.996005996001	1.0000000000000036e-12	52.8125	LI6	LI
1400031	1410030	1405030.5	83	36.96018621799301	NA	0	1	0.996005996001	1.0000000000000036e-12	53.10843373493976	LI6	LI
1405031	1415030	1410030.5	82	NA	NA	0	1	0.996005996001	1.0000000000000036e-12	53.09756097560975	LI6	LI
1410031	1420030	1415030.5	101	52.04625833333517	NA	0	1	0.996005996001	1.0000000000000036e-12	53.02970297029703	LI6	LI
1415031	1425030	1420030.5	119	47.005554205135354	NA	0	1	0.996005996001	1.0000000000000036e-12	53.2436974789916	LI6	LI
1420031	1430030	1425030.5	115	41.96485007693554	NA	0	1	0.996005996001	1.0000000000000036e-12	52.608695652173914	LI6	LI
1425031	1435030	1430030.5	94	49.9703985	NA	0	1	0.996005996001	1.0000000000000036e-12	52.43617021276596	LI6	LI
1430031	1440030	1435030.5	73	49.9703985	NA	0	1	0.996005996001	1.0000000000000036e-12	52.16438356164384	LI6	LI
1435031	1445030	1440030.5	73	47.613174432418525	955622.4064247317	0	1	0.996005996001	1.0000000000000036e-12	52.342465753424655	LI6	LI
1440031	1450030	1445030.5	59	51.27646039661873	955622.4064247317	0	1	0.996005996001	1.0000000000000036e-12	53.83050847457627	LI6	LI
1445031	1455030	1450030.5	61	54.93974636081894	NA	0	1	0.996005996001	1.0000000000000036e-12	53.540983606557376	LI6	LI
1450031	1460030	1455030.5	88	1001.8391240787793	0	0	1	0.996005996001	1.0000000000000036e-12	53.60227272727273	LI6	LI
1455031	1465030	1460030.5	106	1001.8391240787793	0	0	1	0.996005996001	1.0000000000000036e-12	53.801886792452834	LI6	LI
1460031	1470030	1465030.5	86	NA	NA	0	1	0.996005996001	1.0000000000000036e-12	53.68604651162791	LI6	LI
1465031	1475030	1470030.5	74	55.94080294951059	NA	0	1	0.996005996001	1.0000000000000036e-12	53.83783783783784	LI6	LI
1470031	1480030	1475030.5	78	55.94080294951059	NA	0	1	0.996005996001	1.0000000000000036e-12	53.5	LI6	LI
1475031	1485030	1480030.5	78	NA	NA	0	1	0.996005996001	1.0000000000000036e-12	51.85897435897436	LI6	LI
1480031	1490030	1485030.5	85	NA	NA	0	1	0.996005996001	1.0000000000000036e-12	52.305882352941175	LI6	LI
1485031	1495030	1490030.5	73	54.84754232492541	NA	0	1	0.996005996001	1.0000000000000036e-12	53.06849315068493	LI6	LI
1490031	1500030	1495030.5	77	54.84754232492541	NA	0	1	0.996005996001	1.0000000000000036e-12	52.63636363636363	LI6	LI
1495031	1505030	1500030.5	75	NA	NA	0	1	0.996005996001	1.0000000000000036e-12	52.973333333333336	LI6	LI
1500031	1510030	1505030.5	60	44.96715843621399	NA	0	1	0.996005996001	1.0000000000000036e-12	53.416666666666664	LI6	LI
1505031	1515030	1510030.5	66	35.175881117079506	0.015660138069819196	0	1	0.996005996001	1.0000000000000036e-12	53.36363636363637	LI6	LI
1510031	1520030	1515030.5	70	37.14561701174271	0.015660138069819196	0	1	0.996005996001	1.0000000000000036e-12	53.1	LI6	LI
1515031	1525030	1520030.5	68	48.906630225540404	NA	0	1	0.996005996001	1.0000000000000036e-12	50.411764705882355	LI6	LI
31	10030	5030.5	140	5.022976345486111	0	0	1	0.996005996001	1.0000000000000036e-12	5.314285714285714	LI7	LI
5031	15030	10030.5	118	5.367594401041667	0.15820312500000006	0	1	0.996005996001	1.0000000000000036e-12	6.161016949152542	LI7	LI
10031	20030	15030.5	124	5.052276625607386	0	0	1	0.996005996001	1.0000000000000036e-12	6.032258064516129	LI7	LI
15031	25030	20030.5	89	4.837619357638888	0	0	1	0.996005996001	1.0000000000000036e-12	6.224719101123595	LI7	LI
20031	30030	25030.5	77	5.208333333333334	NA	0	1	0.996005996001	1.0000000000000036e-12	6.3896103896103895	LI7	LI
25031	35030	30030.5	108	5.958238429300291	NA	0	1	0.996005996001	1.0000000000000036e-12	6.37962962962963	LI7	LI
30031	40030	35030.5	117	4.837619357638888	NA	0	0.8333333333333334	0.8434636622299384	3.014081790123446e-6	6.410256410256411	LI7	LI
35031	45030	40030.5	78	4.699827972380255	NA	0	1	0.996005996001	1.0000000000000036e-12	6.371794871794871	LI7	LI
40031	50030	45030.5	80	4.837619357638888	NA	0	0.5714285714285714	0.5397750937109539	4.164931278633895e-4	6.35	LI7	LI
45031	55030	50030.5	108	5.958238429300291	NA	0	0.7571428571428571	0.6355180784048314	1.3178102873802558e-4	6.425925925925926	LI7	LI
50031	60030	55030.5	110	5.13030497947036	0	0	1	0.996005996001	1.0000000000000036e-12	6.245454545454545	LI7	LI
55031	65030	60030.5	97	5.052276625607386	0	0	0.8571428571428571	0.8289849561149691	4.632040895061734e-6	6.164948453608248	LI7	LI
60031	70030	65030.5	96	5.391989949319187	0	0	0.42857142857142855	0.4552806773219491	0.0010168289254477308	6.40625	LI7	LI
65031	75030	70030.5	122	5.958238429300291	0	0	0.42857142857142855	0.4324403386609746	0.0013084144627238648	6.434426229508197	LI7	LI
70031	80030	75030.5	123	6.12842539941334	NA	0	1	0.996005996001	1.0000000000000036e-12	6.3983739837398375	LI7	LI
75031	85030	80030.5	90	6.297376093294462	NA	0	1	0.996005996001	1.0000000000000036e-12	6.322222222222222	LI7	LI
80031	90030	85030.5	86	6.4406716927842576	NA	0	0.7142857142857143	0.7434662640566432	2.6030820491461844e-5	6.255813953488372	LI7	LI
85031	95030	90030.5	106	5.776909722222221	NA	0	0.7142857142857143	0.7434662640566432	2.6030820491461844e-5	5.19811320754717	LI7	LI
90031	100030	95030.5	129	5.958238429300291	NA	0	0.55	0.586181640625	2.44140625e-4	5.077519379844961	LI7	LI
95031	105030	100030.5	164	5.52685546875	NA	0	0.8571428571428571	0.7434662640566432	2.6030820491461844e-5	5.786585365853658	LI7	LI
100031	110030	105030.5	134	5.367594401041667	1.7725219705192388	0	1	0.996005996001	1.0000000000000036e-12	5.992537313432836	LI7	LI
105031	115030	110030.5	88	5.958238429300291	1.0444641102596195	0	1	0.996005996001	1.0000000000000036e-12	6.329545454545454	LI7	LI
110031	120030	115030.5	99	5.958238429300291	0.3164062500000001	0	0.5	0.586181640625	2.44140625e-4	6.3232323232323235	LI7	LI
115031	125030	120030.5	99	5.208333333333334	NA	0	0.5	0.5397750937109539	4.164931278633895e-4	6.363636363636363	LI7	LI
120031	130030	125030.5	67	4.694366834035202	0.03640119661804075	0	1	0.996005996001	1.0000000000000036e-12	6.432835820895522	LI7	LI
125031	135030	130030.5	88	3.4685795002022024	0.1296	0	1	0.996005996001	1.0000000000000036e-12	6.409090909090909	LI7	LI
130031	140030	135030.5	118	2.361111111111111	1.025244214138159	0	1	0.996005996001	1.0000000000000036e-12	6.338983050847458	LI7	LI
135031	145030	140030.5	96	2.200941785444337	5.740740740740739	0	1	0.996005996001	1.0000000000000036e-12	6.270833333333333	LI7	LI
140031	150030	145030.5	138	2.4305471331389703	NA	0	0.5	0.152587890625	0.019775390625	6.079710144927536	LI7	LI
145031	155030	150030.5	214	3.49477913141987	0	0.42857142857142855	0	0.012345679012345685	0.19753086419753083	5.822429906542056	LI7	LI
150031	160030	155030.5	199	3.240710187205881	3.5450439410384775	0.4	0	0.013675964506172842	0.18801855709876542	6.0703517587939695	LI7	LI
155031	165030	160030.5	131	2.2172266441348336	3.5450439410384775	0.2	0.14285714285714285	0.0625	0.0625	6.572519083969466	LI7	LI
160031	170030	165030.5	95	1.4371621146044622	2	0	0.8333333333333334	0.7434662640566432	2.6030820491461844e-5	6.3578947368421055	LI7	LI
165031	175030	170030.5	87	1.4371621146044622	0.7563110535345398	0	1	0.996005996001	1.0000000000000036e-12	6.218390804597701	LI7	LI
170031	180030	175030.5	81	2.0234557003283378	0.3164062500000001	0	1	0.996005996001	1.0000000000000036e-12	6.283950617283951	LI7	LI
175031	185030	180030.5	94	2.6518579026957223	0	0	0.8166666666666667	0.5629783671679769	3.303168764316948e-4	6.287234042553192	LI7	LI
180031	190030	185030.5	112	2.6518579026957223	0	0	0.8	0.6561	9.999999999999991e-5	6.258928571428571	LI7	LI
185031	195030	190030.5	101	2.6518579026957223	0	0	0.8333333333333334	0.7434662640566432	2.6030820491461844e-5	6.287128712871287	LI7	LI
190031	200030	195030.5	80	2.922225629348524	0.5641679012345682	0	0.16666666666666666	0.152587890625	0.019775390625	6.4375	LI7	LI
195031	205030	200030.5	113	2.922225629348524	0.3164062500000001	0	0.16666666666666666	0.152587890625	0.019775390625	6.424778761061947	LI7	LI
200031	210030	205030.5	114	2.922225629348524	0.3164062500000001	0	0.8333333333333334	0.7434662640566432	2.6030820491461844e-5	6.026315789473684	LI7	LI
205031	215030	210030.5	91	4.02442592550413	0.4145141785345398	0	0.8571428571428571	0.7789862570283215	1.6140410245730932e-5	6.076923076923077	LI7	LI
210031	220030	215030.5	103	3.3786804664723036	0.5641679012345682	0	0.8	0.6561	9.999999999999991e-5	6.543689320388349	LI7	LI
215031	225030	220030.5	109	3.3786804664723036	47.999999999999964	0	1	0.996005996001	1.0000000000000036e-12	6.36697247706422	LI7	LI
220031	230030	225030.5	84	2.7093511430962085	1	0	1	0.996005996001	1.0000000000000036e-12	6.25	LI7	LI
225031	235030	230030.5	51	0.8460517391480401	1	0	1	0.996005996001	1.0000000000000036e-12	6.196078431372549	LI7	LI
230031	240030	235030.5	89	1.4371621146044622	1	0	1	0.996005996001	1.0000000000000036e-12	6.224719101123595	LI7	LI
235031	245030	240030.5	105	1.6488095238095237	1	0	1	0.996005996001	1.0000000000000036e-12	6.285714285714286	LI7	LI
240031	250030	245030.5	100	2.5833333333333335	1.7725219705192388	0	1	0.996005996001	1.0000000000000036e-12	6.22	LI7	LI
245031	255030	250030.5	99	3.1266363454420874	1.8862609852596193	0	1	0.996005996001	1.0000000000000036e-12	6.262626262626263	LI7	LI
250031	260030	255030.5	98	4.936454861111111	2	0	1	0.996005996001	1.0000000000000036e-12	6.387755102040816	LI7	LI
255031	265030	260030.5	104	3.9990286044973544	NA	0	1	0.996005996001	1.0000000000000036e-12	6.375	LI7	LI
260031	270030	265030.5	87	5.683806194435446	0	0	1	0.996005996001	1.0000000000000036e-12	6.402298850574713	LI7	LI
265031	275030	270030.5	80	5.776909722222221	0.5126221070690795	0	1	0.996005996001	1.0000000000000036e-12	6.2875	LI7	LI
270031	280030	275030.5	82	5.052276625607386	0.5383950041518238	0	1	0.996005996001	1.0000000000000036e-12	6.304878048780488	LI7	LI
275031	285030	280030.5	87	5.776909722222221	NA	0	1	0.996005996001	1.0000000000000036e-12	6.195402298850575	LI7	LI
280031	290030	285030.5	86	5.492621527777778	1	0	1	0.996005996001	1.0000000000000036e-12	5.930232558139535	LI7	LI
285031	295030	290030.5	91	3.4685795002022024	0.06763927488975666	0	1	0.996005996001	1.0000000000000036e-12	5.989010989010989	LI7	LI
290031	300030	295030.5	99	3.4685795002022024	0.04762993446121023	0	1	0.996005996001	1.0000000000000036e-12	6	LI7	LI
295031	305030	300030.5	142	3.258088776185077	0.04762993446121023	0	1	0.996005996001	1.0000000000000036e-12	6.21830985915493	LI7	LI
300031	310030	305030.5	134	3.114060857526084	NA	0	1	0.996005996001	1.0000000000000036e-12	6.343283582089552	LI7	LI
305031	315030	310030.5	90	3.4123446807885376	NA	0	1	0.996005996001	1.0000000000000036e-12	5.811111111111111	LI7	LI
310031	320030	315030.5	131	5.1694731546719215	NA	0	1	0.996005996001	1.0000000000000036e-12	5.885496183206107	LI7	LI
315031	325030	320030.5	121	6.805575801749272	NA	0	1	0.996005996001	1.0000000000000036e-12	5.900826446280992	LI7	LI
320031	330030	325030.5	92	6.805575801749272	0	0	1	0.996005996001	1.0000000000000036e-12	5.445652173913044	LI7	LI
325031	335030	330030.5	108	5.022976345486111	0	0	1	0.996005996001	1.0000000000000036e-12	5.675925925925926	LI7	LI
330031	340030	335030.5	99	4.207541668829483	17.11379004166381	0	1	0.996005996001	1.0000000000000036e-12	6.02020202020202	LI7	LI
335031	345030	340030.5	84	3.220167824074074	17.11379004166381	0	1	0.996005996001	1.0000000000000036e-12	6.226190476190476	LI7	LI
340031	350030	345030.5	67	4.829033477643703	NA	0	1	0.996005996001	1.0000000000000036e-12	4.776119402985074	LI7	LI
345031	355030	350030.5	34	5.096030368165785	NA	0	1	0.996005996001	1.0000000000000036e-12	2.823529411764706	LI7	LI
350031	360030	355030.5	8	NA	NA	0	1	0.996005996001	1.0000000000000036e-12	2.875	LI7	LI
355031	365030	360030.5	7	NA	NA	NA	NA	NA	NA	1.2857142857142858	LI7	LI
360031	370030	365030.5	13	NA	NA	NA	NA	NA	NA	1.7692307692307692	LI7	LI
365031	375030	370030.5	54	5.776909722222221	0	0	1	0.996005996001	1.0000000000000036e-12	3.3703703703703702	LI7	LI
370031	380030	375030.5	89	5.776909722222221	0	0	1	0.996005996001	1.0000000000000036e-12	4.764044943820225	LI7	LI
375031	385030	380030.5	75	5.776909722222221	NA	0	1	0.996005996001	1.0000000000000036e-12	6.24	LI7	LI
380031	390030	385030.5	67	1.5240693869934963	7.683200000000006	0	1	0.996005996001	1.0000000000000036e-12	6.313432835820896	LI7	LI
385031	395030	390030.5	81	3.640333333333334	7.683200000000006	0	0.8571428571428571	0.7434662640566432	2.6030820491461844e-5	6.308641975308642	LI7	LI
390031	400030	395030.5	81	3.640333333333334	13.524828803942249	0.14285714285714285	0.8333333333333334	0.5397750937109539	4.164931278633895e-4	6.308641975308642	LI7	LI
395031	405030	400030.5	80	4.5620365871216215	2.658782955778858	0	1	0.996005996001	1.0000000000000036e-12	6.2	LI7	LI
400031	410030	405030.5	99	4.5620365871216215	79.451912818168	0	1	0.996005996001	1.0000000000000036e-12	6.3232323232323235	LI7	LI
405031	415030	410030.5	87	4.5620365871216215	117.850956409084	0	1	0.996005996001	1.0000000000000036e-12	6.425287356321839	LI7	LI
410031	420030	415030.5	67	3.553933333333334	156.25000000000003	0	1	0.996005996001	1.0000000000000036e-12	6.134328358208955	LI7	LI
415031	425030	420030.5	78	3.701553195988217	39.746399999999994	0	1	0.996005996001	1.0000000000000036e-12	6	LI7	LI
420031	430030	425030.5	91	4.7385	7.846203485173359	0	1	0.996005996001	1.0000000000000036e-12	6.142857142857143	LI7	LI
425031	435030	430030.5	96	5.776909722222221	0.1539690696879147	0	1	0.996005996001	1.0000000000000036e-12	6.34375	LI7	LI
430031	440030	435030.5	96	5.052276625607386	139.14369012911297	0	1	0.996005996001	1.0000000000000036e-12	6.354166666666667	LI7	LI
435031	445030	440030.5	93	4.5620365871216215	139.14369012911297	0	1	0.996005996001	1.0000000000000036e-12	6.172043010752688	LI7	LI
440031	450030	445030.5	80	3.553933333333334	NA	0	1	0.996005996001	1.0000000000000036e-12	6.2375	LI7	LI
445031	455030	450030.5	75	4.057984960227477	NA	0	1	0.996005996001	1.0000000000000036e-12	6.466666666666667	LI7	LI
450031	460030	455030.5	96	4.5620365871216215	NA	0	1	0.996005996001	1.0000000000000036e-12	6.166666666666667	LI7	LI
455031	465030	460030.5	93	4.505952380952381	NA	0	1	0.996005996001	1.0000000000000036e-12	5.903225806451613	LI7	LI
460031	470030	465030.5	97	4.265189153228256	0.5641679012345682	0	1	0.996005996001	1.0000000000000036e-12	6.082474226804123	LI7	LI
465031	475030	470030.5	85	4.5620365871216215	0.5641679012345682	0	1	0.996005996001	1.0000000000000036e-12	6.2	LI7	LI
470031	480030	475030.5	61	6.291242761985746	NA	0	1	0.996005996001	1.0000000000000036e-12	6.442622950819672	LI7	LI
475031	485030	480030.5	77	5.044446027935811	NA	0	1	0.996005996001	1.0000000000000036e-12	6.337662337662338	LI7	LI
480031	490030	485030.5	54	4.02442592550413	NA	0	1	0.996005996001	1.0000000000000036e-12	6.148148148148148	LI7	LI
485031	495030	490030.5	40	5.3945480510438575	NA	0	1	0.996005996001	1.0000000000000036e-12	6.425	LI7	LI
490031	500030	495030.5	54	3.78711075755258	79.451912818168	0	1	0.996005996001	1.0000000000000036e-12	6.444444444444445	LI7	LI
495031	505030	500030.5	65	4.057984960227477	79.451912818168	0	1	0.996005996001	1.0000000000000036e-12	6.507692307692308	LI7	LI
500031	510030	505030.5	74	5.1694731546719215	NA	0	1	0.996005996001	1.0000000000000036e-12	6.527027027027027	LI7	LI
505031	515030	510030.5	83	5.776909722222221	2.658782955778858	0	1	0.996005996001	1.0000000000000036e-12	6.301204819277109	LI7	LI
510031	520030	515030.5	77	5.590351012510363	2.658782955778858	0	1	0.996005996001	1.0000000000000036e-12	6.181818181818182	LI7	LI
515031	525030	520030.5	59	5.958238429300291	NA	0	1	0.996005996001	1.0000000000000036e-12	6.271186440677966	LI7	LI
520031	530030	525030.5	71	5.39792889346959	NA	0	1	0.996005996001	1.0000000000000036e-12	5.971830985915493	LI7	LI
525031	535030	530030.5	76	4.5620365871216215	NA	0	1	0.996005996001	1.0000000000000036e-12	5.776315789473684	LI7	LI
530031	540030	535030.5	72	4.650268293560811	0.5641679012345682	0	1	0.996005996001	1.0000000000000036e-12	5.833333333333333	LI7	LI
535031	545030	540030.5	82	4.7385	0.5641679012345682	0	1	0.996005996001	1.0000000000000036e-12	5.682926829268292	LI7	LI
540031	550030	545030.5	97	2.4826426540846933	NA	0	1	0.996005996001	1.0000000000000036e-12	5.77319587628866	LI7	LI
545031	555030	550030.5	95	3.4972294321856108	NA	0	1	0.996005996001	1.0000000000000036e-12	5.863157894736842	LI7	LI
550031	560030	555030.5	63	4.02442592550413	405.00000000000006	0	1	0.996005996001	1.0000000000000036e-12	5.936507936507937	LI7	LI
555031	565030	560030.5	46	3.4346547067901234	405.00000000000006	0	1	0.996005996001	1.0000000000000036e-12	6.304347826086956	LI7	LI
560031	570030	565030.5	73	4.852821296500158	NA	0	1	0.996005996001	1.0000000000000036e-12	6.315068493150685	LI7	LI
565031	575030	570030.5	109	4.852821296500158	NA	0	1	0.996005996001	1.0000000000000036e-12	6.192660550458716	LI7	LI
570031	580030	575030.5	102	5.52685546875	NA	0	1	0.996005996001	1.0000000000000036e-12	6.235294117647059	LI7	LI
575031	585030	580030.5	67	5.776909722222221	NA	0	1	0.996005996001	1.0000000000000036e-12	6.2835820895522385	LI7	LI
580031	590030	585030.5	70	5.776909722222221	NA	0	1	0.996005996001	1.0000000000000036e-12	6.2	LI7	LI
585031	595030	590030.5	79	3.941452040923184	11.409193361109203	0	1	0.996005996001	1.0000000000000036e-12	6.265822784810126	LI7	LI
590031	600030	595030.5	71	3.941452040923184	11.409193361109203	0	1	0.996005996001	1.0000000000000036e-12	6.225352112676056	LI7	LI
595031	605030	600030.5	86	4.30310497947036	NA	0	1	0.996005996001	1.0000000000000036e-12	6.1395348837209305	LI7	LI
600031	610030	605030.5	114	4.5620365871216215	NA	0	1	0.996005996001	1.0000000000000036e-12	6.131578947368421	LI7	LI
605031	615030	610030.5	118	4.6220585267969625	NA	0	1	0.996005996001	1.0000000000000036e-12	6.110169491525424	LI7	LI
610031	620030	615030.5	107	4.6220585267969625	NA	0	1	0.996005996001	1.0000000000000036e-12	6.196261682242991	LI7	LI
615031	625030	620030.5	100	4.293231256312875	NA	0	1	0.996005996001	1.0000000000000036e-12	6.31	LI7	LI
620031	630030	625030.5	101	3.553933333333334	2.658782955778858	0	1	0.996005996001	1.0000000000000036e-12	6.326732673267327	LI7	LI
625031	635030	630030.5	112	2.983391596407981	2.658782955778858	0	1	0.996005996001	1.0000000000000036e-12	6.116071428571429	LI7	LI
630031	640030	635030.5	79	2.7910973705932527	70.90123654244591	0	1	0.996005996001	1.0000000000000036e-12	5.936708860759493	LI7	LI
635031	645030	640030.5	41	2.598803144778525	139.14369012911297	0	1	0.996005996001	1.0000000000000036e-12	6.097560975609756	LI7	LI
640031	650030	645030.5	57	3.983520300338444	139.14369012911297	0	1	0.996005996001	1.0000000000000036e-12	6	LI7	LI
645031	655030	650030.5	63	6.291242761985746	NA	0	1	0.996005996001	1.0000000000000036e-12	6.0476190476190474	LI7	LI
650031	660030	655030.5	64	5.776909722222221	NA	0	1	0.996005996001	1.0000000000000036e-12	6.109375	LI7	LI
655031	665030	660030.5	63	5.52685546875	NA	0	1	0.996005996001	1.0000000000000036e-12	6.095238095238095	LI7	LI
660031	670030	665030.5	53	5.052276625607386	NA	0	1	0.996005996001	1.0000000000000036e-12	6.113207547169812	LI7	LI
665031	675030	670030.5	35	4.032230776795463	NA	0	1	0.996005996001	1.0000000000000036e-12	6.2	LI7	LI
670031	680030	675030.5	11	NA	NA	0	1	0.996005996001	1.0000000000000036e-12	5.636363636363637	LI7	LI
675031	685030	680030.5	9	4.807156606364504	NA	0	1	0.996005996001	1.0000000000000036e-12	4.333333333333333	LI7	LI
680031	690030	685030.5	7	4.807156606364504	NA	0	1	0.996005996001	1.0000000000000036e-12	5.285714285714286	LI7	LI
685031	695030	690030.5	0	NA	NA	NA	NA	NA	NA	NA	LI7	LI
690031	700030	695030.5	0	NA	NA	NA	NA	NA	NA	NA	LI7	LI
695031	705030	700030.5	0	NA	NA	NA	NA	NA	NA	NA	LI7	LI
700031	710030	705030.5	16	4.319083337658967	NA	0	1	0.996005996001	1.0000000000000036e-12	6.125	LI7	LI
705031	715030	710030.5	62	3.858288111561589	834.0543999999992	0	1	0.996005996001	1.0000000000000036e-12	6.209677419354839	LI7	LI
710031	720030	715030.5	107	3.6921502976190474	834.0543999999992	0	1	0.996005996001	1.0000000000000036e-12	6.280373831775701	LI7	LI
715031	725030	720030.5	99	3.7907335272985696	11.409193361109203	0	1	0.996005996001	1.0000000000000036e-12	6.202020202020202	LI7	LI
720031	730030	725030.5	77	2.598803144778525	3.9015094597363547	0	1	0.996005996001	1.0000000000000036e-12	6.116883116883117	LI7	LI
725031	735030	730030.5	74	2.303790389374822	1	0	1	0.996005996001	1.0000000000000036e-12	6.283783783783784	LI7	LI
730031	740030	735030.5	66	4.057984960227477	0.5641679012345682	0	1	0.996005996001	1.0000000000000036e-12	6.212121212121212	LI7	LI
735031	745030	740030.5	71	3.2745586240162154	0.5641679012345682	0	1	0.996005996001	1.0000000000000036e-12	6.211267605633803	LI7	LI
740031	750030	745030.5	77	4.5620365871216215	NA	0	1	0.996005996001	1.0000000000000036e-12	6.181818181818182	LI7	LI
745031	755030	750030.5	72	3.553933333333334	NA	0	1	0.996005996001	1.0000000000000036e-12	5.972222222222222	LI7	LI
750031	760030	755030.5	75	3.789179629418732	23.148148148148145	0	1	0.996005996001	1.0000000000000036e-12	5.96	LI7	LI
755031	765030	760030.5	93	4.5620365871216215	22.071674074074082	0	0.8571428571428571	0.7060667438271604	4.8225308641975394e-5	6.075268817204301	LI7	LI
760031	770030	765030.5	92	4.5339944840370014	20.995200000000015	0	1	0.996005996001	1.0000000000000036e-12	6.086956521739131	LI7	LI
765031	775030	770030.5	102	4.505952380952381	NA	0	1	0.996005996001	1.0000000000000036e-12	5.96078431372549	LI7	LI
770031	780030	775030.5	98	4.272778443730033	NA	0	1	0.996005996001	1.0000000000000036e-12	6.051020408163265	LI7	LI
775031	785030	780030.5	58	4.373916138194349	NA	0	1	0.996005996001	1.0000000000000036e-12	6.172413793103448	LI7	LI
780031	790030	785030.5	70	4.293231256312875	NA	0	1	0.996005996001	1.0000000000000036e-12	5.8428571428571425	LI7	LI
785031	795030	790030.5	87	4.5620365871216215	NA	0	1	0.996005996001	1.0000000000000036e-12	5.919540229885057	LI7	LI
790031	800030	795030.5	67	5.283743796306249	NA	0	1	0.996005996001	1.0000000000000036e-12	6.059701492537314	LI7	LI
795031	805030	800030.5	70	4.272778443730033	NA	0	1	0.996005996001	1.0000000000000036e-12	5.785714285714286	LI7	LI
800031	810030	805030.5	66	4.5620365871216215	NA	0	1	0.996005996001	1.0000000000000036e-12	5.757575757575758	LI7	LI
805031	815030	810030.5	34	5.20010058983911	NA	0	1	0.996005996001	1.0000000000000036e-12	5.588235294117647	LI7	LI
810031	820030	815030.5	91	4.5620365871216215	NA	0	1	0.996005996001	1.0000000000000036e-12	5.747252747252747	LI7	LI
815031	825030	820030.5	109	4.5620365871216215	NA	0	1	0.996005996001	1.0000000000000036e-12	5.981651376146789	LI7	LI
820031	830030	825030.5	62	4.02442592550413	NA	0	1	0.996005996001	1.0000000000000036e-12	6.193548387096774	LI7	LI
825031	835030	830030.5	77	4.6820804664723035	NA	0	1	0.996005996001	1.0000000000000036e-12	6.103896103896104	LI7	LI
830031	840030	835030.5	78	4.6820804664723035	NA	0	1	0.996005996001	1.0000000000000036e-12	6.115384615384615	LI7	LI
835031	845030	840030.5	84	3.789179629418732	9.886286498721333	0	1	0.996005996001	1.0000000000000036e-12	5.988095238095238	LI7	LI
840031	850030	845030.5	91	4.02442592550413	9.886286498721333	0	1	0.996005996001	1.0000000000000036e-12	6.010989010989011	LI7	LI
845031	855030	850030.5	85	4.02442592550413	NA	0	1	0.996005996001	1.0000000000000036e-12	6.117647058823529	LI7	LI
850031	860030	855030.5	94	4.5620365871216215	NA	0	1	0.996005996001	1.0000000000000036e-12	5.840425531914893	LI7	LI
855031	865030	860030.5	107	3.553933333333334	NA	0	1	0.996005996001	1.0000000000000036e-12	5.925233644859813	LI7	LI
860031	870030	865030.5	118	3.553933333333334	NA	0	1	0.996005996001	1.0000000000000036e-12	5.991525423728813	LI7	LI
865031	875030	870030.5	131	5.104467967611152	3.9015094597363547	0	1	0.996005996001	1.0000000000000036e-12	5.931297709923665	LI7	LI
870031	880030	875030.5	100	5.52685546875	3.9015094597363547	0	1	0.996005996001	1.0000000000000036e-12	6.17	LI7	LI
875031	885030	880030.5	50	4.452406249999999	NA	0	1	0.996005996001	1.0000000000000036e-12	5.38	LI7	LI
880031	890030	885030.5	29	4.452406249999999	NA	0	1	0.996005996001	1.0000000000000036e-12	3.4482758620689653	LI7	LI
885031	895030	890030.5	44	3.553933333333334	31.492800000000024	0	1	0.996005996001	1.0000000000000036e-12	5.590909090909091	LI7	LI
890031	900030	895030.5	66	4.057984960227477	31.492800000000024	0	1	0.996005996001	1.0000000000000036e-12	6.136363636363637	LI7	LI
895031	905030	900030.5	39	5.776909722222221	NA	0	1	0.996005996001	1.0000000000000036e-12	4.9743589743589745	LI7	LI
900031	910030	905030.5	26	NA	NA	0	1	0.996005996001	1.0000000000000036e-12	2.6923076923076925	LI7	LI
905031	915030	910030.5	55	5.52685546875	NA	0	1	0.996005996001	1.0000000000000036e-12	5.218181818181818	LI7	LI
910031	920030	915030.5	86	2.9977825674328775	NA	0	1	0.996005996001	1.0000000000000036e-12	6.034883720930233	LI7	LI
915031	925030	920030.5	88	2.967787357087978	NA	0	1	0.996005996001	1.0000000000000036e-12	6.159090909090909	LI7	LI
920031	930030	925030.5	107	6.291242761985746	NA	0	1	0.996005996001	1.0000000000000036e-12	6.233644859813084	LI7	LI
925031	935030	930030.5	119	4.5620365871216215	NA	0	1	0.996005996001	1.0000000000000036e-12	6.092436974789916	LI7	LI
930031	940030	935030.5	94	3.773279045414462	3.9015094597363547	0	1	0.996005996001	1.0000000000000036e-12	6.148936170212766	LI7	LI
935031	945030	940030.5	97	1.339653151955662	5.79235472986818	0	1	0.996005996001	1.0000000000000036e-12	6.257731958762887	LI7	LI
940031	950030	945030.5	99	2.534682168579761	7.683200000000006	0	1	0.996005996001	1.0000000000000036e-12	6.2727272727272725	LI7	LI
945031	955030	950030.5	71	6.805575801749272	NA	0	1	0.996005996001	1.0000000000000036e-12	6.309859154929577	LI7	LI
950031	960030	955030.5	73	6.805575801749272	NA	0	1	0.996005996001	1.0000000000000036e-12	6.205479452054795	LI7	LI
955031	965030	960030.5	66	5.573001939697837	47.999999999999964	0	1	0.996005996001	1.0000000000000036e-12	5.909090909090909	LI7	LI
960031	970030	965030.5	62	3.5804974602274773	47.999999999999964	0	1	0.996005996001	1.0000000000000036e-12	5.596774193548387	LI7	LI
965031	975030	970030.5	57	4.5620365871216215	NA	0	1	0.996005996001	1.0000000000000036e-12	5.350877192982456	LI7	LI
970031	980030	975030.5	53	4.5620365871216215	NA	0	1	0.996005996001	1.0000000000000036e-12	5.7924528301886795	LI7	LI
975031	985030	980030.5	81	4.50722141856081	405.00000000000006	0	1	0.996005996001	1.0000000000000036e-12	6.222222222222222	LI7	LI
980031	990030	985030.5	65	6.180438507248137	405.00000000000006	0	1	0.996005996001	1.0000000000000036e-12	6.123076923076923	LI7	LI
985031	995030	990030.5	67	6.180438507248137	NA	0	1	0.996005996001	1.0000000000000036e-12	6.104477611940299	LI7	LI
990031	1000030	995030.5	78	4.293231256312875	0.3164062500000001	0	1	0.996005996001	1.0000000000000036e-12	6.064102564102564	LI7	LI
995031	1005030	1000030.5	84	3.372909264121871	0.3164062500000001	0	1	0.996005996001	1.0000000000000036e-12	6.2023809523809526	LI7	LI
1000031	1010030	1005030.5	112	3.258088776185077	47.999999999999964	0	1	0.996005996001	1.0000000000000036e-12	6.258928571428571	LI7	LI
1005031	1015030	1010030.5	116	3.3963393855794397	NA	0	1	0.996005996001	1.0000000000000036e-12	6.198275862068965	LI7	LI
1010031	1020030	1015030.5	123	4.417026598801685	NA	0	1	0.996005996001	1.0000000000000036e-12	6.341463414634147	LI7	LI
1015031	1025030	1020030.5	92	4.417026598801685	NA	0	1	0.996005996001	1.0000000000000036e-12	6.304347826086956	LI7	LI
1020031	1030030	1025030.5	59	4.222061471193416	NA	0	1	0.996005996001	1.0000000000000036e-12	6.016949152542373	LI7	LI
1025031	1035030	1030030.5	64	4.222061471193416	NA	0	1	0.996005996001	1.0000000000000036e-12	4.609375	LI7	LI
1030031	1040030	1035030.5	108	2.970032938867091	31.492800000000024	0	1	0.996005996001	1.0000000000000036e-12	5.203703703703703	LI7	LI
1035031	1045030	1040030.5	134	3.3237024140152394	19.588000000000015	0	1	0.996005996001	1.0000000000000036e-12	6.126865671641791	LI7	LI
1040031	1050030	1045030.5	133	4.1748046875	1.158203125	0	1	0.996005996001	1.0000000000000036e-12	6.2481203007518795	LI7	LI
1045031	1055030	1050030.5	122	3.444500730296796	2	0	1	0.996005996001	1.0000000000000036e-12	6.254098360655738	LI7	LI
1050031	1060030	1055030.5	95	5.179754567541303	NA	0	1	0.996005996001	1.0000000000000036e-12	6.021052631578947	LI7	LI
1055031	1065030	1060030.5	94	4.381462962752066	NA	0	1	0.996005996001	1.0000000000000036e-12	6.053191489361702	LI7	LI
1060031	1070030	1065030.5	71	4.293231256312875	NA	0	1	0.996005996001	1.0000000000000036e-12	6.183098591549296	LI7	LI
1065031	1075030	1070030.5	68	4.852821296500158	NA	0	1	0.996005996001	1.0000000000000036e-12	6.235294117647059	LI7	LI
1070031	1080030	1075030.5	102	3.2745586240162154	NA	0	1	0.996005996001	1.0000000000000036e-12	6.088235294117647	LI7	LI
1075031	1085030	1080030.5	109	4.02442592550413	NA	0	1	0.996005996001	1.0000000000000036e-12	6.137614678899083	LI7	LI
1080031	1090030	1085030.5	98	4.02442592550413	23.148148148148145	0	1	0.996005996001	1.0000000000000036e-12	6.326530612244898	LI7	LI
1085031	1095030	1090030.5	110	2.408226314563974	23.148148148148145	0	1	0.996005996001	1.0000000000000036e-12	6.245454545454545	LI7	LI
1090031	1100030	1095030.5	102	4.02442592550413	27.320474074074085	0	1	0.996005996001	1.0000000000000036e-12	6.235294117647059	LI7	LI
1095031	1105030	1100030.5	94	5.052276625607386	NA	0	1	0.996005996001	1.0000000000000036e-12	6.297872340425532	LI7	LI
1100031	1110030	1105030.5	95	4.5620365871216215	NA	0	1	0.996005996001	1.0000000000000036e-12	6.315789473684211	LI7	LI
1105031	1115030	1110030.5	79	4.003973112921287	1	0	1	0.996005996001	1.0000000000000036e-12	6.291139240506329	LI7	LI
1110031	1120030	1115030.5	94	3.706806189373898	3.5450439410384775	0	1	0.996005996001	1.0000000000000036e-12	6.24468085106383	LI7	LI
1115031	1125030	1120030.5	97	3.640333333333334	7.5349219705192425	0	1	0.996005996001	1.0000000000000036e-12	6.298969072164948	LI7	LI
1120031	1130030	1125030.5	114	3.2051688371971325	8.556895020831904	0	1	0.996005996001	1.0000000000000036e-12	6.385964912280702	LI7	LI
1125031	1135030	1130030.5	161	3.1270738123258615	2.658782955778858	0	1	0.996005996001	1.0000000000000036e-12	6.341614906832298	LI7	LI
1130031	1140030	1135030.5	147	5.52685546875	0.04762993446121023	0	1	0.996005996001	1.0000000000000036e-12	6.292517006802721	LI7	LI
1135031	1145030	1140030.5	120	4.352605008905959	0.04762993446121023	0	1	0.996005996001	1.0000000000000036e-12	6.15	LI7	LI
1140031	1150030	1145030.5	107	5.052276625607386	NA	0	1	0.996005996001	1.0000000000000036e-12	6.140186915887851	LI7	LI
1145031	1155030	1150030.5	98	1.6488095238095237	1.7725219705192388	0	1	0.996005996001	1.0000000000000036e-12	5.6020408163265305	LI7	LI
1150031	1160030	1155030.5	97	2.9285235547592054	1.7725219705192388	0	1	0.996005996001	1.0000000000000036e-12	5.484536082474227	LI7	LI
1155031	1165030	1160030.5	98	4.5620365871216215	3.1203703703703694	0	1	0.996005996001	1.0000000000000036e-12	6.1020408163265305	LI7	LI
1160031	1170030	1165030.5	109	4.5620365871216215	405.00000000000006	0	1	0.996005996001	1.0000000000000036e-12	6.073394495412844	LI7	LI
1165031	1175030	1170030.5	123	4.941053002939348	405.00000000000006	0	1	0.996005996001	1.0000000000000036e-12	5.991869918699187	LI7	LI
1170031	1180030	1175030.5	108	5.594442732613491	NA	0	1	0.996005996001	1.0000000000000036e-12	6.083333333333333	LI7	LI
1175031	1185030	1180030.5	85	5.776909722222221	NA	0	1	0.996005996001	1.0000000000000036e-12	6.352941176470588	LI7	LI
1180031	1190030	1185030.5	59	4.452406249999999	NA	0	1	0.996005996001	1.0000000000000036e-12	6.440677966101695	LI7	LI
1185031	1195030	1190030.5	62	4.5067250858470835	0.5641679012345682	0	1	0.996005996001	1.0000000000000036e-12	6.032258064516129	LI7	LI
1190031	1200030	1195030.5	90	4.694366834035201	0.5641679012345682	0	1	0.996005996001	1.0000000000000036e-12	5.2555555555555555	LI7	LI
1195031	1205030	1200030.5	110	4.02442592550413	NA	0	1	0.996005996001	1.0000000000000036e-12	4.945454545454545	LI7	LI
1200031	1210030	1205030.5	132	4.02442592550413	NA	0	1	0.996005996001	1.0000000000000036e-12	5.636363636363637	LI7	LI
1205031	1215030	1210030.5	113	6.166215635249635	NA	0	1	0.996005996001	1.0000000000000036e-12	6.185840707964601	LI7	LI
1210031	1220030	1215030.5	72	4.060212962752065	NA	0	1	0.996005996001	1.0000000000000036e-12	6.291666666666667	LI7	LI
1215031	1225030	1220030.5	81	4.811427734375	NA	0	1	0.996005996001	1.0000000000000036e-12	6.382716049382716	LI7	LI
1220031	1230030	1225030.5	103	5.289566047178694	NA	0	1	0.996005996001	1.0000000000000036e-12	6.359223300970874	LI7	LI
1225031	1235030	1230030.5	89	4.412777835510925	NA	0	1	0.996005996001	1.0000000000000036e-12	6.269662921348314	LI7	LI
1230031	1240030	1235030.5	89	3.1165471331389702	1	0	1	0.996005996001	1.0000000000000036e-12	6.303370786516854	LI7	LI
1235031	1245030	1240030.5	111	4.5620365871216215	0.5	0	1	0.996005996001	1.0000000000000036e-12	6.171171171171171	LI7	LI
1240031	1250030	1245030.5	128	4.137982463972108	0	0	1	0.996005996001	1.0000000000000036e-12	6.1484375	LI7	LI
1245031	1255030	1250030.5	121	4.381133333333334	NA	0	1	0.996005996001	1.0000000000000036e-12	6.107438016528926	LI7	LI
1250031	1260030	1255030.5	131	5.257704861111111	NA	0	1	0.996005996001	1.0000000000000036e-12	6.0534351145038165	LI7	LI
1255031	1265030	1260030.5	110	4.7385	0.04762993446121023	0	1	0.996005996001	1.0000000000000036e-12	6.1909090909090905	LI7	LI
1260031	1270030	1265030.5	110	5.052276625607386	1.796336937749844	0	1	0.996005996001	1.0000000000000036e-12	6.327272727272727	LI7	LI
1265031	1275030	1270030.5	144	5.052276625607386	3.5450439410384775	0	1	0.996005996001	1.0000000000000036e-12	6.340277777777778	LI7	LI
1270031	1280030	1275030.5	138	4.222061471193416	NA	0	1	0.996005996001	1.0000000000000036e-12	6.391304347826087	LI7	LI
1275031	1285030	1280030.5	134	4.222061471193416	NA	0	1	0.996005996001	1.0000000000000036e-12	6.313432835820896	LI7	LI
1280031	1290030	1285030.5	100	5.208333333333334	NA	0	1	0.996005996001	1.0000000000000036e-12	6.27	LI7	LI
1285031	1295030	1290030.5	82	5.13030497947036	NA	0	1	0.996005996001	1.0000000000000036e-12	6.219512195121951	LI7	LI
1290031	1300030	1295030.5	104	4.694366834035202	NA	0	1	0.996005996001	1.0000000000000036e-12	6.201923076923077	LI7	LI
1295031	1305030	1300030.5	99	4.7385	156.25000000000003	0	1	0.996005996001	1.0000000000000036e-12	6.303030303030303	LI7	LI
1300031	1310030	1305030.5	83	4.7385	156.25000000000003	0	1	0.996005996001	1.0000000000000036e-12	6.337349397590361	LI7	LI
1305031	1315030	1310030.5	71	5.776909722222221	NA	0	1	0.996005996001	1.0000000000000036e-12	6.422535211267606	LI7	LI
1310031	1320030	1315030.5	66	5.460257864050458	NA	0	1	0.996005996001	1.0000000000000036e-12	6.363636363636363	LI7	LI
1315031	1325030	1320030.5	94	5.143606005878695	NA	0	1	0.996005996001	1.0000000000000036e-12	6.361702127659575	LI7	LI
1320031	1330030	1325030.5	105	3.640333333333334	NA	0	1	0.996005996001	1.0000000000000036e-12	6.304761904761905	LI7	LI
1325031	1335030	1330030.5	93	5.776909722222221	NA	0	1	0.996005996001	1.0000000000000036e-12	6.182795698924731	LI7	LI
1330031	1340030	1335030.5	79	4.807156606364504	NA	0	1	0.996005996001	1.0000000000000036e-12	6.177215189873418	LI7	LI
1335031	1345030	1340030.5	93	5.052276625607386	NA	0	1	0.996005996001	1.0000000000000036e-12	5.989247311827957	LI7	LI
1340031	1350030	1345030.5	102	5.052276625607386	NA	0	1	0.996005996001	1.0000000000000036e-12	6.029411764705882	LI7	LI
1345031	1355030	1350030.5	68	5.052276625607386	NA	0	1	0.996005996001	1.0000000000000036e-12	6.176470588235294	LI7	LI
1350031	1360030	1355030.5	55	5.950803084957528	NA	0	1	0.996005996001	1.0000000000000036e-12	6.472727272727273	LI7	LI
1355031	1365030	1360030.5	79	3.564466666666667	NA	0	1	0.996005996001	1.0000000000000036e-12	6.050632911392405	LI7	LI
1360031	1370030	1365030.5	72	4.5620365871216215	NA	0	1	0.996005996001	1.0000000000000036e-12	5.875	LI7	LI
1365031	1375030	1370030.5	54	5.776909722222221	NA	0	1	0.996005996001	1.0000000000000036e-12	6.444444444444445	LI7	LI
1370031	1380030	1375030.5	77	4.807156606364504	NA	0	1	0.996005996001	1.0000000000000036e-12	6.311688311688312	LI7	LI
1375031	1385030	1380030.5	104	5.052276625607386	NA	0	1	0.996005996001	1.0000000000000036e-12	6.173076923076923	LI7	LI
1380031	1390030	1385030.5	105	5.052276625607386	NA	0	1	0.996005996001	1.0000000000000036e-12	6.2	LI7	LI
1385031	1395030	1390030.5	101	4.5620365871216215	1	0	1	0.996005996001	1.0000000000000036e-12	6.316831683168317	LI7	LI
1390031	1400030	1395030.5	109	4.7385	1	0	1	0.996005996001	1.0000000000000036e-12	6.3119266055045875	LI7	LI
1395031	1405030	1400030.5	96	5.052276625607386	NA	0	1	0.996005996001	1.0000000000000036e-12	6.270833333333333	LI7	LI
1400031	1410030	1405030.5	83	5.052276625607386	59.588934613626	0	1	0.996005996001	1.0000000000000036e-12	6.156626506024097	LI7	LI
1405031	1415030	1410030.5	82	4.4408367153451485	59.588934613626	0	1	0.996005996001	1.0000000000000036e-12	5.963414634146342	LI7	LI
1410031	1420030	1415030.5	101	4.7385	NA	0	1	0.996005996001	1.0000000000000036e-12	6.03960396039604	LI7	LI
1415031	1425030	1420030.5	119	5.052276625607386	NA	0	1	0.996005996001	1.0000000000000036e-12	6.235294117647059	LI7	LI
1420031	1430030	1425030.5	115	5.052276625607386	NA	0	1	0.996005996001	1.0000000000000036e-12	6.234782608695652	LI7	LI
1425031	1435030	1430030.5	94	5.052276625607386	1	0	1	0.996005996001	1.0000000000000036e-12	6.202127659574468	LI7	LI
1430031	1440030	1435030.5	73	5.776909722222221	1	0	1	0.996005996001	1.0000000000000036e-12	6.342465753424658	LI7	LI
1435031	1445030	1440030.5	73	5.208333333333334	17.11379004166381	0	1	0.996005996001	1.0000000000000036e-12	6.383561643835616	LI7	LI
1440031	1450030	1445030.5	59	5.52685546875	17.11379004166381	0	1	0.996005996001	1.0000000000000036e-12	6.372881355932203	LI7	LI
1445031	1455030	1450030.5	61	5.110611151392601	NA	0	1	0.996005996001	1.0000000000000036e-12	6.213114754098361	LI7	LI
1450031	1460030	1455030.5	88	4.02442592550413	NA	0	1	0.996005996001	1.0000000000000036e-12	6.386363636363637	LI7	LI
1455031	1465030	1460030.5	106	4.6820804664723035	107.91946730681302	0	1	0.996005996001	1.0000000000000036e-12	6.415094339622642	LI7	LI
1460031	1470030	1465030.5	86	4.6820804664723035	107.91946730681302	0	1	0.996005996001	1.0000000000000036e-12	6.209302325581396	LI7	LI
1465031	1475030	1470030.5	74	5.776909722222221	NA	0	1	0.996005996001	1.0000000000000036e-12	6.108108108108108	LI7	LI
1470031	1480030	1475030.5	78	5.776909722222221	NA	0	1	0.996005996001	1.0000000000000036e-12	6.243589743589744	LI7	LI
1475031	1485030	1480030.5	78	5.052276625607386	NA	0	1	0.996005996001	1.0000000000000036e-12	6.153846153846154	LI7	LI
1480031	1490030	1485030.5	85	5.776909722222221	405.00000000000006	0	1	0.996005996001	1.0000000000000036e-12	6.188235294117647	LI7	LI
1485031	1495030	1490030.5	73	5.776909722222221	405.00000000000006	0	1	0.996005996001	1.0000000000000036e-12	6.178082191780822	LI7	LI
1490031	1500030	1495030.5	77	6.180438507248137	NA	0	1	0.996005996001	1.0000000000000036e-12	6.038961038961039	LI7	LI
1495031	1505030	1500030.5	75	6.694771547011662	NA	0	1	0.996005996001	1.0000000000000036e-12	6.2	LI7	LI
1500031	1510030	1505030.5	60	4.5620365871216215	1.5	0	1	0.996005996001	1.0000000000000036e-12	6.35	LI7	LI
1505031	1515030	1510030.5	66	5.651882595486111	2.5225219705192385	0	1	0.996005996001	1.0000000000000036e-12	6.409090909090909	LI7	LI
1510031	1520030	1515030.5	70	6.297376093294462	3.5450439410384775	0	1	0.996005996001	1.0000000000000036e-12	6.285714285714286	LI7	LI
1515031	1525030	1520030.5	68	6.180438507248137	NA	0	1	0.996005996001	1.0000000000000036e-12	5.955882352941177	LI7	LI
31	10030	5030.5	140	8.028494485611777	0	0	1	0.996005996001	1.0000000000000036e-12	7.378571428571429	LI8	LI
5031	15030	10030.5	118	7.86166254679362	0	0	1	0.996005996001	1.0000000000000036e-12	8.05084745762712	LI8	LI
10031	20030	15030.5	124	7.38897705078125	0	0	1	0.996005996001	1.0000000000000036e-12	7.975806451612903	LI8	LI
15031	25030	20030.5	89	7.773876190185547	0	0	1	0.996005996001	1.0000000000000036e-12	8.202247191011235	LI8	LI
20031	30030	25030.5	77	7.8277587890625	NA	0	1	0.996005996001	1.0000000000000036e-12	8.194805194805195	LI8	LI
25031	35030	30030.5	108	8.84542181069959	NA	0	1	0.996005996001	1.0000000000000036e-12	8.231481481481481	LI8	LI
30031	40030	35030.5	117	8.755393197016462	NA	0	1	0.996005996001	1.0000000000000036e-12	8.196581196581196	LI8	LI
35031	45030	40030.5	78	8.665364583333334	NA	0	1	0.996005996001	1.0000000000000036e-12	8.128205128205128	LI8	LI
40031	50030	45030.5	80	7.499073028564453	NA	0	1	0.996005996001	1.0000000000000036e-12	8.175	LI8	LI
45031	55030	50030.5	108	7.499073028564453	NA	0	1	0.996005996001	1.0000000000000036e-12	8.055555555555555	LI8	LI
50031	60030	55030.5	110	5.915885587899901	NA	0	1	0.996005996001	1.0000000000000036e-12	7.972727272727273	LI8	LI
55031	65030	60030.5	97	5.915885587899901	NA	0	1	0.996005996001	1.0000000000000036e-12	8.103092783505154	LI8	LI
60031	70030	65030.5	96	8.665364583333334	NA	0	1	0.996005996001	1.0000000000000036e-12	8.208333333333334	LI8	LI
65031	75030	70030.5	122	8.546674061213992	NA	0	1	0.996005996001	1.0000000000000036e-12	8.10655737704918	LI8	LI
70031	80030	75030.5	123	7.8277587890625	NA	0	1	0.996005996001	1.0000000000000036e-12	8.178861788617887	LI8	LI
75031	85030	80030.5	90	8.147185007731121	NA	0	1	0.996005996001	1.0000000000000036e-12	8.311111111111112	LI8	LI
80031	90030	85030.5	86	7.629005432128906	0	0	1	0.996005996001	1.0000000000000036e-12	8.151162790697674	LI8	LI
85031	95030	90030.5	106	3.8058134046011154	0	0	1	0.996005996001	1.0000000000000036e-12	7.933962264150943	LI8	LI
90031	100030	95030.5	129	NA	NA	0	1	0.996005996001	1.0000000000000036e-12	7.9147286821705425	LI8	LI
95031	105030	100030.5	164	1.4078208906240604	0	0	1	0.996005996001	1.0000000000000036e-12	7.987804878048781	LI8	LI
100031	110030	105030.5	134	3.8058134046011154	0	0	1	0.996005996001	1.0000000000000036e-12	8.067164179104477	LI8	LI
105031	115030	110030.5	88	4.06262892452278	0	0	1	0.996005996001	1.0000000000000036e-12	8.272727272727273	LI8	LI
110031	120030	115030.5	99	3.8058134046011154	0	0	1	0.996005996001	1.0000000000000036e-12	8.212121212121213	LI8	LI
115031	125030	120030.5	99	1.4078208906240604	0	0	1	0.996005996001	1.0000000000000036e-12	8.191919191919192	LI8	LI
120031	130030	125030.5	67	7.070250289351852	0	0	1	0.996005996001	1.0000000000000036e-12	8.26865671641791	LI8	LI
125031	135030	130030.5	88	5.451705868359249	0	0	1	0.996005996001	1.0000000000000036e-12	8.159090909090908	LI8	LI
130031	140030	135030.5	118	5.451705868359249	0	0	1	0.996005996001	1.0000000000000036e-12	8.025423728813559	LI8	LI
135031	145030	140030.5	96	8.336590299881045	NA	0	1	0.996005996001	1.0000000000000036e-12	8.0625	LI8	LI
140031	150030	145030.5	138	7.8277587890625	0	0	1	0.996005996001	1.0000000000000036e-12	8.173913043478262	LI8	LI
145031	155030	150030.5	214	7.316667295405885	0	0	1	0.996005996001	1.0000000000000036e-12	8.02803738317757	LI8	LI
150031	160030	155030.5	199	7.316667295405885	0	0	1	0.996005996001	1.0000000000000036e-12	8.115577889447236	LI8	LI
155031	165030	160030.5	131	8.759765625	0	0	1	0.996005996001	1.0000000000000036e-12	8.320610687022901	LI8	LI
160031	170030	165030.5	95	7.8232421875	0	0	1	0.996005996001	1.0000000000000036e-12	8.326315789473684	LI8	LI
165031	175030	170030.5	87	7.8187255859375	0	0	1	0.996005996001	1.0000000000000036e-12	8.172413793103448	LI8	LI
170031	180030	175030.5	81	7.244380906441469	0	0	1	0.996005996001	1.0000000000000036e-12	8.037037037037036	LI8	LI
175031	185030	180030.5	94	7.244380906441469	0	0	1	0.996005996001	1.0000000000000036e-12	8.127659574468085	LI8	LI
180031	190030	185030.5	112	7.719993591308594	0	0	1	0.996005996001	1.0000000000000036e-12	8.017857142857142	LI8	LI
185031	195030	190030.5	101	7.438343048095703	0	0	1	0.996005996001	1.0000000000000036e-12	8.118811881188119	LI8	LI
190031	200030	195030.5	80	6.186342592592593	0	0	1	0.996005996001	1.0000000000000036e-12	8.3625	LI8	LI
195031	205030	200030.5	113	8.849794238683128	0	0	1	0.996005996001	1.0000000000000036e-12	8.398230088495575	LI8	LI
200031	210030	205030.5	114	8.849794238683128	0	0	1	0.996005996001	1.0000000000000036e-12	8.421052631578947	LI8	LI
205031	215030	210030.5	91	6.805575801749272	NA	0	1	0.996005996001	1.0000000000000036e-12	8.31868131868132	LI8	LI
210031	220030	215030.5	103	6.805575801749272	NA	0	1	0.996005996001	1.0000000000000036e-12	8.145631067961165	LI8	LI
215031	225030	220030.5	109	8.141187628600823	0	0	1	0.996005996001	1.0000000000000036e-12	8	LI8	LI
220031	230030	225030.5	84	7.599574069427365	0	0	1	0.996005996001	1.0000000000000036e-12	8.011904761904763	LI8	LI
225031	235030	230030.5	51	7.057960510253906	0	0	1	0.996005996001	1.0000000000000036e-12	8.176470588235293	LI8	LI
230031	240030	235030.5	89	7.976144287659655	0	0	1	0.996005996001	1.0000000000000036e-12	8.213483146067416	LI8	LI
235031	245030	240030.5	105	7.719993591308594	0	0	1	0.996005996001	1.0000000000000036e-12	8.18095238095238	LI8	LI
240031	250030	245030.5	100	7.719993591308594	0	0	1	0.996005996001	1.0000000000000036e-12	8.16	LI8	LI
245031	255030	250030.5	99	8.84542181069959	NA	0	1	0.996005996001	1.0000000000000036e-12	8.282828282828282	LI8	LI
250031	260030	255030.5	98	8.84542181069959	NA	0	1	0.996005996001	1.0000000000000036e-12	8.306122448979592	LI8	LI
255031	265030	260030.5	104	6.437515815437432	NA	0	1	0.996005996001	1.0000000000000036e-12	8.211538461538462	LI8	LI
260031	270030	265030.5	87	6.437515815437432	NA	0	1	0.996005996001	1.0000000000000036e-12	8.172413793103448	LI8	LI
265031	275030	270030.5	80	NA	NA	0	1	0.996005996001	1.0000000000000036e-12	8.175	LI8	LI
270031	280030	275030.5	82	6.076857605923103	NA	0	1	0.996005996001	1.0000000000000036e-12	8.24390243902439	LI8	LI
275031	285030	280030.5	87	6.805575801749272	0	0	1	0.996005996001	1.0000000000000036e-12	8.149425287356323	LI8	LI
280031	290030	285030.5	86	6.805575801749272	0	0	1	0.996005996001	1.0000000000000036e-12	8.081395348837209	LI8	LI
285031	295030	290030.5	91	7.109202529365122	NA	0	1	0.996005996001	1.0000000000000036e-12	8.054945054945055	LI8	LI
290031	300030	295030.5	99	7.369140625	NA	0	1	0.996005996001	1.0000000000000036e-12	8.02020202020202	LI8	LI
295031	305030	300030.5	142	NA	NA	0	1	0.996005996001	1.0000000000000036e-12	8.105633802816902	LI8	LI
300031	310030	305030.5	134	NA	NA	0	1	0.996005996001	1.0000000000000036e-12	8.119402985074627	LI8	LI
305031	315030	310030.5	90	4.02442592550413	NA	0	1	0.996005996001	1.0000000000000036e-12	7.588888888888889	LI8	LI
310031	320030	315030.5	131	4.900667823863175	NA	0	1	0.996005996001	1.0000000000000036e-12	7.648854961832061	LI8	LI
315031	325030	320030.5	121	5.776909722222221	NA	0	1	0.996005996001	1.0000000000000036e-12	8.057851239669422	LI8	LI
320031	330030	325030.5	92	7.369140625	NA	0	1	0.996005996001	1.0000000000000036e-12	8.08695652173913	LI8	LI
325031	335030	330030.5	108	7.898562082047325	NA	0	1	0.996005996001	1.0000000000000036e-12	8.00925925925926	LI8	LI
330031	340030	335030.5	99	8.42798353909465	NA	0	1	0.996005996001	1.0000000000000036e-12	8.1010101010101	LI8	LI
335031	345030	340030.5	84	7.343482971191406	0	0	1	0.996005996001	1.0000000000000036e-12	8.107142857142858	LI8	LI
340031	350030	345030.5	67	6.13314692179362	0	0	1	0.996005996001	1.0000000000000036e-12	7.776119402985074	LI8	LI
345031	355030	350030.5	34	5.367594401041667	0	0	1	0.996005996001	1.0000000000000036e-12	7.029411764705882	LI8	LI
350031	360030	355030.5	8	5.651882595486111	0	0	0.5833333333333333	0.6461241922260802	1.461829668209877e-4	5.25	LI8	LI
355031	365030	360030.5	7	NA	NA	0	1	0.996005996001	1.0000000000000036e-12	3.142857142857143	LI8	LI
360031	370030	365030.5	13	5.653107317386832	0	0	1	0.996005996001	1.0000000000000036e-12	4.6923076923076925	LI8	LI
365031	375030	370030.5	54	5.6953125	0	0	1	0.996005996001	1.0000000000000036e-12	6.314814814814815	LI8	LI
370031	380030	375030.5	89	5.6953125	NA	0	1	0.996005996001	1.0000000000000036e-12	7.224719101123595	LI8	LI
375031	385030	380030.5	75	NA	NA	0	1	0.996005996001	1.0000000000000036e-12	8.213333333333333	LI8	LI
380031	390030	385030.5	67	7.262784696528932	0	0	1	0.996005996001	1.0000000000000036e-12	8.35820895522388	LI8	LI
385031	395030	390030.5	81	7.262784696528932	0	0	1	0.996005996001	1.0000000000000036e-12	8.25925925925926	LI8	LI
390031	400030	395030.5	81	6.297376093294462	NA	0	1	0.996005996001	1.0000000000000036e-12	8.185185185185185	LI8	LI
395031	405030	400030.5	80	6.297376093294462	NA	0	1	0.996005996001	1.0000000000000036e-12	8.1625	LI8	LI
400031	410030	405030.5	99	NA	NA	0	1	0.996005996001	1.0000000000000036e-12	8.232323232323232	LI8	LI
405031	415030	410030.5	87	8.84542181069959	NA	0	1	0.996005996001	1.0000000000000036e-12	8.32183908045977	LI8	LI
410031	420030	415030.5	67	8.665364583333334	NA	0	1	0.996005996001	1.0000000000000036e-12	8.029850746268657	LI8	LI
415031	425030	420030.5	78	8.665364583333334	0	0	1	0.996005996001	1.0000000000000036e-12	7.987179487179487	LI8	LI
420031	430030	425030.5	91	8.42798353909465	0	0	1	0.996005996001	1.0000000000000036e-12	8.296703296703297	LI8	LI
425031	435030	430030.5	96	8.42798353909465	NA	0	1	0.996005996001	1.0000000000000036e-12	8.4375	LI8	LI
430031	440030	435030.5	96	NA	NA	0	1	0.996005996001	1.0000000000000036e-12	8.302083333333334	LI8	LI
435031	445030	440030.5	93	8.84542181069959	0	0	1	0.996005996001	1.0000000000000036e-12	8.053763440860216	LI8	LI
440031	450030	445030.5	80	8.84542181069959	0	0	1	0.996005996001	1.0000000000000036e-12	8.075	LI8	LI
445031	455030	450030.5	75	NA	NA	0	1	0.996005996001	1.0000000000000036e-12	8.186666666666667	LI8	LI
450031	460030	455030.5	96	NA	NA	0	1	0.996005996001	1.0000000000000036e-12	8.0625	LI8	LI
455031	465030	460030.5	93	NA	NA	0	1	0.996005996001	1.0000000000000036e-12	8.064516129032258	LI8	LI
460031	470030	465030.5	97	NA	NA	0	1	0.996005996001	1.0000000000000036e-12	8.185567010309278	LI8	LI
465031	475030	470030.5	85	NA	NA	0	1	0.996005996001	1.0000000000000036e-12	8.211764705882352	LI8	LI
470031	480030	475030.5	61	7.057960510253906	0	0	1	0.996005996001	1.0000000000000036e-12	8.344262295081966	LI8	LI
475031	485030	480030.5	77	7.057960510253906	0	0	1	0.996005996001	1.0000000000000036e-12	8.402597402597403	LI8	LI
480031	490030	485030.5	54	NA	NA	0	1	0.996005996001	1.0000000000000036e-12	8.296296296296296	LI8	LI
485031	495030	490030.5	40	NA	NA	0	1	0.996005996001	1.0000000000000036e-12	8.3	LI8	LI
490031	500030	495030.5	54	NA	NA	0	1	0.996005996001	1.0000000000000036e-12	8.25925925925926	LI8	LI
495031	505030	500030.5	65	5.958238429300291	0	0	1	0.996005996001	1.0000000000000036e-12	8.2	LI8	LI
500031	510030	505030.5	74	5.958238429300291	0	0	1	0.996005996001	1.0000000000000036e-12	8.391891891891891	LI8	LI
505031	515030	510030.5	83	7.8187255859375	0	0	1	0.996005996001	1.0000000000000036e-12	8.19277108433735	LI8	LI
510031	520030	515030.5	77	7.8187255859375	0	0	1	0.996005996001	1.0000000000000036e-12	8	LI8	LI
515031	525030	520030.5	59	NA	NA	0	1	0.996005996001	1.0000000000000036e-12	8.23728813559322	LI8	LI
520031	530030	525030.5	71	NA	NA	0	1	0.996005996001	1.0000000000000036e-12	8.23943661971831	LI8	LI
525031	535030	530030.5	76	5.518186771137026	NA	0	1	0.996005996001	1.0000000000000036e-12	8.144736842105264	LI8	LI
530031	540030	535030.5	72	6.583967292274053	NA	0	1	0.996005996001	1.0000000000000036e-12	8.041666666666666	LI8	LI
535031	545030	540030.5	82	8.246561686197918	0	0	1	0.996005996001	1.0000000000000036e-12	8	LI8	LI
540031	550030	545030.5	97	8.755393197016462	0	0	1	0.996005996001	1.0000000000000036e-12	8.030927835051546	LI8	LI
545031	555030	550030.5	95	8.84542181069959	NA	0	1	0.996005996001	1.0000000000000036e-12	7.957894736842105	LI8	LI
550031	560030	555030.5	63	NA	NA	0	1	0.996005996001	1.0000000000000036e-12	7.904761904761905	LI8	LI
555031	565030	560030.5	46	7.742972024674278	0	0	1	0.996005996001	1.0000000000000036e-12	8.065217391304348	LI8	LI
560031	570030	565030.5	73	8.42798353909465	0	0	1	0.996005996001	1.0000000000000036e-12	8.205479452054794	LI8	LI
565031	575030	570030.5	109	8.606875321502057	0	0	1	0.996005996001	1.0000000000000036e-12	8.082568807339449	LI8	LI
570031	580030	575030.5	102	8.54296875	0	0	1	0.996005996001	1.0000000000000036e-12	7.950980392156863	LI8	LI
575031	585030	580030.5	67	8.300847308625901	0	0	1	0.996005996001	1.0000000000000036e-12	7.955223880597015	LI8	LI
580031	590030	585030.5	70	8.300847308625901	0	0	1	0.996005996001	1.0000000000000036e-12	8.071428571428571	LI8	LI
585031	595030	590030.5	79	NA	NA	0	1	0.996005996001	1.0000000000000036e-12	7.974683544303797	LI8	LI
590031	600030	595030.5	71	NA	NA	0	1	0.996005996001	1.0000000000000036e-12	8.056338028169014	LI8	LI
595031	605030	600030.5	86	NA	NA	0	1	0.996005996001	1.0000000000000036e-12	8.232558139534884	LI8	LI
600031	610030	605030.5	114	8.127871164078574	NA	0	1	0.996005996001	1.0000000000000036e-12	7.921052631578948	LI8	LI
605031	615030	610030.5	118	8.127871164078574	NA	0	1	0.996005996001	1.0000000000000036e-12	7.983050847457627	LI8	LI
610031	620030	615030.5	107	8.84542181069959	NA	0	1	0.996005996001	1.0000000000000036e-12	8.299065420560748	LI8	LI
615031	625030	620030.5	100	8.84542181069959	NA	0	1	0.996005996001	1.0000000000000036e-12	8.22	LI8	LI
620031	630030	625030.5	101	NA	NA	0	1	0.996005996001	1.0000000000000036e-12	8.297029702970297	LI8	LI
625031	635030	630030.5	112	6.805575801749272	NA	0	1	0.996005996001	1.0000000000000036e-12	8.303571428571429	LI8	LI
630031	640030	635030.5	79	7.316667295405885	NA	0	1	0.996005996001	1.0000000000000036e-12	8.189873417721518	LI8	LI
635031	645030	640030.5	41	7.8277587890625	NA	0	1	0.996005996001	1.0000000000000036e-12	8.268292682926829	LI8	LI
640031	650030	645030.5	57	NA	NA	0	1	0.996005996001	1.0000000000000036e-12	8.192982456140351	LI8	LI
645031	655030	650030.5	63	6.055411380512027	NA	0	1	0.996005996001	1.0000000000000036e-12	8.126984126984127	LI8	LI
650031	660030	655030.5	64	6.583967292274053	NA	0	1	0.996005996001	1.0000000000000036e-12	8	LI8	LI
655031	665030	660030.5	63	7.369140625	NA	0	1	0.996005996001	1.0000000000000036e-12	8	LI8	LI
660031	670030	665030.5	53	NA	NA	0	1	0.996005996001	1.0000000000000036e-12	8.18867924528302	LI8	LI
665031	675030	670030.5	35	NA	NA	0	1	0.996005996001	1.0000000000000036e-12	8.17142857142857	LI8	LI
670031	680030	675030.5	11	NA	NA	0	1	0.996005996001	1.0000000000000036e-12	7.545454545454546	LI8	LI
675031	685030	680030.5	9	NA	NA	0	1	0.996005996001	1.0000000000000036e-12	7	LI8	LI
680031	690030	685030.5	7	NA	NA	0	1	0.996005996001	1.0000000000000036e-12	7.428571428571429	LI8	LI
685031	695030	690030.5	0	NA	NA	NA	NA	NA	NA	NA	LI8	LI
690031	700030	695030.5	0	NA	NA	NA	NA	NA	NA	NA	LI8	LI
695031	705030	700030.5	0	NA	NA	NA	NA	NA	NA	NA	LI8	LI
700031	710030	705030.5	16	NA	NA	0	1	0.996005996001	1.0000000000000036e-12	8.0625	LI8	LI
705031	715030	710030.5	62	NA	NA	0	1	0.996005996001	1.0000000000000036e-12	8.129032258064516	LI8	LI
710031	720030	715030.5	107	8.665364583333334	NA	0	1	0.996005996001	1.0000000000000036e-12	8.05607476635514	LI8	LI
715031	725030	720030.5	99	8.665364583333334	NA	0	1	0.996005996001	1.0000000000000036e-12	8.05050505050505	LI8	LI
720031	730030	725030.5	77	NA	NA	0	1	0.996005996001	1.0000000000000036e-12	7.909090909090909	LI8	LI
725031	735030	730030.5	74	NA	NA	0	1	0.996005996001	1.0000000000000036e-12	7.945945945945946	LI8	LI
730031	740030	735030.5	66	8.300847308625901	0	0	1	0.996005996001	1.0000000000000036e-12	8.257575757575758	LI8	LI
735031	745030	740030.5	71	7.8277587890625	0	0	1	0.996005996001	1.0000000000000036e-12	8.211267605633802	LI8	LI
740031	750030	745030.5	77	8.84542181069959	0	0	1	0.996005996001	1.0000000000000036e-12	8.181818181818182	LI8	LI
745031	755030	750030.5	72	8.84542181069959	0	0	1	0.996005996001	1.0000000000000036e-12	8.291666666666666	LI8	LI
750031	760030	755030.5	75	7.728382110595703	0	0	1	0.996005996001	1.0000000000000036e-12	8.266666666666667	LI8	LI
755031	765030	760030.5	93	7.728382110595703	0	0	1	0.996005996001	1.0000000000000036e-12	8.129032258064516	LI8	LI
760031	770030	765030.5	92	7.8277587890625	NA	0	1	0.996005996001	1.0000000000000036e-12	8.08695652173913	LI8	LI
765031	775030	770030.5	102	7.316667295405885	NA	0	1	0.996005996001	1.0000000000000036e-12	7.931372549019608	LI8	LI
770031	780030	775030.5	98	6.805575801749272	NA	0	1	0.996005996001	1.0000000000000036e-12	8.010204081632653	LI8	LI
775031	785030	780030.5	58	NA	NA	0	1	0.996005996001	1.0000000000000036e-12	8.344827586206897	LI8	LI
780031	790030	785030.5	70	NA	NA	0	1	0.996005996001	1.0000000000000036e-12	8.042857142857143	LI8	LI
785031	795030	790030.5	87	7.728382110595703	0	0	1	0.996005996001	1.0000000000000036e-12	7.827586206896552	LI8	LI
790031	800030	795030.5	67	7.728382110595703	0	0	1	0.996005996001	1.0000000000000036e-12	7.895522388059701	LI8	LI
795031	805030	800030.5	70	6.297376093294462	NA	0	1	0.996005996001	1.0000000000000036e-12	7.9714285714285715	LI8	LI
800031	810030	805030.5	66	6.297376093294462	NA	0	1	0.996005996001	1.0000000000000036e-12	8	LI8	LI
805031	815030	810030.5	34	NA	NA	0	1	0.996005996001	1.0000000000000036e-12	7.970588235294118	LI8	LI
810031	820030	815030.5	91	7.369140625	0	0	1	0.996005996001	1.0000000000000036e-12	7.989010989010989	LI8	LI
815031	825030	820030.5	109	7.369140625	0	0	1	0.996005996001	1.0000000000000036e-12	8.091743119266056	LI8	LI
820031	830030	825030.5	62	7.8277587890625	0	0	1	0.996005996001	1.0000000000000036e-12	8.387096774193548	LI8	LI
825031	835030	830030.5	77	7.629005432128906	0	0	1	0.996005996001	1.0000000000000036e-12	8.2987012987013	LI8	LI
830031	840030	835030.5	78	7.629005432128906	NA	0	1	0.996005996001	1.0000000000000036e-12	8.23076923076923	LI8	LI
835031	845030	840030.5	84	6.676367756924199	NA	0	1	0.996005996001	1.0000000000000036e-12	7.880952380952381	LI8	LI
840031	850030	845030.5	91	6.583967292274053	NA	0	1	0.996005996001	1.0000000000000036e-12	7.6923076923076925	LI8	LI
845031	855030	850030.5	85	7.629005432128906	0	0	1	0.996005996001	1.0000000000000036e-12	7.964705882352941	LI8	LI
850031	860030	855030.5	94	7.629005432128906	0	0	1	0.996005996001	1.0000000000000036e-12	8.03191489361702	LI8	LI
855031	865030	860030.5	107	8.84542181069959	0	0	1	0.996005996001	1.0000000000000036e-12	8.018691588785046	LI8	LI
860031	870030	865030.5	118	8.84542181069959	0	0	1	0.996005996001	1.0000000000000036e-12	7.88135593220339	LI8	LI
865031	875030	870030.5	131	7.599574069427365	0	0	1	0.996005996001	1.0000000000000036e-12	7.885496183206107	LI8	LI
870031	880030	875030.5	100	7.599574069427365	0	0	1	0.996005996001	1.0000000000000036e-12	8.1	LI8	LI
875031	885030	880030.5	50	NA	NA	0	1	0.996005996001	1.0000000000000036e-12	7.8	LI8	LI
880031	890030	885030.5	29	NA	NA	0	1	0.996005996001	1.0000000000000036e-12	6.551724137931035	LI8	LI
885031	895030	890030.5	44	NA	NA	0	1	0.996005996001	1.0000000000000036e-12	7.659090909090909	LI8	LI
890031	900030	895030.5	66	NA	NA	0	1	0.996005996001	1.0000000000000036e-12	8.196969696969697	LI8	LI
895031	905030	900030.5	39	NA	NA	0	1	0.996005996001	1.0000000000000036e-12	7.051282051282051	LI8	LI
900031	910030	905030.5	26	NA	NA	0	1	0.996005996001	1.0000000000000036e-12	4.1923076923076925	LI8	LI
905031	915030	910030.5	55	NA	NA	0	1	0.996005996001	1.0000000000000036e-12	7.218181818181818	LI8	LI
910031	920030	915030.5	86	6.649964634773663	0	0	1	0.996005996001	1.0000000000000036e-12	8.174418604651162	LI8	LI
915031	925030	920030.5	88	6.649964634773663	0	0	1	0.996005996001	1.0000000000000036e-12	8.113636363636363	LI8	LI
920031	930030	925030.5	107	7.8277587890625	0	0	1	0.996005996001	1.0000000000000036e-12	8.018691588785046	LI8	LI
925031	935030	930030.5	119	7.8277587890625	0	0	1	0.996005996001	1.0000000000000036e-12	7.932773109243698	LI8	LI
930031	940030	935030.5	94	8.665364583333334	0	0	1	0.996005996001	1.0000000000000036e-12	8.095744680851064	LI8	LI
935031	945030	940030.5	97	7.290679852187789	0	0	1	0.996005996001	1.0000000000000036e-12	8.278350515463918	LI8	LI
940031	950030	945030.5	99	8.665364583333334	NA	0	1	0.996005996001	1.0000000000000036e-12	8.303030303030303	LI8	LI
945031	955030	950030.5	71	8.665364583333334	NA	0	1	0.996005996001	1.0000000000000036e-12	8.23943661971831	LI8	LI
950031	960030	955030.5	73	6.297376093294462	NA	0	1	0.996005996001	1.0000000000000036e-12	8.10958904109589	LI8	LI
955031	965030	960030.5	66	6.297376093294462	NA	0	1	0.996005996001	1.0000000000000036e-12	8.030303030303031	LI8	LI
960031	970030	965030.5	62	NA	NA	0	1	0.996005996001	1.0000000000000036e-12	8	LI8	LI
965031	975030	970030.5	57	NA	NA	0	1	0.996005996001	1.0000000000000036e-12	7.842105263157895	LI8	LI
970031	980030	975030.5	53	NA	NA	0	1	0.996005996001	1.0000000000000036e-12	7.981132075471698	LI8	LI
975031	985030	980030.5	81	7.8277587890625	NA	0	1	0.996005996001	1.0000000000000036e-12	8.11111111111111	LI8	LI
980031	990030	985030.5	65	7.8277587890625	NA	0	1	0.996005996001	1.0000000000000036e-12	8.092307692307692	LI8	LI
985031	995030	990030.5	67	8.028494485611777	NA	0	1	0.996005996001	1.0000000000000036e-12	8.014925373134329	LI8	LI
990031	1000030	995030.5	78	NA	NA	0	1	0.996005996001	1.0000000000000036e-12	8.08974358974359	LI8	LI
995031	1005030	1000030.5	84	7.789755814969286	0	0	1	0.996005996001	1.0000000000000036e-12	8.238095238095237	LI8	LI
1000031	1010030	1005030.5	112	7.789755814969286	0	0	1	0.996005996001	1.0000000000000036e-12	8.267857142857142	LI8	LI
1005031	1015030	1010030.5	116	7.885096530364865	0	0	1	0.996005996001	1.0000000000000036e-12	8.318965517241379	LI8	LI
1010031	1020030	1015030.5	123	7.885096530364865	0	0	1	0.996005996001	1.0000000000000036e-12	8.292682926829269	LI8	LI
1015031	1025030	1020030.5	92	NA	NA	0	1	0.996005996001	1.0000000000000036e-12	8.184782608695652	LI8	LI
1020031	1030030	1025030.5	59	6.667893490520823	0	0	1	0.996005996001	1.0000000000000036e-12	7.932203389830509	LI8	LI
1025031	1035030	1030030.5	64	6.530211179292375	0	0	1	0.996005996001	1.0000000000000036e-12	7.40625	LI8	LI
1030031	1040030	1035030.5	108	7.8277587890625	0	0	1	0.996005996001	1.0000000000000036e-12	7.62962962962963	LI8	LI
1035031	1045030	1040030.5	134	7.8277587890625	0	0	1	0.996005996001	1.0000000000000036e-12	8.074626865671641	LI8	LI
1040031	1050030	1045030.5	133	8.42798353909465	0	0	1	0.996005996001	1.0000000000000036e-12	8.218045112781954	LI8	LI
1045031	1055030	1050030.5	122	8.546674061213992	NA	0	1	0.996005996001	1.0000000000000036e-12	8.114754098360656	LI8	LI
1050031	1060030	1055030.5	95	7.8277587890625	0	0	1	0.996005996001	1.0000000000000036e-12	8.021052631578947	LI8	LI
1055031	1065030	1060030.5	94	7.8277587890625	0	0	1	0.996005996001	1.0000000000000036e-12	8.159574468085106	LI8	LI
1060031	1070030	1065030.5	71	7.8277587890625	0	0	1	0.996005996001	1.0000000000000036e-12	8.366197183098592	LI8	LI
1065031	1075030	1070030.5	68	6.805575801749272	NA	0	1	0.996005996001	1.0000000000000036e-12	8.367647058823529	LI8	LI
1070031	1080030	1075030.5	102	5.7425469490251455	0	0	1	0.996005996001	1.0000000000000036e-12	8.049019607843137	LI8	LI
1075031	1085030	1080030.5	109	7.15037372973881	0	0	1	0.996005996001	1.0000000000000036e-12	8.036697247706423	LI8	LI
1080031	1090030	1085030.5	98	7.290679852187789	0	0	1	0.996005996001	1.0000000000000036e-12	8.23469387755102	LI8	LI
1085031	1095030	1090030.5	110	6.768768221574344	0	0	1	0.996005996001	1.0000000000000036e-12	8.127272727272727	LI8	LI
1090031	1100030	1095030.5	102	6.768768221574344	0	0	1	0.996005996001	1.0000000000000036e-12	8.009803921568627	LI8	LI
1095031	1105030	1100030.5	94	8.665364583333334	NA	0	1	0.996005996001	1.0000000000000036e-12	8.095744680851064	LI8	LI
1100031	1110030	1105030.5	95	7.8277587890625	NA	0	1	0.996005996001	1.0000000000000036e-12	8.25263157894737	LI8	LI
1105031	1115030	1110030.5	79	7.8277587890625	NA	0	1	0.996005996001	1.0000000000000036e-12	8.379746835443038	LI8	LI
1110031	1120030	1115030.5	94	6.373533438376808	NA	0	1	0.996005996001	1.0000000000000036e-12	8.23404255319149	LI8	LI
1115031	1125030	1120030.5	97	8.42798353909465	NA	0	1	0.996005996001	1.0000000000000036e-12	8.309278350515465	LI8	LI
1120031	1130030	1125030.5	114	NA	NA	0	1	0.996005996001	1.0000000000000036e-12	8.157894736842104	LI8	LI
1125031	1135030	1130030.5	161	8.84542181069959	NA	0	1	0.996005996001	1.0000000000000036e-12	8.111801242236025	LI8	LI
1130031	1140030	1135030.5	147	8.84542181069959	NA	0	1	0.996005996001	1.0000000000000036e-12	8.244897959183673	LI8	LI
1135031	1145030	1140030.5	120	7.8277587890625	NA	0	1	0.996005996001	1.0000000000000036e-12	8.141666666666667	LI8	LI
1140031	1150030	1145030.5	107	7.8277587890625	NA	0	1	0.996005996001	1.0000000000000036e-12	8.009345794392523	LI8	LI
1145031	1155030	1150030.5	98	4.837619357638888	0	0	1	0.996005996001	1.0000000000000036e-12	7.540816326530612	LI8	LI
1150031	1160030	1155030.5	97	4.837619357638888	0	0	1	0.996005996001	1.0000000000000036e-12	7.453608247422681	LI8	LI
1155031	1165030	1160030.5	98	7.290679852187789	0	0	1	0.996005996001	1.0000000000000036e-12	7.969387755102041	LI8	LI
1160031	1170030	1165030.5	109	8.665364583333334	0	0	1	0.996005996001	1.0000000000000036e-12	8.256880733944953	LI8	LI
1165031	1175030	1170030.5	123	8.719650205761317	0	0	1	0.996005996001	1.0000000000000036e-12	8.284552845528456	LI8	LI
1170031	1180030	1175030.5	108	8.719650205761317	0	0	1	0.996005996001	1.0000000000000036e-12	8.11111111111111	LI8	LI
1175031	1185030	1180030.5	85	8.665364583333334	NA	0	1	0.996005996001	1.0000000000000036e-12	8.058823529411764	LI8	LI
1180031	1190030	1185030.5	59	NA	NA	0	1	0.996005996001	1.0000000000000036e-12	8.11864406779661	LI8	LI
1185031	1195030	1190030.5	62	6.297376093294462	NA	0	1	0.996005996001	1.0000000000000036e-12	8.17741935483871	LI8	LI
1190031	1200030	1195030.5	90	6.297376093294462	NA	0	1	0.996005996001	1.0000000000000036e-12	7.955555555555556	LI8	LI
1195031	1205030	1200030.5	110	6.495959197170932	0	0	1	0.996005996001	1.0000000000000036e-12	7.745454545454545	LI8	LI
1200031	1210030	1205030.5	132	7.069717721193416	0	0	1	0.996005996001	1.0000000000000036e-12	7.984848484848484	LI8	LI
1205031	1215030	1210030.5	113	7.444221653565458	0	0	1	0.996005996001	1.0000000000000036e-12	8.194690265486726	LI8	LI
1210031	1220030	1215030.5	72	6.64453125	0	0	1	0.996005996001	1.0000000000000036e-12	8.027777777777779	LI8	LI
1215031	1225030	1220030.5	81	6.64453125	0	0	1	0.996005996001	1.0000000000000036e-12	8.185185185185185	LI8	LI
1220031	1230030	1225030.5	103	8.7739358281893	0	0	1	0.996005996001	1.0000000000000036e-12	8.21359223300971	LI8	LI
1225031	1235030	1230030.5	89	8.7739358281893	0	0	1	0.996005996001	1.0000000000000036e-12	8.112359550561798	LI8	LI
1230031	1240030	1235030.5	89	7.8277587890625	0	0	1	0.996005996001	1.0000000000000036e-12	8.179775280898877	LI8	LI
1235031	1245030	1240030.5	111	7.728382110595703	0	0	1	0.996005996001	1.0000000000000036e-12	8.153153153153154	LI8	LI
1240031	1250030	1245030.5	128	8.84542181069959	NA	0	1	0.996005996001	1.0000000000000036e-12	8.09375	LI8	LI
1245031	1255030	1250030.5	121	8.84542181069959	NA	0	1	0.996005996001	1.0000000000000036e-12	8.057851239669422	LI8	LI
1250031	1260030	1255030.5	131	7.86166254679362	0	0	1	0.996005996001	1.0000000000000036e-12	8.17557251908397	LI8	LI
1255031	1265030	1260030.5	110	7.8187255859375	0	0	1	0.996005996001	1.0000000000000036e-12	8.181818181818182	LI8	LI
1260031	1270030	1265030.5	110	6.583967292274053	0	0	1	0.996005996001	1.0000000000000036e-12	8.054545454545455	LI8	LI
1265031	1275030	1270030.5	144	6.583967292274053	0	0	1	0.996005996001	1.0000000000000036e-12	8.041666666666666	LI8	LI
1270031	1280030	1275030.5	138	8.854166666666668	0	0	1	0.996005996001	1.0000000000000036e-12	8.130434782608695	LI8	LI
1275031	1285030	1280030.5	134	8.241586049397787	0	0	1	0.996005996001	1.0000000000000036e-12	8.149253731343284	LI8	LI
1280031	1290030	1285030.5	100	7.629005432128906	NA	0	1	0.996005996001	1.0000000000000036e-12	8.12	LI8	LI
1285031	1295030	1290030.5	82	NA	NA	0	1	0.996005996001	1.0000000000000036e-12	8.195121951219512	LI8	LI
1290031	1300030	1295030.5	104	8.755393197016462	NA	0	1	0.996005996001	1.0000000000000036e-12	8.173076923076923	LI8	LI
1295031	1305030	1300030.5	99	8.665364583333334	0	0	1	0.996005996001	1.0000000000000036e-12	8.171717171717171	LI8	LI
1300031	1310030	1305030.5	83	6.229619463316045	0	0	1	0.996005996001	1.0000000000000036e-12	8.19277108433735	LI8	LI
1305031	1315030	1310030.5	71	NA	NA	0	1	0.996005996001	1.0000000000000036e-12	8.112676056338028	LI8	LI
1310031	1320030	1315030.5	66	6.805575801749272	NA	0	1	0.996005996001	1.0000000000000036e-12	7.954545454545454	LI8	LI
1315031	1325030	1320030.5	94	7.316667295405885	0	0	1	0.996005996001	1.0000000000000036e-12	8.053191489361701	LI8	LI
1320031	1330030	1325030.5	105	8.600959683641975	0	0	1	0.996005996001	1.0000000000000036e-12	8.17142857142857	LI8	LI
1325031	1335030	1330030.5	93	7.616779670421961	NA	0	1	0.996005996001	1.0000000000000036e-12	8.03225806451613	LI8	LI
1330031	1340030	1335030.5	79	6.583967292274053	NA	0	1	0.996005996001	1.0000000000000036e-12	7.89873417721519	LI8	LI
1335031	1345030	1340030.5	93	6.583967292274053	0	0	1	0.996005996001	1.0000000000000036e-12	7.67741935483871	LI8	LI
1340031	1350030	1345030.5	102	7.629005432128906	0	0	1	0.996005996001	1.0000000000000036e-12	7.627450980392157	LI8	LI
1345031	1355030	1350030.5	68	7.59844970703125	NA	0	1	0.996005996001	1.0000000000000036e-12	7.882352941176471	LI8	LI
1350031	1360030	1355030.5	55	7.59844970703125	NA	0	1	0.996005996001	1.0000000000000036e-12	8.290909090909091	LI8	LI
1355031	1365030	1360030.5	79	5.776909722222221	NA	0	1	0.996005996001	1.0000000000000036e-12	8.126582278481013	LI8	LI
1360031	1370030	1365030.5	72	5.776909722222221	NA	0	1	0.996005996001	1.0000000000000036e-12	8.055555555555555	LI8	LI
1365031	1375030	1370030.5	54	NA	NA	0	1	0.996005996001	1.0000000000000036e-12	8.314814814814815	LI8	LI
1370031	1380030	1375030.5	77	8.246964709748948	0	0	1	0.996005996001	1.0000000000000036e-12	8.116883116883116	LI8	LI
1375031	1385030	1380030.5	104	7.719993591308594	0	0	1	0.996005996001	1.0000000000000036e-12	8.10576923076923	LI8	LI
1380031	1390030	1385030.5	105	7.5713989519970255	NA	0	1	0.996005996001	1.0000000000000036e-12	8.142857142857142	LI8	LI
1385031	1395030	1390030.5	101	8.755393197016462	NA	0	1	0.996005996001	1.0000000000000036e-12	8.168316831683168	LI8	LI
1390031	1400030	1395030.5	109	8.665364583333334	NA	0	1	0.996005996001	1.0000000000000036e-12	8.192660550458715	LI8	LI
1395031	1405030	1400030.5	96	8.336590299881045	NA	0	1	0.996005996001	1.0000000000000036e-12	8.03125	LI8	LI
1400031	1410030	1405030.5	83	8.84542181069959	NA	0	1	0.996005996001	1.0000000000000036e-12	7.831325301204819	LI8	LI
1405031	1415030	1410030.5	82	8.7739358281893	0	0	1	0.996005996001	1.0000000000000036e-12	7.890243902439025	LI8	LI
1410031	1420030	1415030.5	101	8.7739358281893	0	0	1	0.996005996001	1.0000000000000036e-12	8.108910891089108	LI8	LI
1415031	1425030	1420030.5	119	8.336590299881045	0	0	1	0.996005996001	1.0000000000000036e-12	8.193277310924369	LI8	LI
1420031	1430030	1425030.5	115	7.554702719062645	0	0	1	0.996005996001	1.0000000000000036e-12	8.121739130434783	LI8	LI
1425031	1435030	1430030.5	94	7.369140625	0	0	1	0.996005996001	1.0000000000000036e-12	8.053191489361701	LI8	LI
1430031	1440030	1435030.5	73	8.107281217849795	0	0	1	0.996005996001	1.0000000000000036e-12	8.013698630136986	LI8	LI
1435031	1445030	1440030.5	73	8.42798353909465	NA	0	1	0.996005996001	1.0000000000000036e-12	8.191780821917808	LI8	LI
1440031	1450030	1445030.5	59	8.64107510288066	0	0	1	0.996005996001	1.0000000000000036e-12	8.474576271186441	LI8	LI
1445031	1455030	1450030.5	61	8.854166666666668	0	0	1	0.996005996001	1.0000000000000036e-12	8.163934426229508	LI8	LI
1450031	1460030	1455030.5	88	NA	NA	0	1	0.996005996001	1.0000000000000036e-12	8.011363636363637	LI8	LI
1455031	1465030	1460030.5	106	NA	NA	0	1	0.996005996001	1.0000000000000036e-12	8.132075471698114	LI8	LI
1460031	1470030	1465030.5	86	7.8277587890625	NA	0	1	0.996005996001	1.0000000000000036e-12	8.046511627906977	LI8	LI
1465031	1475030	1470030.5	74	8.336590299881045	0	0	1	0.996005996001	1.0000000000000036e-12	8.04054054054054	LI8	LI
1470031	1480030	1475030.5	78	8.84542181069959	0	0	1	0.996005996001	1.0000000000000036e-12	8.282051282051283	LI8	LI
1475031	1485030	1480030.5	78	8.84542181069959	NA	0	1	0.996005996001	1.0000000000000036e-12	8.346153846153847	LI8	LI
1480031	1490030	1485030.5	85	8.84542181069959	NA	0	1	0.996005996001	1.0000000000000036e-12	8.2	LI8	LI
1485031	1495030	1490030.5	73	8.192679087320965	0	0	1	0.996005996001	1.0000000000000036e-12	8.136986301369863	LI8	LI
1490031	1500030	1495030.5	77	7.984473208831662	0	0	1	0.996005996001	1.0000000000000036e-12	8.324675324675324	LI8	LI
1495031	1505030	1500030.5	75	7.984473208831662	0	0	1	0.996005996001	1.0000000000000036e-12	8.253333333333334	LI8	LI
1500031	1510030	1505030.5	60	NA	NA	0	1	0.996005996001	1.0000000000000036e-12	8.2	LI8	LI
1505031	1515030	1510030.5	66	8.665364583333334	NA	0	1	0.996005996001	1.0000000000000036e-12	8.454545454545455	LI8	LI
1510031	1520030	1515030.5	70	7.8187255859375	0	0	1	0.996005996001	1.0000000000000036e-12	8.385714285714286	LI8	LI
1515031	1525030	1520030.5	68	7.369140625	0	0	1	0.996005996001	1.0000000000000036e-12	8.117647058823529	LI8	LI
31	10030	5030.5	140	15.784469604492188	0	0	1	0.996005996001	1.0000000000000036e-12	13.614285714285714	LI9	LI
5031	15030	10030.5	118	NA	NA	0	1	0.996005996001	1.0000000000000036e-12	16.322033898305083	LI9	LI
10031	20030	15030.5	124	14.687612148959941	0	0	1	0.996005996001	1.0000000000000036e-12	16.508064516129032	LI9	LI
15031	25030	20030.5	89	17.633586114326132	0	0	1	0.996005996001	1.0000000000000036e-12	17.224719101123597	LI9	LI
20031	30030	25030.5	77	16.85209527035309	0	0	1	0.996005996001	1.0000000000000036e-12	16.77922077922078	LI9	LI
25031	35030	30030.5	108	15.784469604492188	0	0	1	0.996005996001	1.0000000000000036e-12	16.962962962962962	LI9	LI
30031	40030	35030.5	117	NA	NA	0	1	0.996005996001	1.0000000000000036e-12	17.307692307692307	LI9	LI
35031	45030	40030.5	78	14.90438888888889	NA	0	1	0.996005996001	1.0000000000000036e-12	16.91025641025641	LI9	LI
40031	50030	45030.5	80	12.888074421905001	NA	0	1	0.996005996001	1.0000000000000036e-12	16.4375	LI9	LI
45031	55030	50030.5	108	10.871759954921112	NA	0	1	0.996005996001	1.0000000000000036e-12	16.99074074074074	LI9	LI
50031	60030	55030.5	110	13.897890852769677	NA	0	1	0.996005996001	1.0000000000000036e-12	17	LI9	LI
55031	65030	60030.5	97	15.049687054450251	NA	0	1	0.996005996001	1.0000000000000036e-12	16.88659793814433	LI9	LI
60031	70030	65030.5	96	16.201483256130825	NA	0	1	0.996005996001	1.0000000000000036e-12	17.197916666666668	LI9	LI
65031	75030	70030.5	122	NA	NA	0	1	0.996005996001	1.0000000000000036e-12	16.81967213114754	LI9	LI
70031	80030	75030.5	123	25.096965020576118	NA	0	1	0.996005996001	1.0000000000000036e-12	16.650406504065042	LI9	LI
75031	85030	80030.5	90	25.096965020576118	NA	0	1	0.996005996001	1.0000000000000036e-12	16.72222222222222	LI9	LI
80031	90030	85030.5	86	11.8818359375	NA	0	1	0.996005996001	1.0000000000000036e-12	17.27906976744186	LI9	LI
85031	95030	90030.5	106	11.8818359375	NA	0	1	0.996005996001	1.0000000000000036e-12	17.462264150943398	LI9	LI
90031	100030	95030.5	129	NA	NA	0	1	0.996005996001	1.0000000000000036e-12	17.13953488372093	LI9	LI
95031	105030	100030.5	164	17.69084362139918	NA	0	1	0.996005996001	1.0000000000000036e-12	16.926829268292682	LI9	LI
100031	110030	105030.5	134	17.69084362139918	NA	0	1	0.996005996001	1.0000000000000036e-12	16.940298507462686	LI9	LI
105031	115030	110030.5	88	16.296216670059025	0	0	1	0.996005996001	1.0000000000000036e-12	17.295454545454547	LI9	LI
110031	120030	115030.5	99	16.296216670059025	0	0	1	0.996005996001	1.0000000000000036e-12	17.262626262626263	LI9	LI
115031	125030	120030.5	99	NA	NA	0	1	0.996005996001	1.0000000000000036e-12	17.515151515151516	LI9	LI
120031	130030	125030.5	67	NA	NA	0	1	0.996005996001	1.0000000000000036e-12	17.597014925373134	LI9	LI
125031	135030	130030.5	88	NA	NA	0	1	0.996005996001	1.0000000000000036e-12	17.136363636363637	LI9	LI
130031	140030	135030.5	118	NA	NA	0	1	0.996005996001	1.0000000000000036e-12	17.33050847457627	LI9	LI
135031	145030	140030.5	96	NA	NA	0	1	0.996005996001	1.0000000000000036e-12	17.010416666666668	LI9	LI
140031	150030	145030.5	138	NA	NA	0	1	0.996005996001	1.0000000000000036e-12	17.07246376811594	LI9	LI
145031	155030	150030.5	214	NA	NA	0	1	0.996005996001	1.0000000000000036e-12	17.38317757009346	LI9	LI
150031	160030	155030.5	199	18.923795378335036	NA	0	1	0.996005996001	1.0000000000000036e-12	17.261306532663315	LI9	LI
155031	165030	160030.5	131	18.923795378335036	NA	0	1	0.996005996001	1.0000000000000036e-12	16.931297709923665	LI9	LI
160031	170030	165030.5	95	NA	NA	0	1	0.996005996001	1.0000000000000036e-12	17.189473684210526	LI9	LI
165031	175030	170030.5	87	NA	NA	0	1	0.996005996001	1.0000000000000036e-12	17.195402298850574	LI9	LI
170031	180030	175030.5	81	18.923795378335036	NA	0	1	0.996005996001	1.0000000000000036e-12	16.987654320987655	LI9	LI
175031	185030	180030.5	94	16.389011391791424	0	0	1	0.996005996001	1.0000000000000036e-12	16.872340425531913	LI9	LI
180031	190030	185030.5	112	13.854227405247814	0	0	1	0.996005996001	1.0000000000000036e-12	16.866071428571427	LI9	LI
185031	195030	190030.5	101	NA	NA	0	1	0.996005996001	1.0000000000000036e-12	17.316831683168317	LI9	LI
190031	200030	195030.5	80	18.548793669813385	NA	0	1	0.996005996001	1.0000000000000036e-12	17.4875	LI9	LI
195031	205030	200030.5	113	18.548793669813385	NA	0	1	0.996005996001	1.0000000000000036e-12	16.76991150442478	LI9	LI
200031	210030	205030.5	114	NA	NA	0	1	0.996005996001	1.0000000000000036e-12	16.587719298245613	LI9	LI
205031	215030	210030.5	91	12.88262744675399	44370.531250000015	0	1	0.996005996001	1.0000000000000036e-12	17.0989010989011	LI9	LI
210031	220030	215030.5	103	13.591875370224415	22185.265625000007	0	1	0.996005996001	1.0000000000000036e-12	17.300970873786408	LI9	LI
215031	225030	220030.5	109	13.591875370224415	11865.23437499999	0	1	0.996005996001	1.0000000000000036e-12	16.75229357798165	LI9	LI
220031	230030	225030.5	84	14.598670741159884	23730.46874999998	0	1	0.996005996001	1.0000000000000036e-12	16.547619047619047	LI9	LI
225031	235030	230030.5	51	18.362051683918935	NA	0	1	0.996005996001	1.0000000000000036e-12	17.823529411764707	LI9	LI
230031	240030	235030.5	89	19.27383057568728	NA	0	1	0.996005996001	1.0000000000000036e-12	17.573033707865168	LI9	LI
235031	245030	240030.5	105	20.185609467455627	NA	0	1	0.996005996001	1.0000000000000036e-12	17.085714285714285	LI9	LI
240031	250030	245030.5	100	13.312177870008682	0	0	1	0.996005996001	1.0000000000000036e-12	17.21	LI9	LI
245031	255030	250030.5	99	13.312177870008682	0	0	1	0.996005996001	1.0000000000000036e-12	17.262626262626263	LI9	LI
250031	260030	255030.5	98	8.42798353909465	NA	0	1	0.996005996001	1.0000000000000036e-12	17.214285714285715	LI9	LI
255031	265030	260030.5	104	8.42798353909465	NA	0	1	0.996005996001	1.0000000000000036e-12	17.26923076923077	LI9	LI
260031	270030	265030.5	87	15.208291654312177	NA	0	1	0.996005996001	1.0000000000000036e-12	17.17241379310345	LI9	LI
265031	275030	270030.5	80	15.208291654312177	NA	0	1	0.996005996001	1.0000000000000036e-12	17.4125	LI9	LI
270031	280030	275030.5	82	17.04846094780878	NA	0	1	0.996005996001	1.0000000000000036e-12	17.670731707317074	LI9	LI
275031	285030	280030.5	87	15.343280987525016	63.99999999999995	0	1	0.996005996001	1.0000000000000036e-12	17.32183908045977	LI9	LI
280031	290030	285030.5	86	13.638101027241254	63.99999999999995	0	1	0.996005996001	1.0000000000000036e-12	17.24418604651163	LI9	LI
285031	295030	290030.5	91	NA	NA	0	1	0.996005996001	1.0000000000000036e-12	17.296703296703296	LI9	LI
290031	300030	295030.5	99	8.665364583333334	NA	0	1	0.996005996001	1.0000000000000036e-12	16.91919191919192	LI9	LI
295031	305030	300030.5	142	11.8818359375	NA	0	1	0.996005996001	1.0000000000000036e-12	16.845070422535212	LI9	LI
300031	310030	305030.5	134	12.74649377049927	NA	0	1	0.996005996001	1.0000000000000036e-12	16.84328358208955	LI9	LI
305031	315030	310030.5	90	16.91518674944026	NA	0	1	0.996005996001	1.0000000000000036e-12	16.644444444444446	LI9	LI
310031	320030	315030.5	131	16.358600550165686	NA	0	1	0.996005996001	1.0000000000000036e-12	17.129770992366414	LI9	LI
315031	325030	320030.5	121	15.802014350891113	NA	0	1	0.996005996001	1.0000000000000036e-12	17.223140495867767	LI9	LI
320031	330030	325030.5	92	NA	NA	0	1	0.996005996001	1.0000000000000036e-12	16.67391304347826	LI9	LI
325031	335030	330030.5	108	NA	NA	0	1	0.996005996001	1.0000000000000036e-12	16.50925925925926	LI9	LI
330031	340030	335030.5	99	NA	NA	0	1	0.996005996001	1.0000000000000036e-12	16.88888888888889	LI9	LI
335031	345030	340030.5	84	18.923795378335036	NA	0	1	0.996005996001	1.0000000000000036e-12	17.261904761904763	LI9	LI
340031	350030	345030.5	67	18.923795378335036	NA	0	1	0.996005996001	1.0000000000000036e-12	17.029850746268657	LI9	LI
345031	355030	350030.5	34	NA	NA	0	1	0.996005996001	1.0000000000000036e-12	15.558823529411764	LI9	LI
350031	360030	355030.5	8	NA	NA	0	1	0.996005996001	1.0000000000000036e-12	8.5	LI9	LI
355031	365030	360030.5	7	NA	NA	0	1	0.996005996001	1.0000000000000036e-12	9.857142857142858	LI9	LI
360031	370030	365030.5	13	NA	NA	0	1	0.996005996001	1.0000000000000036e-12	9.23076923076923	LI9	LI
365031	375030	370030.5	54	17.20772029245856	NA	0	1	0.996005996001	1.0000000000000036e-12	12.962962962962964	LI9	LI
370031	380030	375030.5	89	17.878256981135973	NA	0	1	0.996005996001	1.0000000000000036e-12	15.460674157303371	LI9	LI
375031	385030	380030.5	75	15.358898625243643	NA	0	1	0.996005996001	1.0000000000000036e-12	17.093333333333334	LI9	LI
380031	390030	385030.5	67	12.169003580673904	NA	0	1	0.996005996001	1.0000000000000036e-12	16.91044776119403	LI9	LI
385031	395030	390030.5	81	18.705933809593237	NA	0	1	0.996005996001	1.0000000000000036e-12	17.382716049382715	LI9	LI
390031	400030	395030.5	81	13.659640371756435	0	0	1	0.996005996001	1.0000000000000036e-12	17.049382716049383	LI9	LI
395031	405030	400030.5	80	8.613346933919631	0	0	1	0.996005996001	1.0000000000000036e-12	17.175	LI9	LI
400031	410030	405030.5	99	NA	NA	0	1	0.996005996001	1.0000000000000036e-12	17.414141414141415	LI9	LI
405031	415030	410030.5	87	6.498781672759805	207.49382716049368	0	1	0.996005996001	1.0000000000000036e-12	17.06896551724138	LI9	LI
410031	420030	415030.5	67	6.498781672759805	207.49382716049368	0	1	0.996005996001	1.0000000000000036e-12	16.71641791044776	LI9	LI
415031	425030	420030.5	78	9.432731086659485	5032.843749999998	0	1	0.996005996001	1.0000000000000036e-12	16.78205128205128	LI9	LI
420031	430030	425030.5	91	9.432731086659485	5032.843749999998	0	1	0.996005996001	1.0000000000000036e-12	16.9010989010989	LI9	LI
425031	435030	430030.5	96	NA	NA	0	1	0.996005996001	1.0000000000000036e-12	17.010416666666668	LI9	LI
430031	440030	435030.5	96	NA	NA	0	1	0.996005996001	1.0000000000000036e-12	17.375	LI9	LI
435031	445030	440030.5	93	NA	NA	0	1	0.996005996001	1.0000000000000036e-12	16.956989247311828	LI9	LI
440031	450030	445030.5	80	10.415751624408898	1500.6250000000005	0	1	0.996005996001	1.0000000000000036e-12	16.8375	LI9	LI
445031	455030	450030.5	75	10.415751624408898	1500.6250000000005	0	1	0.996005996001	1.0000000000000036e-12	17.346666666666668	LI9	LI
450031	460030	455030.5	96	NA	NA	0	1	0.996005996001	1.0000000000000036e-12	17.510416666666668	LI9	LI
455031	465030	460030.5	93	16.91518674944026	NA	0	1	0.996005996001	1.0000000000000036e-12	17.376344086021504	LI9	LI
460031	470030	465030.5	97	16.91518674944026	NA	0	1	0.996005996001	1.0000000000000036e-12	16.938144329896907	LI9	LI
465031	475030	470030.5	85	NA	NA	0	1	0.996005996001	1.0000000000000036e-12	17.03529411764706	LI9	LI
470031	480030	475030.5	61	NA	NA	0	1	0.996005996001	1.0000000000000036e-12	17.442622950819672	LI9	LI
475031	485030	480030.5	77	NA	NA	0	1	0.996005996001	1.0000000000000036e-12	17.51948051948052	LI9	LI
480031	490030	485030.5	54	NA	NA	0	1	0.996005996001	1.0000000000000036e-12	17.35185185185185	LI9	LI
485031	495030	490030.5	40	NA	NA	0	1	0.996005996001	1.0000000000000036e-12	17.025	LI9	LI
490031	500030	495030.5	54	NA	NA	0	1	0.996005996001	1.0000000000000036e-12	16.925925925925927	LI9	LI
495031	505030	500030.5	65	NA	NA	0	1	0.996005996001	1.0000000000000036e-12	16.876923076923077	LI9	LI
500031	510030	505030.5	74	NA	NA	0	1	0.996005996001	1.0000000000000036e-12	17.283783783783782	LI9	LI
505031	515030	510030.5	83	NA	NA	0	1	0.996005996001	1.0000000000000036e-12	16.57831325301205	LI9	LI
510031	520030	515030.5	77	NA	NA	0	1	0.996005996001	1.0000000000000036e-12	16.545454545454547	LI9	LI
515031	525030	520030.5	59	NA	NA	0	1	0.996005996001	1.0000000000000036e-12	17.491525423728813	LI9	LI
520031	530030	525030.5	71	12.890447200728264	NA	0	1	0.996005996001	1.0000000000000036e-12	17.366197183098592	LI9	LI
525031	535030	530030.5	76	12.890447200728264	NA	0	1	0.996005996001	1.0000000000000036e-12	17	LI9	LI
530031	540030	535030.5	72	NA	NA	0	1	0.996005996001	1.0000000000000036e-12	16.48611111111111	LI9	LI
535031	545030	540030.5	82	14.90438888888889	NA	0	1	0.996005996001	1.0000000000000036e-12	16.524390243902438	LI9	LI
540031	550030	545030.5	97	12.190694444444446	NA	0	1	0.996005996001	1.0000000000000036e-12	16.670103092783506	LI9	LI
545031	555030	550030.5	95	10.174379977460557	NA	0	1	0.996005996001	1.0000000000000036e-12	16.347368421052632	LI9	LI
550031	560030	555030.5	63	10.871759954921112	NA	0	1	0.996005996001	1.0000000000000036e-12	16.333333333333332	LI9	LI
555031	565030	560030.5	46	NA	NA	0	1	0.996005996001	1.0000000000000036e-12	16.82608695652174	LI9	LI
560031	570030	565030.5	73	NA	NA	0	1	0.996005996001	1.0000000000000036e-12	16.986301369863014	LI9	LI
565031	575030	570030.5	109	12.367968038802912	0	0	1	0.996005996001	1.0000000000000036e-12	16.89908256880734	LI9	LI
570031	580030	575030.5	102	14.641577394121587	0	0	1	0.996005996001	1.0000000000000036e-12	16.80392156862745	LI9	LI
575031	585030	580030.5	67	15.406538801104968	NA	0	1	0.996005996001	1.0000000000000036e-12	16.940298507462686	LI9	LI
580031	590030	585030.5	70	13.897890852769677	NA	0	1	0.996005996001	1.0000000000000036e-12	16.82857142857143	LI9	LI
585031	595030	590030.5	79	NA	NA	0	1	0.996005996001	1.0000000000000036e-12	16.936708860759495	LI9	LI
590031	600030	595030.5	71	11.8818359375	NA	0	1	0.996005996001	1.0000000000000036e-12	17.309859154929576	LI9	LI
595031	605030	600030.5	86	19.311283696063715	NA	0	1	0.996005996001	1.0000000000000036e-12	17.38372093023256	LI9	LI
600031	610030	605030.5	114	26.74073145462743	NA	0	1	0.996005996001	1.0000000000000036e-12	16.666666666666668	LI9	LI
605031	615030	610030.5	118	11.571738737836814	NA	0	1	0.996005996001	1.0000000000000036e-12	16.635593220338983	LI9	LI
610031	620030	615030.5	107	11.571738737836814	NA	0	1	0.996005996001	1.0000000000000036e-12	17.327102803738317	LI9	LI
615031	625030	620030.5	100	NA	NA	0	1	0.996005996001	1.0000000000000036e-12	17.48	LI9	LI
620031	630030	625030.5	101	17.2424681310929	NA	0	1	0.996005996001	1.0000000000000036e-12	17.554455445544555	LI9	LI
625031	635030	630030.5	112	17.2424681310929	NA	0	1	0.996005996001	1.0000000000000036e-12	17.294642857142858	LI9	LI
630031	640030	635030.5	79	NA	NA	0	1	0.996005996001	1.0000000000000036e-12	16.89873417721519	LI9	LI
635031	645030	640030.5	41	NA	NA	0	1	0.996005996001	1.0000000000000036e-12	17.024390243902438	LI9	LI
640031	650030	645030.5	57	NA	NA	0	1	0.996005996001	1.0000000000000036e-12	17.280701754385966	LI9	LI
645031	655030	650030.5	63	NA	NA	0	1	0.996005996001	1.0000000000000036e-12	17.174603174603174	LI9	LI
650031	660030	655030.5	64	NA	NA	0	1	0.996005996001	1.0000000000000036e-12	16.765625	LI9	LI
655031	665030	660030.5	63	8.30981981700881	173.92961266139122	0	1	0.996005996001	1.0000000000000036e-12	16.873015873015873	LI9	LI
660031	670030	665030.5	53	8.30981981700881	173.92961266139122	0	1	0.996005996001	1.0000000000000036e-12	16.41509433962264	LI9	LI
665031	675030	670030.5	35	NA	NA	0	1	0.996005996001	1.0000000000000036e-12	15.628571428571428	LI9	LI
670031	680030	675030.5	11	NA	NA	0	1	0.996005996001	1.0000000000000036e-12	13.545454545454545	LI9	LI
675031	685030	680030.5	9	NA	NA	0	1	0.996005996001	1.0000000000000036e-12	4.666666666666667	LI9	LI
680031	690030	685030.5	7	NA	NA	0	1	0.996005996001	1.0000000000000036e-12	5	LI9	LI
685031	695030	690030.5	0	NA	NA	NA	NA	NA	NA	NA	LI9	LI
690031	700030	695030.5	0	NA	NA	NA	NA	NA	NA	NA	LI9	LI
695031	705030	700030.5	0	NA	NA	NA	NA	NA	NA	NA	LI9	LI
700031	710030	705030.5	16	NA	NA	0	1	0.996005996001	1.0000000000000036e-12	16.4375	LI9	LI
705031	715030	710030.5	62	19.70935711421973	0	0	1	0.996005996001	1.0000000000000036e-12	16.822580645161292	LI9	LI
710031	720030	715030.5	107	17.69084362139918	0	0	1	0.996005996001	1.0000000000000036e-12	17.35514018691589	LI9	LI
715031	725030	720030.5	99	14.296564974409783	NA	0	1	0.996005996001	1.0000000000000036e-12	17.404040404040405	LI9	LI
720031	730030	725030.5	77	15.910110473632812	NA	0	1	0.996005996001	1.0000000000000036e-12	16.948051948051948	LI9	LI
725031	735030	730030.5	74	17.308022141613023	NA	0	1	0.996005996001	1.0000000000000036e-12	17.054054054054053	LI9	LI
730031	740030	735030.5	66	18.668430050845608	0	0	1	0.996005996001	1.0000000000000036e-12	17.12121212121212	LI9	LI
735031	745030	740030.5	71	15.655517578125	0	0	1	0.996005996001	1.0000000000000036e-12	17.197183098591548	LI9	LI
740031	750030	745030.5	77	9.8598125	NA	0	1	0.996005996001	1.0000000000000036e-12	17.376623376623378	LI9	LI
745031	755030	750030.5	72	7.74643818737265	57.72971519999998	0	1	0.996005996001	1.0000000000000036e-12	17.22222222222222	LI9	LI
750031	760030	755030.5	75	8.803125343686325	57.72971519999998	0	1	0.996005996001	1.0000000000000036e-12	17.093333333333334	LI9	LI
755031	765030	760030.5	93	9.8598125	NA	0	1	0.996005996001	1.0000000000000036e-12	16.78494623655914	LI9	LI
760031	770030	765030.5	92	15.910110473632812	NA	0	1	0.996005996001	1.0000000000000036e-12	16.77173913043478	LI9	LI
765031	775030	770030.5	102	15.910110473632812	NA	0	1	0.996005996001	1.0000000000000036e-12	16.88235294117647	LI9	LI
770031	780030	775030.5	98	18.923795378335036	NA	0	1	0.996005996001	1.0000000000000036e-12	16.989795918367346	LI9	LI
775031	785030	780030.5	58	NA	NA	0	1	0.996005996001	1.0000000000000036e-12	17.344827586206897	LI9	LI
780031	790030	785030.5	70	NA	NA	0	1	0.996005996001	1.0000000000000036e-12	17.271428571428572	LI9	LI
785031	795030	790030.5	87	9.69530078125	NA	0	1	0.996005996001	1.0000000000000036e-12	17.057471264367816	LI9	LI
790031	800030	795030.5	67	9.69530078125	NA	0	1	0.996005996001	1.0000000000000036e-12	17.074626865671643	LI9	LI
795031	805030	800030.5	70	9.62126171875	0	0	1	0.996005996001	1.0000000000000036e-12	16.742857142857144	LI9	LI
800031	810030	805030.5	66	9.62126171875	0	0	1	0.996005996001	1.0000000000000036e-12	16.666666666666668	LI9	LI
805031	815030	810030.5	34	NA	NA	0	1	0.996005996001	1.0000000000000036e-12	17.235294117647058	LI9	LI
810031	820030	815030.5	91	11.502478780864198	0	0	1	0.996005996001	1.0000000000000036e-12	14.934065934065934	LI9	LI
815031	825030	820030.5	109	11.502478780864198	0	0	1	0.996005996001	1.0000000000000036e-12	15.412844036697248	LI9	LI
820031	830030	825030.5	62	NA	NA	0	1	0.996005996001	1.0000000000000036e-12	17.112903225806452	LI9	LI
825031	835030	830030.5	77	NA	NA	0	1	0.996005996001	1.0000000000000036e-12	17.363636363636363	LI9	LI
830031	840030	835030.5	78	13.41480141821366	NA	0	1	0.996005996001	1.0000000000000036e-12	17.243589743589745	LI9	LI
835031	845030	840030.5	84	11.050936490989132	0	0	1	0.996005996001	1.0000000000000036e-12	16.095238095238095	LI9	LI
840031	850030	845030.5	91	9.032796223958334	0	0	1	0.996005996001	1.0000000000000036e-12	16.857142857142858	LI9	LI
845031	855030	850030.5	85	NA	NA	0	1	0.996005996001	1.0000000000000036e-12	17.623529411764707	LI9	LI
850031	860030	855030.5	94	9.477	NA	0	1	0.996005996001	1.0000000000000036e-12	16.670212765957448	LI9	LI
855031	865030	860030.5	107	9.291057898183425	474.7633329741417	0	1	0.996005996001	1.0000000000000036e-12	16.953271028037385	LI9	LI
860031	870030	865030.5	118	12.372685185185185	114.24399999999997	0	1	0.996005996001	1.0000000000000036e-12	17.02542372881356	LI9	LI
865031	875030	870030.5	131	13.526899884259258	0	0	1	0.996005996001	1.0000000000000036e-12	16.64885496183206	LI9	LI
870031	880030	875030.5	100	11.8818359375	NA	0	1	0.996005996001	1.0000000000000036e-12	16.94	LI9	LI
875031	885030	880030.5	50	11.8818359375	NA	0	1	0.996005996001	1.0000000000000036e-12	16.96	LI9	LI
880031	890030	885030.5	29	NA	NA	0	1	0.996005996001	1.0000000000000036e-12	14.068965517241379	LI9	LI
885031	895030	890030.5	44	NA	NA	0	1	0.996005996001	1.0000000000000036e-12	15.545454545454545	LI9	LI
890031	900030	895030.5	66	9.432731086659485	2516.421874999999	0	1	0.996005996001	1.0000000000000036e-12	16.863636363636363	LI9	LI
895031	905030	900030.5	39	9.432731086659485	2516.421874999999	0	1	0.996005996001	1.0000000000000036e-12	14.76923076923077	LI9	LI
900031	910030	905030.5	26	NA	NA	0	1	0.996005996001	1.0000000000000036e-12	6.038461538461538	LI9	LI
905031	915030	910030.5	55	NA	NA	0	1	0.996005996001	1.0000000000000036e-12	13.054545454545455	LI9	LI
910031	920030	915030.5	86	NA	NA	0	1	0.996005996001	1.0000000000000036e-12	16.63953488372093	LI9	LI
915031	925030	920030.5	88	NA	NA	0	1	0.996005996001	1.0000000000000036e-12	17.022727272727273	LI9	LI
920031	930030	925030.5	107	NA	NA	0	1	0.996005996001	1.0000000000000036e-12	17.14018691588785	LI9	LI
925031	935030	930030.5	119	NA	NA	0	1	0.996005996001	1.0000000000000036e-12	16.764705882352942	LI9	LI
930031	940030	935030.5	94	NA	NA	0	1	0.996005996001	1.0000000000000036e-12	17.20212765957447	LI9	LI
935031	945030	940030.5	97	NA	NA	0	1	0.996005996001	1.0000000000000036e-12	17.54639175257732	LI9	LI
940031	950030	945030.5	99	7.481370338313898	NA	0	1	0.996005996001	1.0000000000000036e-12	17.1010101010101	LI9	LI
945031	955030	950030.5	71	7.481370338313898	NA	0	1	0.996005996001	1.0000000000000036e-12	16.985915492957748	LI9	LI
950031	960030	955030.5	73	NA	NA	0	1	0.996005996001	1.0000000000000036e-12	16.52054794520548	LI9	LI
955031	965030	960030.5	66	NA	NA	0	1	0.996005996001	1.0000000000000036e-12	16.59090909090909	LI9	LI
960031	970030	965030.5	62	17.919720936213995	NA	0	1	0.996005996001	1.0000000000000036e-12	17.322580645161292	LI9	LI
965031	975030	970030.5	57	17.919720936213995	NA	0	1	0.996005996001	1.0000000000000036e-12	16.56140350877193	LI9	LI
970031	980030	975030.5	53	NA	NA	0	1	0.996005996001	1.0000000000000036e-12	17.339622641509433	LI9	LI
975031	985030	980030.5	81	NA	NA	0	1	0.996005996001	1.0000000000000036e-12	17.382716049382715	LI9	LI
980031	990030	985030.5	65	15.545336723327637	0	0	1	0.996005996001	1.0000000000000036e-12	16.83076923076923	LI9	LI
985031	995030	990030.5	67	15.545336723327637	0	0	1	0.996005996001	1.0000000000000036e-12	16.925373134328357	LI9	LI
990031	1000030	995030.5	78	NA	NA	0	1	0.996005996001	1.0000000000000036e-12	16.346153846153847	LI9	LI
995031	1005030	1000030.5	84	NA	NA	0	1	0.996005996001	1.0000000000000036e-12	16.345238095238095	LI9	LI
1000031	1010030	1005030.5	112	NA	NA	0	1	0.996005996001	1.0000000000000036e-12	17.285714285714285	LI9	LI
1005031	1015030	1010030.5	116	NA	NA	0	1	0.996005996001	1.0000000000000036e-12	17.405172413793103	LI9	LI
1010031	1020030	1015030.5	123	11.392725274202439	NA	0	1	0.996005996001	1.0000000000000036e-12	17.24390243902439	LI9	LI
1015031	1025030	1020030.5	92	11.392725274202439	NA	0	1	0.996005996001	1.0000000000000036e-12	17.25	LI9	LI
1020031	1030030	1025030.5	59	15.760670371557818	1419856.9999999974	0	1	0.996005996001	1.0000000000000036e-12	16.915254237288135	LI9	LI
1025031	1035030	1030030.5	64	12.213017477445575	1419856.9999999974	0	1	0.996005996001	1.0000000000000036e-12	15.5625	LI9	LI
1030031	1040030	1035030.5	108	12.21985071700348	NA	0	1	0.996005996001	1.0000000000000036e-12	16	LI9	LI
1035031	1045030	1040030.5	134	14.692744227086084	NA	0	1	0.996005996001	1.0000000000000036e-12	16.597014925373134	LI9	LI
1040031	1050030	1045030.5	133	13.611151603498543	NA	0	1	0.996005996001	1.0000000000000036e-12	16.729323308270676	LI9	LI
1045031	1055030	1050030.5	122	15.09496135153507	0	0	1	0.996005996001	1.0000000000000036e-12	17.295081967213115	LI9	LI
1050031	1060030	1055030.5	95	15.09496135153507	0	0	1	0.996005996001	1.0000000000000036e-12	17.042105263157893	LI9	LI
1055031	1065030	1060030.5	94	14.749866373670287	0	0	1	0.996005996001	1.0000000000000036e-12	17.01063829787234	LI9	LI
1060031	1070030	1065030.5	71	15.910110473632812	NA	0	1	0.996005996001	1.0000000000000036e-12	17.746478873239436	LI9	LI
1065031	1075030	1070030.5	68	15.910110473632812	0.17485144457345803	0	1	0.996005996001	1.0000000000000036e-12	17.16176470588235	LI9	LI
1070031	1080030	1075030.5	102	14.90438888888889	0.08742572228672901	0	1	0.996005996001	1.0000000000000036e-12	16.901960784313726	LI9	LI
1075031	1085030	1080030.5	109	12.89601981975826	0	0	1	0.996005996001	1.0000000000000036e-12	16.94495412844037	LI9	LI
1080031	1090030	1085030.5	98	12.122994916209462	0	0	1	0.996005996001	1.0000000000000036e-12	16.96938775510204	LI9	LI
1085031	1095030	1090030.5	110	6.693386681400841	23.339014826666656	0	1	0.996005996001	1.0000000000000036e-12	17.20909090909091	LI9	LI
1090031	1100030	1095030.5	102	6.693386681400841	23.339014826666656	0	1	0.996005996001	1.0000000000000036e-12	17.215686274509803	LI9	LI
1095031	1105030	1100030.5	94	NA	NA	0	1	0.996005996001	1.0000000000000036e-12	17.01063829787234	LI9	LI
1100031	1110030	1105030.5	95	NA	NA	0	1	0.996005996001	1.0000000000000036e-12	17.231578947368423	LI9	LI
1105031	1115030	1110030.5	79	NA	NA	0	1	0.996005996001	1.0000000000000036e-12	17.70886075949367	LI9	LI
1110031	1120030	1115030.5	94	11.15830573737328	NA	0	1	0.996005996001	1.0000000000000036e-12	17.372340425531913	LI9	LI
1115031	1125030	1120030.5	97	11.15830573737328	NA	0	1	0.996005996001	1.0000000000000036e-12	17.391752577319586	LI9	LI
1120031	1130030	1125030.5	114	NA	NA	0	1	0.996005996001	1.0000000000000036e-12	17.385964912280702	LI9	LI
1125031	1135030	1130030.5	161	20.077391290491303	0	0	1	0.996005996001	1.0000000000000036e-12	17.285714285714285	LI9	LI
1130031	1140030	1135030.5	147	20.077391290491303	0	0	1	0.996005996001	1.0000000000000036e-12	17.428571428571427	LI9	LI
1135031	1145030	1140030.5	120	NA	NA	0	1	0.996005996001	1.0000000000000036e-12	17.241666666666667	LI9	LI
1140031	1150030	1145030.5	107	NA	NA	0	1	0.996005996001	1.0000000000000036e-12	16.83177570093458	LI9	LI
1145031	1155030	1150030.5	98	2.8476390113050654	NA	0	1	0.996005996001	1.0000000000000036e-12	15.979591836734693	LI9	LI
1150031	1160030	1155030.5	97	2.8476390113050654	NA	0	1	0.996005996001	1.0000000000000036e-12	16.38144329896907	LI9	LI
1155031	1165030	1160030.5	98	NA	NA	0	1	0.996005996001	1.0000000000000036e-12	17.163265306122447	LI9	LI
1160031	1170030	1165030.5	109	13.03223005622467	0	0	1	0.996005996001	1.0000000000000036e-12	16.68807339449541	LI9	LI
1165031	1175030	1170030.5	123	13.369173436963656	0	0	1	0.996005996001	1.0000000000000036e-12	16.56910569105691	LI9	LI
1170031	1180030	1175030.5	108	13.970589459302582	0	0	1	0.996005996001	1.0000000000000036e-12	16.935185185185187	LI9	LI
1175031	1185030	1180030.5	85	6.805575801749272	NA	0	1	0.996005996001	1.0000000000000036e-12	13.505882352941176	LI9	LI
1180031	1190030	1185030.5	59	6.805575801749272	NA	0	1	0.996005996001	1.0000000000000036e-12	8.94915254237288	LI9	LI
1185031	1195030	1190030.5	62	7.754972807913684	73.26705164718534	0	1	0.996005996001	1.0000000000000036e-12	9.85483870967742	LI9	LI
1190031	1200030	1195030.5	90	11.010197429869908	16420.63352582356	0	1	0.996005996001	1.0000000000000036e-12	13.977777777777778	LI9	LI
1195031	1205030	1200030.5	110	15.087766262729472	32767.999999999935	0	1	0.996005996001	1.0000000000000036e-12	17.045454545454547	LI9	LI
1200031	1210030	1205030.5	132	15.910110473632812	NA	0	1	0.996005996001	1.0000000000000036e-12	16.863636363636363	LI9	LI
1205031	1215030	1210030.5	113	NA	NA	0	1	0.996005996001	1.0000000000000036e-12	17.01769911504425	LI9	LI
1210031	1220030	1215030.5	72	11.980361416538067	32767.999999999935	0	1	0.996005996001	1.0000000000000036e-12	16.958333333333332	LI9	LI
1215031	1225030	1220030.5	81	9.69530078125	16412.86485759997	0	1	0.996005996001	1.0000000000000036e-12	17.19753086419753	LI9	LI
1220031	1230030	1225030.5	103	7.74643818737265	57.72971519999998	0	1	0.996005996001	1.0000000000000036e-12	17.300970873786408	LI9	LI
1225031	1235030	1230030.5	89	26.74073145462743	NA	0	1	0.996005996001	1.0000000000000036e-12	16.98876404494382	LI9	LI
1230031	1240030	1235030.5	89	26.74073145462743	NA	0	1	0.996005996001	1.0000000000000036e-12	16.8876404494382	LI9	LI
1235031	1245030	1240030.5	111	9.69530078125	NA	0	1	0.996005996001	1.0000000000000036e-12	16.65765765765766	LI9	LI
1240031	1250030	1245030.5	128	9.69530078125	NA	0	1	0.996005996001	1.0000000000000036e-12	16.7734375	LI9	LI
1245031	1255030	1250030.5	121	13.315542526843561	NA	0	1	0.996005996001	1.0000000000000036e-12	16.90082644628099	LI9	LI
1250031	1260030	1255030.5	131	13.897890852769677	NA	0	1	0.996005996001	1.0000000000000036e-12	17.068702290076335	LI9	LI
1255031	1265030	1260030.5	110	12.759922977355487	NA	0	1	0.996005996001	1.0000000000000036e-12	17.427272727272726	LI9	LI
1260031	1270030	1265030.5	110	13.832155933122188	NA	0	1	0.996005996001	1.0000000000000036e-12	17.645454545454545	LI9	LI
1265031	1275030	1270030.5	144	16.867983975079376	NA	0	1	0.996005996001	1.0000000000000036e-12	17.395833333333332	LI9	LI
1270031	1280030	1275030.5	138	8.904812499999998	0	0	1	0.996005996001	1.0000000000000036e-12	17.1231884057971	LI9	LI
1275031	1285030	1280030.5	134	8.904812499999998	0	0	1	0.996005996001	1.0000000000000036e-12	16.746268656716417	LI9	LI
1280031	1290030	1285030.5	100	5.260709214726675	61.52685095202102	0	1	0.996005996001	1.0000000000000036e-12	16.62	LI9	LI
1285031	1295030	1290030.5	82	5.260709214726675	61.52685095202102	0	1	0.996005996001	1.0000000000000036e-12	17.036585365853657	LI9	LI
1290031	1300030	1295030.5	104	10.871759954921112	NA	0	1	0.996005996001	1.0000000000000036e-12	17.240384615384617	LI9	LI
1295031	1305030	1300030.5	99	10.871759954921112	NA	0	1	0.996005996001	1.0000000000000036e-12	17.21212121212121	LI9	LI
1300031	1310030	1305030.5	83	NA	NA	0	1	0.996005996001	1.0000000000000036e-12	17.253012048192772	LI9	LI
1305031	1315030	1310030.5	71	NA	NA	0	1	0.996005996001	1.0000000000000036e-12	17.690140845070424	LI9	LI
1310031	1320030	1315030.5	66	11.374972000942323	307.3279999999997	0	1	0.996005996001	1.0000000000000036e-12	17.59090909090909	LI9	LI
1315031	1325030	1320030.5	94	11.374972000942323	307.3279999999997	0	1	0.996005996001	1.0000000000000036e-12	17.23404255319149	LI9	LI
1320031	1330030	1325030.5	105	NA	NA	0	1	0.996005996001	1.0000000000000036e-12	17.304761904761904	LI9	LI
1325031	1335030	1330030.5	93	11.374972000942323	307.3279999999997	0	1	0.996005996001	1.0000000000000036e-12	17.225806451612904	LI9	LI
1330031	1340030	1335030.5	79	11.374972000942323	307.3279999999997	0	1	0.996005996001	1.0000000000000036e-12	17.189873417721518	LI9	LI
1335031	1345030	1340030.5	93	12.115918936978355	0	0	1	0.996005996001	1.0000000000000036e-12	15.301075268817204	LI9	LI
1340031	1350030	1345030.5	102	12.399718116645754	0	0	1	0.996005996001	1.0000000000000036e-12	15.607843137254902	LI9	LI
1345031	1355030	1350030.5	68	13.90087890625	0	0	1	0.996005996001	1.0000000000000036e-12	17.485294117647058	LI9	LI
1350031	1360030	1355030.5	55	NA	NA	0	1	0.996005996001	1.0000000000000036e-12	17.490909090909092	LI9	LI
1355031	1365030	1360030.5	79	9.69530078125	NA	0	1	0.996005996001	1.0000000000000036e-12	17.20253164556962	LI9	LI
1360031	1370030	1365030.5	72	9.69530078125	NA	0	1	0.996005996001	1.0000000000000036e-12	16.944444444444443	LI9	LI
1365031	1375030	1370030.5	54	NA	NA	0	1	0.996005996001	1.0000000000000036e-12	17.51851851851852	LI9	LI
1370031	1380030	1375030.5	77	9.141820440992385	0	0	1	0.996005996001	1.0000000000000036e-12	16.961038961038962	LI9	LI
1375031	1385030	1380030.5	104	9.141820440992385	0	0	1	0.996005996001	1.0000000000000036e-12	16.26923076923077	LI9	LI
1380031	1390030	1385030.5	105	NA	NA	0	1	0.996005996001	1.0000000000000036e-12	16.485714285714284	LI9	LI
1385031	1395030	1390030.5	101	8.039226498756637	92.70122855478651	0	1	0.996005996001	1.0000000000000036e-12	17.168316831683168	LI9	LI
1390031	1400030	1395030.5	109	10.720361218069122	46.350614277393255	0	1	0.996005996001	1.0000000000000036e-12	17.229357798165136	LI9	LI
1395031	1405030	1400030.5	96	11.021689804998102	0	0	1	0.996005996001	1.0000000000000036e-12	17.21875	LI9	LI
1400031	1410030	1405030.5	83	25.096965020576118	NA	0	1	0.996005996001	1.0000000000000036e-12	17.228915662650603	LI9	LI
1405031	1415030	1410030.5	82	25.096965020576118	NA	0	1	0.996005996001	1.0000000000000036e-12	17.036585365853657	LI9	LI
1410031	1420030	1415030.5	101	NA	NA	0	1	0.996005996001	1.0000000000000036e-12	16.88118811881188	LI9	LI
1415031	1425030	1420030.5	119	NA	NA	0	1	0.996005996001	1.0000000000000036e-12	17	LI9	LI
1420031	1430030	1425030.5	115	NA	NA	0	1	0.996005996001	1.0000000000000036e-12	17.286956521739132	LI9	LI
1425031	1435030	1430030.5	94	NA	NA	0	1	0.996005996001	1.0000000000000036e-12	17.329787234042552	LI9	LI
1430031	1440030	1435030.5	73	17.69084362139918	NA	0	1	0.996005996001	1.0000000000000036e-12	17.136986301369863	LI9	LI
1435031	1445030	1440030.5	73	17.69084362139918	1626.7777777777771	0	1	0.996005996001	1.0000000000000036e-12	17.054794520547944	LI9	LI
1440031	1450030	1445030.5	59	14.575101750286045	1626.7777777777771	0	1	0.996005996001	1.0000000000000036e-12	17.16949152542373	LI9	LI
1445031	1455030	1450030.5	61	NA	NA	0	1	0.996005996001	1.0000000000000036e-12	17.229508196721312	LI9	LI
1450031	1460030	1455030.5	88	10.453914233773922	0.003737071102110532	0	1	0.996005996001	1.0000000000000036e-12	17.329545454545453	LI9	LI
1455031	1465030	1460030.5	106	10.453914233773922	0.003737071102110532	0	1	0.996005996001	1.0000000000000036e-12	17.00943396226415	LI9	LI
1460031	1470030	1465030.5	86	NA	NA	0	1	0.996005996001	1.0000000000000036e-12	16.86046511627907	LI9	LI
1465031	1475030	1470030.5	74	NA	NA	0	1	0.996005996001	1.0000000000000036e-12	17.31081081081081	LI9	LI
1470031	1480030	1475030.5	78	NA	NA	0	1	0.996005996001	1.0000000000000036e-12	17.21794871794872	LI9	LI
1475031	1485030	1480030.5	78	16.794092640786616	NA	0	1	0.996005996001	1.0000000000000036e-12	16.987179487179485	LI9	LI
1480031	1490030	1485030.5	85	16.794092640786616	NA	0	1	0.996005996001	1.0000000000000036e-12	16.823529411764707	LI9	LI
1485031	1495030	1490030.5	73	15.655517578125	NA	0	1	0.996005996001	1.0000000000000036e-12	16.534246575342465	LI9	LI
1490031	1500030	1495030.5	77	13.263638766523055	NA	0	1	0.996005996001	1.0000000000000036e-12	16.051948051948052	LI9	LI
1495031	1505030	1500030.5	75	10.871759954921112	NA	0	1	0.996005996001	1.0000000000000036e-12	16.453333333333333	LI9	LI
1500031	1510030	1505030.5	60	16.437351319204154	0	0	1	0.996005996001	1.0000000000000036e-12	16.966666666666665	LI9	LI
1505031	1515030	1510030.5	66	16.061747055007125	0	0	1	0.996005996001	1.0000000000000036e-12	16.727272727272727	LI9	LI
1510031	1520030	1515030.5	70	14.523950690122387	23730.46874999998	0	1	0.996005996001	1.0000000000000036e-12	16.385714285714286	LI9	LI
1515031	1525030	1520030.5	68	15.996582409140096	23730.46874999998	0	1	0.996005996001	1.0000000000000036e-12	16.16176470588235	LI9	LI
