window_start	window_end	window_mid	n_snps	median_chisq	median_OR	median_prop_1111_obs	median_prop_0000_obs	median_prop_1111_exp	median_prop_0000_exp	mean_n_samples	population	subset
31	10030	5030.5	140	418.99695754597633	0	0	0.9943019943019943	0.9906651746995985	3.008073889216207e-11	374.50714285714287	POOLED	LI
5031	15030	10030.5	118	420.9916353406717	0	0	0.997624689686301	0.996005996001	1.0000000000000036e-12	406.72033898305085	POOLED	LI
10031	20030	15030.5	124	420.49163833667313	0	0	1	0.996005996001	1.0000000000000036e-12	405.16129032258067	POOLED	LI
15031	25030	20030.5	89	424.99745339872504	0	0	1	0.996005996001	1.0000000000000036e-12	413.8988764044944	POOLED	LI
20031	30030	25030.5	77	424.99745339872504	0	0	0.9977011494252873	0.996005996001	1.0000000000000036e-12	414.23376623376623	POOLED	LI
25031	35030	30030.5	108	421.48281912858164	0	0	0.9951991710798986	0.9939173879243837	6.152043463711465e-12	416.94444444444446	POOLED	LI
30031	40030	35030.5	117	422.99746538273104	0	0	0.9953161592505855	0.9909605099462008	2.643903757924744e-11	419.2564102564103	POOLED	LI
35031	45030	40030.5	78	422.99746538273104	0	0	0.9963069636456734	0.9924161146461236	1.3080429372024297e-11	415.5128205128205	POOLED	LI
40031	50030	45030.5	80	420.965911042867	0	0	0.9929411764705882	0.98850256265859	6.945259330968982e-11	412.85	POOLED	LI
45031	55030	50030.5	108	422.48768120607247	0	0	0.9929411764705882	0.9891165076785181	5.669816821288386e-11	417.75	POOLED	LI
50031	60030	55030.5	110	423.93703625561875	6.1685111453626225e-12	0	0.9930875576036866	0.9907298749658346	2.9256348922733553e-11	416.53636363636366	POOLED	LI
55031	65030	60030.5	97	423.96831036501214	0	0	0.9947089947089947	0.9906433391513974	3.036418323808053e-11	413.1340206185567	POOLED	LI
60031	70030	65030.5	96	423.96260561148387	0	0	0.990632318501171	0.986183208505744	1.4536281340352061e-10	415.1145833333333	POOLED	LI
65031	75030	70030.5	122	421.997471374734	0	0	0.9906868325472977	0.9862780045561892	1.4139399306883113e-10	415.0081967213115	POOLED	LI
70031	80030	75030.5	123	424.94388311174436	0	0	0.9952941176470588	0.9909194685248185	2.692414489134102e-11	417.6260162601626	POOLED	LI
75031	85030	80030.5	90	424.99696476042504	0	0	0.9976413913565894	0.9956921988613954	1.3972532382770245e-12	420.1666666666667	POOLED	LI
80031	90030	85030.5	86	423.997459390728	0	0	0.995321631027162	0.9952746620343934	1.9614590539477666e-12	419.1744186046512	POOLED	LI
85031	95030	90030.5	106	421.99645111046294	0	0	0.9972058125325923	0.9953623204172883	1.8196725869470188e-12	407.811320754717	POOLED	LI
90031	100030	95030.5	129	420.9974773667371	0	0	0.9974937343358395	0.996005996001	1.0000000000000036e-12	400.6589147286822	POOLED	LI
95031	105030	100030.5	164	419.99748335874006	0	0	0.9968115736328798	0.9952578358699891	1.9896474830251232e-12	401.390243902439	POOLED	LI
100031	110030	105030.5	134	417.99472024162424	1.3066177101864224e-6	0	0.9976824997851681	0.996005996001	1.0000000000000036e-12	405.25373134328356	POOLED	LI
105031	115030	110030.5	88	420.9974773667371	4.1034825051382276e-7	0	0.9937705314624767	0.9927163971436928	1.1154406842200108e-11	416.03409090909093	POOLED	LI
110031	120030	115030.5	99	422.9779241078029	1.8422777631919357e-7	0	0.9908256880733946	0.9907085414740423	2.952370323535843e-11	418.4141414141414	POOLED	LI
115031	125030	120030.5	99	422.98586027367173	2.2058360933244277e-6	0	0.992822966507177	0.9907515071766454	2.8979502087912516e-11	421.1313131313131	POOLED	LI
120031	130030	125030.5	67	423.997459390728	2.8844584019434624e-12	0	0.9938271604938271	0.9906651746995985	3.008073889216207e-11	420.1641791044776	POOLED	LI
125031	135030	130030.5	88	421.997471374734	4.080437841456766e-12	0	0.9976498204915769	0.996005996001	1.0000000000000036e-12	417.53409090909093	POOLED	LI
130031	140030	135030.5	118	417.99749534274605	6.461923866123592e-11	0	0.9976744060270742	0.996005996001	1.0000000000000036e-12	409.8220338983051	POOLED	LI
135031	145030	140030.5	96	410.997537286767	1.2134876571356433e-7	0.004689853861294686	0.9859633569739953	0.9671200422505093	4.831695945073669e-9	407.3645833333333	POOLED	LI
140031	150030	145030.5	138	409.8593168650938	2.230169379274538e-10	0.0071006016604483885	0.9838523429933697	0.9590070068339458	1.1865597772196685e-8	419.90579710144925	POOLED	LI
145031	155030	150030.5	214	411.9600377982414	1.5260107668566857e-10	0.006952500644496004	0.9836065573770492	0.9569290671446509	1.4356827397472598e-8	417.27570093457945	POOLED	LI
150031	160030	155030.5	199	414.61923727457076	1.0911193775548513e-10	0.004878048780487805	0.9837587006960556	0.9573215681228451	1.3831777572796565e-8	415.26633165829145	POOLED	LI
155031	165030	160030.5	131	419.7647757489546	4.6842194232508873e-11	0.004545454545454545	0.9862068965517241	0.9740656307184702	1.8379496663555562e-9	416.793893129771	POOLED	LI
160031	170030	165030.5	95	421.90403657569067	1.248901824241872e-11	0	0.9883449883449883	0.9833913643967969	3.047805454184464e-10	415.6736842105263	POOLED	LI
165031	175030	170030.5	87	422.99746538273104	4.08608456728144e-12	0	0.9952941176470588	0.9929763221609241	9.607417352674524e-12	411.81609195402297	POOLED	LI
170031	180030	175030.5	81	422.98830182190596	0	0	0.9976076555023924	0.9951308672270054	2.211793566405659e-12	411.8024691358025	POOLED	LI
175031	185030	180030.5	94	418.15826360693114	0	0	0.9883990094745909	0.9814603016810856	4.746460766924109e-10	407.3404255319149	POOLED	LI
180031	190030	185030.5	112	417.932864039228	0	0	0.98841249892584	0.9808340064039314	5.426324182458314e-10	408.69642857142856	POOLED	LI
185031	195030	190030.5	101	421.99645111046294	0	0	0.9887387387387387	0.9813089261977226	4.904155841046172e-10	419.16831683168317	POOLED	LI
190031	200030	195030.5	80	424.9902169000099	7.933657871659455e-12	0.0011389521640091116	0.9881234484315053	0.9784884930287991	8.642483296633371e-10	423.775	POOLED	LI
195031	205030	200030.5	113	424.99745339872504	6.8868758663893086e-12	0.0022727272727272726	0.9879518072289156	0.9757733838378434	1.3959401630430626e-9	414.8407079646018	POOLED	LI
200031	210030	205030.5	114	420.9974773667371	7.0649982690865384e-12	0	0.9883990094745909	0.9796725687210461	6.883979221338076e-10	409.49122807017545	POOLED	LI
205031	215030	210030.5	91	413.99751931075804	1.8460491570546205e-11	0	0.9947229551451188	0.9879483147456363	8.391504762858001e-11	412.0989010989011	POOLED	LI
210031	220030	215030.5	103	418.997489350743	2.3809188344209036e-11	0	0.9884259259259259	0.9803445795149299	6.006127153017623e-10	418.3883495145631	POOLED	LI
215031	225030	220030.5	109	417.99749534274605	6.809671444912869e-11	0	0.9946949602122016	0.9922305320898483	1.440131452638683e-11	414.54128440366975	POOLED	LI
220031	230030	225030.5	84	419.3661977642273	1.0571552504495134e-11	0	0.9953161335614936	0.9947400864695157	3.0145421005186917e-12	411.8095238095238	POOLED	LI
225031	235030	230030.5	51	425.00494521650256	8.316674196359907e-12	0	0.9976635514018691	0.9954102198488838	1.7455126056467214e-12	422.5686274509804	POOLED	LI
230031	240030	235030.5	89	424.94388311174436	2.7282613852120965e-11	0	1	0.996005996001	1.0000000000000036e-12	417.75280898876406	POOLED	LI
235031	245030	240030.5	105	421.997471374734	2.4827523630502807e-11	0	0.9976958525345622	0.996005996001	1.0000000000000036e-12	414.8952380952381	POOLED	LI
240031	250030	245030.5	100	423.997459390728	2.159424670982199e-11	0	0.9976744186046511	0.996005996001	1.0000000000000036e-12	416.72	POOLED	LI
245031	255030	250030.5	99	423.997459390728	2.2813237846667396e-11	0	0.9977324263038548	0.996005996001	1.0000000000000036e-12	418.4343434343434	POOLED	LI
250031	260030	255030.5	98	423.44104284209425	2.365302492629854e-11	0	1	0.996005996001	1.0000000000000036e-12	417.4183673469388	POOLED	LI
255031	265030	260030.5	104	420.9974773667371	2.547458133869388e-10	0	1	0.996005996001	1.0000000000000036e-12	415.0192307692308	POOLED	LI
260031	270030	265030.5	87	422.99746538273104	3.837135269065649e-8	0	1	0.996005996001	1.0000000000000036e-12	416.0344827586207	POOLED	LI
265031	275030	270030.5	80	424.42647834572324	2.1673402737536946e-12	0	1	0.996005996001	1.0000000000000036e-12	419.9875	POOLED	LI
270031	280030	275030.5	82	424.9264753497217	4.334680547507389e-12	0	1	0.996005996001	1.0000000000000036e-12	421.5121951219512	POOLED	LI
275031	285030	280030.5	87	421.997471374734	0	0	1	0.996005996001	1.0000000000000036e-12	407.3333333333333	POOLED	LI
280031	290030	285030.5	86	420.9974773667371	2.566411881815366e-12	0	1	0.996005996001	1.0000000000000036e-12	393.22093023255815	POOLED	LI
285031	295030	290030.5	91	421.997471374734	3.455140861160846e-12	0	0.9976744186046511	0.996005996001	1.0000000000000036e-12	399.9120879120879	POOLED	LI
290031	300030	295030.5	99	419.99748335874006	2.7843128779154885e-12	0	0.9976905311778291	0.996005996001	1.0000000000000036e-12	404.6363636363636	POOLED	LI
295031	305030	300030.5	142	418.997489350743	0	0	1	0.996005996001	1.0000000000000036e-12	410.40140845070425	POOLED	LI
300031	310030	305030.5	134	418.997489350743	0	0	1	0.996005996001	1.0000000000000036e-12	415.64179104477614	POOLED	LI
305031	315030	310030.5	90	418.997489350743	4.857564551328479e-10	0	1	0.996005996001	1.0000000000000036e-12	394.75555555555553	POOLED	LI
310031	320030	315030.5	131	420.98824682785187	4.713933926928541e-12	0	1	0.996005996001	1.0000000000000036e-12	401.55725190839695	POOLED	LI
315031	325030	320030.5	121	420.9974773667371	0	0	0.9976744186046511	0.990794077345649	2.8447782219645667e-11	407.78512396694214	POOLED	LI
320031	330030	325030.5	92	416.99695498032804	6.706654343154838e-13	0	0.9976851727814899	0.996005996001	1.0000000000000036e-12	391.54347826086956	POOLED	LI
325031	335030	330030.5	108	418.88327375003	0	0	1	0.996005996001	1.0000000000000036e-12	397.462962962963	POOLED	LI
330031	340030	335030.5	99	422.99645948704085	2.323125645997308e-10	0	1	0.996005996001	1.0000000000000036e-12	405.979797979798	POOLED	LI
335031	345030	340030.5	84	422.02097890290634	2.513272304645234e-10	0	1	0.996005996001	1.0000000000000036e-12	410.95238095238096	POOLED	LI
340031	350030	345030.5	67	415.99750732675204	0	0	1	0.996005996001	1.0000000000000036e-12	390.23880597014926	POOLED	LI
345031	355030	350030.5	34	379.5901719000831	0	0	0.9973017804627174	0.9944902000509692	4.031675223322171e-12	344.70588235294116	POOLED	LI
350031	360030	355030.5	8	253.46462706129373	0	0	0.9727575982209045	0.9730349600318522	2.166438922450472e-9	266.375	POOLED	LI
355031	365030	360030.5	7	299.9751812042747	2.877484286594849e-6	0	0.9923076923076923	0.9871315348575291	1.0921772199295927e-10	242.85714285714286	POOLED	LI
360031	370030	365030.5	13	271.99837017518405	0	0	0.9975609756097561	0.996005996001	1.0000000000000036e-12	224.6153846153846	POOLED	LI
365031	375030	370030.5	54	366.997800934899	0	0	1	0.996005996001	1.0000000000000036e-12	266	POOLED	LI
370031	380030	375030.5	89	412.99752530276106	1.1059301388867221e-11	0	1	0.996005996001	1.0000000000000036e-12	332.55056179775283	POOLED	LI
375031	385030	380030.5	75	420.9974773667371	NA	0	1	0.996005996001	1.0000000000000036e-12	406.74666666666667	POOLED	LI
380031	390030	385030.5	67	421.766088369253	2.184997917426148e-11	0	1	0.996005996001	1.0000000000000036e-12	419.1044776119403	POOLED	LI
385031	395030	390030.5	81	420.94144769145265	2.0856555527104088e-10	0.0023094688221709007	0.9952380952380953	0.9861193544187715	1.4807822976534108e-10	421.34567901234567	POOLED	LI
390031	400030	395030.5	81	415.7445511397171	4.0226099593015e-10	0.002331002331002331	0.9927184466019418	0.9830358284902334	3.3190727205874923e-10	416.5432098765432	POOLED	LI
395031	405030	400030.5	80	419.91181215822206	1.971510307579063e-11	0	1	0.996005996001	1.0000000000000036e-12	414.35	POOLED	LI
400031	410030	405030.5	99	419.99748335874006	1.5580791588821565e-10	0	1	0.996005996001	1.0000000000000036e-12	414.3030303030303	POOLED	LI
405031	415030	410030.5	87	422.98830182190596	0	0	1	0.996005996001	1.0000000000000036e-12	409.32183908045977	POOLED	LI
410031	420030	415030.5	67	422.98830182190596	0	0	1	0.996005996001	1.0000000000000036e-12	401.74626865671644	POOLED	LI
415031	425030	420030.5	78	417.4974983387475	2.1342097567827004e-11	0	1	0.996005996001	1.0000000000000036e-12	403.0897435897436	POOLED	LI
420031	430030	425030.5	91	421.99645111046294	0	0	1	0.996005996001	1.0000000000000036e-12	407.1978021978022	POOLED	LI
425031	435030	430030.5	96	422.4969654308874	0	0	1	0.996005996001	1.0000000000000036e-12	410.5208333333333	POOLED	LI
430031	440030	435030.5	96	422.99746538273104	0	0	1	0.996005996001	1.0000000000000036e-12	417.3645833333333	POOLED	LI
435031	445030	440030.5	93	421.997471374734	0	0	1	0.996005996001	1.0000000000000036e-12	409.9247311827957	POOLED	LI
440031	450030	445030.5	80	420.44694069010177	0	0	1	0.996005996001	1.0000000000000036e-12	405.6625	POOLED	LI
445031	455030	450030.5	75	420.9974773667371	2.2733552222213715e-12	0	1	0.996005996001	1.0000000000000036e-12	414.53333333333336	POOLED	LI
450031	460030	455030.5	96	424.4929078472312	0	0	1	0.996005996001	1.0000000000000036e-12	416.9895833333333	POOLED	LI
455031	465030	460030.5	93	423.997459390728	3.7821543225126626e-10	0	1	0.996005996001	1.0000000000000036e-12	410.02150537634407	POOLED	LI
460031	470030	465030.5	97	416.997501334749	2.832825700090438e-10	0	1	0.996005996001	1.0000000000000036e-12	408.0515463917526	POOLED	LI
465031	475030	470030.5	85	417.99749534274605	2.6646545371549204e-10	0	0.9976415094339622	0.9953676974189613	1.8112188804945323e-12	415.1058823529412	POOLED	LI
470031	480030	475030.5	61	424.99745339872504	0.02211707487112277	0	0.9976580796252927	0.99532437971679	1.8800461807601292e-12	420.91803278688525	POOLED	LI
475031	485030	480030.5	77	422.896872699085	5.785197830044228e-9	0.0024330900243309003	0.9951456310679612	0.9816096858477998	4.5939365799779156e-10	420.93506493506493	POOLED	LI
480031	490030	485030.5	54	417.44658954641386	5.785197830044228e-9	0.004745018574805809	0.9939141303820203	0.980367956325756	5.97876883518452e-10	416.8333333333333	POOLED	LI
485031	495030	490030.5	40	422.947169040908	NA	0	1	0.996005996001	1.0000000000000036e-12	420.025	POOLED	LI
490031	500030	495030.5	54	422.947169040908	2.4660767685725217e-9	0	1	0.996005996001	1.0000000000000036e-12	419.35185185185185	POOLED	LI
495031	505030	500030.5	65	422.7904676922816	9.236596954345822e-11	0	1	0.996005996001	1.0000000000000036e-12	411.2307692307692	POOLED	LI
500031	510030	505030.5	74	419.4073947227891	9.236596954345822e-11	0	1	0.996005996001	1.0000000000000036e-12	413.36486486486484	POOLED	LI
505031	515030	510030.5	83	418.8168821795497	0	0	0.9976744186046511	0.996005996001	1.0000000000000036e-12	406.8313253012048	POOLED	LI
510031	520030	515030.5	77	421.7161625124309	0	0	0.9976744186046511	0.996005996001	1.0000000000000036e-12	406.54545454545456	POOLED	LI
515031	525030	520030.5	59	425.997447406722	0	0	1	0.996005996001	1.0000000000000036e-12	418.2881355932203	POOLED	LI
520031	530030	525030.5	71	419.99748335874006	0	0	1	0.996005996001	1.0000000000000036e-12	399.2676056338028	POOLED	LI
525031	535030	530030.5	76	415.856202090607	0	0	1	0.996005996001	1.0000000000000036e-12	386.44736842105266	POOLED	LI
530031	540030	535030.5	72	416.49750433075053	1.256102408872982e-10	0	1	0.996005996001	1.0000000000000036e-12	385.40277777777777	POOLED	LI
535031	545030	540030.5	82	422.5886103501733	7.46681864704262e-12	0	1	0.996005996001	1.0000000000000036e-12	386.4024390243902	POOLED	LI
540031	550030	545030.5	97	420.9974773667371	0	0	1	0.996005996001	1.0000000000000036e-12	399.25773195876286	POOLED	LI
545031	555030	550030.5	95	418.997489350743	0	0	1	0.996005996001	1.0000000000000036e-12	408.3157894736842	POOLED	LI
550031	560030	555030.5	63	418.997489350743	0	0	1	0.996005996001	1.0000000000000036e-12	411.06349206349205	POOLED	LI
555031	565030	560030.5	46	420.3991954219815	0	0	0.9988505747126437	0.996005996001	1.0000000000000036e-12	414.32608695652175	POOLED	LI
560031	570030	565030.5	73	420.80195660613106	0	0	1	0.996005996001	1.0000000000000036e-12	414.26027397260276	POOLED	LI
565031	575030	570030.5	109	417.99749534274605	0	0	1	0.996005996001	1.0000000000000036e-12	406.2844036697248	POOLED	LI
570031	580030	575030.5	102	417.99749534274605	0	0	1	0.996005996001	1.0000000000000036e-12	402.2843137254902	POOLED	LI
575031	585030	580030.5	67	418.4928433285302	0	0	1	0.996005996001	1.0000000000000036e-12	407.23880597014926	POOLED	LI
580031	590030	585030.5	70	417.9503167194089	0	0	1	0.996005996001	1.0000000000000036e-12	404.7857142857143	POOLED	LI
585031	595030	590030.5	79	414.786597801565	0	0	1	0.996005996001	1.0000000000000036e-12	400.1392405063291	POOLED	LI
590031	600030	595030.5	71	417.99749534274605	0	0	1	0.996005996001	1.0000000000000036e-12	404.6478873239437	POOLED	LI
595031	605030	600030.5	86	423.997459390728	0	0	1	0.996005996001	1.0000000000000036e-12	412.43023255813955	POOLED	LI
600031	610030	605030.5	114	418.97163182311925	0	0	1	0.996005996001	1.0000000000000036e-12	401.57894736842104	POOLED	LI
605031	615030	610030.5	118	415.9928071902566	0	0	1	0.996005996001	1.0000000000000036e-12	403.64406779661016	POOLED	LI
610031	620030	615030.5	107	419.99748335874006	0	0	1	0.996005996001	1.0000000000000036e-12	417.0373831775701	POOLED	LI
615031	625030	620030.5	100	422.95368957123776	5.608046444113693e-10	0	1	0.996005996001	1.0000000000000036e-12	420.54	POOLED	LI
620031	630030	625030.5	101	423.99646782416886	5.35991952258224e-11	0	1	0.996005996001	1.0000000000000036e-12	421.009900990099	POOLED	LI
625031	635030	630030.5	112	422.99746538273104	4.106790456823553e-11	0	1	0.996005996001	1.0000000000000036e-12	410.8482142857143	POOLED	LI
630031	640030	635030.5	79	422.3939695335078	0	0	1	0.996005996001	1.0000000000000036e-12	406.8101265822785	POOLED	LI
635031	645030	640030.5	41	421.7899916437567	0	0	1	0.996005996001	1.0000000000000036e-12	413.0731707317073	POOLED	LI
640031	650030	645030.5	57	418.997489350743	9.34562078837759e-11	0	1	0.996005996001	1.0000000000000036e-12	401.3333333333333	POOLED	LI
645031	655030	650030.5	63	423.4974623867295	0	0	1	0.996005996001	1.0000000000000036e-12	408.6190476190476	POOLED	LI
650031	660030	655030.5	64	420.49748036273854	0	0	1	0.996005996001	1.0000000000000036e-12	408.09375	POOLED	LI
655031	665030	660030.5	63	419.99748335874006	0	0	1	0.996005996001	1.0000000000000036e-12	403.93650793650795	POOLED	LI
660031	670030	665030.5	53	421.997471374734	7.123210160688196e-10	0	1	0.996005996001	1.0000000000000036e-12	410.1509433962264	POOLED	LI
665031	675030	670030.5	35	420.9974773667371	3.561605080344098e-10	0	1	0.996005996001	1.0000000000000036e-12	409.62857142857143	POOLED	LI
670031	680030	675030.5	11	422.4072948598935	0	0	1	0.996005996001	1.0000000000000036e-12	352.3636363636364	POOLED	LI
675031	685030	680030.5	9	85.38565553746672	1.4998308262915808e-6	0	1	0.996005996001	1.0000000000000036e-12	77.55555555555556	POOLED	LI
680031	690030	685030.5	7	90.66794613341685	1.4998308262915808e-6	0	1	0.996005996001	1.0000000000000036e-12	83.85714285714286	POOLED	LI
685031	695030	690030.5	0	NA	NA	NA	NA	NA	NA	NA	POOLED	LI
690031	700030	695030.5	0	NA	NA	NA	NA	NA	NA	NA	POOLED	LI
695031	705030	700030.5	0	NA	NA	NA	NA	NA	NA	NA	POOLED	LI
700031	710030	705030.5	16	419.99748335874006	3.7614276331979783e-10	0	1	0.996005996001	1.0000000000000036e-12	387.375	POOLED	LI
705031	715030	710030.5	62	418.9532567017201	2.617958820737738e-10	0	1	0.996005996001	1.0000000000000036e-12	404.88709677419354	POOLED	LI
710031	720030	715030.5	107	418.997489350743	1.681895522115426e-10	0	1	0.996005996001	1.0000000000000036e-12	410.50467289719626	POOLED	LI
715031	725030	720030.5	99	418.997489350743	5.906031613524465e-11	0	1	0.996005996001	1.0000000000000036e-12	409.67676767676767	POOLED	LI
720031	730030	725030.5	77	418.997489350743	4.380725164882337e-11	0	0.9974293059125964	0.9951661719873638	2.148225219291806e-12	413.1168831168831	POOLED	LI
725031	735030	730030.5	74	420.8651772156701	2.013309381686196e-11	0	1	0.996005996001	1.0000000000000036e-12	419.3243243243243	POOLED	LI
730031	740030	735030.5	66	422.99746538273104	0	0	1	0.996005996001	1.0000000000000036e-12	416.3181818181818	POOLED	LI
735031	745030	740030.5	71	422.99746538273104	0	0	1	0.996005996001	1.0000000000000036e-12	414.28169014084506	POOLED	LI
740031	750030	745030.5	77	422.99746538273104	0	0	1	0.996005996001	1.0000000000000036e-12	413.93506493506493	POOLED	LI
745031	755030	750030.5	72	423.4870976694873	0	0	1	0.996005996001	1.0000000000000036e-12	406.84722222222223	POOLED	LI
750031	760030	755030.5	75	419.9882191364774	0	0	0.9976470588235294	0.9907515071766454	2.8979502087912516e-11	405.2266666666667	POOLED	LI
755031	765030	760030.5	93	414.9880786990671	0	0	0.9976190476190476	0.9907300741107773	2.925002069439208e-11	403.741935483871	POOLED	LI
760031	770030	765030.5	92	414.9880786990671	0	0	0.9976662745354334	0.995550519482296	1.6388653632297934e-12	399.0978260869565	POOLED	LI
765031	775030	770030.5	102	416.997501334749	0	0	1	0.996005996001	1.0000000000000036e-12	399.79411764705884	POOLED	LI
770031	780030	775030.5	98	416.49750433075053	0	0	1	0.996005996001	1.0000000000000036e-12	403.3979591836735	POOLED	LI
775031	785030	780030.5	58	418.997489350743	3.561605080344098e-10	0	1	0.996005996001	1.0000000000000036e-12	410.5	POOLED	LI
780031	790030	785030.5	70	420.99747736673703	3.561605080344098e-10	0	1	0.996005996001	1.0000000000000036e-12	401.37142857142857	POOLED	LI
785031	795030	790030.5	87	418.997489350743	0	0	1	0.996005996001	1.0000000000000036e-12	396.7701149425287	POOLED	LI
790031	800030	795030.5	67	418.997489350743	0	0	1	0.996005996001	1.0000000000000036e-12	397.56716417910445	POOLED	LI
795031	805030	800030.5	70	416.49750433075053	0	0	1	0.996005996001	1.0000000000000036e-12	394.9142857142857	POOLED	LI
800031	810030	805030.5	66	419.99748335874006	0	0	1	0.996005996001	1.0000000000000036e-12	400.45454545454544	POOLED	LI
805031	815030	810030.5	34	423.997459390728	0	0	1	0.996005996001	1.0000000000000036e-12	386.70588235294116	POOLED	LI
810031	820030	815030.5	91	411.99753129476403	0	0	1	0.996005996001	1.0000000000000036e-12	380.4835164835165	POOLED	LI
815031	825030	820030.5	109	415.99750732675204	0	0	1	0.996005996001	1.0000000000000036e-12	395.22935779816515	POOLED	LI
820031	830030	825030.5	62	421.4974743707355	0	0	1	0.996005996001	1.0000000000000036e-12	416.43548387096774	POOLED	LI
825031	835030	830030.5	77	422.99746538273104	0	0	1	0.996005996001	1.0000000000000036e-12	411.45454545454544	POOLED	LI
830031	840030	835030.5	78	423.0210532558724	0	0	1	0.996005996001	1.0000000000000036e-12	411.0897435897436	POOLED	LI
835031	845030	840030.5	84	420.9974773667371	0	0	1	0.996005996001	1.0000000000000036e-12	403.2738095238095	POOLED	LI
840031	850030	845030.5	91	420.9974773667371	0	0	1	0.996005996001	1.0000000000000036e-12	408.16483516483515	POOLED	LI
845031	855030	850030.5	85	421.997471374734	0	0	1	0.996005996001	1.0000000000000036e-12	413.25882352941176	POOLED	LI
850031	860030	855030.5	94	413.9928020009141	0	0	1	0.996005996001	1.0000000000000036e-12	394.59574468085106	POOLED	LI
855031	865030	860030.5	107	415.99750732675204	0	0	1	0.996005996001	1.0000000000000036e-12	401.39252336448595	POOLED	LI
860031	870030	865030.5	118	416.99695498032804	0	0	1	0.996005996001	1.0000000000000036e-12	406.8220338983051	POOLED	LI
865031	875030	870030.5	131	418.9881913143144	0	0	1	0.996005996001	1.0000000000000036e-12	401.14503816793894	POOLED	LI
870031	880030	875030.5	100	421.997471374734	0	0	1	0.996005996001	1.0000000000000036e-12	407.78	POOLED	LI
875031	885030	880030.5	50	420.9974773667371	7.524889601235542e-11	0	1	0.996005996001	1.0000000000000036e-12	374.26	POOLED	LI
880031	890030	885030.5	29	412.997525302761	7.524889601235542e-11	0	0.9988372093023256	0.996005996001	1.0000000000000036e-12	294.3103448275862	POOLED	LI
885031	895030	890030.5	44	415.49279062488813	9.062441167550686e-11	0	1	0.996005996001	1.0000000000000036e-12	382.34090909090907	POOLED	LI
890031	900030	895030.5	66	413.9915365951956	1.69035576481044e-11	0	1	0.996005996001	1.0000000000000036e-12	387.07575757575756	POOLED	LI
895031	905030	900030.5	39	400.997597206797	8.4517788240522e-12	0	0.9975648340709931	0.995648676013979	1.4669112100072138e-12	312.61538461538464	POOLED	LI
900031	910030	905030.5	26	374.9592727676477	8.662887878076198e-8	0	0.9957982451494448	0.9888211853556477	6.725593968664234e-11	194.03846153846155	POOLED	LI
905031	915030	910030.5	55	416.49695797632955	1.7137852661806323e-7	0	0.9977219892897173	0.996005996001	1.0000000000000036e-12	344.90909090909093	POOLED	LI
910031	920030	915030.5	86	416.9930289064739	0	0	0.9964528976488425	0.9949907388920471	2.4964646616345634e-12	403.66279069767444	POOLED	LI
915031	925030	920030.5	88	418.49749234674454	0	0	0.9988452655889146	0.996005996001	1.0000000000000036e-12	407.6136363636364	POOLED	LI
920031	930030	925030.5	107	419.99748335874006	0	0	1	0.996005996001	1.0000000000000036e-12	410.7196261682243	POOLED	LI
925031	935030	930030.5	119	419.99748335874006	0	0	1	0.996005996001	1.0000000000000036e-12	410.10084033613447	POOLED	LI
930031	940030	935030.5	94	423.4974623867295	0	0	1	0.996005996001	1.0000000000000036e-12	414.8510638297872	POOLED	LI
935031	945030	940030.5	97	423.997459390728	0	0	1	0.996005996001	1.0000000000000036e-12	416.35051546391753	POOLED	LI
940031	950030	945030.5	99	422.99746538273104	0	0	1	0.996005996001	1.0000000000000036e-12	414.27272727272725	POOLED	LI
945031	955030	950030.5	71	423.997459390728	0	0	1	0.996005996001	1.0000000000000036e-12	409.5492957746479	POOLED	LI
950031	960030	955030.5	73	421.997471374734	0	0	1	0.996005996001	1.0000000000000036e-12	396.8904109589041	POOLED	LI
955031	965030	960030.5	66	420.49748036273854	3.1270764320012036e-11	0	1	0.996005996001	1.0000000000000036e-12	381.7121212121212	POOLED	LI
960031	970030	965030.5	62	416.997501334749	6.254152864002407e-11	0	1	0.996005996001	1.0000000000000036e-12	367.80645161290323	POOLED	LI
965031	975030	970030.5	57	415.967703884821	1.3747662742440064e-9	0	1	0.996005996001	1.0000000000000036e-12	351.1929824561403	POOLED	LI
970031	980030	975030.5	53	423.4755744809829	NA	0	1	0.996005996001	1.0000000000000036e-12	383.9622641509434	POOLED	LI
975031	985030	980030.5	81	423.997459390728	0	0	1	0.996005996001	1.0000000000000036e-12	408.0740740740741	POOLED	LI
980031	990030	985030.5	65	420.9974773667371	0	0	1	0.996005996001	1.0000000000000036e-12	401.55384615384617	POOLED	LI
985031	995030	990030.5	67	420.9974773667371	0	0	1	0.996005996001	1.0000000000000036e-12	406.05970149253733	POOLED	LI
990031	1000030	995030.5	78	420.9974773667371	4.2856755618642594e-10	0	1	0.996005996001	1.0000000000000036e-12	403	POOLED	LI
995031	1005030	1000030.5	84	417.4829504629332	0	0	0.9976658931703544	0.996005996001	1.0000000000000036e-12	399.3809523809524	POOLED	LI
1000031	1010030	1005030.5	112	419.9833438859401	0	0	1	0.996005996001	1.0000000000000036e-12	408.70535714285717	POOLED	LI
1005031	1015030	1010030.5	116	420.9974773667371	1.5381885866077594e-9	0	0.9988532110091743	0.996005996001	1.0000000000000036e-12	417.62931034482756	POOLED	LI
1010031	1020030	1015030.5	123	421.9707025277249	1.0236352975875225e-9	0	0.9975247524752475	0.9952009684636074	2.0869242945065225e-12	418.390243902439	POOLED	LI
1015031	1025030	1020030.5	92	423.48415229930197	0	0	0.9976359205937584	0.996005996001	1.0000000000000036e-12	414.2391304347826	POOLED	LI
1020031	1030030	1025030.5	59	420.9706337020094	0	0	0.9976635514018691	0.996005996001	1.0000000000000036e-12	408.23728813559325	POOLED	LI
1025031	1035030	1030030.5	64	406.99756125477904	0	0	0.9988584474885844	0.996005996001	1.0000000000000036e-12	357.9375	POOLED	LI
1030031	1040030	1035030.5	108	411.99753129476403	2.476773951375078e-11	0	1	0.996005996001	1.0000000000000036e-12	375.10185185185185	POOLED	LI
1035031	1045030	1040030.5	134	416.997501334749	9.391396584769531e-11	0	1	0.996005996001	1.0000000000000036e-12	406.3059701492537	POOLED	LI
1040031	1050030	1045030.5	133	421.997471374734	1.2670854502135936e-10	0	1	0.996005996001	1.0000000000000036e-12	411.7894736842105	POOLED	LI
1045031	1055030	1050030.5	122	421.997471374734	5.664279701363042e-11	0	1	0.996005996001	1.0000000000000036e-12	412.0409836065574	POOLED	LI
1050031	1060030	1055030.5	95	417.99749534274605	0	0	1	0.996005996001	1.0000000000000036e-12	404.61052631578946	POOLED	LI
1055031	1065030	1060030.5	94	419.9468211998028	0	0	1	0.996005996001	1.0000000000000036e-12	409.78723404255317	POOLED	LI
1060031	1070030	1065030.5	71	424.99745339872504	0	0	1	0.996005996001	1.0000000000000036e-12	418.53521126760563	POOLED	LI
1065031	1075030	1070030.5	68	422.5671499274697	2.9790795532961173e-9	0	1	0.996005996001	1.0000000000000036e-12	413.3235294117647	POOLED	LI
1070031	1080030	1075030.5	102	414.49279900491257	3.8749407907207334e-10	0	1	0.996005996001	1.0000000000000036e-12	404	POOLED	LI
1075031	1085030	1080030.5	109	414.9880786990671	1.7618314726072578e-9	0	1	0.996005996001	1.0000000000000036e-12	403.8073394495413	POOLED	LI
1080031	1090030	1085030.5	98	417.8019607152511	1.377617329735963e-9	0	1	0.996005996001	1.0000000000000036e-12	410.2857142857143	POOLED	LI
1085031	1095030	1090030.5	110	417.8777368533406	4.660514704254177e-10	0	1	0.996005996001	1.0000000000000036e-12	411.1454545454545	POOLED	LI
1090031	1100030	1095030.5	102	418.6159033410422	7.273624859227443e-10	0	1	0.996005996001	1.0000000000000036e-12	412.46078431372547	POOLED	LI
1095031	1105030	1100030.5	94	419.49748635474157	3.3158122686090693e-9	0	1	0.996005996001	1.0000000000000036e-12	416.51063829787233	POOLED	LI
1100031	1110030	1105030.5	95	420.9974773667371	2.8064335800653895e-9	0	0.9976798143851509	0.9954725596152557	1.6524398487026412e-12	419.4421052631579	POOLED	LI
1105031	1115030	1110030.5	79	419.99748335874006	2.436327124446399e-10	0	0.9975669099756691	0.9953569434156155	1.828126293399505e-12	421.55696202531647	POOLED	LI
1110031	1120030	1115030.5	94	419.49748635474157	5.4069268396200376e-11	0	1	0.996005996001	1.0000000000000036e-12	414.3404255319149	POOLED	LI
1115031	1125030	1120030.5	97	421.997471374734	3.090985661363653e-11	0	1	0.996005996001	1.0000000000000036e-12	414.2474226804124	POOLED	LI
1120031	1130030	1125030.5	114	422.99746538273104	5.7834858390014556e-11	0	1	0.996005996001	1.0000000000000036e-12	414.20175438596493	POOLED	LI
1125031	1135030	1130030.5	161	422.99746538273104	4.3423250094017884e-11	0	1	0.996005996001	1.0000000000000036e-12	414.69565217391306	POOLED	LI
1130031	1140030	1135030.5	147	423.997459390728	0	0	1	0.996005996001	1.0000000000000036e-12	415.3741496598639	POOLED	LI
1135031	1145030	1140030.5	120	421.997471374734	2.8844584019434624e-12	0	1	0.996005996001	1.0000000000000036e-12	407.71666666666664	POOLED	LI
1140031	1150030	1145030.5	107	418.997489350743	1.9697667981231096e-10	0	1	0.996005996001	1.0000000000000036e-12	407.8130841121495	POOLED	LI
1145031	1155030	1150030.5	98	415.0064904638882	0	0	1	0.996005996001	1.0000000000000036e-12	391.9795918367347	POOLED	LI
1150031	1160030	1155030.5	97	417.99749534274605	0	0	0.9977011494252873	0.9954311896494326	1.7137768399553338e-12	386.6185567010309	POOLED	LI
1155031	1165030	1160030.5	98	419.9596967575299	2.2372433408884652e-11	0	1	0.996005996001	1.0000000000000036e-12	404.4591836734694	POOLED	LI
1160031	1170030	1165030.5	109	420.9974773667371	0	0	0.9975845410628019	0.995291356026958	1.933822420014424e-12	409.88990825688074	POOLED	LI
1165031	1175030	1170030.5	123	420.17000518606454	0	0	0.9976744186046511	0.996005996001	1.0000000000000036e-12	407.9024390243902	POOLED	LI
1170031	1180030	1175030.5	108	423.4974623867295	0	0	1	0.996005996001	1.0000000000000036e-12	408.1296296296296	POOLED	LI
1175031	1185030	1180030.5	85	423.997459390728	0	0	1	0.996005996001	1.0000000000000036e-12	325.2352941176471	POOLED	LI
1180031	1190030	1185030.5	59	204.96002336161294	8.149398106332421e-8	0	1	0.996005996001	1.0000000000000036e-12	215.72881355932202	POOLED	LI
1185031	1195030	1190030.5	62	207.94122531454408	3.5393303621831753e-10	0	1	0.996005996001	1.0000000000000036e-12	228.56451612903226	POOLED	LI
1190031	1200030	1195030.5	90	406.99756125477904	2.8181253197013844e-10	0	0.9976716828935099	0.996005996001	1.0000000000000036e-12	328.35555555555555	POOLED	LI
1195031	1205030	1200030.5	110	415.49751032275356	2.6040431938000964e-10	0	1	0.996005996001	1.0000000000000036e-12	410.7	POOLED	LI
1200031	1210030	1205030.5	132	420.9974773667371	0	0	1	0.996005996001	1.0000000000000036e-12	412.8712121212121	POOLED	LI
1205031	1215030	1210030.5	113	421.99645111046294	0	0	1	0.996005996001	1.0000000000000036e-12	414.07964601769913	POOLED	LI
1210031	1220030	1215030.5	72	420.1623107940161	0	0	1	0.996005996001	1.0000000000000036e-12	413.3333333333333	POOLED	LI
1215031	1225030	1220030.5	81	421.997471374734	4.933853833582745e-6	0	1	0.996005996001	1.0000000000000036e-12	415.22222222222223	POOLED	LI
1220031	1230030	1225030.5	103	420.9974773667371	0	0	1	0.996005996001	1.0000000000000036e-12	414.20388349514565	POOLED	LI
1225031	1235030	1230030.5	89	418.997489350743	0	0	1	0.996005996001	1.0000000000000036e-12	412.6629213483146	POOLED	LI
1230031	1240030	1235030.5	89	419.98575959669586	1.1319638853498731e-11	0	1	0.996005996001	1.0000000000000036e-12	416.9438202247191	POOLED	LI
1235031	1245030	1240030.5	111	418.997489350743	0	0	1	0.996005996001	1.0000000000000036e-12	413.13513513513516	POOLED	LI
1240031	1250030	1245030.5	128	419.49748635474157	0	0	1	0.996005996001	1.0000000000000036e-12	409.6171875	POOLED	LI
1245031	1255030	1250030.5	121	422.99746538273104	0	0	1	0.996005996001	1.0000000000000036e-12	409.54545454545456	POOLED	LI
1250031	1260030	1255030.5	131	422.99746538273104	0	0	1	0.996005996001	1.0000000000000036e-12	411.60305343511453	POOLED	LI
1255031	1265030	1260030.5	110	423.8281931142391	0	0	1	0.996005996001	1.0000000000000036e-12	416.3181818181818	POOLED	LI
1260031	1270030	1265030.5	110	427.997435422716	0	0	1	0.996005996001	1.0000000000000036e-12	420.06363636363636	POOLED	LI
1265031	1275030	1270030.5	144	425.997447406722	0	0	1	0.996005996001	1.0000000000000036e-12	416.1111111111111	POOLED	LI
1270031	1280030	1275030.5	138	421.997471374734	0	0	1	0.996005996001	1.0000000000000036e-12	414.463768115942	POOLED	LI
1275031	1285030	1280030.5	134	419.99748335874006	0	0	1	0.996005996001	1.0000000000000036e-12	410.94776119402985	POOLED	LI
1280031	1290030	1285030.5	100	421.4974743707355	0	0	1	0.996005996001	1.0000000000000036e-12	407.17	POOLED	LI
1285031	1295030	1290030.5	82	422.6170651243324	0	0	1	0.996005996001	1.0000000000000036e-12	414.6951219512195	POOLED	LI
1290031	1300030	1295030.5	104	422.61752516686226	0	0	1	0.996005996001	1.0000000000000036e-12	414.75	POOLED	LI
1295031	1305030	1300030.5	99	420.9974773667371	0	0	1	0.996005996001	1.0000000000000036e-12	413.22222222222223	POOLED	LI
1300031	1310030	1305030.5	83	422.99746538273104	0	0	1	0.996005996001	1.0000000000000036e-12	418.0843373493976	POOLED	LI
1305031	1315030	1310030.5	71	425.997447406722	NA	0	1	0.996005996001	1.0000000000000036e-12	422.90140845070425	POOLED	LI
1310031	1320030	1315030.5	66	427.997435422716	0	0	1	0.996005996001	1.0000000000000036e-12	420.6515151515151	POOLED	LI
1315031	1325030	1320030.5	94	421.4969642386	0	0	1	0.996005996001	1.0000000000000036e-12	417.32978723404256	POOLED	LI
1320031	1330030	1325030.5	105	421.997471374734	0	0	1	0.996005996001	1.0000000000000036e-12	418.06666666666666	POOLED	LI
1325031	1335030	1330030.5	93	421.997471374734	0	0	1	0.996005996001	1.0000000000000036e-12	414.0537634408602	POOLED	LI
1330031	1340030	1335030.5	79	420.9974773667371	0	0	1	0.996005996001	1.0000000000000036e-12	409.43037974683546	POOLED	LI
1335031	1345030	1340030.5	93	418.997489350743	0	0	0.9977064220183486	0.996005996001	1.0000000000000036e-12	401.0860215053763	POOLED	LI
1340031	1350030	1345030.5	102	417.99749534274605	0	0	0.9988558352402745	0.996005996001	1.0000000000000036e-12	404.6764705882353	POOLED	LI
1345031	1355030	1350030.5	68	421.99747137473406	3.0235085120977585e-10	0	1	0.996005996001	1.0000000000000036e-12	417.1617647058824	POOLED	LI
1350031	1360030	1355030.5	55	425.997447406722	3.9824962651652065e-10	0	1	0.996005996001	1.0000000000000036e-12	423.3272727272727	POOLED	LI
1355031	1365030	1360030.5	79	423.6422740434653	0	0	1	0.996005996001	1.0000000000000036e-12	413.44303797468353	POOLED	LI
1360031	1370030	1365030.5	72	420.49748036273854	0	0	1	0.996005996001	1.0000000000000036e-12	408.5416666666667	POOLED	LI
1365031	1375030	1370030.5	54	425.9929153807585	2.1432058624817854e-10	0	1	0.996005996001	1.0000000000000036e-12	420.72222222222223	POOLED	LI
1370031	1380030	1375030.5	77	423.997459390728	7.269283710007226e-11	0	1	0.996005996001	1.0000000000000036e-12	403.27272727272725	POOLED	LI
1375031	1385030	1380030.5	104	418.2763556663315	1.4538567420014452e-10	0	1	0.996005996001	1.0000000000000036e-12	400.77884615384613	POOLED	LI
1380031	1390030	1385030.5	105	420.9974773667371	0	0	1	0.996005996001	1.0000000000000036e-12	410.8666666666667	POOLED	LI
1385031	1395030	1390030.5	101	422.99645948704085	2.018184237185694e-11	0	1	0.996005996001	1.0000000000000036e-12	414.9504950495049	POOLED	LI
1390031	1400030	1395030.5	109	422.99746538273104	2.0893375713839586e-10	0	1	0.996005996001	1.0000000000000036e-12	414.6605504587156	POOLED	LI
1395031	1405030	1400030.5	96	420.3404525272029	5.365246532219944e-10	0	1	0.996005996001	1.0000000000000036e-12	414.1041666666667	POOLED	LI
1400031	1410030	1405030.5	83	418.997489350743	2.7201926409890945e-10	0	1	0.996005996001	1.0000000000000036e-12	415.6385542168675	POOLED	LI
1405031	1415030	1410030.5	82	418.99695754597633	1.927434340251412e-10	0	1	0.996005996001	1.0000000000000036e-12	414.1219512195122	POOLED	LI
1410031	1420030	1415030.5	101	421.997471374734	4.5731441401516416e-10	0	1	0.996005996001	1.0000000000000036e-12	415.0693069306931	POOLED	LI
1415031	1425030	1420030.5	119	423.997459390728	2.8857681044291004e-10	0	1	0.996005996001	1.0000000000000036e-12	416.26050420168065	POOLED	LI
1420031	1430030	1425030.5	115	419.99748335874006	3.7696075170137527e-10	0	0.9976851851851852	0.996005996001	1.0000000000000036e-12	411.4695652173913	POOLED	LI
1425031	1435030	1430030.5	94	419.99748335874006	4.035906208611852e-10	0	0.9976824997851681	0.996005996001	1.0000000000000036e-12	410.21276595744683	POOLED	LI
1430031	1440030	1435030.5	73	420.9974773667371	4.2503621499248954e-11	0	0.9976851851851852	0.996005996001	1.0000000000000036e-12	410.8493150684931	POOLED	LI
1435031	1445030	1440030.5	73	420.9974773667371	2.2295963976453498e-8	0	0.9977064220183486	0.996005996001	1.0000000000000036e-12	412.4657534246575	POOLED	LI
1440031	1450030	1445030.5	59	423.997459390728	1.6946292543787058e-8	0	1	0.996005996001	1.0000000000000036e-12	420	POOLED	LI
1445031	1455030	1450030.5	61	415.99750732675204	2.8792824455507686e-8	0	0.9976744186046511	0.9954622875204505	1.6675133187621782e-12	417.95081967213116	POOLED	LI
1450031	1460030	1455030.5	88	423.99696360744844	9.48050144891138e-7	0	1	0.996005996001	1.0000000000000036e-12	418.64772727272725	POOLED	LI
1455031	1465030	1460030.5	106	422.9728648487612	1.1321049075540153e-6	0	1	0.996005996001	1.0000000000000036e-12	418.9433962264151	POOLED	LI
1460031	1470030	1465030.5	86	420.9974773667371	2.6934975750931375e-6	0	0.9976525821596244	0.996005996001	1.0000000000000036e-12	417.1162790697674	POOLED	LI
1465031	1475030	1470030.5	74	424.4249288994399	0	0	0.9977142588451652	0.996005996001	1.0000000000000036e-12	419.8783783783784	POOLED	LI
1470031	1480030	1475030.5	78	424.99745339872504	1.846277315621722e-8	0	0.9977142588451652	0.996005996001	1.0000000000000036e-12	419.3974358974359	POOLED	LI
1475031	1485030	1480030.5	78	421.997471374734	3.132618644445356e-10	0	1	0.996005996001	1.0000000000000036e-12	408.7307692307692	POOLED	LI
1480031	1490030	1485030.5	85	419.99748335874006	7.963578660441355e-7	0	1	0.996005996001	1.0000000000000036e-12	410.3058823529412	POOLED	LI
1485031	1495030	1490030.5	73	410.997537286767	6.953294641121976e-7	0	0.9977064220183486	0.996005996001	1.0000000000000036e-12	416.36986301369865	POOLED	LI
1490031	1500030	1495030.5	77	411.99753129476403	1.2463876661622778e-7	0	0.9976359338061466	0.996005996001	1.0000000000000036e-12	413.31168831168833	POOLED	LI
1495031	1505030	1500030.5	75	416.997501334749	2.576026559924455e-7	0	1	0.996005996001	1.0000000000000036e-12	416.37333333333333	POOLED	LI
1500031	1510030	1505030.5	60	417.99749534274605	8.123805489762285e-9	0	0.9976470067157197	0.996005996001	1.0000000000000036e-12	418.56666666666666	POOLED	LI
1505031	1515030	1510030.5	66	414.5932716016158	5.2054404436841384e-9	0	0.9964662221521411	0.9950533309118443	2.3892632619958723e-12	417.74242424242425	POOLED	LI
1510031	1520030	1515030.5	70	414.5932716016158	5.0350459444628545e-9	0	0.9950770160072486	0.9908881465659645	2.73042073952765e-11	416.7142857142857	POOLED	LI
1515031	1525030	1520030.5	68	416.99695498032804	1.791796068386937e-10	0	0.9976162063870895	0.9957341417607253	1.333756659381091e-12	396.20588235294116	POOLED	LI
31	10030	5030.5	140	34.75601386849916	0	0	1	0.996005996001	1.0000000000000036e-12	38.035714285714285	LI1	LI
5031	15030	10030.5	118	24.941588	0	0	1	0.996005996001	1.0000000000000036e-12	41.04237288135593	LI1	LI
10031	20030	15030.5	124	24.941588	0	0	1	0.996005996001	1.0000000000000036e-12	40.79838709677419	LI1	LI
15031	25030	20030.5	89	24.40451076064645	0	0	1	0.996005996001	1.0000000000000036e-12	41.46067415730337	LI1	LI
20031	30030	25030.5	77	24.40451076064645	0	0	1	0.996005996001	1.0000000000000036e-12	41.66233766233766	LI1	LI
25031	35030	30030.5	108	NA	NA	0	1	0.996005996001	1.0000000000000036e-12	41.879629629629626	LI1	LI
30031	40030	35030.5	117	NA	NA	0	1	0.996005996001	1.0000000000000036e-12	42.05982905982906	LI1	LI
35031	45030	40030.5	78	NA	NA	0	1	0.996005996001	1.0000000000000036e-12	41.97435897435897	LI1	LI
40031	50030	45030.5	80	19.56939697265625	0	0	1	0.996005996001	1.0000000000000036e-12	41.65	LI1	LI
45031	55030	50030.5	108	31.76791019568669	0	0	1	0.996005996001	1.0000000000000036e-12	42.074074074074076	LI1	LI
50031	60030	55030.5	110	34.8957145590379	0	0	1	0.996005996001	1.0000000000000036e-12	42.154545454545456	LI1	LI
55031	65030	60030.5	97	34.63556851311954	0	0	1	0.996005996001	1.0000000000000036e-12	41.8041237113402	LI1	LI
60031	70030	65030.5	96	20.84683627915452	NA	0	1	0.996005996001	1.0000000000000036e-12	41.90625	LI1	LI
65031	75030	70030.5	122	NA	NA	0	1	0.996005996001	1.0000000000000036e-12	42.02459016393443	LI1	LI
70031	80030	75030.5	123	NA	NA	0	1	0.996005996001	1.0000000000000036e-12	42.1869918699187	LI1	LI
75031	85030	80030.5	90	40.96400679763788	NA	0	1	0.996005996001	1.0000000000000036e-12	42.25555555555555	LI1	LI
80031	90030	85030.5	86	40.96400679763788	NA	0	1	0.996005996001	1.0000000000000036e-12	41.98837209302326	LI1	LI
85031	95030	90030.5	106	22.936657557327198	NA	0	1	0.996005996001	1.0000000000000036e-12	40.301886792452834	LI1	LI
90031	100030	95030.5	129	22.936657557327198	NA	0	1	0.996005996001	1.0000000000000036e-12	39.798449612403104	LI1	LI
95031	105030	100030.5	164	37.44610845566765	NA	0	1	0.996005996001	1.0000000000000036e-12	40.109756097560975	LI1	LI
100031	110030	105030.5	134	37.44610845566765	NA	0	1	0.996005996001	1.0000000000000036e-12	40.56716417910448	LI1	LI
105031	115030	110030.5	88	17.054576210826205	0.021739130434782577	0	1	0.996005996001	1.0000000000000036e-12	42.20454545454545	LI1	LI
110031	120030	115030.5	99	27.04197815855301	0.06115715041611858	0	1	0.996005996001	1.0000000000000036e-12	42.292929292929294	LI1	LI
115031	125030	120030.5	99	37.02938010627982	0.10057517039745457	0	1	0.996005996001	1.0000000000000036e-12	42.343434343434346	LI1	LI
120031	130030	125030.5	67	41.96485007693554	NA	0	1	0.996005996001	1.0000000000000036e-12	42.32835820895522	LI1	LI
125031	135030	130030.5	88	41.96485007693554	NA	0	1	0.996005996001	1.0000000000000036e-12	42.21590909090909	LI1	LI
130031	140030	135030.5	118	NA	NA	0	1	0.996005996001	1.0000000000000036e-12	40.61864406779661	LI1	LI
135031	145030	140030.5	96	NA	NA	0	1	0.996005996001	1.0000000000000036e-12	40.34375	LI1	LI
140031	150030	145030.5	138	NA	NA	0	1	0.996005996001	1.0000000000000036e-12	42.5	LI1	LI
145031	155030	150030.5	214	27.381214315182056	0	0	1	0.996005996001	1.0000000000000036e-12	42.37850467289719	LI1	LI
150031	160030	155030.5	199	27.381214315182056	0	0	1	0.996005996001	1.0000000000000036e-12	42.06532663316583	LI1	LI
155031	165030	160030.5	131	NA	NA	0	1	0.996005996001	1.0000000000000036e-12	41.80916030534351	LI1	LI
160031	170030	165030.5	95	40.004519814049466	NA	0	1	0.996005996001	1.0000000000000036e-12	41.55789473684211	LI1	LI
165031	175030	170030.5	87	32.58669322518586	0	0	1	0.996005996001	1.0000000000000036e-12	40.81609195402299	LI1	LI
170031	180030	175030.5	81	25.168866636322257	0	0	1	0.996005996001	1.0000000000000036e-12	40.98765432098765	LI1	LI
175031	185030	180030.5	94	144.83674755799802	5.583891648512622	0	1	0.996005996001	1.0000000000000036e-12	40.723404255319146	LI1	LI
180031	190030	185030.5	112	144.83674755799802	5.583891648512622	0	1	0.996005996001	1.0000000000000036e-12	41.1875	LI1	LI
185031	195030	190030.5	101	NA	NA	0	1	0.996005996001	1.0000000000000036e-12	42.42574257425743	LI1	LI
190031	200030	195030.5	80	NA	NA	0	1	0.996005996001	1.0000000000000036e-12	42.575	LI1	LI
195031	205030	200030.5	113	19.839568847656253	NA	0	1	0.996005996001	1.0000000000000036e-12	41.283185840707965	LI1	LI
200031	210030	205030.5	114	30.880556079030384	NA	0	1	0.996005996001	1.0000000000000036e-12	40.85087719298246	LI1	LI
205031	215030	210030.5	91	41.921543310404516	NA	0	1	0.996005996001	1.0000000000000036e-12	41.747252747252745	LI1	LI
210031	220030	215030.5	103	NA	NA	0	1	0.996005996001	1.0000000000000036e-12	42.24271844660194	LI1	LI
215031	225030	220030.5	109	29.648374211588525	38003.098765432056	0	1	0.996005996001	1.0000000000000036e-12	41.91743119266055	LI1	LI
220031	230030	225030.5	84	29.648374211588525	38003.098765432056	0	1	0.996005996001	1.0000000000000036e-12	41.773809523809526	LI1	LI
225031	235030	230030.5	51	NA	NA	0	1	0.996005996001	1.0000000000000036e-12	42.431372549019606	LI1	LI
230031	240030	235030.5	89	NA	NA	0	1	0.996005996001	1.0000000000000036e-12	41.842696629213485	LI1	LI
235031	245030	240030.5	105	42.276004420209574	NA	0	1	0.996005996001	1.0000000000000036e-12	41.68571428571428	LI1	LI
240031	250030	245030.5	100	42.276004420209574	NA	0	1	0.996005996001	1.0000000000000036e-12	42.09	LI1	LI
245031	255030	250030.5	99	42.864754046813495	NA	0	1	0.996005996001	1.0000000000000036e-12	42.282828282828284	LI1	LI
250031	260030	255030.5	98	42.864754046813495	NA	0	1	0.996005996001	1.0000000000000036e-12	42.13265306122449	LI1	LI
255031	265030	260030.5	104	40.919676887759174	NA	0	1	0.996005996001	1.0000000000000036e-12	41.76923076923077	LI1	LI
260031	270030	265030.5	87	40.919676887759174	NA	0	1	0.996005996001	1.0000000000000036e-12	41.747126436781606	LI1	LI
265031	275030	270030.5	80	793.8381597471536	0	0	1	0.996005996001	1.0000000000000036e-12	42.3375	LI1	LI
270031	280030	275030.5	82	793.8381597471536	0	0	1	0.996005996001	1.0000000000000036e-12	42.34146341463415	LI1	LI
275031	285030	280030.5	87	35.908833821614586	NA	0	1	0.996005996001	1.0000000000000036e-12	40.01149425287356	LI1	LI
280031	290030	285030.5	86	35.908833821614586	NA	0	1	0.996005996001	1.0000000000000036e-12	37.68604651162791	LI1	LI
285031	295030	290030.5	91	25.324099217086932	NA	0	1	0.996005996001	1.0000000000000036e-12	38.747252747252745	LI1	LI
290031	300030	295030.5	99	25.324099217086932	NA	0	1	0.996005996001	1.0000000000000036e-12	39.93939393939394	LI1	LI
295031	305030	300030.5	142	NA	NA	0	1	0.996005996001	1.0000000000000036e-12	40.971830985915496	LI1	LI
300031	310030	305030.5	134	NA	NA	0	1	0.996005996001	1.0000000000000036e-12	41.8134328358209	LI1	LI
305031	315030	310030.5	90	NA	NA	0	1	0.996005996001	1.0000000000000036e-12	38.577777777777776	LI1	LI
310031	320030	315030.5	131	NA	NA	0	1	0.996005996001	1.0000000000000036e-12	39.770992366412216	LI1	LI
315031	325030	320030.5	121	NA	NA	0	1	0.996005996001	1.0000000000000036e-12	40.78512396694215	LI1	LI
320031	330030	325030.5	92	NA	NA	0	1	0.996005996001	1.0000000000000036e-12	38.52173913043478	LI1	LI
325031	335030	330030.5	108	NA	NA	0	1	0.996005996001	1.0000000000000036e-12	39.925925925925924	LI1	LI
330031	340030	335030.5	99	NA	NA	0	1	0.996005996001	1.0000000000000036e-12	40.74747474747475	LI1	LI
335031	345030	340030.5	84	701.4362730248861	0	0	1	0.996005996001	1.0000000000000036e-12	41.083333333333336	LI1	LI
340031	350030	345030.5	67	701.4362730248861	0	0	1	0.996005996001	1.0000000000000036e-12	36.776119402985074	LI1	LI
345031	355030	350030.5	34	20.84683627915452	NA	0	1	0.996005996001	1.0000000000000036e-12	30	LI1	LI
350031	360030	355030.5	8	277.98882016844436	0	0	1	0.996005996001	1.0000000000000036e-12	28.625	LI1	LI
355031	365030	360030.5	7	535.1308040577342	0	0	1	0.996005996001	1.0000000000000036e-12	21.857142857142858	LI1	LI
360031	370030	365030.5	13	26.376828394109133	0	0	1	0.996005996001	1.0000000000000036e-12	22.923076923076923	LI1	LI
365031	375030	370030.5	54	26.376828394109133	0	0	1	0.996005996001	1.0000000000000036e-12	21.574074074074073	LI1	LI
370031	380030	375030.5	89	NA	NA	0	1	0.996005996001	1.0000000000000036e-12	29.370786516853933	LI1	LI
375031	385030	380030.5	75	NA	NA	0	1	0.996005996001	1.0000000000000036e-12	40.413333333333334	LI1	LI
380031	390030	385030.5	67	NA	NA	0	1	0.996005996001	1.0000000000000036e-12	42.37313432835821	LI1	LI
385031	395030	390030.5	81	NA	NA	0	1	0.996005996001	1.0000000000000036e-12	42.5679012345679	LI1	LI
390031	400030	395030.5	81	37.64069469344565	0	0	1	0.996005996001	1.0000000000000036e-12	41.96296296296296	LI1	LI
395031	405030	400030.5	80	37.64069469344565	0	0	1	0.996005996001	1.0000000000000036e-12	41.675	LI1	LI
400031	410030	405030.5	99	NA	NA	0	1	0.996005996001	1.0000000000000036e-12	41.74747474747475	LI1	LI
405031	415030	410030.5	87	32.97690812152817	0	0	1	0.996005996001	1.0000000000000036e-12	41	LI1	LI
410031	420030	415030.5	67	32.97690812152817	0	0	1	0.996005996001	1.0000000000000036e-12	40.343283582089555	LI1	LI
415031	425030	420030.5	78	NA	NA	0	1	0.996005996001	1.0000000000000036e-12	40.84615384615385	LI1	LI
420031	430030	425030.5	91	NA	NA	0	1	0.996005996001	1.0000000000000036e-12	41.362637362637365	LI1	LI
425031	435030	430030.5	96	NA	NA	0	1	0.996005996001	1.0000000000000036e-12	41.0625	LI1	LI
430031	440030	435030.5	96	NA	NA	0	1	0.996005996001	1.0000000000000036e-12	41.71875	LI1	LI
435031	445030	440030.5	93	32.59879947192993	1.1719760227177879e-4	0	1	0.996005996001	1.0000000000000036e-12	40.666666666666664	LI1	LI
440031	450030	445030.5	80	35.182828373272386	18425.74491456586	0	1	0.996005996001	1.0000000000000036e-12	39.5375	LI1	LI
445031	455030	450030.5	75	37.38254896324618	36851.48971193412	0	1	0.996005996001	1.0000000000000036e-12	41.38666666666666	LI1	LI
450031	460030	455030.5	96	NA	NA	0	1	0.996005996001	1.0000000000000036e-12	42.15625	LI1	LI
455031	465030	460030.5	93	NA	NA	0	1	0.996005996001	1.0000000000000036e-12	40.54838709677419	LI1	LI
460031	470030	465030.5	97	36.96018621799301	NA	0	1	0.996005996001	1.0000000000000036e-12	40.329896907216494	LI1	LI
465031	475030	470030.5	85	36.96018621799301	NA	0	1	0.996005996001	1.0000000000000036e-12	42.011764705882356	LI1	LI
470031	480030	475030.5	61	28.2040315172706	1.8948586213227337e-4	0	1	0.996005996001	1.0000000000000036e-12	42.36065573770492	LI1	LI
475031	485030	480030.5	77	28.2040315172706	1.8948586213227337e-4	0	1	0.996005996001	1.0000000000000036e-12	42.22077922077922	LI1	LI
480031	490030	485030.5	54	NA	NA	0	1	0.996005996001	1.0000000000000036e-12	42.05555555555556	LI1	LI
485031	495030	490030.5	40	NA	NA	0	1	0.996005996001	1.0000000000000036e-12	42.15	LI1	LI
490031	500030	495030.5	54	41.96485007693554	NA	0	1	0.996005996001	1.0000000000000036e-12	41.94444444444444	LI1	LI
495031	505030	500030.5	65	41.96485007693554	NA	0	1	0.996005996001	1.0000000000000036e-12	40.95384615384615	LI1	LI
500031	510030	505030.5	74	NA	NA	0	1	0.996005996001	1.0000000000000036e-12	41.527027027027025	LI1	LI
505031	515030	510030.5	83	NA	NA	0	1	0.996005996001	1.0000000000000036e-12	40.93975903614458	LI1	LI
510031	520030	515030.5	77	32.17185829129447	4.036959523884831e-5	0	1	0.996005996001	1.0000000000000036e-12	40.55844155844156	LI1	LI
515031	525030	520030.5	59	31.87611997127533	0	0	1	0.996005996001	1.0000000000000036e-12	41.6271186440678	LI1	LI
520031	530030	525030.5	71	30.339306449207307	0	0	1	0.996005996001	1.0000000000000036e-12	38.67605633802817	LI1	LI
525031	535030	530030.5	76	25.32798391573202	NA	0	1	0.996005996001	1.0000000000000036e-12	36.56578947368421	LI1	LI
530031	540030	535030.5	72	21.853474904324756	NA	0	1	0.996005996001	1.0000000000000036e-12	36.27777777777778	LI1	LI
535031	545030	540030.5	82	NA	NA	0	1	0.996005996001	1.0000000000000036e-12	36.24390243902439	LI1	LI
540031	550030	545030.5	97	NA	NA	0	1	0.996005996001	1.0000000000000036e-12	38.91752577319588	LI1	LI
545031	555030	550030.5	95	29.150157354365966	0	0	1	0.996005996001	1.0000000000000036e-12	41.1578947368421	LI1	LI
550031	560030	555030.5	63	29.150157354365966	0	0	1	0.996005996001	1.0000000000000036e-12	41.58730158730159	LI1	LI
555031	565030	560030.5	46	NA	NA	0	1	0.996005996001	1.0000000000000036e-12	41.58695652173913	LI1	LI
560031	570030	565030.5	73	NA	NA	0	1	0.996005996001	1.0000000000000036e-12	41.64383561643836	LI1	LI
565031	575030	570030.5	109	26.945806660570035	0	0	1	0.996005996001	1.0000000000000036e-12	40.58715596330275	LI1	LI
570031	580030	575030.5	102	26.945806660570035	0	0	1	0.996005996001	1.0000000000000036e-12	40.127450980392155	LI1	LI
575031	585030	580030.5	67	345.4449987433717	0	0	1	0.996005996001	1.0000000000000036e-12	41.04477611940298	LI1	LI
580031	590030	585030.5	70	345.4449987433717	0	0	1	0.996005996001	1.0000000000000036e-12	40.84285714285714	LI1	LI
585031	595030	590030.5	79	31.9540958404541	NA	0	1	0.996005996001	1.0000000000000036e-12	40.18987341772152	LI1	LI
590031	600030	595030.5	71	31.545759975910187	0	0	1	0.996005996001	1.0000000000000036e-12	40.23943661971831	LI1	LI
595031	605030	600030.5	86	26.194069553863546	0	0	1	0.996005996001	1.0000000000000036e-12	41.395348837209305	LI1	LI
600031	610030	605030.5	114	24.567220444181913	0	0	1	0.996005996001	1.0000000000000036e-12	40.54385964912281	LI1	LI
605031	615030	610030.5	118	27.883725892003007	NA	0	1	0.996005996001	1.0000000000000036e-12	40.80508474576271	LI1	LI
610031	620030	615030.5	107	NA	NA	0	1	0.996005996001	1.0000000000000036e-12	42.308411214953274	LI1	LI
615031	625030	620030.5	100	NA	NA	0	1	0.996005996001	1.0000000000000036e-12	42.48	LI1	LI
620031	630030	625030.5	101	43.96642341871713	NA	0	1	0.996005996001	1.0000000000000036e-12	42.32673267326733	LI1	LI
625031	635030	630030.5	112	37.12860796997418	0	0	1	0.996005996001	1.0000000000000036e-12	40.38392857142857	LI1	LI
630031	640030	635030.5	79	30.290792521231246	0	0	1	0.996005996001	1.0000000000000036e-12	39.56962025316456	LI1	LI
635031	645030	640030.5	41	NA	NA	0	1	0.996005996001	1.0000000000000036e-12	41.75609756097561	LI1	LI
640031	650030	645030.5	57	NA	NA	0	1	0.996005996001	1.0000000000000036e-12	39.19298245614035	LI1	LI
645031	655030	650030.5	63	NA	NA	0	1	0.996005996001	1.0000000000000036e-12	39.84126984126984	LI1	LI
650031	660030	655030.5	64	27.403914466456136	0	0	1	0.996005996001	1.0000000000000036e-12	40.8125	LI1	LI
655031	665030	660030.5	63	30.234425923095035	0	0	1	0.996005996001	1.0000000000000036e-12	40.523809523809526	LI1	LI
660031	670030	665030.5	53	31.7734375	0	0	1	0.996005996001	1.0000000000000036e-12	41.45283018867924	LI1	LI
665031	675030	670030.5	35	NA	NA	0	1	0.996005996001	1.0000000000000036e-12	41.34285714285714	LI1	LI
670031	680030	675030.5	11	NA	NA	0	1	0.996005996001	1.0000000000000036e-12	34.27272727272727	LI1	LI
675031	685030	680030.5	9	NA	NA	NA	NA	NA	NA	0.6666666666666666	LI1	LI
680031	690030	685030.5	7	NA	NA	NA	NA	NA	NA	0.7142857142857143	LI1	LI
685031	695030	690030.5	0	NA	NA	NA	NA	NA	NA	NA	LI1	LI
690031	700030	695030.5	0	NA	NA	NA	NA	NA	NA	NA	LI1	LI
695031	705030	700030.5	0	NA	NA	NA	NA	NA	NA	NA	LI1	LI
700031	710030	705030.5	16	NA	NA	0	1	0.996005996001	1.0000000000000036e-12	38.75	LI1	LI
705031	715030	710030.5	62	24.076312046733484	0.011208757863286761	0	1	0.996005996001	1.0000000000000036e-12	41	LI1	LI
710031	720030	715030.5	107	24.076312046733484	0.011208757863286761	0	1	0.996005996001	1.0000000000000036e-12	41.48598130841121	LI1	LI
715031	725030	720030.5	99	19.997084548104954	0	0	1	0.996005996001	1.0000000000000036e-12	41.27272727272727	LI1	LI
720031	730030	725030.5	77	30.596521757570248	0	0	1	0.996005996001	1.0000000000000036e-12	41.532467532467535	LI1	LI
725031	735030	730030.5	74	35.62022869338445	0	0	1	0.996005996001	1.0000000000000036e-12	42.189189189189186	LI1	LI
730031	740030	735030.5	66	NA	NA	0	1	0.996005996001	1.0000000000000036e-12	42.27272727272727	LI1	LI
735031	745030	740030.5	71	NA	NA	0	1	0.996005996001	1.0000000000000036e-12	41.985915492957744	LI1	LI
740031	750030	745030.5	77	NA	NA	0	1	0.996005996001	1.0000000000000036e-12	41.714285714285715	LI1	LI
745031	755030	750030.5	72	NA	NA	0	1	0.996005996001	1.0000000000000036e-12	40.44444444444444	LI1	LI
750031	760030	755030.5	75	NA	NA	0	1	0.996005996001	1.0000000000000036e-12	40.45333333333333	LI1	LI
755031	765030	760030.5	93	26.368684852769675	NA	0	1	0.996005996001	1.0000000000000036e-12	40.82795698924731	LI1	LI
760031	770030	765030.5	92	27.795781705539355	0	0	1	0.996005996001	1.0000000000000036e-12	39.82608695652174	LI1	LI
765031	775030	770030.5	102	27.795781705539355	0	0	1	0.996005996001	1.0000000000000036e-12	39.8235294117647	LI1	LI
770031	780030	775030.5	98	NA	NA	0	1	0.996005996001	1.0000000000000036e-12	40.46938775510204	LI1	LI
775031	785030	780030.5	58	NA	NA	0	1	0.996005996001	1.0000000000000036e-12	41.224137931034484	LI1	LI
780031	790030	785030.5	70	NA	NA	0	1	0.996005996001	1.0000000000000036e-12	39.34285714285714	LI1	LI
785031	795030	790030.5	87	39.83569930064579	0	0	1	0.996005996001	1.0000000000000036e-12	39.252873563218394	LI1	LI
790031	800030	795030.5	67	39.83569930064579	0	0	1	0.996005996001	1.0000000000000036e-12	39.059701492537314	LI1	LI
795031	805030	800030.5	70	NA	NA	0	1	0.996005996001	1.0000000000000036e-12	37.542857142857144	LI1	LI
800031	810030	805030.5	66	NA	NA	0	1	0.996005996001	1.0000000000000036e-12	38.803030303030305	LI1	LI
805031	815030	810030.5	34	NA	NA	0	1	0.996005996001	1.0000000000000036e-12	37.529411764705884	LI1	LI
810031	820030	815030.5	91	29.459169625	0.10122172839506181	0	1	0.996005996001	1.0000000000000036e-12	37.16483516483517	LI1	LI
815031	825030	820030.5	109	42.96565475366949	0.10122172839506181	0	1	0.996005996001	1.0000000000000036e-12	39.07339449541284	LI1	LI
820031	830030	825030.5	62	42.96565475366949	NA	0	1	0.996005996001	1.0000000000000036e-12	41.96774193548387	LI1	LI
825031	835030	830030.5	77	19.839568847656253	NA	0	1	0.996005996001	1.0000000000000036e-12	41.37662337662338	LI1	LI
830031	840030	835030.5	78	19.839568847656253	NA	0	1	0.996005996001	1.0000000000000036e-12	41.333333333333336	LI1	LI
835031	845030	840030.5	84	NA	NA	0	1	0.996005996001	1.0000000000000036e-12	40.892857142857146	LI1	LI
840031	850030	845030.5	91	NA	NA	0	1	0.996005996001	1.0000000000000036e-12	41.34065934065934	LI1	LI
845031	855030	850030.5	85	NA	NA	0	1	0.996005996001	1.0000000000000036e-12	41.129411764705885	LI1	LI
850031	860030	855030.5	94	696.0890367784498	0	0	1	0.996005996001	1.0000000000000036e-12	38.40425531914894	LI1	LI
855031	865030	860030.5	107	696.0890367784498	0	0	1	0.996005996001	1.0000000000000036e-12	39.700934579439256	LI1	LI
860031	870030	865030.5	118	27.301548397318175	0	0	1	0.996005996001	1.0000000000000036e-12	40.63559322033898	LI1	LI
865031	875030	870030.5	131	37.68791004519609	0	0	1	0.996005996001	1.0000000000000036e-12	40.25954198473283	LI1	LI
870031	880030	875030.5	100	32.788238121108186	4.90813208813551e-6	0	1	0.996005996001	1.0000000000000036e-12	41.37	LI1	LI
875031	885030	880030.5	50	29.392165935554093	4.90813208813551e-6	0	1	0.996005996001	1.0000000000000036e-12	35.78	LI1	LI
880031	890030	885030.5	29	NA	NA	0	1	0.996005996001	1.0000000000000036e-12	26.06896551724138	LI1	LI
885031	895030	890030.5	44	NA	NA	0	1	0.996005996001	1.0000000000000036e-12	38.70454545454545	LI1	LI
890031	900030	895030.5	66	NA	NA	0	1	0.996005996001	1.0000000000000036e-12	38.71212121212121	LI1	LI
895031	905030	900030.5	39	11.217365032068185	0	0	1	0.996005996001	1.0000000000000036e-12	29.435897435897434	LI1	LI
900031	910030	905030.5	26	27.591894225392657	0	0	1	0.996005996001	1.0000000000000036e-12	16.576923076923077	LI1	LI
905031	915030	910030.5	55	43.96642341871713	NA	0	1	0.996005996001	1.0000000000000036e-12	33.8	LI1	LI
910031	920030	915030.5	86	27.591116413083085	0	0	1	0.996005996001	1.0000000000000036e-12	40.66279069767442	LI1	LI
915031	925030	920030.5	88	34.77798324500931	0	0	1	0.996005996001	1.0000000000000036e-12	41.125	LI1	LI
920031	930030	925030.5	107	41.96485007693554	NA	0	1	0.996005996001	1.0000000000000036e-12	41.495327102803735	LI1	LI
925031	935030	930030.5	119	NA	NA	0	1	0.996005996001	1.0000000000000036e-12	41.6890756302521	LI1	LI
930031	940030	935030.5	94	NA	NA	0	1	0.996005996001	1.0000000000000036e-12	42.06382978723404	LI1	LI
935031	945030	940030.5	97	NA	NA	0	1	0.996005996001	1.0000000000000036e-12	42.154639175257735	LI1	LI
940031	950030	945030.5	99	NA	NA	0	1	0.996005996001	1.0000000000000036e-12	41.92929292929293	LI1	LI
945031	955030	950030.5	71	30.13746430864187	0	0	1	0.996005996001	1.0000000000000036e-12	41.38028169014085	LI1	LI
950031	960030	955030.5	73	28.969611060570934	0	0	1	0.996005996001	1.0000000000000036e-12	38.97260273972603	LI1	LI
955031	965030	960030.5	66	10.871759954921112	NA	0	1	0.996005996001	1.0000000000000036e-12	36.5	LI1	LI
960031	970030	965030.5	62	NA	NA	0	1	0.996005996001	1.0000000000000036e-12	34.193548387096776	LI1	LI
965031	975030	970030.5	57	NA	NA	0	1	0.996005996001	1.0000000000000036e-12	31.70175438596491	LI1	LI
970031	980030	975030.5	53	NA	NA	0	1	0.996005996001	1.0000000000000036e-12	36.79245283018868	LI1	LI
975031	985030	980030.5	81	29.826118055555558	0	0	1	0.996005996001	1.0000000000000036e-12	39.839506172839506	LI1	LI
980031	990030	985030.5	65	33.34187444067287	0	0	1	0.996005996001	1.0000000000000036e-12	39.30769230769231	LI1	LI
985031	995030	990030.5	67	36.85763082579018	0	0	1	0.996005996001	1.0000000000000036e-12	40.32835820895522	LI1	LI
990031	1000030	995030.5	78	20.11871892082726	0	0	1	0.996005996001	1.0000000000000036e-12	39.833333333333336	LI1	LI
995031	1005030	1000030.5	84	20.38715642082726	0	0	1	0.996005996001	1.0000000000000036e-12	39.976190476190474	LI1	LI
1000031	1010030	1005030.5	112	21.340741651020693	NA	0	1	0.996005996001	1.0000000000000036e-12	40.848214285714285	LI1	LI
1005031	1015030	1010030.5	116	NA	NA	0	1	0.996005996001	1.0000000000000036e-12	41.827586206896555	LI1	LI
1010031	1020030	1015030.5	123	33.49593204969596	0	0	1	0.996005996001	1.0000000000000036e-12	42.08943089430894	LI1	LI
1015031	1025030	1020030.5	92	28.21629480351158	0	0	1	0.996005996001	1.0000000000000036e-12	41.69565217391305	LI1	LI
1020031	1030030	1025030.5	59	28.93563409353353	NA	0	1	0.996005996001	1.0000000000000036e-12	41.16949152542373	LI1	LI
1025031	1035030	1030030.5	64	34.93461062973986	NA	0	1	0.996005996001	1.0000000000000036e-12	33.6875	LI1	LI
1030031	1040030	1035030.5	108	25.943776314292215	NA	0	1	0.996005996001	1.0000000000000036e-12	35.93518518518518	LI1	LI
1035031	1045030	1040030.5	134	33.49662174035724	0	0	1	0.996005996001	1.0000000000000036e-12	40.32835820895522	LI1	LI
1040031	1050030	1045030.5	133	35.704389051395395	0	0	1	0.996005996001	1.0000000000000036e-12	41.16541353383459	LI1	LI
1045031	1055030	1050030.5	122	35.80654421607204	6.57815473055369e-6	0	1	0.996005996001	1.0000000000000036e-12	40.877049180327866	LI1	LI
1050031	1060030	1055030.5	95	30.909377023406748	0	0	1	0.996005996001	1.0000000000000036e-12	39.76842105263158	LI1	LI
1055031	1065030	1060030.5	94	30.909377023406748	0	0	1	0.996005996001	1.0000000000000036e-12	41	LI1	LI
1060031	1070030	1065030.5	71	NA	NA	0	1	0.996005996001	1.0000000000000036e-12	42	LI1	LI
1065031	1075030	1070030.5	68	31.319262613623355	0	0	1	0.996005996001	1.0000000000000036e-12	41.48529411764706	LI1	LI
1070031	1080030	1075030.5	102	31.319262613623355	0	0	1	0.996005996001	1.0000000000000036e-12	40.44117647058823	LI1	LI
1075031	1085030	1080030.5	109	NA	NA	0	1	0.996005996001	1.0000000000000036e-12	40.56880733944954	LI1	LI
1080031	1090030	1085030.5	98	NA	NA	0	1	0.996005996001	1.0000000000000036e-12	41.36734693877551	LI1	LI
1085031	1095030	1090030.5	110	24.87033925	NA	0	1	0.996005996001	1.0000000000000036e-12	41.09090909090909	LI1	LI
1090031	1100030	1095030.5	102	24.87033925	NA	0	1	0.996005996001	1.0000000000000036e-12	41.34313725490196	LI1	LI
1095031	1105030	1100030.5	94	42.864754046813495	NA	0	1	0.996005996001	1.0000000000000036e-12	42.01063829787234	LI1	LI
1100031	1110030	1105030.5	95	42.864754046813495	NA	0	1	0.996005996001	1.0000000000000036e-12	42.242105263157896	LI1	LI
1105031	1115030	1110030.5	79	NA	NA	0	1	0.996005996001	1.0000000000000036e-12	42.45569620253165	LI1	LI
1110031	1120030	1115030.5	94	31.702786256536893	0	0	1	0.996005996001	1.0000000000000036e-12	41.797872340425535	LI1	LI
1115031	1125030	1120030.5	97	31.702786256536893	0	0	1	0.996005996001	1.0000000000000036e-12	41.628865979381445	LI1	LI
1120031	1130030	1125030.5	114	NA	NA	0	1	0.996005996001	1.0000000000000036e-12	41.49122807017544	LI1	LI
1125031	1135030	1130030.5	161	NA	NA	0	1	0.996005996001	1.0000000000000036e-12	41.7639751552795	LI1	LI
1130031	1140030	1135030.5	147	NA	NA	0	1	0.996005996001	1.0000000000000036e-12	41.68027210884354	LI1	LI
1135031	1145030	1140030.5	120	36.58737030474651	NA	0	1	0.996005996001	1.0000000000000036e-12	40.358333333333334	LI1	LI
1140031	1150030	1145030.5	107	38.23761329738694	NA	0	1	0.996005996001	1.0000000000000036e-12	40.654205607476634	LI1	LI
1145031	1155030	1150030.5	98	16.81295558340118	NA	0	1	0.996005996001	1.0000000000000036e-12	39.69387755102041	LI1	LI
1150031	1160030	1155030.5	97	11.294932652811701	NA	0	1	0.996005996001	1.0000000000000036e-12	38.597938144329895	LI1	LI
1155031	1165030	1160030.5	98	NA	NA	0	1	0.996005996001	1.0000000000000036e-12	39.88775510204081	LI1	LI
1160031	1170030	1165030.5	109	33.89038402284277	0	0	1	0.996005996001	1.0000000000000036e-12	40.57798165137615	LI1	LI
1165031	1175030	1170030.5	123	26.788599298887366	0	0	1	0.996005996001	1.0000000000000036e-12	39.707317073170735	LI1	LI
1170031	1180030	1175030.5	108	26.788599298887366	NA	0	1	0.996005996001	1.0000000000000036e-12	40.03703703703704	LI1	LI
1175031	1185030	1180030.5	85	NA	NA	0	1	0.996005996001	1.0000000000000036e-12	25.75294117647059	LI1	LI
1180031	1190030	1185030.5	59	NA	NA	0	1	0.996005996001	1.0000000000000036e-12	6.101694915254237	LI1	LI
1185031	1195030	1190030.5	62	7.214568060023009	134.84773662551441	0	1	0.996005996001	1.0000000000000036e-12	8.274193548387096	LI1	LI
1190031	1200030	1195030.5	90	7.214568060023009	134.84773662551441	0	1	0.996005996001	1.0000000000000036e-12	26.11111111111111	LI1	LI
1195031	1205030	1200030.5	110	NA	NA	0	1	0.996005996001	1.0000000000000036e-12	41.17272727272727	LI1	LI
1200031	1210030	1205030.5	132	19.56939697265625	0	0	1	0.996005996001	1.0000000000000036e-12	41.53787878787879	LI1	LI
1205031	1215030	1210030.5	113	19.56939697265625	0	0	1	0.996005996001	1.0000000000000036e-12	41.796460176991154	LI1	LI
1210031	1220030	1215030.5	72	413.7474132069101	0	0	1	0.996005996001	1.0000000000000036e-12	42.166666666666664	LI1	LI
1215031	1225030	1220030.5	81	33.656666666666666	0	0	1	0.996005996001	1.0000000000000036e-12	42.08641975308642	LI1	LI
1220031	1230030	1225030.5	103	30.353817172261543	0	0	1	0.996005996001	1.0000000000000036e-12	41.679611650485434	LI1	LI
1225031	1235030	1230030.5	89	29.75804341199786	0	0	1	0.996005996001	1.0000000000000036e-12	41.550561797752806	LI1	LI
1230031	1240030	1235030.5	89	NA	NA	0	1	0.996005996001	1.0000000000000036e-12	42.157303370786515	LI1	LI
1235031	1245030	1240030.5	111	NA	NA	0	1	0.996005996001	1.0000000000000036e-12	41.729729729729726	LI1	LI
1240031	1250030	1245030.5	128	NA	NA	0	1	0.996005996001	1.0000000000000036e-12	41.3671875	LI1	LI
1245031	1255030	1250030.5	121	27.738184696431453	0	0	1	0.996005996001	1.0000000000000036e-12	41.05785123966942	LI1	LI
1250031	1260030	1255030.5	131	22.621326192261854	0	0	1	0.996005996001	1.0000000000000036e-12	41.0763358778626	LI1	LI
1255031	1265030	1260030.5	110	421.83052921164943	0	0	1	0.996005996001	1.0000000000000036e-12	41.60909090909091	LI1	LI
1260031	1270030	1265030.5	110	826.3303292566322	0	0	1	0.996005996001	1.0000000000000036e-12	42.13636363636363	LI1	LI
1265031	1275030	1270030.5	144	430.02315856659214	0	0	1	0.996005996001	1.0000000000000036e-12	41.791666666666664	LI1	LI
1270031	1280030	1275030.5	138	38.71250816551303	0	0	1	0.996005996001	1.0000000000000036e-12	41.666666666666664	LI1	LI
1275031	1285030	1280030.5	134	38.71250816551303	0	0	1	0.996005996001	1.0000000000000036e-12	40.94776119402985	LI1	LI
1280031	1290030	1285030.5	100	29.386628786706126	NA	0	1	0.996005996001	1.0000000000000036e-12	39.74	LI1	LI
1285031	1295030	1290030.5	82	29.386628786706126	NA	0	1	0.996005996001	1.0000000000000036e-12	41.170731707317074	LI1	LI
1290031	1300030	1295030.5	104	NA	NA	0	1	0.996005996001	1.0000000000000036e-12	41.69230769230769	LI1	LI
1295031	1305030	1300030.5	99	NA	NA	0	1	0.996005996001	1.0000000000000036e-12	41.22222222222222	LI1	LI
1300031	1310030	1305030.5	83	NA	NA	0	1	0.996005996001	1.0000000000000036e-12	41.855421686746986	LI1	LI
1305031	1315030	1310030.5	71	NA	NA	0	1	0.996005996001	1.0000000000000036e-12	42.59154929577465	LI1	LI
1310031	1320030	1315030.5	66	35.218176458411094	158137.23448563126	0	1	0.996005996001	1.0000000000000036e-12	42.621212121212125	LI1	LI
1315031	1325030	1320030.5	94	35.218176458411094	158137.23448563126	0	1	0.996005996001	1.0000000000000036e-12	42.180851063829785	LI1	LI
1320031	1330030	1325030.5	105	NA	NA	0	1	0.996005996001	1.0000000000000036e-12	42.24761904761905	LI1	LI
1325031	1335030	1330030.5	93	31.245580316922965	89523.23642926545	0	1	0.996005996001	1.0000000000000036e-12	41.87096774193548	LI1	LI
1330031	1340030	1335030.5	79	25.586528439711483	89523.23642926545	0	1	0.996005996001	1.0000000000000036e-12	40.89873417721519	LI1	LI
1335031	1345030	1340030.5	93	23.806125666938094	0	0	1	0.996005996001	1.0000000000000036e-12	40.55913978494624	LI1	LI
1340031	1350030	1345030.5	102	27.68477477137619	0	0	1	0.996005996001	1.0000000000000036e-12	41.254901960784316	LI1	LI
1345031	1355030	1350030.5	68	NA	NA	0	1	0.996005996001	1.0000000000000036e-12	42.1764705882353	LI1	LI
1350031	1360030	1355030.5	55	43.96642341871713	NA	0	1	0.996005996001	1.0000000000000036e-12	42.41818181818182	LI1	LI
1355031	1365030	1360030.5	79	37.76768131385075	0	0	1	0.996005996001	1.0000000000000036e-12	41.35443037974684	LI1	LI
1360031	1370030	1365030.5	72	31.568939208984375	0	0	1	0.996005996001	1.0000000000000036e-12	40.94444444444444	LI1	LI
1365031	1375030	1370030.5	54	NA	NA	0	1	0.996005996001	1.0000000000000036e-12	42.166666666666664	LI1	LI
1370031	1380030	1375030.5	77	22.17571250799042	0	0	1	0.996005996001	1.0000000000000036e-12	40.506493506493506	LI1	LI
1375031	1385030	1380030.5	104	25.519845954710974	0	0	1	0.996005996001	1.0000000000000036e-12	40.21153846153846	LI1	LI
1380031	1390030	1385030.5	105	29.802004884061027	0	0	1	0.996005996001	1.0000000000000036e-12	41.41904761904762	LI1	LI
1385031	1395030	1390030.5	101	36.48965937791017	16971.833122737527	0	1	0.996005996001	1.0000000000000036e-12	42.00990099009901	LI1	LI
1390031	1400030	1395030.5	109	30.703314335610763	16971.833122737527	0	1	0.996005996001	1.0000000000000036e-12	41.73394495412844	LI1	LI
1395031	1405030	1400030.5	96	NA	NA	0	1	0.996005996001	1.0000000000000036e-12	41.520833333333336	LI1	LI
1400031	1410030	1405030.5	83	NA	NA	0	1	0.996005996001	1.0000000000000036e-12	42	LI1	LI
1405031	1415030	1410030.5	82	NA	NA	0	1	0.996005996001	1.0000000000000036e-12	41.8780487804878	LI1	LI
1410031	1420030	1415030.5	101	NA	NA	0	1	0.996005996001	1.0000000000000036e-12	41.75247524752475	LI1	LI
1415031	1425030	1420030.5	119	NA	NA	0	1	0.996005996001	1.0000000000000036e-12	41.924369747899156	LI1	LI
1420031	1430030	1425030.5	115	NA	NA	0	1	0.996005996001	1.0000000000000036e-12	41.11304347826087	LI1	LI
1425031	1435030	1430030.5	94	NA	NA	0	1	0.996005996001	1.0000000000000036e-12	41.08510638297872	LI1	LI
1430031	1440030	1435030.5	73	NA	NA	0	1	0.996005996001	1.0000000000000036e-12	41.57534246575342	LI1	LI
1435031	1445030	1440030.5	73	30.70071390601016	55680.666666666686	0	1	0.996005996001	1.0000000000000036e-12	41.50684931506849	LI1	LI
1440031	1450030	1445030.5	59	30.70071390601016	55680.666666666686	0	1	0.996005996001	1.0000000000000036e-12	42.33898305084746	LI1	LI
1445031	1455030	1450030.5	61	NA	NA	0	1	0.996005996001	1.0000000000000036e-12	42.14754098360656	LI1	LI
1450031	1460030	1455030.5	88	840.600615531994	0	0	1	0.996005996001	1.0000000000000036e-12	42.26136363636363	LI1	LI
1455031	1465030	1460030.5	106	840.600615531994	0	0	1	0.996005996001	1.0000000000000036e-12	42.490566037735846	LI1	LI
1460031	1470030	1465030.5	86	NA	NA	0	1	0.996005996001	1.0000000000000036e-12	42.41860465116279	LI1	LI
1465031	1475030	1470030.5	74	NA	NA	0	1	0.996005996001	1.0000000000000036e-12	42.4054054054054	LI1	LI
1470031	1480030	1475030.5	78	NA	NA	0	1	0.996005996001	1.0000000000000036e-12	42.30769230769231	LI1	LI
1475031	1485030	1480030.5	78	NA	NA	0	1	0.996005996001	1.0000000000000036e-12	40.55128205128205	LI1	LI
1480031	1490030	1485030.5	85	NA	NA	0	1	0.996005996001	1.0000000000000036e-12	40.576470588235296	LI1	LI
1485031	1495030	1490030.5	73	NA	NA	0	1	0.996005996001	1.0000000000000036e-12	42.06849315068493	LI1	LI
1490031	1500030	1495030.5	77	22.462834922330895	0	0	1	0.996005996001	1.0000000000000036e-12	41.83116883116883	LI1	LI
1495031	1505030	1500030.5	75	22.462834922330895	0	0	1	0.996005996001	1.0000000000000036e-12	41.946666666666665	LI1	LI
1500031	1510030	1505030.5	60	20.84683627915452	NA	0	1	0.996005996001	1.0000000000000036e-12	42.05	LI1	LI
1505031	1515030	1510030.5	66	20.84683627915452	NA	0	1	0.996005996001	1.0000000000000036e-12	42.07575757575758	LI1	LI
1510031	1520030	1515030.5	70	NA	NA	0	1	0.996005996001	1.0000000000000036e-12	42.042857142857144	LI1	LI
1515031	1525030	1520030.5	68	NA	NA	0	1	0.996005996001	1.0000000000000036e-12	38.6764705882353	LI1	LI
31	10030	5030.5	140	45.08131253306844	0	0	1	0.996005996001	1.0000000000000036e-12	39.23571428571429	LI10	LI
5031	15030	10030.5	118	37.92963624435048	0	0	1	0.996005996001	1.0000000000000036e-12	41.53389830508475	LI10	LI
10031	20030	15030.5	124	37.92963624435048	0	0	1	0.996005996001	1.0000000000000036e-12	41.516129032258064	LI10	LI
15031	25030	20030.5	89	38.49749658625398	0	0	1	0.996005996001	1.0000000000000036e-12	42.41573033707865	LI10	LI
20031	30030	25030.5	77	38.49749658625398	0	0	1	0.996005996001	1.0000000000000036e-12	42.42857142857143	LI10	LI
25031	35030	30030.5	108	39.462189114606375	NA	0	1	0.996005996001	1.0000000000000036e-12	42.96296296296296	LI10	LI
30031	40030	35030.5	117	39.462189114606375	NA	0	1	0.996005996001	1.0000000000000036e-12	43.333333333333336	LI10	LI
35031	45030	40030.5	78	42.96565475366949	NA	0	1	0.996005996001	1.0000000000000036e-12	42.794871794871796	LI10	LI
40031	50030	45030.5	80	34.37327457756301	NA	0	1	0.996005996001	1.0000000000000036e-12	42.4375	LI10	LI
45031	55030	50030.5	108	25.78089440145653	NA	0	1	0.996005996001	1.0000000000000036e-12	42.98148148148148	LI10	LI
50031	60030	55030.5	110	37.27956060355662	0	0	1	0.996005996001	1.0000000000000036e-12	42.79090909090909	LI10	LI
55031	65030	60030.5	97	37.27956060355662	0	0	1	0.996005996001	1.0000000000000036e-12	42.43298969072165	LI10	LI
60031	70030	65030.5	96	41.27472679230476	NA	0	1	0.996005996001	1.0000000000000036e-12	42.5	LI10	LI
65031	75030	70030.5	122	42.12019077298713	NA	0	1	0.996005996001	1.0000000000000036e-12	42.65573770491803	LI10	LI
70031	80030	75030.5	123	43.466039086193305	NA	0	1	0.996005996001	1.0000000000000036e-12	43	LI10	LI
75031	85030	80030.5	90	39.86334012349688	NA	0	1	0.996005996001	1.0000000000000036e-12	43.15555555555556	LI10	LI
80031	90030	85030.5	86	31.853976184273158	NA	0	1	0.996005996001	1.0000000000000036e-12	43.24418604651163	LI10	LI
85031	95030	90030.5	106	27.947695540269677	NA	0	1	0.996005996001	1.0000000000000036e-12	42.424528301886795	LI10	LI
90031	100030	95030.5	129	NA	NA	0	1	0.996005996001	1.0000000000000036e-12	41.48062015503876	LI10	LI
95031	105030	100030.5	164	41.921543310404516	NA	0	1	0.996005996001	1.0000000000000036e-12	41.323170731707314	LI10	LI
100031	110030	105030.5	134	41.921543310404516	NA	0	1	0.996005996001	1.0000000000000036e-12	41.82835820895522	LI10	LI
105031	115030	110030.5	88	15.595953705533015	24.44985779909669	0	1	0.996005996001	1.0000000000000036e-12	42.56818181818182	LI10	LI
110031	120030	115030.5	99	28.243129385091862	24.44985779909669	0	1	0.996005996001	1.0000000000000036e-12	42.72727272727273	LI10	LI
115031	125030	120030.5	99	41.40592418752762	NA	0	1	0.996005996001	1.0000000000000036e-12	43.292929292929294	LI10	LI
120031	130030	125030.5	67	41.921543310404516	NA	0	1	0.996005996001	1.0000000000000036e-12	42.865671641791046	LI10	LI
125031	135030	130030.5	88	NA	NA	0	1	0.996005996001	1.0000000000000036e-12	42.55681818181818	LI10	LI
130031	140030	135030.5	118	NA	NA	0	1	0.996005996001	1.0000000000000036e-12	41.91525423728814	LI10	LI
135031	145030	140030.5	96	NA	NA	0	1	0.996005996001	1.0000000000000036e-12	41.697916666666664	LI10	LI
140031	150030	145030.5	138	37.96121541952179	NA	0	1	0.996005996001	1.0000000000000036e-12	43.31884057971015	LI10	LI
145031	155030	150030.5	214	37.96121541952179	0	0	1	0.996005996001	1.0000000000000036e-12	43.22429906542056	LI10	LI
150031	160030	155030.5	199	36.55740050101865	0	0	1	0.996005996001	1.0000000000000036e-12	42.814070351758794	LI10	LI
155031	165030	160030.5	131	40.919676887759174	NA	0	1	0.996005996001	1.0000000000000036e-12	42.587786259541986	LI10	LI
160031	170030	165030.5	95	40.919676887759174	NA	0	1	0.996005996001	1.0000000000000036e-12	42.410526315789475	LI10	LI
165031	175030	170030.5	87	24.87033925	NA	0	1	0.996005996001	1.0000000000000036e-12	42.298850574712645	LI10	LI
170031	180030	175030.5	81	24.87033925	NA	0	1	0.996005996001	1.0000000000000036e-12	42.135802469135804	LI10	LI
175031	185030	180030.5	94	39.98977707492999	0	0	1	0.996005996001	1.0000000000000036e-12	41.276595744680854	LI10	LI
180031	190030	185030.5	112	41.477715914299736	0	0	1	0.996005996001	1.0000000000000036e-12	41.901785714285715	LI10	LI
185031	195030	190030.5	101	42.96565475366949	NA	0	1	0.996005996001	1.0000000000000036e-12	43.07920792079208	LI10	LI
190031	200030	195030.5	80	NA	NA	0	1	0.996005996001	1.0000000000000036e-12	43.5875	LI10	LI
195031	205030	200030.5	113	NA	NA	0	1	0.996005996001	1.0000000000000036e-12	42.80530973451327	LI10	LI
200031	210030	205030.5	114	NA	NA	0	1	0.996005996001	1.0000000000000036e-12	42.35964912280702	LI10	LI
205031	215030	210030.5	91	NA	NA	0	1	0.996005996001	1.0000000000000036e-12	42.75824175824176	LI10	LI
210031	220030	215030.5	103	44.87058436213992	NA	0	1	0.996005996001	1.0000000000000036e-12	43.12621359223301	LI10	LI
215031	225030	220030.5	109	36.920464114840875	90.21927988540173	0	1	0.996005996001	1.0000000000000036e-12	42.669724770642205	LI10	LI
220031	230030	225030.5	84	28.97034386754183	90.21927988540173	0	1	0.996005996001	1.0000000000000036e-12	42.333333333333336	LI10	LI
225031	235030	230030.5	51	NA	NA	0	1	0.996005996001	1.0000000000000036e-12	43.431372549019606	LI10	LI
230031	240030	235030.5	89	NA	NA	0	1	0.996005996001	1.0000000000000036e-12	42.842696629213485	LI10	LI
235031	245030	240030.5	105	36.96018621799301	NA	0	1	0.996005996001	1.0000000000000036e-12	42.23809523809524	LI10	LI
240031	250030	245030.5	100	36.96018621799301	NA	0	1	0.996005996001	1.0000000000000036e-12	42.29	LI10	LI
245031	255030	250030.5	99	NA	NA	0	1	0.996005996001	1.0000000000000036e-12	42.666666666666664	LI10	LI
250031	260030	255030.5	98	NA	NA	0	1	0.996005996001	1.0000000000000036e-12	42.755102040816325	LI10	LI
255031	265030	260030.5	104	NA	NA	0	1	0.996005996001	1.0000000000000036e-12	42.44230769230769	LI10	LI
260031	270030	265030.5	87	42.89489670632747	NA	0	1	0.996005996001	1.0000000000000036e-12	42.632183908045974	LI10	LI
265031	275030	270030.5	80	536.4235320385143	0	0	1	0.996005996001	1.0000000000000036e-12	43.1875	LI10	LI
270031	280030	275030.5	82	536.4377461853899	0	0	1	0.996005996001	1.0000000000000036e-12	43.40243902439025	LI10	LI
275031	285030	280030.5	87	42.923325000078606	0	0	1	0.996005996001	1.0000000000000036e-12	41.666666666666664	LI10	LI
280031	290030	285030.5	86	40.859672322445036	0	0	1	0.996005996001	1.0000000000000036e-12	40.04651162790697	LI10	LI
285031	295030	290030.5	91	35.17162590641313	0	0	1	0.996005996001	1.0000000000000036e-12	41.20879120879121	LI10	LI
290031	300030	295030.5	99	35.417193796569414	0	0	1	0.996005996001	1.0000000000000036e-12	41.505050505050505	LI10	LI
295031	305030	300030.5	142	35.417193796569414	0	0	1	0.996005996001	1.0000000000000036e-12	42.225352112676056	LI10	LI
300031	310030	305030.5	134	NA	NA	0	1	0.996005996001	1.0000000000000036e-12	43.02985074626866	LI10	LI
305031	315030	310030.5	90	NA	NA	0	1	0.996005996001	1.0000000000000036e-12	40.56666666666667	LI10	LI
310031	320030	315030.5	131	NA	NA	0	1	0.996005996001	1.0000000000000036e-12	41.267175572519086	LI10	LI
315031	325030	320030.5	121	NA	NA	0	1	0.996005996001	1.0000000000000036e-12	41.72727272727273	LI10	LI
320031	330030	325030.5	92	NA	NA	0	1	0.996005996001	1.0000000000000036e-12	39.57608695652174	LI10	LI
325031	335030	330030.5	108	25.943776314292215	NA	0	1	0.996005996001	1.0000000000000036e-12	40.629629629629626	LI10	LI
330031	340030	335030.5	99	40.273391043938204	NA	0	1	0.996005996001	1.0000000000000036e-12	41.61616161616162	LI10	LI
335031	345030	340030.5	84	42.92953656675273	0	0	1	0.996005996001	1.0000000000000036e-12	42.285714285714285	LI10	LI
340031	350030	345030.5	67	484.24404337350745	0	0	1	0.996005996001	1.0000000000000036e-12	40.701492537313435	LI10	LI
345031	355030	350030.5	34	22.462834922330895	0	0	1	0.996005996001	1.0000000000000036e-12	36.205882352941174	LI10	LI
350031	360030	355030.5	8	140.32809326742563	0	0	1	0.996005996001	1.0000000000000036e-12	28.75	LI10	LI
355031	365030	360030.5	7	258.19335161252036	0	0	1	0.996005996001	1.0000000000000036e-12	25.142857142857142	LI10	LI
360031	370030	365030.5	13	33.88973321338159	0	0	1	0.996005996001	1.0000000000000036e-12	24.46153846153846	LI10	LI
365031	375030	370030.5	54	33.88973321338159	0	0	1	0.996005996001	1.0000000000000036e-12	26.574074074074073	LI10	LI
370031	380030	375030.5	89	NA	NA	0	1	0.996005996001	1.0000000000000036e-12	33.258426966292134	LI10	LI
375031	385030	380030.5	75	NA	NA	0	1	0.996005996001	1.0000000000000036e-12	41.693333333333335	LI10	LI
380031	390030	385030.5	67	NA	NA	0	1	0.996005996001	1.0000000000000036e-12	43.059701492537314	LI10	LI
385031	395030	390030.5	81	NA	NA	0	1	0.996005996001	1.0000000000000036e-12	43.358024691358025	LI10	LI
390031	400030	395030.5	81	42.87120630887847	0	0	1	0.996005996001	1.0000000000000036e-12	42.98765432098765	LI10	LI
395031	405030	400030.5	80	42.87120630887847	0	0	1	0.996005996001	1.0000000000000036e-12	42.6875	LI10	LI
400031	410030	405030.5	99	27.947695540269677	NA	0	1	0.996005996001	1.0000000000000036e-12	42.42424242424242	LI10	LI
405031	415030	410030.5	87	28.44857638754433	0	0	1	0.996005996001	1.0000000000000036e-12	41.89655172413793	LI10	LI
410031	420030	415030.5	67	28.94945723481898	0	0	1	0.996005996001	1.0000000000000036e-12	41.19402985074627	LI10	LI
415031	425030	420030.5	78	NA	NA	0	1	0.996005996001	1.0000000000000036e-12	40.88461538461539	LI10	LI
420031	430030	425030.5	91	NA	NA	0	1	0.996005996001	1.0000000000000036e-12	41.20879120879121	LI10	LI
425031	435030	430030.5	96	NA	NA	0	1	0.996005996001	1.0000000000000036e-12	42.177083333333336	LI10	LI
430031	440030	435030.5	96	NA	NA	0	1	0.996005996001	1.0000000000000036e-12	43.25	LI10	LI
435031	445030	440030.5	93	32.745028771623886	3.546718995761025e-5	0	1	0.996005996001	1.0000000000000036e-12	42.075268817204304	LI10	LI
440031	450030	445030.5	80	31.59082195483456	17186.5898919672	0	1	0.996005996001	1.0000000000000036e-12	41.6125	LI10	LI
445031	455030	450030.5	75	30.436615138045234	34373.17974846721	0	1	0.996005996001	1.0000000000000036e-12	42.733333333333334	LI10	LI
450031	460030	455030.5	96	NA	NA	0	1	0.996005996001	1.0000000000000036e-12	42.916666666666664	LI10	LI
455031	465030	460030.5	93	26.788599298887366	NA	0	1	0.996005996001	1.0000000000000036e-12	42.13978494623656	LI10	LI
460031	470030	465030.5	97	26.788599298887366	NA	0	1	0.996005996001	1.0000000000000036e-12	42	LI10	LI
465031	475030	470030.5	85	NA	NA	0	1	0.996005996001	1.0000000000000036e-12	42.71764705882353	LI10	LI
470031	480030	475030.5	61	28.597144422401463	9.628865645281749e-5	0	1	0.996005996001	1.0000000000000036e-12	43.19672131147541	LI10	LI
475031	485030	480030.5	77	28.597144422401463	9.628865645281749e-5	0	1	0.996005996001	1.0000000000000036e-12	43.142857142857146	LI10	LI
480031	490030	485030.5	54	NA	NA	0	1	0.996005996001	1.0000000000000036e-12	42.611111111111114	LI10	LI
485031	495030	490030.5	40	NA	NA	0	1	0.996005996001	1.0000000000000036e-12	43.1	LI10	LI
490031	500030	495030.5	54	NA	NA	0	1	0.996005996001	1.0000000000000036e-12	42.833333333333336	LI10	LI
495031	505030	500030.5	65	23.306775410970054	0	0	1	0.996005996001	1.0000000000000036e-12	41.56923076923077	LI10	LI
500031	510030	505030.5	74	33.13621508231977	0	0	1	0.996005996001	1.0000000000000036e-12	42.027027027027025	LI10	LI
505031	515030	510030.5	83	42.465252415302515	NA	0	1	0.996005996001	1.0000000000000036e-12	41.2289156626506	LI10	LI
510031	520030	515030.5	77	34.80893294460641	1.011871785726031e-5	0	1	0.996005996001	1.0000000000000036e-12	41.1948051948052	LI10	LI
515031	525030	520030.5	59	31.742278763689615	0	0	1	0.996005996001	1.0000000000000036e-12	42.898305084745765	LI10	LI
520031	530030	525030.5	71	32.53191033527423	0	0	1	0.996005996001	1.0000000000000036e-12	40.70422535211268	LI10	LI
525031	535030	530030.5	76	32.877921616735534	0	0	1	0.996005996001	1.0000000000000036e-12	39.276315789473685	LI10	LI
530031	540030	535030.5	72	38.91110081840752	0	0	1	0.996005996001	1.0000000000000036e-12	39.05555555555556	LI10	LI
535031	545030	540030.5	82	44.96715843621399	NA	0	1	0.996005996001	1.0000000000000036e-12	39.28048780487805	LI10	LI
540031	550030	545030.5	97	NA	NA	0	1	0.996005996001	1.0000000000000036e-12	40.75257731958763	LI10	LI
545031	555030	550030.5	95	38.81461798443585	0	0	1	0.996005996001	1.0000000000000036e-12	42.16842105263158	LI10	LI
550031	560030	555030.5	63	38.81461798443585	0	0	1	0.996005996001	1.0000000000000036e-12	42.80952380952381	LI10	LI
555031	565030	560030.5	46	31.811723043169103	0.001632051267300048	0	1	0.996005996001	1.0000000000000036e-12	42.5	LI10	LI
560031	570030	565030.5	73	31.811723043169103	0.001632051267300048	0	1	0.996005996001	1.0000000000000036e-12	42.64383561643836	LI10	LI
565031	575030	570030.5	109	31.353399294203513	0	0	1	0.996005996001	1.0000000000000036e-12	41.706422018348626	LI10	LI
570031	580030	575030.5	102	31.353399294203513	0	0	1	0.996005996001	1.0000000000000036e-12	41.27450980392157	LI10	LI
575031	585030	580030.5	67	321.3498805744008	0	0	1	0.996005996001	1.0000000000000036e-12	41.850746268656714	LI10	LI
580031	590030	585030.5	70	321.3498805744008	0	0	1	0.996005996001	1.0000000000000036e-12	40.9	LI10	LI
585031	595030	590030.5	79	24.772608	NA	0	1	0.996005996001	1.0000000000000036e-12	40.063291139240505	LI10	LI
590031	600030	595030.5	71	37.96121541952179	0	0	1	0.996005996001	1.0000000000000036e-12	40.88732394366197	LI10	LI
595031	605030	600030.5	86	33.455336327170386	0	0	1	0.996005996001	1.0000000000000036e-12	42.03488372093023	LI10	LI
600031	610030	605030.5	114	28.838273658206568	4.50077173726634e-4	0	1	0.996005996001	1.0000000000000036e-12	40.50877192982456	LI10	LI
605031	615030	610030.5	118	35.016994630576356	9.00154347453268e-4	0	1	0.996005996001	1.0000000000000036e-12	41.00847457627118	LI10	LI
610031	620030	615030.5	107	40.89009652621071	NA	0	1	0.996005996001	1.0000000000000036e-12	42.700934579439256	LI10	LI
615031	625030	620030.5	100	40.89009652621071	NA	0	1	0.996005996001	1.0000000000000036e-12	43.09	LI10	LI
620031	630030	625030.5	101	NA	NA	0	1	0.996005996001	1.0000000000000036e-12	43.28712871287129	LI10	LI
625031	635030	630030.5	112	31.327053641036947	NA	0	1	0.996005996001	1.0000000000000036e-12	41.723214285714285	LI10	LI
630031	640030	635030.5	79	38.71488473433084	NA	0	1	0.996005996001	1.0000000000000036e-12	41.11392405063291	LI10	LI
635031	645030	640030.5	41	42.276004420209574	NA	0	1	0.996005996001	1.0000000000000036e-12	41.926829268292686	LI10	LI
640031	650030	645030.5	57	17.919720936213995	NA	0	1	0.996005996001	1.0000000000000036e-12	41.03508771929825	LI10	LI
645031	655030	650030.5	63	17.919720936213995	NA	0	1	0.996005996001	1.0000000000000036e-12	41.98412698412698	LI10	LI
650031	660030	655030.5	64	32.5183972864653	0	0	1	0.996005996001	1.0000000000000036e-12	41.875	LI10	LI
655031	665030	660030.5	63	33.97492280780696	0	0	1	0.996005996001	1.0000000000000036e-12	41.301587301587304	LI10	LI
660031	670030	665030.5	53	33.97492280780696	176256.00000000052	0	1	0.996005996001	1.0000000000000036e-12	41.943396226415096	LI10	LI
665031	675030	670030.5	35	NA	NA	0	1	0.996005996001	1.0000000000000036e-12	42	LI10	LI
670031	680030	675030.5	11	NA	NA	0	1	0.996005996001	1.0000000000000036e-12	35.09090909090909	LI10	LI
675031	685030	680030.5	9	NA	NA	NA	NA	NA	NA	1.4444444444444444	LI10	LI
680031	690030	685030.5	7	NA	NA	NA	NA	NA	NA	1.5714285714285714	LI10	LI
685031	695030	690030.5	0	NA	NA	NA	NA	NA	NA	NA	LI10	LI
690031	700030	695030.5	0	NA	NA	NA	NA	NA	NA	NA	LI10	LI
695031	705030	700030.5	0	NA	NA	NA	NA	NA	NA	NA	LI10	LI
700031	710030	705030.5	16	22.279823562196924	0	0	1	0.996005996001	1.0000000000000036e-12	39.1875	LI10	LI
705031	715030	710030.5	62	27.617641036462015	0	0	1	0.996005996001	1.0000000000000036e-12	41.41935483870968	LI10	LI
710031	720030	715030.5	107	28.948523255363554	NA	0	1	0.996005996001	1.0000000000000036e-12	42.1588785046729	LI10	LI
715031	725030	720030.5	99	28.376849629253385	0	0	1	0.996005996001	1.0000000000000036e-12	42.03030303030303	LI10	LI
720031	730030	725030.5	77	43.79649874646354	0	0	1	0.996005996001	1.0000000000000036e-12	42.4025974025974	LI10	LI
725031	735030	730030.5	74	44.51387661658855	0	0	1	0.996005996001	1.0000000000000036e-12	43.0945945945946	LI10	LI
730031	740030	735030.5	66	NA	NA	0	1	0.996005996001	1.0000000000000036e-12	42.53030303030303	LI10	LI
735031	745030	740030.5	71	26.879581404320987	NA	0	1	0.996005996001	1.0000000000000036e-12	42.63380281690141	LI10	LI
740031	750030	745030.5	77	26.879581404320987	NA	0	1	0.996005996001	1.0000000000000036e-12	42.58441558441559	LI10	LI
745031	755030	750030.5	72	35.356813447699516	NA	0	1	0.996005996001	1.0000000000000036e-12	41.416666666666664	LI10	LI
750031	760030	755030.5	75	35.356813447699516	NA	0	1	0.996005996001	1.0000000000000036e-12	41.28	LI10	LI
755031	765030	760030.5	93	24.86812717013889	NA	0	1	0.996005996001	1.0000000000000036e-12	41.02150537634409	LI10	LI
760031	770030	765030.5	92	29.80877777777778	0	0	1	0.996005996001	1.0000000000000036e-12	40.358695652173914	LI10	LI
765031	775030	770030.5	102	33.50815516676724	0	0	1	0.996005996001	1.0000000000000036e-12	40.6764705882353	LI10	LI
770031	780030	775030.5	98	28.246545573824264	0	0	1	0.996005996001	1.0000000000000036e-12	41.13265306122449	LI10	LI
775031	785030	780030.5	58	NA	NA	0	1	0.996005996001	1.0000000000000036e-12	41.96551724137931	LI10	LI
780031	790030	785030.5	70	NA	NA	0	1	0.996005996001	1.0000000000000036e-12	41.02857142857143	LI10	LI
785031	795030	790030.5	87	39.7914091796875	0	0	1	0.996005996001	1.0000000000000036e-12	40.367816091954026	LI10	LI
790031	800030	795030.5	67	39.7914091796875	0	0	1	0.996005996001	1.0000000000000036e-12	40.656716417910445	LI10	LI
795031	805030	800030.5	70	43.27722763266327	NA	0	1	0.996005996001	1.0000000000000036e-12	40.91428571428571	LI10	LI
800031	810030	805030.5	66	43.27722763266327	NA	0	1	0.996005996001	1.0000000000000036e-12	41.42424242424242	LI10	LI
805031	815030	810030.5	34	NA	NA	0	1	0.996005996001	1.0000000000000036e-12	39.26470588235294	LI10	LI
810031	820030	815030.5	91	33.90059856274978	0	0	1	0.996005996001	1.0000000000000036e-12	38.967032967032964	LI10	LI
815031	825030	820030.5	109	33.90059856274978	0	0	1	0.996005996001	1.0000000000000036e-12	40.60550458715596	LI10	LI
820031	830030	825030.5	62	NA	NA	0	1	0.996005996001	1.0000000000000036e-12	42.53225806451613	LI10	LI
825031	835030	830030.5	77	27.222303206997086	0	0	1	0.996005996001	1.0000000000000036e-12	41.714285714285715	LI10	LI
830031	840030	835030.5	78	27.222303206997086	0	0	1	0.996005996001	1.0000000000000036e-12	42.05128205128205	LI10	LI
835031	845030	840030.5	84	30.825230706453183	0	0	1	0.996005996001	1.0000000000000036e-12	41.5	LI10	LI
840031	850030	845030.5	91	30.825230706453183	0	0	1	0.996005996001	1.0000000000000036e-12	41.75824175824176	LI10	LI
845031	855030	850030.5	85	NA	NA	0	1	0.996005996001	1.0000000000000036e-12	42.28235294117647	LI10	LI
850031	860030	855030.5	94	24.941588	0	0	1	0.996005996001	1.0000000000000036e-12	40.09574468085106	LI10	LI
855031	865030	860030.5	107	33.74127762141454	0	0	1	0.996005996001	1.0000000000000036e-12	40.86915887850467	LI10	LI
860031	870030	865030.5	118	42.34192100420404	0	0	1	0.996005996001	1.0000000000000036e-12	41.5	LI10	LI
865031	875030	870030.5	131	41.65296390092096	0	0	1	0.996005996001	1.0000000000000036e-12	40.82442748091603	LI10	LI
870031	880030	875030.5	100	33.49403840643356	1.1016346054275355e-6	0	1	0.996005996001	1.0000000000000036e-12	41.72	LI10	LI
875031	885030	880030.5	50	33.49403840643356	1.1016346054275355e-6	0	1	0.996005996001	1.0000000000000036e-12	37.66	LI10	LI
880031	890030	885030.5	29	NA	NA	0	1	0.996005996001	1.0000000000000036e-12	30.20689655172414	LI10	LI
885031	895030	890030.5	44	NA	NA	0	1	0.996005996001	1.0000000000000036e-12	40.45454545454545	LI10	LI
890031	900030	895030.5	66	NA	NA	0	1	0.996005996001	1.0000000000000036e-12	39.53030303030303	LI10	LI
895031	905030	900030.5	39	25.795323239147006	0	0	1	0.996005996001	1.0000000000000036e-12	31.71794871794872	LI10	LI
900031	910030	905030.5	26	25.795323239147006	0	0	1	0.996005996001	1.0000000000000036e-12	19	LI10	LI
905031	915030	910030.5	55	NA	NA	0	1	0.996005996001	1.0000000000000036e-12	34.527272727272724	LI10	LI
910031	920030	915030.5	86	31.7734375	0	0	1	0.996005996001	1.0000000000000036e-12	41.24418604651163	LI10	LI
915031	925030	920030.5	88	31.7734375	0	0	1	0.996005996001	1.0000000000000036e-12	41.71590909090909	LI10	LI
920031	930030	925030.5	107	NA	NA	0	1	0.996005996001	1.0000000000000036e-12	42.13084112149533	LI10	LI
925031	935030	930030.5	119	27.883725892003007	NA	0	1	0.996005996001	1.0000000000000036e-12	42.168067226890756	LI10	LI
930031	940030	935030.5	94	27.883725892003007	NA	0	1	0.996005996001	1.0000000000000036e-12	42.680851063829785	LI10	LI
935031	945030	940030.5	97	43.96642341871713	NA	0	1	0.996005996001	1.0000000000000036e-12	42.70103092783505	LI10	LI
940031	950030	945030.5	99	38.46094096472211	NA	0	1	0.996005996001	1.0000000000000036e-12	42.494949494949495	LI10	LI
945031	955030	950030.5	71	41.508179620434476	0	0	1	0.996005996001	1.0000000000000036e-12	42.16901408450704	LI10	LI
950031	960030	955030.5	73	41.6849085662911	0	0	1	0.996005996001	1.0000000000000036e-12	41.06849315068493	LI10	LI
955031	965030	960030.5	66	NA	NA	0	1	0.996005996001	1.0000000000000036e-12	38.81818181818182	LI10	LI
960031	970030	965030.5	62	43.86773337716003	NA	0	1	0.996005996001	1.0000000000000036e-12	36.306451612903224	LI10	LI
965031	975030	970030.5	57	43.86773337716003	NA	0	1	0.996005996001	1.0000000000000036e-12	34.719298245614034	LI10	LI
970031	980030	975030.5	53	NA	NA	0	1	0.996005996001	1.0000000000000036e-12	38.924528301886795	LI10	LI
975031	985030	980030.5	81	39.333691502318615	0	0	1	0.996005996001	1.0000000000000036e-12	41.96296296296296	LI10	LI
980031	990030	985030.5	65	40.15802603705692	0	0	1	0.996005996001	1.0000000000000036e-12	41.10769230769231	LI10	LI
985031	995030	990030.5	67	40.15802603705692	0	0	1	0.996005996001	1.0000000000000036e-12	41.52238805970149	LI10	LI
990031	1000030	995030.5	78	24.90919894316113	0	0	1	0.996005996001	1.0000000000000036e-12	41.56410256410256	LI10	LI
995031	1005030	1000030.5	84	27.947695540269677	0	0	1	0.996005996001	1.0000000000000036e-12	40.75	LI10	LI
1000031	1010030	1005030.5	112	30.952647192104997	NA	0	1	0.996005996001	1.0000000000000036e-12	41.392857142857146	LI10	LI
1005031	1015030	1010030.5	116	NA	NA	0	1	0.996005996001	1.0000000000000036e-12	42.71551724137931	LI10	LI
1010031	1020030	1015030.5	123	NA	NA	0	1	0.996005996001	1.0000000000000036e-12	43.03252032520325	LI10	LI
1015031	1025030	1020030.5	92	NA	NA	0	1	0.996005996001	1.0000000000000036e-12	42.57608695652174	LI10	LI
1020031	1030030	1025030.5	59	42.44243898983551	NA	0	1	0.996005996001	1.0000000000000036e-12	41.898305084745765	LI10	LI
1025031	1035030	1030030.5	64	42.44243898983551	NA	0	1	0.996005996001	1.0000000000000036e-12	36.640625	LI10	LI
1030031	1040030	1035030.5	108	43.96642341871713	NA	0	1	0.996005996001	1.0000000000000036e-12	38.23148148148148	LI10	LI
1035031	1045030	1040030.5	134	43.96642341871713	0	0	1	0.996005996001	1.0000000000000036e-12	41.66417910447761	LI10	LI
1040031	1050030	1045030.5	133	43.239789015542826	0	0	1	0.996005996001	1.0000000000000036e-12	42.35338345864662	LI10	LI
1045031	1055030	1050030.5	122	41.921543310404516	NA	0	1	0.996005996001	1.0000000000000036e-12	42.36065573770492	LI10	LI
1050031	1060030	1055030.5	95	25.78089440145653	0	0	1	0.996005996001	1.0000000000000036e-12	41.63157894736842	LI10	LI
1055031	1065030	1060030.5	94	25.78089440145653	0	0	1	0.996005996001	1.0000000000000036e-12	42.11702127659574	LI10	LI
1060031	1070030	1065030.5	71	NA	NA	0	1	0.996005996001	1.0000000000000036e-12	42.901408450704224	LI10	LI
1065031	1075030	1070030.5	68	33.78307629711986	0	0	1	0.996005996001	1.0000000000000036e-12	42.161764705882355	LI10	LI
1070031	1080030	1075030.5	102	37.72143089434872	0	0	1	0.996005996001	1.0000000000000036e-12	41.23529411764706	LI10	LI
1075031	1085030	1080030.5	109	45.873315114654396	NA	0	1	0.996005996001	1.0000000000000036e-12	40.96330275229358	LI10	LI
1080031	1090030	1085030.5	98	41.51441524453315	NA	0	1	0.996005996001	1.0000000000000036e-12	41.92857142857143	LI10	LI
1085031	1095030	1090030.5	110	36.558717064222336	1.2118575811876428e-4	0	1	0.996005996001	1.0000000000000036e-12	42.22727272727273	LI10	LI
1090031	1100030	1095030.5	102	31.60301888391153	1.2118575811876428e-4	0	1	0.996005996001	1.0000000000000036e-12	42.254901960784316	LI10	LI
1095031	1105030	1100030.5	94	42.96565475366949	NA	0	1	0.996005996001	1.0000000000000036e-12	43.03191489361702	LI10	LI
1100031	1110030	1105030.5	95	43.966406594941745	NA	0	1	0.996005996001	1.0000000000000036e-12	43.48421052631579	LI10	LI
1105031	1115030	1110030.5	79	44.96715843621399	NA	0	1	0.996005996001	1.0000000000000036e-12	43.53164556962025	LI10	LI
1110031	1120030	1115030.5	94	23.4832763671875	0	0	1	0.996005996001	1.0000000000000036e-12	42.54255319148936	LI10	LI
1115031	1125030	1120030.5	97	23.4832763671875	0	0	1	0.996005996001	1.0000000000000036e-12	42.27835051546392	LI10	LI
1120031	1130030	1125030.5	114	40.96400679763788	NA	0	1	0.996005996001	1.0000000000000036e-12	41.98245614035088	LI10	LI
1125031	1135030	1130030.5	161	40.48426330584367	NA	0	1	0.996005996001	1.0000000000000036e-12	42.38509316770186	LI10	LI
1130031	1140030	1135030.5	147	40.004519814049466	NA	0	1	0.996005996001	1.0000000000000036e-12	42.76190476190476	LI10	LI
1135031	1145030	1140030.5	120	35.11273590512451	NA	0	1	0.996005996001	1.0000000000000036e-12	41.825	LI10	LI
1140031	1150030	1145030.5	107	35.11273590512451	NA	0	1	0.996005996001	1.0000000000000036e-12	41.794392523364486	LI10	LI
1145031	1155030	1150030.5	98	30.45092857847169	0	0	1	0.996005996001	1.0000000000000036e-12	40.142857142857146	LI10	LI
1150031	1160030	1155030.5	97	30.45092857847169	0	0	1	0.996005996001	1.0000000000000036e-12	39.31958762886598	LI10	LI
1155031	1165030	1160030.5	98	NA	NA	0	1	0.996005996001	1.0000000000000036e-12	41.142857142857146	LI10	LI
1160031	1170030	1165030.5	109	34.45572184766764	0	0	1	0.996005996001	1.0000000000000036e-12	42.22018348623853	LI10	LI
1165031	1175030	1170030.5	123	37.06742977149007	0	0	1	0.996005996001	1.0000000000000036e-12	42.27642276422764	LI10	LI
1170031	1180030	1175030.5	108	39.679137695312505	0	0	1	0.996005996001	1.0000000000000036e-12	42.083333333333336	LI10	LI
1175031	1185030	1180030.5	85	NA	NA	0	1	0.996005996001	1.0000000000000036e-12	25.894117647058824	LI10	LI
1180031	1190030	1185030.5	59	NA	NA	0	1	0.996005996001	1.0000000000000036e-12	5.694915254237288	LI10	LI
1185031	1195030	1190030.5	62	23.504167027806904	328244.00960000086	0	1	0.996005996001	1.0000000000000036e-12	8.82258064516129	LI10	LI
1190031	1200030	1195030.5	90	23.504167027806904	328244.00960000086	0	1	0.996005996001	1.0000000000000036e-12	27.4	LI10	LI
1195031	1205030	1200030.5	110	NA	NA	0	1	0.996005996001	1.0000000000000036e-12	42.13636363636363	LI10	LI
1200031	1210030	1205030.5	132	28.802492927139284	NA	0	1	0.996005996001	1.0000000000000036e-12	42.39393939393939	LI10	LI
1205031	1215030	1210030.5	113	28.802492927139284	NA	0	1	0.996005996001	1.0000000000000036e-12	42.469026548672566	LI10	LI
1210031	1220030	1215030.5	72	493.48416300531045	0	0	1	0.996005996001	1.0000000000000036e-12	42.44444444444444	LI10	LI
1215031	1225030	1220030.5	81	40.13385887465359	0	0	1	0.996005996001	1.0000000000000036e-12	42.67901234567901	LI10	LI
1220031	1230030	1225030.5	103	37.27481884765625	0	0	1	0.996005996001	1.0000000000000036e-12	42.44660194174757	LI10	LI
1225031	1235030	1230030.5	89	34.8705	0	0	1	0.996005996001	1.0000000000000036e-12	42.359550561797754	LI10	LI
1230031	1240030	1235030.5	89	NA	NA	0	1	0.996005996001	1.0000000000000036e-12	42.96629213483146	LI10	LI
1235031	1245030	1240030.5	111	32.33016111528508	0	0	1	0.996005996001	1.0000000000000036e-12	42.63963963963964	LI10	LI
1240031	1250030	1245030.5	128	37.30308276774733	0	0	1	0.996005996001	1.0000000000000036e-12	42.125	LI10	LI
1245031	1255030	1250030.5	121	32.92838541666667	0	0	1	0.996005996001	1.0000000000000036e-12	41.925619834710744	LI10	LI
1250031	1260030	1255030.5	131	31.576666666666668	0	0	1	0.996005996001	1.0000000000000036e-12	42.01526717557252	LI10	LI
1255031	1265030	1260030.5	110	43.96642341871713	0	0	1	0.996005996001	1.0000000000000036e-12	42.77272727272727	LI10	LI
1260031	1270030	1265030.5	110	44.11862837602523	0	0	1	0.996005996001	1.0000000000000036e-12	43.31818181818182	LI10	LI
1265031	1275030	1270030.5	144	43.054986210444	0	0	1	0.996005996001	1.0000000000000036e-12	42.625	LI10	LI
1270031	1280030	1275030.5	138	35.1017272059847	0	0	1	0.996005996001	1.0000000000000036e-12	42.528985507246375	LI10	LI
1275031	1285030	1280030.5	134	35.1017272059847	0	0	1	0.996005996001	1.0000000000000036e-12	42.44776119402985	LI10	LI
1280031	1290030	1285030.5	100	34.561524463314385	9.05027393035596	0	1	0.996005996001	1.0000000000000036e-12	42.11	LI10	LI
1285031	1295030	1290030.5	82	34.561524463314385	9.05027393035596	0	1	0.996005996001	1.0000000000000036e-12	42.68292682926829	LI10	LI
1290031	1300030	1295030.5	104	33.83037349888052	NA	0	1	0.996005996001	1.0000000000000036e-12	42.44230769230769	LI10	LI
1295031	1305030	1300030.5	99	33.83037349888052	NA	0	1	0.996005996001	1.0000000000000036e-12	42.41414141414141	LI10	LI
1300031	1310030	1305030.5	83	41.96485007693554	NA	0	1	0.996005996001	1.0000000000000036e-12	43.28915662650602	LI10	LI
1305031	1315030	1310030.5	71	41.96485007693554	NA	0	1	0.996005996001	1.0000000000000036e-12	43.76056338028169	LI10	LI
1310031	1320030	1315030.5	66	41.640724508337314	NA	0	1	0.996005996001	1.0000000000000036e-12	43.303030303030305	LI10	LI
1315031	1325030	1320030.5	94	41.640724508337314	NA	0	1	0.996005996001	1.0000000000000036e-12	42.734042553191486	LI10	LI
1320031	1330030	1325030.5	105	NA	NA	0	1	0.996005996001	1.0000000000000036e-12	42.78095238095238	LI10	LI
1325031	1335030	1330030.5	93	40.80114777393662	444053.49999012257	0	1	0.996005996001	1.0000000000000036e-12	42.516129032258064	LI10	LI
1330031	1340030	1335030.5	79	28.94945723481898	222026.74999506128	0	1	0.996005996001	1.0000000000000036e-12	42.22784810126582	LI10	LI
1335031	1345030	1340030.5	93	28.94945723481898	0	0	1	0.996005996001	1.0000000000000036e-12	41.376344086021504	LI10	LI
1340031	1350030	1345030.5	102	35.849955240885414	0	0	1	0.996005996001	1.0000000000000036e-12	41.470588235294116	LI10	LI
1345031	1355030	1350030.5	68	NA	NA	0	1	0.996005996001	1.0000000000000036e-12	42.48529411764706	LI10	LI
1350031	1360030	1355030.5	55	NA	NA	0	1	0.996005996001	1.0000000000000036e-12	43.43636363636364	LI10	LI
1355031	1365030	1360030.5	79	29.229992469206806	0	0	1	0.996005996001	1.0000000000000036e-12	42.620253164556964	LI10	LI
1360031	1370030	1365030.5	72	29.229992469206806	0	0	1	0.996005996001	1.0000000000000036e-12	41.97222222222222	LI10	LI
1365031	1375030	1370030.5	54	NA	NA	0	1	0.996005996001	1.0000000000000036e-12	43.129629629629626	LI10	LI
1370031	1380030	1375030.5	77	28.887594849368565	NA	0	1	0.996005996001	1.0000000000000036e-12	40.87012987012987	LI10	LI
1375031	1385030	1380030.5	104	37.47251785974632	0	0	1	0.996005996001	1.0000000000000036e-12	40.77884615384615	LI10	LI
1380031	1390030	1385030.5	105	39.126524057927384	0	0	1	0.996005996001	1.0000000000000036e-12	42.114285714285714	LI10	LI
1385031	1395030	1390030.5	101	33.19471145072703	293222.25	0	1	0.996005996001	1.0000000000000036e-12	42.336633663366335	LI10	LI
1390031	1400030	1395030.5	109	33.19471145072703	146611.125	0	1	0.996005996001	1.0000000000000036e-12	42.330275229357795	LI10	LI
1395031	1405030	1400030.5	96	32.76529071978265	0	0	1	0.996005996001	1.0000000000000036e-12	42.552083333333336	LI10	LI
1400031	1410030	1405030.5	83	NA	NA	0	1	0.996005996001	1.0000000000000036e-12	42.855421686746986	LI10	LI
1405031	1415030	1410030.5	82	NA	NA	0	1	0.996005996001	1.0000000000000036e-12	42.68292682926829	LI10	LI
1410031	1420030	1415030.5	101	NA	NA	0	1	0.996005996001	1.0000000000000036e-12	42.7029702970297	LI10	LI
1415031	1425030	1420030.5	119	NA	NA	0	1	0.996005996001	1.0000000000000036e-12	42.596638655462186	LI10	LI
1420031	1430030	1425030.5	115	NA	NA	0	1	0.996005996001	1.0000000000000036e-12	42.03478260869565	LI10	LI
1425031	1435030	1430030.5	94	NA	NA	0	1	0.996005996001	1.0000000000000036e-12	41.96808510638298	LI10	LI
1430031	1440030	1435030.5	73	NA	NA	0	1	0.996005996001	1.0000000000000036e-12	42.02739726027397	LI10	LI
1435031	1445030	1440030.5	73	37.68631427029823	1056757.000000002	0	1	0.996005996001	1.0000000000000036e-12	42.26027397260274	LI10	LI
1440031	1450030	1445030.5	59	37.68631427029823	1056757.000000002	0	1	0.996005996001	1.0000000000000036e-12	43.16949152542373	LI10	LI
1445031	1455030	1450030.5	61	NA	NA	0	1	0.996005996001	1.0000000000000036e-12	43.0655737704918	LI10	LI
1450031	1460030	1455030.5	88	430.64988206742703	6.656810565034063e-7	0	1	0.996005996001	1.0000000000000036e-12	43.10227272727273	LI10	LI
1455031	1465030	1460030.5	106	430.64988206742703	6.656810565034063e-7	0	1	0.996005996001	1.0000000000000036e-12	43.25471698113208	LI10	LI
1460031	1470030	1465030.5	86	NA	NA	0	1	0.996005996001	1.0000000000000036e-12	43.13953488372093	LI10	LI
1465031	1475030	1470030.5	74	44.79930234053498	NA	0	1	0.996005996001	1.0000000000000036e-12	43.013513513513516	LI10	LI
1470031	1480030	1475030.5	78	44.79930234053498	NA	0	1	0.996005996001	1.0000000000000036e-12	42.94871794871795	LI10	LI
1475031	1485030	1480030.5	78	NA	NA	0	1	0.996005996001	1.0000000000000036e-12	41.782051282051285	LI10	LI
1480031	1490030	1485030.5	85	NA	NA	0	1	0.996005996001	1.0000000000000036e-12	42.141176470588235	LI10	LI
1485031	1495030	1490030.5	73	NA	NA	0	1	0.996005996001	1.0000000000000036e-12	43.136986301369866	LI10	LI
1490031	1500030	1495030.5	77	27.39715576171875	0	0	1	0.996005996001	1.0000000000000036e-12	42.84415584415584	LI10	LI
1495031	1505030	1500030.5	75	27.39715576171875	0	0	1	0.996005996001	1.0000000000000036e-12	42.93333333333333	LI10	LI
1500031	1510030	1505030.5	60	26.920219859777472	0	0	1	0.996005996001	1.0000000000000036e-12	42.96666666666667	LI10	LI
1505031	1515030	1510030.5	66	32.02836561834601	0	0	1	0.996005996001	1.0000000000000036e-12	42.90909090909091	LI10	LI
1510031	1520030	1515030.5	70	37.13651137691455	NA	0	1	0.996005996001	1.0000000000000036e-12	42.68571428571428	LI10	LI
1515031	1525030	1520030.5	68	42.96565475366949	NA	0	1	0.996005996001	1.0000000000000036e-12	40.63235294117647	LI10	LI
31	10030	5030.5	140	51.99047003533843	0	0	1	0.996005996001	1.0000000000000036e-12	45.58571428571429	LI11	LI
5031	15030	10030.5	118	41.70263671875	0	0	1	0.996005996001	1.0000000000000036e-12	49.313559322033896	LI11	LI
10031	20030	15030.5	124	41.657906549896744	0	0	1	0.996005996001	1.0000000000000036e-12	49.12903225806452	LI11	LI
15031	25030	20030.5	89	43.387593108996505	0	0	1	0.996005996001	1.0000000000000036e-12	50.19101123595506	LI11	LI
20031	30030	25030.5	77	51.936337553917625	0	0	1	0.996005996001	1.0000000000000036e-12	50	LI11	LI
25031	35030	30030.5	108	51.936337553917625	0	0	1	0.996005996001	1.0000000000000036e-12	50.30555555555556	LI11	LI
30031	40030	35030.5	117	37.913504169362334	NA	0	1	0.996005996001	1.0000000000000036e-12	50.64102564102564	LI11	LI
35031	45030	40030.5	78	NA	NA	0	1	0.996005996001	1.0000000000000036e-12	50.05128205128205	LI11	LI
40031	50030	45030.5	80	37.8362259057864	0	0	1	0.996005996001	1.0000000000000036e-12	49.6875	LI11	LI
45031	55030	50030.5	108	37.8362259057864	0	0	1	0.996005996001	1.0000000000000036e-12	50.425925925925924	LI11	LI
50031	60030	55030.5	110	45.896686816342864	0	0	1	0.996005996001	1.0000000000000036e-12	50.627272727272725	LI11	LI
55031	65030	60030.5	97	45.896686816342864	0	0	1	0.996005996001	1.0000000000000036e-12	50.05154639175258	LI11	LI
60031	70030	65030.5	96	NA	NA	0	1	0.996005996001	1.0000000000000036e-12	49.739583333333336	LI11	LI
65031	75030	70030.5	122	NA	NA	0	1	0.996005996001	1.0000000000000036e-12	50.040983606557376	LI11	LI
70031	80030	75030.5	123	NA	NA	0	1	0.996005996001	1.0000000000000036e-12	50.58536585365854	LI11	LI
75031	85030	80030.5	90	38.1080946920871	3.704205939503186e-5	0	1	0.996005996001	1.0000000000000036e-12	50.84444444444444	LI11	LI
80031	90030	85030.5	86	38.1080946920871	3.704205939503186e-5	0	1	0.996005996001	1.0000000000000036e-12	50.58139534883721	LI11	LI
85031	95030	90030.5	106	NA	NA	0	1	0.996005996001	1.0000000000000036e-12	49.64150943396226	LI11	LI
90031	100030	95030.5	129	50.88540606554041	NA	0	1	0.996005996001	1.0000000000000036e-12	48.674418604651166	LI11	LI
95031	105030	100030.5	164	48.86128190335019	NA	0	1	0.996005996001	1.0000000000000036e-12	48.40853658536585	LI11	LI
100031	110030	105030.5	134	46.83715774115998	NA	0	1	0.996005996001	1.0000000000000036e-12	48.843283582089555	LI11	LI
105031	115030	110030.5	88	38.366790865216245	0.0013696693397312865	0	1	0.996005996001	1.0000000000000036e-12	50	LI11	LI
110031	120030	115030.5	99	134.67912324223397	3.8989447820197385	0	1	0.996005996001	1.0000000000000036e-12	50.45454545454545	LI11	LI
115031	125030	120030.5	99	140.40507351275085	3.8982599473498727	0	1	0.996005996001	1.0000000000000036e-12	50.92929292929293	LI11	LI
120031	130030	125030.5	67	49.81869140625	0	0	1	0.996005996001	1.0000000000000036e-12	50.656716417910445	LI11	LI
125031	135030	130030.5	88	NA	NA	0	1	0.996005996001	1.0000000000000036e-12	50.25	LI11	LI
130031	140030	135030.5	118	NA	NA	0	1	0.996005996001	1.0000000000000036e-12	49.5	LI11	LI
135031	145030	140030.5	96	50.17296647429156	0	0	1	0.996005996001	1.0000000000000036e-12	49.302083333333336	LI11	LI
140031	150030	145030.5	138	52.03228989771581	0	0	1	0.996005996001	1.0000000000000036e-12	50.96376811594203	LI11	LI
145031	155030	150030.5	214	39.77527618408203	0	0	1	0.996005996001	1.0000000000000036e-12	50.36448598130841	LI11	LI
150031	160030	155030.5	199	39.77527618408203	0	0	1	0.996005996001	1.0000000000000036e-12	49.88944723618091	LI11	LI
155031	165030	160030.5	131	50.39762028983435	NA	0	1	0.996005996001	1.0000000000000036e-12	50.045801526717554	LI11	LI
160031	170030	165030.5	95	48.969802654506196	NA	0	1	0.996005996001	1.0000000000000036e-12	49.8421052631579	LI11	LI
165031	175030	170030.5	87	27.883725892003007	0	0	1	0.996005996001	1.0000000000000036e-12	49.724137931034484	LI11	LI
170031	180030	175030.5	81	32.440717639649634	0	0	1	0.996005996001	1.0000000000000036e-12	49.74074074074074	LI11	LI
175031	185030	180030.5	94	39.1367274938706	0	0	1	0.996005996001	1.0000000000000036e-12	49.180851063829785	LI11	LI
180031	190030	185030.5	112	40.31223956821941	0	0	1	0.996005996001	1.0000000000000036e-12	49.339285714285715	LI11	LI
185031	195030	190030.5	101	NA	NA	0	1	0.996005996001	1.0000000000000036e-12	50.603960396039604	LI11	LI
190031	200030	195030.5	80	NA	NA	0	1	0.996005996001	1.0000000000000036e-12	51.4	LI11	LI
195031	205030	200030.5	113	38.849192678192516	NA	0	1	0.996005996001	1.0000000000000036e-12	50.336283185840706	LI11	LI
200031	210030	205030.5	114	38.849192678192516	NA	0	1	0.996005996001	1.0000000000000036e-12	49.824561403508774	LI11	LI
205031	215030	210030.5	91	NA	NA	0	1	0.996005996001	1.0000000000000036e-12	49.97802197802198	LI11	LI
210031	220030	215030.5	103	NA	NA	0	1	0.996005996001	1.0000000000000036e-12	50.47572815533981	LI11	LI
215031	225030	220030.5	109	137.01477606946492	8970.886873708907	0	1	0.996005996001	1.0000000000000036e-12	49.88073394495413	LI11	LI
220031	230030	225030.5	84	137.01477606946492	8970.886873708907	0	1	0.996005996001	1.0000000000000036e-12	49.404761904761905	LI11	LI
225031	235030	230030.5	51	NA	NA	0	1	0.996005996001	1.0000000000000036e-12	51.09803921568628	LI11	LI
230031	240030	235030.5	89	NA	NA	0	1	0.996005996001	1.0000000000000036e-12	50.20224719101124	LI11	LI
235031	245030	240030.5	105	NA	NA	0	1	0.996005996001	1.0000000000000036e-12	49.857142857142854	LI11	LI
240031	250030	245030.5	100	NA	NA	0	1	0.996005996001	1.0000000000000036e-12	50.17	LI11	LI
245031	255030	250030.5	99	NA	NA	0	1	0.996005996001	1.0000000000000036e-12	50.474747474747474	LI11	LI
250031	260030	255030.5	98	47.96918233235677	NA	0	1	0.996005996001	1.0000000000000036e-12	50.48979591836735	LI11	LI
255031	265030	260030.5	104	47.96918233235677	NA	0	1	0.996005996001	1.0000000000000036e-12	49.99038461538461	LI11	LI
260031	270030	265030.5	87	NA	NA	0	1	0.996005996001	1.0000000000000036e-12	50.229885057471265	LI11	LI
265031	275030	270030.5	80	1162.2389547325859	0	0	1	0.996005996001	1.0000000000000036e-12	51.05	LI11	LI
270031	280030	275030.5	82	1162.2389547325859	0	0	1	0.996005996001	1.0000000000000036e-12	51.21951219512195	LI11	LI
275031	285030	280030.5	87	25.214933205872818	3125.000000000003	0	1	0.996005996001	1.0000000000000036e-12	49.264367816091955	LI11	LI
280031	290030	285030.5	86	25.214933205872818	3125.000000000003	0	1	0.996005996001	1.0000000000000036e-12	47.56976744186046	LI11	LI
285031	295030	290030.5	91	35.30358171122082	NA	0	1	0.996005996001	1.0000000000000036e-12	48.38461538461539	LI11	LI
290031	300030	295030.5	99	35.30358171122082	NA	0	1	0.996005996001	1.0000000000000036e-12	48.64646464646464	LI11	LI
295031	305030	300030.5	142	NA	NA	0	1	0.996005996001	1.0000000000000036e-12	49.471830985915496	LI11	LI
300031	310030	305030.5	134	NA	NA	0	1	0.996005996001	1.0000000000000036e-12	50.35820895522388	LI11	LI
305031	315030	310030.5	90	NA	NA	0	1	0.996005996001	1.0000000000000036e-12	47.81111111111111	LI11	LI
310031	320030	315030.5	131	NA	NA	0	1	0.996005996001	1.0000000000000036e-12	48.51908396946565	LI11	LI
315031	325030	320030.5	121	NA	NA	0	1	0.996005996001	1.0000000000000036e-12	49.32231404958678	LI11	LI
320031	330030	325030.5	92	50.97097128932312	NA	0	1	0.996005996001	1.0000000000000036e-12	47.27173913043478	LI11	LI
325031	335030	330030.5	108	50.97097128932312	NA	0	1	0.996005996001	1.0000000000000036e-12	48.00925925925926	LI11	LI
330031	340030	335030.5	99	NA	NA	0	1	0.996005996001	1.0000000000000036e-12	49.25252525252525	LI11	LI
335031	345030	340030.5	84	987.616229102626	0	0	1	0.996005996001	1.0000000000000036e-12	49.773809523809526	LI11	LI
340031	350030	345030.5	67	987.616229102626	0	0	1	0.996005996001	1.0000000000000036e-12	47.74626865671642	LI11	LI
345031	355030	350030.5	34	29.5794375	0	0	1	0.996005996001	1.0000000000000036e-12	43.44117647058823	LI11	LI
350031	360030	355030.5	8	294.52075642830334	0	0	1	0.996005996001	1.0000000000000036e-12	35.625	LI11	LI
355031	365030	360030.5	7	559.4620753566066	0	0	1	0.996005996001	1.0000000000000036e-12	29.857142857142858	LI11	LI
360031	370030	365030.5	13	34.28120242252907	0	0	1	0.996005996001	1.0000000000000036e-12	27.615384615384617	LI11	LI
365031	375030	370030.5	54	34.28120242252907	0	0	1	0.996005996001	1.0000000000000036e-12	31.72222222222222	LI11	LI
370031	380030	375030.5	89	NA	NA	0	1	0.996005996001	1.0000000000000036e-12	40.01123595505618	LI11	LI
375031	385030	380030.5	75	52.972052852354636	NA	0	1	0.996005996001	1.0000000000000036e-12	49.44	LI11	LI
380031	390030	385030.5	67	52.972052852354636	NA	0	1	0.996005996001	1.0000000000000036e-12	50.865671641791046	LI11	LI
385031	395030	390030.5	81	50.74556024832078	NA	0	1	0.996005996001	1.0000000000000036e-12	51.03703703703704	LI11	LI
390031	400030	395030.5	81	43.05267333984375	0	0	1	0.996005996001	1.0000000000000036e-12	50.382716049382715	LI11	LI
395031	405030	400030.5	80	41.50789770507812	0	0	1	0.996005996001	1.0000000000000036e-12	50.0375	LI11	LI
400031	410030	405030.5	99	NA	NA	0	1	0.996005996001	1.0000000000000036e-12	50.101010101010104	LI11	LI
405031	415030	410030.5	87	51.81897451980936	0	0	1	0.996005996001	1.0000000000000036e-12	49.97701149425287	LI11	LI
410031	420030	415030.5	67	50.75711478823396	0	0	1	0.996005996001	1.0000000000000036e-12	48.61194029850746	LI11	LI
415031	425030	420030.5	78	29.89121484375	NA	0	1	0.996005996001	1.0000000000000036e-12	48.12820512820513	LI11	LI
420031	430030	425030.5	91	29.89121484375	NA	0	1	0.996005996001	1.0000000000000036e-12	48.7032967032967	LI11	LI
425031	435030	430030.5	96	NA	NA	0	1	0.996005996001	1.0000000000000036e-12	49.583333333333336	LI11	LI
430031	440030	435030.5	96	NA	NA	0	1	0.996005996001	1.0000000000000036e-12	50.875	LI11	LI
435031	445030	440030.5	93	113.43721631659795	1.63750700095117e-4	0	1	0.996005996001	1.0000000000000036e-12	49.68817204301075	LI11	LI
440031	450030	445030.5	80	93.67455748167441	743.8474207553509	0	1	0.996005996001	1.0000000000000036e-12	49.0125	LI11	LI
445031	455030	450030.5	75	73.91189864675087	1487.6946777600017	0	1	0.996005996001	1.0000000000000036e-12	49.89333333333333	LI11	LI
450031	460030	455030.5	96	NA	NA	0	1	0.996005996001	1.0000000000000036e-12	50.59375	LI11	LI
455031	465030	460030.5	93	31.95405285141605	NA	0	1	0.996005996001	1.0000000000000036e-12	49.8494623655914	LI11	LI
460031	470030	465030.5	97	32.955458510727105	NA	0	1	0.996005996001	1.0000000000000036e-12	49.31958762886598	LI11	LI
465031	475030	470030.5	85	48.28263724813236	NA	0	1	0.996005996001	1.0000000000000036e-12	50.21176470588235	LI11	LI
470031	480030	475030.5	61	38.27380492833292	0.013554063846340596	0	1	0.996005996001	1.0000000000000036e-12	50.77049180327869	LI11	LI
475031	485030	480030.5	77	38.27380492833292	0.013554063846340596	0	1	0.996005996001	1.0000000000000036e-12	50.8051948051948	LI11	LI
480031	490030	485030.5	54	NA	NA	0	1	0.996005996001	1.0000000000000036e-12	50.18518518518518	LI11	LI
485031	495030	490030.5	40	NA	NA	0	1	0.996005996001	1.0000000000000036e-12	50.425	LI11	LI
490031	500030	495030.5	54	NA	NA	0	1	0.996005996001	1.0000000000000036e-12	50.870370370370374	LI11	LI
495031	505030	500030.5	65	23.350164716163597	NA	0	1	0.996005996001	1.0000000000000036e-12	49.47692307692308	LI11	LI
500031	510030	505030.5	74	23.763671875	NA	0	1	0.996005996001	1.0000000000000036e-12	49.391891891891895	LI11	LI
505031	515030	510030.5	83	36.953814423325156	NA	0	1	0.996005996001	1.0000000000000036e-12	48.74698795180723	LI11	LI
510031	520030	515030.5	77	45.86494089256544	7.8257692248485e-4	0	1	0.996005996001	1.0000000000000036e-12	48.98701298701299	LI11	LI
515031	525030	520030.5	59	41.75281779300555	0	0	1	0.996005996001	1.0000000000000036e-12	50.59322033898305	LI11	LI
520031	530030	525030.5	71	37.64069469344565	0	0	1	0.996005996001	1.0000000000000036e-12	47.67605633802817	LI11	LI
525031	535030	530030.5	76	30.800416206866167	0	0	1	0.996005996001	1.0000000000000036e-12	46.4078947368421	LI11	LI
530031	540030	535030.5	72	29.29809895620276	0	0	1	0.996005996001	1.0000000000000036e-12	46.56944444444444	LI11	LI
535031	545030	540030.5	82	NA	NA	0	1	0.996005996001	1.0000000000000036e-12	46.707317073170735	LI11	LI
540031	550030	545030.5	97	36.96018621799301	NA	0	1	0.996005996001	1.0000000000000036e-12	48.34020618556701	LI11	LI
545031	555030	550030.5	95	38.70287766145754	0	0	1	0.996005996001	1.0000000000000036e-12	49.34736842105263	LI11	LI
550031	560030	555030.5	63	42.26716880198344	0	0	1	0.996005996001	1.0000000000000036e-12	49.74603174603175	LI11	LI
555031	565030	560030.5	46	NA	NA	0	1	0.996005996001	1.0000000000000036e-12	49.869565217391305	LI11	LI
560031	570030	565030.5	73	52.972052852354636	NA	0	1	0.996005996001	1.0000000000000036e-12	50.205479452054796	LI11	LI
565031	575030	570030.5	109	36.97355335616393	0	0	1	0.996005996001	1.0000000000000036e-12	49.1651376146789	LI11	LI
570031	580030	575030.5	102	35.05227221579218	0	0	1	0.996005996001	1.0000000000000036e-12	48.450980392156865	LI11	LI
575031	585030	580030.5	67	486.84682685952646	0	0	1	0.996005996001	1.0000000000000036e-12	49.343283582089555	LI11	LI
580031	590030	585030.5	70	36.6221943758267	0	0	1	0.996005996001	1.0000000000000036e-12	48.98571428571429	LI11	LI
585031	595030	590030.5	79	36.320334527356955	0	0	1	0.996005996001	1.0000000000000036e-12	48.11392405063291	LI11	LI
590031	600030	595030.5	71	42.5737084821299	0	0	1	0.996005996001	1.0000000000000036e-12	48.74647887323944	LI11	LI
595031	605030	600030.5	86	34.84164313046647	0	0	1	0.996005996001	1.0000000000000036e-12	49.895348837209305	LI11	LI
600031	610030	605030.5	114	32.366428987108236	0	0	1	0.996005996001	1.0000000000000036e-12	48.29824561403509	LI11	LI
605031	615030	610030.5	118	32.24101935878471	0	0	1	0.996005996001	1.0000000000000036e-12	48.5	LI11	LI
610031	620030	615030.5	107	NA	NA	0	1	0.996005996001	1.0000000000000036e-12	50.28971962616822	LI11	LI
615031	625030	620030.5	100	53.97256396700198	NA	0	1	0.996005996001	1.0000000000000036e-12	50.94	LI11	LI
620031	630030	625030.5	101	53.97256396700198	NA	0	1	0.996005996001	1.0000000000000036e-12	50.93069306930693	LI11	LI
625031	635030	630030.5	112	NA	NA	0	1	0.996005996001	1.0000000000000036e-12	49.375	LI11	LI
630031	640030	635030.5	79	NA	NA	0	1	0.996005996001	1.0000000000000036e-12	49.0126582278481	LI11	LI
635031	645030	640030.5	41	NA	NA	0	1	0.996005996001	1.0000000000000036e-12	50.09756097560975	LI11	LI
640031	650030	645030.5	57	50.97097128932312	NA	0	1	0.996005996001	1.0000000000000036e-12	48.6140350877193	LI11	LI
645031	655030	650030.5	63	50.97097128932312	NA	0	1	0.996005996001	1.0000000000000036e-12	49.507936507936506	LI11	LI
650031	660030	655030.5	64	40.62175557564409	0	0	1	0.996005996001	1.0000000000000036e-12	49.359375	LI11	LI
655031	665030	660030.5	63	40.70986990217568	0	0	1	0.996005996001	1.0000000000000036e-12	48.6031746031746	LI11	LI
660031	670030	665030.5	53	40.70986990217568	138945.73946666668	0	1	0.996005996001	1.0000000000000036e-12	48.867924528301884	LI11	LI
665031	675030	670030.5	35	NA	NA	0	1	0.996005996001	1.0000000000000036e-12	49.114285714285714	LI11	LI
670031	680030	675030.5	11	NA	NA	0	1	0.996005996001	1.0000000000000036e-12	42.81818181818182	LI11	LI
675031	685030	680030.5	9	NA	NA	0	1	0.996005996001	1.0000000000000036e-12	4	LI11	LI
680031	690030	685030.5	7	NA	NA	0	1	0.996005996001	1.0000000000000036e-12	4.428571428571429	LI11	LI
685031	695030	690030.5	0	NA	NA	NA	NA	NA	NA	NA	LI11	LI
690031	700030	695030.5	0	NA	NA	NA	NA	NA	NA	NA	LI11	LI
695031	705030	700030.5	0	NA	NA	NA	NA	NA	NA	NA	LI11	LI
700031	710030	705030.5	16	36.244099328396146	0	0	1	0.996005996001	1.0000000000000036e-12	46.5	LI11	LI
705031	715030	710030.5	62	42.990728713514315	0	0	1	0.996005996001	1.0000000000000036e-12	48.95161290322581	LI11	LI
710031	720030	715030.5	107	42.32183124501596	0	0	1	0.996005996001	1.0000000000000036e-12	49.467289719626166	LI11	LI
715031	725030	720030.5	99	23.851980686187744	0	0	1	0.996005996001	1.0000000000000036e-12	49.121212121212125	LI11	LI
720031	730030	725030.5	77	41.74073944366518	0	0	1	0.996005996001	1.0000000000000036e-12	49.81818181818182	LI11	LI
725031	735030	730030.5	74	47.52237796783447	0	0	1	0.996005996001	1.0000000000000036e-12	50.91891891891892	LI11	LI
730031	740030	735030.5	66	31.9540958404541	NA	0	1	0.996005996001	1.0000000000000036e-12	50.04545454545455	LI11	LI
735031	745030	740030.5	71	31.9540958404541	NA	0	1	0.996005996001	1.0000000000000036e-12	49.647887323943664	LI11	LI
740031	750030	745030.5	77	40.59069735680478	NA	0	1	0.996005996001	1.0000000000000036e-12	49.96103896103896	LI11	LI
745031	755030	750030.5	72	50.97097128932312	NA	0	1	0.996005996001	1.0000000000000036e-12	48.791666666666664	LI11	LI
750031	760030	755030.5	75	47.60913007999207	NA	0	1	0.996005996001	1.0000000000000036e-12	48.14666666666667	LI11	LI
755031	765030	760030.5	93	38.851362969706166	0	0	1	0.996005996001	1.0000000000000036e-12	48.31182795698925	LI11	LI
760031	770030	765030.5	92	38.851362969706166	0	0	1	0.996005996001	1.0000000000000036e-12	48.23913043478261	LI11	LI
765031	775030	770030.5	102	39.90617066189867	0	0	1	0.996005996001	1.0000000000000036e-12	48.14705882352941	LI11	LI
770031	780030	775030.5	98	34.10351501981296	0	0	1	0.996005996001	1.0000000000000036e-12	48.255102040816325	LI11	LI
775031	785030	780030.5	58	35.87686892434083	NA	0	1	0.996005996001	1.0000000000000036e-12	48.793103448275865	LI11	LI
780031	790030	785030.5	70	NA	NA	0	1	0.996005996001	1.0000000000000036e-12	48.57142857142857	LI11	LI
785031	795030	790030.5	87	46.646321142714044	0	0	1	0.996005996001	1.0000000000000036e-12	48.2183908045977	LI11	LI
790031	800030	795030.5	67	46.646321142714044	0	0	1	0.996005996001	1.0000000000000036e-12	48.19402985074627	LI11	LI
795031	805030	800030.5	70	18.884997699190844	0	0	1	0.996005996001	1.0000000000000036e-12	48.042857142857144	LI11	LI
800031	810030	805030.5	66	18.884997699190844	0	0	1	0.996005996001	1.0000000000000036e-12	48.46969696969697	LI11	LI
805031	815030	810030.5	34	NA	NA	0	1	0.996005996001	1.0000000000000036e-12	46.794117647058826	LI11	LI
810031	820030	815030.5	91	32.90080003287002	0	0	1	0.996005996001	1.0000000000000036e-12	46.64835164835165	LI11	LI
815031	825030	820030.5	109	32.90080003287002	0	0	1	0.996005996001	1.0000000000000036e-12	48.39449541284404	LI11	LI
820031	830030	825030.5	62	48.932520045059874	NA	0	1	0.996005996001	1.0000000000000036e-12	50.306451612903224	LI11	LI
825031	835030	830030.5	77	43.23907323583772	0	0	1	0.996005996001	1.0000000000000036e-12	49.23376623376623	LI11	LI
830031	840030	835030.5	78	44.41551836302966	0	0	1	0.996005996001	1.0000000000000036e-12	49.07692307692308	LI11	LI
835031	845030	840030.5	84	37.41236725832587	NA	0	1	0.996005996001	1.0000000000000036e-12	48.45238095238095	LI11	LI
840031	850030	845030.5	91	37.41236725832587	NA	0	1	0.996005996001	1.0000000000000036e-12	49.38461538461539	LI11	LI
845031	855030	850030.5	85	47.90485931569468	NA	0	1	0.996005996001	1.0000000000000036e-12	49.917647058823526	LI11	LI
850031	860030	855030.5	94	47.289727210998535	0	0	1	0.996005996001	1.0000000000000036e-12	47.58510638297872	LI11	LI
855031	865030	860030.5	107	47.78618222956545	0	0	1	0.996005996001	1.0000000000000036e-12	48.570093457943926	LI11	LI
860031	870030	865030.5	118	46.910224123929666	0	0	1	0.996005996001	1.0000000000000036e-12	49.00847457627118	LI11	LI
865031	875030	870030.5	131	46.52748429715672	0	0	1	0.996005996001	1.0000000000000036e-12	48.29007633587786	LI11	LI
870031	880030	875030.5	100	42.07763741503892	6.7669276222821145e-6	0	1	0.996005996001	1.0000000000000036e-12	49.36	LI11	LI
875031	885030	880030.5	50	42.07763741503892	6.7669276222821145e-6	0	1	0.996005996001	1.0000000000000036e-12	45.12	LI11	LI
880031	890030	885030.5	29	NA	NA	0	1	0.996005996001	1.0000000000000036e-12	35.758620689655174	LI11	LI
885031	895030	890030.5	44	50.88540606554041	NA	0	1	0.996005996001	1.0000000000000036e-12	46.61363636363637	LI11	LI
890031	900030	895030.5	66	50.88540606554041	NA	0	1	0.996005996001	1.0000000000000036e-12	46.09090909090909	LI11	LI
895031	905030	900030.5	39	24.41184075	0	0	1	0.996005996001	1.0000000000000036e-12	37.23076923076923	LI11	LI
900031	910030	905030.5	26	24.41184075	0	0	1	0.996005996001	1.0000000000000036e-12	25.076923076923077	LI11	LI
905031	915030	910030.5	55	NA	NA	0	1	0.996005996001	1.0000000000000036e-12	41.89090909090909	LI11	LI
910031	920030	915030.5	86	25.51511100935106	0	0	1	0.996005996001	1.0000000000000036e-12	48.406976744186046	LI11	LI
915031	925030	920030.5	88	25.51511100935106	0	0	1	0.996005996001	1.0000000000000036e-12	48.80681818181818	LI11	LI
920031	930030	925030.5	107	29.951104166666664	NA	0	1	0.996005996001	1.0000000000000036e-12	49.504672897196265	LI11	LI
925031	935030	930030.5	119	31.95392340050207	NA	0	1	0.996005996001	1.0000000000000036e-12	49.66386554621849	LI11	LI
930031	940030	935030.5	94	33.95674263433747	NA	0	1	0.996005996001	1.0000000000000036e-12	50.276595744680854	LI11	LI
935031	945030	940030.5	97	NA	NA	0	1	0.996005996001	1.0000000000000036e-12	50.28865979381443	LI11	LI
940031	950030	945030.5	99	NA	NA	0	1	0.996005996001	1.0000000000000036e-12	50.04040404040404	LI11	LI
945031	955030	950030.5	71	48.22130234851125	0	0	1	0.996005996001	1.0000000000000036e-12	49.88732394366197	LI11	LI
950031	960030	955030.5	73	48.22130234851125	0	0	1	0.996005996001	1.0000000000000036e-12	48.28767123287671	LI11	LI
955031	965030	960030.5	66	NA	NA	0	1	0.996005996001	1.0000000000000036e-12	45.72727272727273	LI11	LI
960031	970030	965030.5	62	NA	NA	0	1	0.996005996001	1.0000000000000036e-12	43.66129032258065	LI11	LI
965031	975030	970030.5	57	NA	NA	0	1	0.996005996001	1.0000000000000036e-12	42.07017543859649	LI11	LI
970031	980030	975030.5	53	NA	NA	0	1	0.996005996001	1.0000000000000036e-12	46.22641509433962	LI11	LI
975031	985030	980030.5	81	40.90870760727533	0	0	1	0.996005996001	1.0000000000000036e-12	49.01234567901235	LI11	LI
980031	990030	985030.5	65	43.96642341871713	0	0	1	0.996005996001	1.0000000000000036e-12	48.215384615384615	LI11	LI
985031	995030	990030.5	67	50.43886675020354	0	0	1	0.996005996001	1.0000000000000036e-12	49.208955223880594	LI11	LI
990031	1000030	995030.5	78	28.416206621068927	0	0	1	0.996005996001	1.0000000000000036e-12	49.205128205128204	LI11	LI
995031	1005030	1000030.5	84	28.416206621068927	0	0	1	0.996005996001	1.0000000000000036e-12	48.01190476190476	LI11	LI
1000031	1010030	1005030.5	112	29.89121484375	NA	0	1	0.996005996001	1.0000000000000036e-12	49.026785714285715	LI11	LI
1005031	1015030	1010030.5	116	48.88085746585181	NA	0	1	0.996005996001	1.0000000000000036e-12	50.68103448275862	LI11	LI
1010031	1020030	1015030.5	123	41.29283918238167	0	0	1	0.996005996001	1.0000000000000036e-12	50.52845528455285	LI11	LI
1015031	1025030	1020030.5	92	41.29283918238167	0	0	1	0.996005996001	1.0000000000000036e-12	49.67391304347826	LI11	LI
1020031	1030030	1025030.5	59	44.883814967068105	NA	0	1	0.996005996001	1.0000000000000036e-12	49.57627118644068	LI11	LI
1025031	1035030	1030030.5	64	40.919676887759174	NA	0	1	0.996005996001	1.0000000000000036e-12	44.09375	LI11	LI
1030031	1040030	1035030.5	108	39.460914762230885	NA	0	1	0.996005996001	1.0000000000000036e-12	45.50925925925926	LI11	LI
1035031	1045030	1040030.5	134	47.30775173753541	0	0	1	0.996005996001	1.0000000000000036e-12	49.014925373134325	LI11	LI
1040031	1050030	1045030.5	133	46.71760570381136	0	0	1	0.996005996001	1.0000000000000036e-12	49.8421052631579	LI11	LI
1045031	1055030	1050030.5	122	47.281640288971325	NA	0	1	0.996005996001	1.0000000000000036e-12	50.10655737704918	LI11	LI
1050031	1060030	1055030.5	95	39.679137695312505	0	0	1	0.996005996001	1.0000000000000036e-12	49.32631578947368	LI11	LI
1055031	1065030	1060030.5	94	39.679137695312505	0	0	1	0.996005996001	1.0000000000000036e-12	49.723404255319146	LI11	LI
1060031	1070030	1065030.5	71	36.95143580421425	NA	0	1	0.996005996001	1.0000000000000036e-12	50.605633802816904	LI11	LI
1065031	1075030	1070030.5	68	37.529307132719694	0	0	1	0.996005996001	1.0000000000000036e-12	49.779411764705884	LI11	LI
1070031	1080030	1075030.5	102	41.562682215743436	0	0	1	0.996005996001	1.0000000000000036e-12	48.78431372549019	LI11	LI
1075031	1085030	1080030.5	109	40.85837408046894	NA	0	1	0.996005996001	1.0000000000000036e-12	48.81651376146789	LI11	LI
1080031	1090030	1085030.5	98	40.85837408046894	NA	0	1	0.996005996001	1.0000000000000036e-12	49.57142857142857	LI11	LI
1085031	1095030	1090030.5	110	30.713593896856437	0	0	1	0.996005996001	1.0000000000000036e-12	49.554545454545455	LI11	LI
1090031	1100030	1095030.5	102	39.84169827568132	0	0	1	0.996005996001	1.0000000000000036e-12	49.8235294117647	LI11	LI
1095031	1105030	1100030.5	94	48.969802654506196	NA	0	1	0.996005996001	1.0000000000000036e-12	50.329787234042556	LI11	LI
1100031	1110030	1105030.5	95	NA	NA	0	1	0.996005996001	1.0000000000000036e-12	50.85263157894737	LI11	LI
1105031	1115030	1110030.5	79	NA	NA	0	1	0.996005996001	1.0000000000000036e-12	51.265822784810126	LI11	LI
1110031	1120030	1115030.5	94	33.844004059966494	0	0	1	0.996005996001	1.0000000000000036e-12	49.765957446808514	LI11	LI
1115031	1125030	1120030.5	97	33.844004059966494	0	0	1	0.996005996001	1.0000000000000036e-12	49.81443298969072	LI11	LI
1120031	1130030	1125030.5	114	NA	NA	0	1	0.996005996001	1.0000000000000036e-12	49.85964912280702	LI11	LI
1125031	1135030	1130030.5	161	NA	NA	0	1	0.996005996001	1.0000000000000036e-12	50.037267080745345	LI11	LI
1130031	1140030	1135030.5	147	NA	NA	0	1	0.996005996001	1.0000000000000036e-12	50.31292517006803	LI11	LI
1135031	1145030	1140030.5	120	42.6191470559193	NA	0	1	0.996005996001	1.0000000000000036e-12	49.608333333333334	LI11	LI
1140031	1150030	1145030.5	107	42.6191470559193	NA	0	1	0.996005996001	1.0000000000000036e-12	49.757009345794394	LI11	LI
1145031	1155030	1150030.5	98	30.112403520568293	0	0	1	0.996005996001	1.0000000000000036e-12	47.52040816326531	LI11	LI
1150031	1160030	1155030.5	97	30.112403520568293	0	0	1	0.996005996001	1.0000000000000036e-12	46.92783505154639	LI11	LI
1155031	1165030	1160030.5	98	NA	NA	0	1	0.996005996001	1.0000000000000036e-12	49.07142857142857	LI11	LI
1160031	1170030	1165030.5	109	45.604485673949796	0	0	1	0.996005996001	1.0000000000000036e-12	49.57798165137615	LI11	LI
1165031	1175030	1170030.5	123	43.239789015542826	0	0	1	0.996005996001	1.0000000000000036e-12	49.26829268292683	LI11	LI
1170031	1180030	1175030.5	108	45.28487460712991	0	0	1	0.996005996001	1.0000000000000036e-12	49.27777777777778	LI11	LI
1175031	1185030	1180030.5	85	49.883176	NA	0	1	0.996005996001	1.0000000000000036e-12	30.223529411764705	LI11	LI
1180031	1190030	1185030.5	59	NA	NA	0	1	0.996005996001	1.0000000000000036e-12	6.033898305084746	LI11	LI
1185031	1195030	1190030.5	62	42.74695235505881	1419856.9999999974	0	1	0.996005996001	1.0000000000000036e-12	10.080645161290322	LI11	LI
1190031	1200030	1195030.5	90	42.08388485075296	709928.5000259567	0	1	0.996005996001	1.0000000000000036e-12	32.06666666666667	LI11	LI
1195031	1205030	1200030.5	110	42.08388485075296	5.1915824634749436e-5	0	1	0.996005996001	1.0000000000000036e-12	49.67272727272727	LI11	LI
1200031	1210030	1205030.5	132	45.87339925961327	0	0	1	0.996005996001	1.0000000000000036e-12	50.10606060606061	LI11	LI
1205031	1215030	1210030.5	113	45.87339925961327	0	0	1	0.996005996001	1.0000000000000036e-12	50.07079646017699	LI11	LI
1210031	1220030	1215030.5	72	674.1611614906957	0	0	1	0.996005996001	1.0000000000000036e-12	49.84722222222222	LI11	LI
1215031	1225030	1220030.5	81	44.93225929681103	0	0	1	0.996005996001	1.0000000000000036e-12	50.39506172839506	LI11	LI
1220031	1230030	1225030.5	103	38.09719995719203	0	0	1	0.996005996001	1.0000000000000036e-12	49.96116504854369	LI11	LI
1225031	1235030	1230030.5	89	36.41912373030204	0	0	1	0.996005996001	1.0000000000000036e-12	49.764044943820224	LI11	LI
1230031	1240030	1235030.5	89	NA	NA	0	1	0.996005996001	1.0000000000000036e-12	50.21348314606742	LI11	LI
1235031	1245030	1240030.5	111	46.957808836330216	0	0	1	0.996005996001	1.0000000000000036e-12	49.85585585585586	LI11	LI
1240031	1250030	1245030.5	128	46.957808836330216	0	0	1	0.996005996001	1.0000000000000036e-12	49.546875	LI11	LI
1245031	1255030	1250030.5	121	39.927624113573756	0	0	1	0.996005996001	1.0000000000000036e-12	49.34710743801653	LI11	LI
1250031	1260030	1255030.5	131	48.969802654506196	0	0	1	0.996005996001	1.0000000000000036e-12	49.725190839694655	LI11	LI
1255031	1265030	1260030.5	110	547.7293645528911	0	0	1	0.996005996001	1.0000000000000036e-12	50.41818181818182	LI11	LI
1260031	1270030	1265030.5	110	50.90736594522469	0	0	1	0.996005996001	1.0000000000000036e-12	50.972727272727276	LI11	LI
1265031	1275030	1270030.5	144	50.15415172261234	0	0	1	0.996005996001	1.0000000000000036e-12	50.22222222222222	LI11	LI
1270031	1280030	1275030.5	138	41.33719104309423	0	0	1	0.996005996001	1.0000000000000036e-12	50.02173913043478	LI11	LI
1275031	1285030	1280030.5	134	41.33719104309423	0	0	1	0.996005996001	1.0000000000000036e-12	49.985074626865675	LI11	LI
1280031	1290030	1285030.5	100	40.51936384133819	0	0	1	0.996005996001	1.0000000000000036e-12	49.65	LI11	LI
1285031	1295030	1290030.5	82	40.51936384133819	0	0	1	0.996005996001	1.0000000000000036e-12	50.353658536585364	LI11	LI
1290031	1300030	1295030.5	104	NA	NA	0	1	0.996005996001	1.0000000000000036e-12	50.13461538461539	LI11	LI
1295031	1305030	1300030.5	99	45.4472591089114	NA	0	1	0.996005996001	1.0000000000000036e-12	50.111111111111114	LI11	LI
1300031	1310030	1305030.5	83	45.4472591089114	NA	0	1	0.996005996001	1.0000000000000036e-12	50.69879518072289	LI11	LI
1305031	1315030	1310030.5	71	53.93865137924383	NA	0	1	0.996005996001	1.0000000000000036e-12	51.15492957746479	LI11	LI
1310031	1320030	1315030.5	66	50.26411050044217	10578148.148148192	0	1	0.996005996001	1.0000000000000036e-12	51.03030303030303	LI11	LI
1315031	1325030	1320030.5	94	48.78027045548181	10578148.148148192	0	1	0.996005996001	1.0000000000000036e-12	50.53191489361702	LI11	LI
1320031	1330030	1325030.5	105	50.97097128932312	NA	0	1	0.996005996001	1.0000000000000036e-12	50.7047619047619	LI11	LI
1325031	1335030	1330030.5	93	46.758716756083885	47261473.76543187	0	1	0.996005996001	1.0000000000000036e-12	50.03225806451613	LI11	LI
1330031	1340030	1335030.5	79	35.60223388671875	0	0	1	0.996005996001	1.0000000000000036e-12	49.46835443037975	LI11	LI
1335031	1345030	1340030.5	93	41.74903361002604	0	0	1	0.996005996001	1.0000000000000036e-12	48.87096774193548	LI11	LI
1340031	1350030	1345030.5	102	48.43281799391976	0	0	1	0.996005996001	1.0000000000000036e-12	49.11764705882353	LI11	LI
1345031	1355030	1350030.5	68	NA	NA	0	1	0.996005996001	1.0000000000000036e-12	50.3235294117647	LI11	LI
1350031	1360030	1355030.5	55	NA	NA	0	1	0.996005996001	1.0000000000000036e-12	51.41818181818182	LI11	LI
1355031	1365030	1360030.5	79	31.313464456521793	0	0	1	0.996005996001	1.0000000000000036e-12	50	LI11	LI
1360031	1370030	1365030.5	72	31.313464456521793	0	0	1	0.996005996001	1.0000000000000036e-12	48.791666666666664	LI11	LI
1365031	1375030	1370030.5	54	NA	NA	0	1	0.996005996001	1.0000000000000036e-12	50.574074074074076	LI11	LI
1370031	1380030	1375030.5	77	31.9540958404541	0	0	1	0.996005996001	1.0000000000000036e-12	48.22077922077922	LI11	LI
1375031	1385030	1380030.5	104	36.72952706000423	0	0	1	0.996005996001	1.0000000000000036e-12	48.24038461538461	LI11	LI
1380031	1390030	1385030.5	105	43.794916601489135	0	0	1	0.996005996001	1.0000000000000036e-12	49.857142857142854	LI11	LI
1385031	1395030	1390030.5	101	45.397281513052384	3062543.499999989	0	1	0.996005996001	1.0000000000000036e-12	50.0990099009901	LI11	LI
1390031	1400030	1395030.5	109	39.296376770019535	1531271.7499999944	0	1	0.996005996001	1.0000000000000036e-12	50.1651376146789	LI11	LI
1395031	1405030	1400030.5	96	36.60000373180971	0	0	1	0.996005996001	1.0000000000000036e-12	49.895833333333336	LI11	LI
1400031	1410030	1405030.5	83	NA	NA	0	1	0.996005996001	1.0000000000000036e-12	49.93975903614458	LI11	LI
1405031	1415030	1410030.5	82	27.947695540269677	NA	0	1	0.996005996001	1.0000000000000036e-12	49.74390243902439	LI11	LI
1410031	1420030	1415030.5	101	40.34233961870626	0	0	1	0.996005996001	1.0000000000000036e-12	50.0990099009901	LI11	LI
1415031	1425030	1420030.5	119	51.853977493232975	0	0	1	0.996005996001	1.0000000000000036e-12	50.45378151260504	LI11	LI
1420031	1430030	1425030.5	115	50.97097128932312	NA	0	1	0.996005996001	1.0000000000000036e-12	49.791304347826085	LI11	LI
1425031	1435030	1430030.5	94	51.936337553917625	NA	0	1	0.996005996001	1.0000000000000036e-12	49.255319148936174	LI11	LI
1430031	1440030	1435030.5	73	51.936337553917625	NA	0	1	0.996005996001	1.0000000000000036e-12	49.136986301369866	LI11	LI
1435031	1445030	1440030.5	73	46.40201014589897	2787106.0736971423	0	1	0.996005996001	1.0000000000000036e-12	49.863013698630134	LI11	LI
1440031	1450030	1445030.5	59	46.40201014589897	2787106.0736971423	0	1	0.996005996001	1.0000000000000036e-12	50.813559322033896	LI11	LI
1445031	1455030	1450030.5	61	NA	NA	0	1	0.996005996001	1.0000000000000036e-12	50.540983606557376	LI11	LI
1450031	1460030	1455030.5	88	1208.6729862627844	0	0	1	0.996005996001	1.0000000000000036e-12	50.69318181818182	LI11	LI
1455031	1465030	1460030.5	106	1208.6729862627844	0	0	1	0.996005996001	1.0000000000000036e-12	50.95283018867924	LI11	LI
1460031	1470030	1465030.5	86	NA	NA	0	1	0.996005996001	1.0000000000000036e-12	50.593023255813954	LI11	LI
1465031	1475030	1470030.5	74	NA	NA	0	1	0.996005996001	1.0000000000000036e-12	50.67567567567568	LI11	LI
1470031	1480030	1475030.5	78	NA	NA	0	1	0.996005996001	1.0000000000000036e-12	50.69230769230769	LI11	LI
1475031	1485030	1480030.5	78	NA	NA	0	1	0.996005996001	1.0000000000000036e-12	49.333333333333336	LI11	LI
1480031	1490030	1485030.5	85	NA	NA	0	1	0.996005996001	1.0000000000000036e-12	49.84705882352941	LI11	LI
1485031	1495030	1490030.5	73	NA	NA	0	1	0.996005996001	1.0000000000000036e-12	50.52054794520548	LI11	LI
1490031	1500030	1495030.5	77	34.00386536325964	0	0	1	0.996005996001	1.0000000000000036e-12	50.01298701298701	LI11	LI
1495031	1505030	1500030.5	75	34.00386536325964	0	0	1	0.996005996001	1.0000000000000036e-12	50.52	LI11	LI
1500031	1510030	1505030.5	60	33.90363069359989	NA	0	1	0.996005996001	1.0000000000000036e-12	50.65	LI11	LI
1505031	1515030	1510030.5	66	37.731514613357874	2.333115687316527e-5	0	1	0.996005996001	1.0000000000000036e-12	50.46969696969697	LI11	LI
1510031	1520030	1515030.5	70	41.55939853311587	2.333115687316527e-5	0	1	0.996005996001	1.0000000000000036e-12	50.31428571428572	LI11	LI
1515031	1525030	1520030.5	68	50.97097128932312	NA	0	1	0.996005996001	1.0000000000000036e-12	47.94117647058823	LI11	LI
31	10030	5030.5	140	107.63609271971256	0	0	1	0.996005996001	1.0000000000000036e-12	58.17857142857143	LI12	LI
5031	15030	10030.5	118	58.003110351015685	0	0	1	0.996005996001	1.0000000000000036e-12	61.05084745762712	LI12	LI
10031	20030	15030.5	124	57.97443423520849	0	0	1	0.996005996001	1.0000000000000036e-12	60.766129032258064	LI12	LI
15031	25030	20030.5	89	55.83430363172414	0	0	1	0.996005996001	1.0000000000000036e-12	61.943820224719104	LI12	LI
20031	30030	25030.5	77	53.69417302823979	0	0	1	0.996005996001	1.0000000000000036e-12	62.36363636363637	LI12	LI
25031	35030	30030.5	108	62.462074596474665	NA	0	1	0.996005996001	1.0000000000000036e-12	62.71296296296296	LI12	LI
30031	40030	35030.5	117	62.462074596474665	NA	0	1	0.996005996001	1.0000000000000036e-12	62.94871794871795	LI12	LI
35031	45030	40030.5	78	NA	NA	0	1	0.996005996001	1.0000000000000036e-12	61.833333333333336	LI12	LI
40031	50030	45030.5	80	49.15767740625	0	0	1	0.996005996001	1.0000000000000036e-12	61.6	LI12	LI
45031	55030	50030.5	108	49.15767740625	0	0	1	0.996005996001	1.0000000000000036e-12	62.9537037037037	LI12	LI
50031	60030	55030.5	110	60.001186880357274	0	0	1	0.996005996001	1.0000000000000036e-12	63.32727272727273	LI12	LI
55031	65030	60030.5	97	59.22228738064236	0	0	1	0.996005996001	1.0000000000000036e-12	62.608247422680414	LI12	LI
60031	70030	65030.5	96	27.947695540269677	NA	0	1	0.996005996001	1.0000000000000036e-12	62.291666666666664	LI12	LI
65031	75030	70030.5	122	NA	NA	0	1	0.996005996001	1.0000000000000036e-12	62.5655737704918	LI12	LI
70031	80030	75030.5	123	NA	NA	0	1	0.996005996001	1.0000000000000036e-12	62.96747967479675	LI12	LI
75031	85030	80030.5	90	62.976441678964356	NA	0	1	0.996005996001	1.0000000000000036e-12	63.62222222222222	LI12	LI
80031	90030	85030.5	86	62.976441678964356	NA	0	1	0.996005996001	1.0000000000000036e-12	63.5	LI12	LI
85031	95030	90030.5	106	48.969802654506196	NA	0	1	0.996005996001	1.0000000000000036e-12	61.85849056603774	LI12	LI
90031	100030	95030.5	129	48.969802654506196	NA	0	1	0.996005996001	1.0000000000000036e-12	60.10077519379845	LI12	LI
95031	105030	100030.5	164	65.70773767081229	1935.9357991783286	0	1	0.996005996001	1.0000000000000036e-12	59.109756097560975	LI12	LI
100031	110030	105030.5	134	65.70773767081229	1935.9357991783286	0	1	0.996005996001	1.0000000000000036e-12	59.91044776119403	LI12	LI
105031	115030	110030.5	88	41.89197293276835	15090.159342447894	0	1	0.996005996001	1.0000000000000036e-12	62.25	LI12	LI
110031	120030	115030.5	99	41.89197293276835	15090.159342447894	0	1	0.996005996001	1.0000000000000036e-12	62.898989898989896	LI12	LI
115031	125030	120030.5	99	NA	NA	0	1	0.996005996001	1.0000000000000036e-12	63.5959595959596	LI12	LI
120031	130030	125030.5	67	NA	NA	0	1	0.996005996001	1.0000000000000036e-12	63.07462686567164	LI12	LI
125031	135030	130030.5	88	NA	NA	0	1	0.996005996001	1.0000000000000036e-12	62.93181818181818	LI12	LI
130031	140030	135030.5	118	64.9771590805644	NA	0	1	0.996005996001	1.0000000000000036e-12	61.152542372881356	LI12	LI
135031	145030	140030.5	96	64.47698250296683	NA	0	1	0.996005996001	1.0000000000000036e-12	60.614583333333336	LI12	LI
140031	150030	145030.5	138	63.97680592536926	NA	0	1	0.996005996001	1.0000000000000036e-12	63.41304347826087	LI12	LI
145031	155030	150030.5	214	60.459178809241664	0	0	1	0.996005996001	1.0000000000000036e-12	63.28504672897196	LI12	LI
150031	160030	155030.5	199	61.97606581056358	0	0	1	0.996005996001	1.0000000000000036e-12	62.61306532663317	LI12	LI
155031	165030	160030.5	131	61.97606581056358	NA	0	1	0.996005996001	1.0000000000000036e-12	62.152671755725194	LI12	LI
160031	170030	165030.5	95	NA	NA	0	1	0.996005996001	1.0000000000000036e-12	62.22105263157895	LI12	LI
165031	175030	170030.5	87	44.22710905349794	0	0	1	0.996005996001	1.0000000000000036e-12	61.59770114942529	LI12	LI
170031	180030	175030.5	81	44.22710905349794	0	0	1	0.996005996001	1.0000000000000036e-12	61.71604938271605	LI12	LI
175031	185030	180030.5	94	58.510972948944385	0	0	1	0.996005996001	1.0000000000000036e-12	60.98936170212766	LI12	LI
180031	190030	185030.5	112	58.510972948944385	0	0	1	0.996005996001	1.0000000000000036e-12	61.13392857142857	LI12	LI
185031	195030	190030.5	101	65.97750164350111	NA	0	1	0.996005996001	1.0000000000000036e-12	62.722772277227726	LI12	LI
190031	200030	195030.5	80	65.97750164350111	NA	0	1	0.996005996001	1.0000000000000036e-12	63.6625	LI12	LI
195031	205030	200030.5	113	32.825444527923864	NA	0	1	0.996005996001	1.0000000000000036e-12	62.31858407079646	LI12	LI
200031	210030	205030.5	114	32.825444527923864	NA	0	1	0.996005996001	1.0000000000000036e-12	61.780701754385966	LI12	LI
205031	215030	210030.5	91	NA	NA	0	1	0.996005996001	1.0000000000000036e-12	61.84615384615385	LI12	LI
210031	220030	215030.5	103	NA	NA	0	1	0.996005996001	1.0000000000000036e-12	62.359223300970875	LI12	LI
215031	225030	220030.5	109	47.76204560403234	4.0793833271321986e-5	0	1	0.996005996001	1.0000000000000036e-12	62.11009174311926	LI12	LI
220031	230030	225030.5	84	47.76204560403234	4.0793833271321986e-5	0	1	0.996005996001	1.0000000000000036e-12	61.607142857142854	LI12	LI
225031	235030	230030.5	51	66.97783408364727	NA	0	1	0.996005996001	1.0000000000000036e-12	63.490196078431374	LI12	LI
230031	240030	235030.5	89	56.97318503879926	NA	0	1	0.996005996001	1.0000000000000036e-12	62.95505617977528	LI12	LI
235031	245030	240030.5	105	46.96853599395124	NA	0	1	0.996005996001	1.0000000000000036e-12	62.61904761904762	LI12	LI
240031	250030	245030.5	100	64.9771590805644	NA	0	1	0.996005996001	1.0000000000000036e-12	62.8	LI12	LI
245031	255030	250030.5	99	64.9771590805644	NA	0	1	0.996005996001	1.0000000000000036e-12	62.75757575757576	LI12	LI
250031	260030	255030.5	98	NA	NA	0	1	0.996005996001	1.0000000000000036e-12	62.285714285714285	LI12	LI
255031	265030	260030.5	104	NA	NA	0	1	0.996005996001	1.0000000000000036e-12	61.98076923076923	LI12	LI
260031	270030	265030.5	87	64.9771590805644	NA	0	1	0.996005996001	1.0000000000000036e-12	62.367816091954026	LI12	LI
265031	275030	270030.5	80	65.97750164350111	0	0	1	0.996005996001	1.0000000000000036e-12	62.9625	LI12	LI
270031	280030	275030.5	82	65.97750164350111	0	0	1	0.996005996001	1.0000000000000036e-12	63.01219512195122	LI12	LI
275031	285030	280030.5	87	60.647928494099034	0	0	1	0.996005996001	1.0000000000000036e-12	60.5632183908046	LI12	LI
280031	290030	285030.5	86	62.320994356186034	0	0	1	0.996005996001	1.0000000000000036e-12	57.83720930232558	LI12	LI
285031	295030	290030.5	91	43.794916601489135	0	0	1	0.996005996001	1.0000000000000036e-12	59.30769230769231	LI12	LI
290031	300030	295030.5	99	41.378554682173785	0	0	1	0.996005996001	1.0000000000000036e-12	60.94949494949495	LI12	LI
295031	305030	300030.5	142	38.96219276285844	NA	0	1	0.996005996001	1.0000000000000036e-12	61.732394366197184	LI12	LI
300031	310030	305030.5	134	NA	NA	0	1	0.996005996001	1.0000000000000036e-12	62.649253731343286	LI12	LI
305031	315030	310030.5	90	61.450610355061485	NA	0	1	0.996005996001	1.0000000000000036e-12	59.05555555555556	LI12	LI
310031	320030	315030.5	131	61.450610355061485	NA	0	1	0.996005996001	1.0000000000000036e-12	60.099236641221374	LI12	LI
315031	325030	320030.5	121	NA	NA	0	1	0.996005996001	1.0000000000000036e-12	60.97520661157025	LI12	LI
320031	330030	325030.5	92	NA	NA	0	1	0.996005996001	1.0000000000000036e-12	58.44565217391305	LI12	LI
325031	335030	330030.5	108	NA	NA	0	1	0.996005996001	1.0000000000000036e-12	60.01851851851852	LI12	LI
330031	340030	335030.5	99	NA	NA	0	1	0.996005996001	1.0000000000000036e-12	60.83838383838384	LI12	LI
335031	345030	340030.5	84	1181.3387391547524	0	0	1	0.996005996001	1.0000000000000036e-12	61.57142857142857	LI12	LI
340031	350030	345030.5	67	621.2538988076312	0	0	1	0.996005996001	1.0000000000000036e-12	57.40298507462686	LI12	LI
345031	355030	350030.5	34	61.16905846050999	NA	0	1	0.996005996001	1.0000000000000036e-12	50.705882352941174	LI12	LI
350031	360030	355030.5	8	1157.223100562844	0	0	1	0.996005996001	1.0000000000000036e-12	50.125	LI12	LI
355031	365030	360030.5	7	1157.223100562844	0	0	1	0.996005996001	1.0000000000000036e-12	43.42857142857143	LI12	LI
360031	370030	365030.5	13	41.01164393398729	0	0	1	0.996005996001	1.0000000000000036e-12	41.53846153846154	LI12	LI
365031	375030	370030.5	54	41.01164393398729	0	0	1	0.996005996001	1.0000000000000036e-12	38.75925925925926	LI12	LI
370031	380030	375030.5	89	NA	NA	0	1	0.996005996001	1.0000000000000036e-12	47.86516853932584	LI12	LI
375031	385030	380030.5	75	NA	NA	0	1	0.996005996001	1.0000000000000036e-12	60.333333333333336	LI12	LI
380031	390030	385030.5	67	NA	NA	0	1	0.996005996001	1.0000000000000036e-12	62.88059701492537	LI12	LI
385031	395030	390030.5	81	NA	NA	0	1	0.996005996001	1.0000000000000036e-12	63.54320987654321	LI12	LI
390031	400030	395030.5	81	61.67330317881239	0	0	1	0.996005996001	1.0000000000000036e-12	62.888888888888886	LI12	LI
395031	405030	400030.5	80	61.67330317881239	0	0	1	0.996005996001	1.0000000000000036e-12	62.5125	LI12	LI
400031	410030	405030.5	99	64.9771590805644	NA	0	1	0.996005996001	1.0000000000000036e-12	61.74747474747475	LI12	LI
405031	415030	410030.5	87	64.9771590805644	0	0	1	0.996005996001	1.0000000000000036e-12	60.758620689655174	LI12	LI
410031	420030	415030.5	67	64.9771590805644	0	0	1	0.996005996001	1.0000000000000036e-12	59.940298507462686	LI12	LI
415031	425030	420030.5	78	NA	NA	0	1	0.996005996001	1.0000000000000036e-12	60.02564102564103	LI12	LI
420031	430030	425030.5	91	NA	NA	0	1	0.996005996001	1.0000000000000036e-12	60.62637362637363	LI12	LI
425031	435030	430030.5	96	NA	NA	0	1	0.996005996001	1.0000000000000036e-12	61.135416666666664	LI12	LI
430031	440030	435030.5	96	NA	NA	0	1	0.996005996001	1.0000000000000036e-12	62.708333333333336	LI12	LI
435031	445030	440030.5	93	50.705172428031574	49033.66089347187	0	1	0.996005996001	1.0000000000000036e-12	61.55913978494624	LI12	LI
440031	450030	445030.5	80	48.015154643338576	24516.830466520674	0	1	0.996005996001	1.0000000000000036e-12	60.1625	LI12	LI
445031	455030	450030.5	75	54.65097139200742	3.9569484013928384e-5	0	1	0.996005996001	1.0000000000000036e-12	61.666666666666664	LI12	LI
450031	460030	455030.5	96	63.97680592536926	NA	0	1	0.996005996001	1.0000000000000036e-12	62.604166666666664	LI12	LI
455031	465030	460030.5	93	42.923325000078606	NA	0	1	0.996005996001	1.0000000000000036e-12	61.12903225806452	LI12	LI
460031	470030	465030.5	97	42.923325000078606	NA	0	1	0.996005996001	1.0000000000000036e-12	60.75257731958763	LI12	LI
465031	475030	470030.5	85	61.97606581056358	NA	0	1	0.996005996001	1.0000000000000036e-12	62	LI12	LI
470031	480030	475030.5	61	56.79043275069377	NA	0	1	0.996005996001	1.0000000000000036e-12	62.52459016393443	LI12	LI
475031	485030	480030.5	77	51.60479969082395	NA	0	1	0.996005996001	1.0000000000000036e-12	62.83116883116883	LI12	LI
480031	490030	485030.5	54	NA	NA	0	1	0.996005996001	1.0000000000000036e-12	62.51851851851852	LI12	LI
485031	495030	490030.5	40	NA	NA	0	1	0.996005996001	1.0000000000000036e-12	63.925	LI12	LI
490031	500030	495030.5	54	NA	NA	0	1	0.996005996001	1.0000000000000036e-12	63.44444444444444	LI12	LI
495031	505030	500030.5	65	36.43658902709207	NA	0	1	0.996005996001	1.0000000000000036e-12	61.56923076923077	LI12	LI
500031	510030	505030.5	74	36.43658902709207	NA	0	1	0.996005996001	1.0000000000000036e-12	62.027027027027025	LI12	LI
505031	515030	510030.5	83	NA	NA	0	1	0.996005996001	1.0000000000000036e-12	61.3855421686747	LI12	LI
510031	520030	515030.5	77	51.64252261404434	26411	0	1	0.996005996001	1.0000000000000036e-12	61.298701298701296	LI12	LI
515031	525030	520030.5	59	55.04554930928845	0	0	1	0.996005996001	1.0000000000000036e-12	62.74576271186441	LI12	LI
520031	530030	525030.5	71	55.04554930928845	0	0	1	0.996005996001	1.0000000000000036e-12	58.74647887323944	LI12	LI
525031	535030	530030.5	76	44.73243543836806	0	0	1	0.996005996001	1.0000000000000036e-12	56.18421052631579	LI12	LI
530031	540030	535030.5	72	41.58642578125	0	0	1	0.996005996001	1.0000000000000036e-12	55.93055555555556	LI12	LI
535031	545030	540030.5	82	63.97680592536926	NA	0	1	0.996005996001	1.0000000000000036e-12	56.207317073170735	LI12	LI
540031	550030	545030.5	97	63.13511205290948	NA	0	1	0.996005996001	1.0000000000000036e-12	59.21649484536083	LI12	LI
545031	555030	550030.5	95	55.79558397456147	0	0	1	0.996005996001	1.0000000000000036e-12	61.463157894736845	LI12	LI
550031	560030	555030.5	63	55.79558397456147	0	0	1	0.996005996001	1.0000000000000036e-12	62.12698412698413	LI12	LI
555031	565030	560030.5	46	NA	NA	0	1	0.996005996001	1.0000000000000036e-12	62.69565217391305	LI12	LI
560031	570030	565030.5	73	NA	NA	0	1	0.996005996001	1.0000000000000036e-12	62.23287671232877	LI12	LI
565031	575030	570030.5	109	47.42435971683731	0	0	1	0.996005996001	1.0000000000000036e-12	61.137614678899084	LI12	LI
570031	580030	575030.5	102	48.88085746585181	0	0	1	0.996005996001	1.0000000000000036e-12	60.69607843137255	LI12	LI
575031	585030	580030.5	67	54.68919669351288	0	0	1	0.996005996001	1.0000000000000036e-12	61.07462686567164	LI12	LI
580031	590030	585030.5	70	50.48817603690273	0	0	1	0.996005996001	1.0000000000000036e-12	60.214285714285715	LI12	LI
585031	595030	590030.5	79	52.972052852354636	NA	0	1	0.996005996001	1.0000000000000036e-12	59.30379746835443	LI12	LI
590031	600030	595030.5	71	56.92297048757453	0	0	1	0.996005996001	1.0000000000000036e-12	60.11267605633803	LI12	LI
595031	605030	600030.5	86	54.35081757493684	0	0	1	0.996005996001	1.0000000000000036e-12	61.25581395348837	LI12	LI
600031	610030	605030.5	114	47.82774702707926	0	0	1	0.996005996001	1.0000000000000036e-12	59.64035087719298	LI12	LI
605031	615030	610030.5	118	51.76685979855738	0	0	1	0.996005996001	1.0000000000000036e-12	60.3728813559322	LI12	LI
610031	620030	615030.5	107	63.97680592536926	NA	0	1	0.996005996001	1.0000000000000036e-12	62.822429906542055	LI12	LI
615031	625030	620030.5	100	63.97680592536926	NA	0	1	0.996005996001	1.0000000000000036e-12	63.61	LI12	LI
620031	630030	625030.5	101	NA	NA	0	1	0.996005996001	1.0000000000000036e-12	63.53465346534654	LI12	LI
625031	635030	630030.5	112	62.976441678964356	NA	0	1	0.996005996001	1.0000000000000036e-12	61.544642857142854	LI12	LI
630031	640030	635030.5	79	62.46144010197179	NA	0	1	0.996005996001	1.0000000000000036e-12	60.835443037974684	LI12	LI
635031	645030	640030.5	41	61.94643852497923	NA	0	1	0.996005996001	1.0000000000000036e-12	62.1219512195122	LI12	LI
640031	650030	645030.5	57	NA	NA	0	1	0.996005996001	1.0000000000000036e-12	58.666666666666664	LI12	LI
645031	655030	650030.5	63	NA	NA	0	1	0.996005996001	1.0000000000000036e-12	59.82539682539682	LI12	LI
650031	660030	655030.5	64	744.6383801171721	0	0	1	0.996005996001	1.0000000000000036e-12	60.71875	LI12	LI
655031	665030	660030.5	63	56.457727459569504	0	0	1	0.996005996001	1.0000000000000036e-12	59.96825396825397	LI12	LI
660031	670030	665030.5	53	56.457727459569504	0	0	1	0.996005996001	1.0000000000000036e-12	61.490566037735846	LI12	LI
665031	675030	670030.5	35	NA	NA	0	1	0.996005996001	1.0000000000000036e-12	61.542857142857144	LI12	LI
670031	680030	675030.5	11	NA	NA	0	1	0.996005996001	1.0000000000000036e-12	50.81818181818182	LI12	LI
675031	685030	680030.5	9	NA	NA	NA	NA	NA	NA	0.4444444444444444	LI12	LI
680031	690030	685030.5	7	NA	NA	NA	NA	NA	NA	0.5714285714285714	LI12	LI
685031	695030	690030.5	0	NA	NA	NA	NA	NA	NA	NA	LI12	LI
690031	700030	695030.5	0	NA	NA	NA	NA	NA	NA	NA	LI12	LI
695031	705030	700030.5	0	NA	NA	NA	NA	NA	NA	NA	LI12	LI
700031	710030	705030.5	16	61.97606581056358	NA	0	1	0.996005996001	1.0000000000000036e-12	57.5625	LI12	LI
705031	715030	710030.5	62	143.40982351088178	0.5127093868217708	0	1	0.996005996001	1.0000000000000036e-12	60.33870967741935	LI12	LI
710031	720030	715030.5	107	53.417937861985024	0.2563546934108854	0	1	0.996005996001	1.0000000000000036e-12	61.39252336448598	LI12	LI
715031	725030	720030.5	99	41.78699916192659	0	0	1	0.996005996001	1.0000000000000036e-12	61.484848484848484	LI12	LI
720031	730030	725030.5	77	62.29019998927701	0	0	1	0.996005996001	1.0000000000000036e-12	62.41558441558441	LI12	LI
725031	735030	730030.5	74	63.793944130730836	0	0	1	0.996005996001	1.0000000000000036e-12	63.32432432432432	LI12	LI
730031	740030	735030.5	66	54.61862483782198	NA	0	1	0.996005996001	1.0000000000000036e-12	62.54545454545455	LI12	LI
735031	745030	740030.5	71	54.61862483782198	NA	0	1	0.996005996001	1.0000000000000036e-12	62.2112676056338	LI12	LI
740031	750030	745030.5	77	NA	NA	0	1	0.996005996001	1.0000000000000036e-12	62.03896103896104	LI12	LI
745031	755030	750030.5	72	NA	NA	0	1	0.996005996001	1.0000000000000036e-12	60.47222222222222	LI12	LI
750031	760030	755030.5	75	NA	NA	0	1	0.996005996001	1.0000000000000036e-12	60.29333333333334	LI12	LI
755031	765030	760030.5	93	42.30289697265626	0	0	1	0.996005996001	1.0000000000000036e-12	60.344086021505376	LI12	LI
760031	770030	765030.5	92	42.70045797854277	0	0	1	0.996005996001	1.0000000000000036e-12	58.93478260869565	LI12	LI
765031	775030	770030.5	102	42.70045797854277	0	0	1	0.996005996001	1.0000000000000036e-12	59.431372549019606	LI12	LI
770031	780030	775030.5	98	47.79899171802032	0	0	1	0.996005996001	1.0000000000000036e-12	60.55102040816327	LI12	LI
775031	785030	780030.5	58	53.014313742737585	NA	0	1	0.996005996001	1.0000000000000036e-12	61.36206896551724	LI12	LI
780031	790030	785030.5	70	NA	NA	0	1	0.996005996001	1.0000000000000036e-12	58.74285714285714	LI12	LI
785031	795030	790030.5	87	61.3766776216758	0	0	1	0.996005996001	1.0000000000000036e-12	58.10344827586207	LI12	LI
790031	800030	795030.5	67	61.3766776216758	0	0	1	0.996005996001	1.0000000000000036e-12	58.343283582089555	LI12	LI
795031	805030	800030.5	70	33.62591116680236	0	0	1	0.996005996001	1.0000000000000036e-12	57.91428571428571	LI12	LI
800031	810030	805030.5	66	33.62591116680236	0	0	1	0.996005996001	1.0000000000000036e-12	59.59090909090909	LI12	LI
805031	815030	810030.5	34	NA	NA	0	1	0.996005996001	1.0000000000000036e-12	57.05882352941177	LI12	LI
810031	820030	815030.5	91	51.19992788047156	0	0	1	0.996005996001	1.0000000000000036e-12	56.02197802197802	LI12	LI
815031	825030	820030.5	109	51.19992788047156	0	0	1	0.996005996001	1.0000000000000036e-12	58.788990825688074	LI12	LI
820031	830030	825030.5	62	NA	NA	0	1	0.996005996001	1.0000000000000036e-12	62.87096774193548	LI12	LI
825031	835030	830030.5	77	48.81433007257229	NA	0	1	0.996005996001	1.0000000000000036e-12	62.03896103896104	LI12	LI
830031	840030	835030.5	78	48.81433007257229	NA	0	1	0.996005996001	1.0000000000000036e-12	61.87179487179487	LI12	LI
835031	845030	840030.5	84	46.498207252898695	0	0	1	0.996005996001	1.0000000000000036e-12	60.5	LI12	LI
840031	850030	845030.5	91	46.498207252898695	0	0	1	0.996005996001	1.0000000000000036e-12	61.79120879120879	LI12	LI
845031	855030	850030.5	85	NA	NA	0	1	0.996005996001	1.0000000000000036e-12	62.4	LI12	LI
850031	860030	855030.5	94	755.8922702613967	0	0	1	0.996005996001	1.0000000000000036e-12	58	LI12	LI
855031	865030	860030.5	107	61.97606581056358	0	0	1	0.996005996001	1.0000000000000036e-12	59.4392523364486	LI12	LI
860031	870030	865030.5	118	61.97606581056358	0	0	1	0.996005996001	1.0000000000000036e-12	61.1271186440678	LI12	LI
865031	875030	870030.5	131	52.88476989185845	0	0	1	0.996005996001	1.0000000000000036e-12	60.099236641221374	LI12	LI
870031	880030	875030.5	100	54.9566191538317	111202.64075137423	0	1	0.996005996001	1.0000000000000036e-12	61.19	LI12	LI
875031	885030	880030.5	50	54.9566191538317	111202.64075137423	0	1	0.996005996001	1.0000000000000036e-12	54.4	LI12	LI
880031	890030	885030.5	29	NA	NA	0	1	0.996005996001	1.0000000000000036e-12	42.793103448275865	LI12	LI
885031	895030	890030.5	44	NA	NA	0	1	0.996005996001	1.0000000000000036e-12	59.04545454545455	LI12	LI
890031	900030	895030.5	66	NA	NA	0	1	0.996005996001	1.0000000000000036e-12	57.878787878787875	LI12	LI
895031	905030	900030.5	39	31.186024069786072	0	0	1	0.996005996001	1.0000000000000036e-12	46	LI12	LI
900031	910030	905030.5	26	26.206888535448492	0	0	1	0.996005996001	1.0000000000000036e-12	28.115384615384617	LI12	LI
905031	915030	910030.5	55	21.22775300111091	NA	0	1	0.996005996001	1.0000000000000036e-12	50.78181818181818	LI12	LI
910031	920030	915030.5	86	56.38460723121667	0	0	1	0.996005996001	1.0000000000000036e-12	60.604651162790695	LI12	LI
915031	925030	920030.5	88	63.444133043289185	0	0	1	0.996005996001	1.0000000000000036e-12	61.61363636363637	LI12	LI
920031	930030	925030.5	107	52.68283817684685	0	0	1	0.996005996001	1.0000000000000036e-12	61.495327102803735	LI12	LI
925031	935030	930030.5	119	43.94470263911366	NA	0	1	0.996005996001	1.0000000000000036e-12	61.470588235294116	LI12	LI
930031	940030	935030.5	94	54.6309387644051	NA	0	1	0.996005996001	1.0000000000000036e-12	62.276595744680854	LI12	LI
935031	945030	940030.5	97	63.294015560987404	NA	0	1	0.996005996001	1.0000000000000036e-12	62.31958762886598	LI12	LI
940031	950030	945030.5	99	NA	NA	0	1	0.996005996001	1.0000000000000036e-12	62.101010101010104	LI12	LI
945031	955030	950030.5	71	1323.474077851812	0	0	1	0.996005996001	1.0000000000000036e-12	61.394366197183096	LI12	LI
950031	960030	955030.5	73	1323.474077851812	0	0	1	0.996005996001	1.0000000000000036e-12	59.3013698630137	LI12	LI
955031	965030	960030.5	66	NA	NA	0	1	0.996005996001	1.0000000000000036e-12	56.378787878787875	LI12	LI
960031	970030	965030.5	62	NA	NA	0	1	0.996005996001	1.0000000000000036e-12	52.403225806451616	LI12	LI
965031	975030	970030.5	57	NA	NA	0	1	0.996005996001	1.0000000000000036e-12	48.92982456140351	LI12	LI
970031	980030	975030.5	53	NA	NA	0	1	0.996005996001	1.0000000000000036e-12	55.79245283018868	LI12	LI
975031	985030	980030.5	81	50.4305699133124	0	0	1	0.996005996001	1.0000000000000036e-12	60.888888888888886	LI12	LI
980031	990030	985030.5	65	53.93142963927469	0	0	1	0.996005996001	1.0000000000000036e-12	59.95384615384615	LI12	LI
985031	995030	990030.5	67	64.91482020937642	0	0	1	0.996005996001	1.0000000000000036e-12	60.507462686567166	LI12	LI
990031	1000030	995030.5	78	35.859322912169404	0	0	1	0.996005996001	1.0000000000000036e-12	60.217948717948715	LI12	LI
995031	1005030	1000030.5	84	33.62591116680236	0	0	1	0.996005996001	1.0000000000000036e-12	59.19047619047619	LI12	LI
1000031	1010030	1005030.5	112	31.722066521644592	0	0	1	0.996005996001	1.0000000000000036e-12	60.67857142857143	LI12	LI
1005031	1015030	1010030.5	116	60.92368765275358	NA	0	1	0.996005996001	1.0000000000000036e-12	62.60344827586207	LI12	LI
1010031	1020030	1015030.5	123	NA	NA	0	1	0.996005996001	1.0000000000000036e-12	62.84552845528455	LI12	LI
1015031	1025030	1020030.5	92	NA	NA	0	1	0.996005996001	1.0000000000000036e-12	62.09782608695652	LI12	LI
1020031	1030030	1025030.5	59	44.26589287324994	7370.9993784578055	0	1	0.996005996001	1.0000000000000036e-12	60.88135593220339	LI12	LI
1025031	1035030	1030030.5	64	44.26589287324994	7370.9993784578055	0	1	0.996005996001	1.0000000000000036e-12	52.421875	LI12	LI
1030031	1040030	1035030.5	108	65.97750164350111	1.3129725701459027e-4	0	1	0.996005996001	1.0000000000000036e-12	55.583333333333336	LI12	LI
1035031	1045030	1040030.5	134	65.97750164350111	0	0	1	0.996005996001	1.0000000000000036e-12	61.14179104477612	LI12	LI
1040031	1050030	1045030.5	133	70.77531325745436	0	0	1	0.996005996001	1.0000000000000036e-12	61.94736842105263	LI12	LI
1045031	1055030	1050030.5	122	70.77531325745436	1387.5285516764493	0	1	0.996005996001	1.0000000000000036e-12	61.25409836065574	LI12	LI
1050031	1060030	1055030.5	95	38.769764759710206	0	0	1	0.996005996001	1.0000000000000036e-12	60.05263157894737	LI12	LI
1055031	1065030	1060030.5	94	48.67319739224303	0	0	1	0.996005996001	1.0000000000000036e-12	61.56382978723404	LI12	LI
1060031	1070030	1065030.5	71	61.950810777683515	NA	0	1	0.996005996001	1.0000000000000036e-12	62.61971830985915	LI12	LI
1065031	1075030	1070030.5	68	61.81435126773854	0	0	1	0.996005996001	1.0000000000000036e-12	61.61764705882353	LI12	LI
1070031	1080030	1075030.5	102	61.81435126773854	0	0	1	0.996005996001	1.0000000000000036e-12	59.990196078431374	LI12	LI
1075031	1085030	1080030.5	109	NA	NA	0	1	0.996005996001	1.0000000000000036e-12	60.19266055045872	LI12	LI
1080031	1090030	1085030.5	98	NA	NA	0	1	0.996005996001	1.0000000000000036e-12	61.52040816326531	LI12	LI
1085031	1095030	1090030.5	110	61.97455333182695	NA	0	1	0.996005996001	1.0000000000000036e-12	61.29090909090909	LI12	LI
1090031	1100030	1095030.5	102	61.97455333182695	NA	0	1	0.996005996001	1.0000000000000036e-12	61.69607843137255	LI12	LI
1095031	1105030	1100030.5	94	NA	NA	0	1	0.996005996001	1.0000000000000036e-12	62.787234042553195	LI12	LI
1100031	1110030	1105030.5	95	NA	NA	0	1	0.996005996001	1.0000000000000036e-12	62.88421052631579	LI12	LI
1105031	1115030	1110030.5	79	NA	NA	0	1	0.996005996001	1.0000000000000036e-12	63.0253164556962	LI12	LI
1110031	1120030	1115030.5	94	52.159340747887356	0	0	1	0.996005996001	1.0000000000000036e-12	61.98936170212766	LI12	LI
1115031	1125030	1120030.5	97	52.159340747887356	0	0	1	0.996005996001	1.0000000000000036e-12	62	LI12	LI
1120031	1130030	1125030.5	114	NA	NA	0	1	0.996005996001	1.0000000000000036e-12	62.04385964912281	LI12	LI
1125031	1135030	1130030.5	161	65.86151607598453	NA	0	1	0.996005996001	1.0000000000000036e-12	62.22360248447205	LI12	LI
1130031	1140030	1135030.5	147	65.86151607598453	NA	0	1	0.996005996001	1.0000000000000036e-12	61.80952380952381	LI12	LI
1135031	1145030	1140030.5	120	55.47293423253489	24126.655768429788	0	1	0.996005996001	1.0000000000000036e-12	59.825	LI12	LI
1140031	1150030	1145030.5	107	55.47293423253489	24126.655768429788	0	1	0.996005996001	1.0000000000000036e-12	60.4392523364486	LI12	LI
1145031	1155030	1150030.5	98	41.392525058663566	0	0	1	0.996005996001	1.0000000000000036e-12	59.19387755102041	LI12	LI
1150031	1160030	1155030.5	97	46.79448334188598	0	0	1	0.996005996001	1.0000000000000036e-12	57.79381443298969	LI12	LI
1155031	1165030	1160030.5	98	64.9771590805644	NA	0	1	0.996005996001	1.0000000000000036e-12	59.33673469387755	LI12	LI
1160031	1170030	1165030.5	109	55.87025471867544	0	0	1	0.996005996001	1.0000000000000036e-12	61.091743119266056	LI12	LI
1165031	1175030	1170030.5	123	53.869411333732515	0	0	1	0.996005996001	1.0000000000000036e-12	60.983739837398375	LI12	LI
1170031	1180030	1175030.5	108	56.973990985080434	NA	0	1	0.996005996001	1.0000000000000036e-12	60.56481481481482	LI12	LI
1175031	1185030	1180030.5	85	57.97443423520849	NA	0	1	0.996005996001	1.0000000000000036e-12	61.917647058823526	LI12	LI
1180031	1190030	1185030.5	59	57.97443423520849	NA	0	1	0.996005996001	1.0000000000000036e-12	61.559322033898304	LI12	LI
1185031	1195030	1190030.5	62	59.51870654296875	0	0	1	0.996005996001	1.0000000000000036e-12	58.37096774193548	LI12	LI
1190031	1200030	1195030.5	90	49.740914306640626	0	0	1	0.996005996001	1.0000000000000036e-12	59.24444444444445	LI12	LI
1195031	1205030	1200030.5	110	39.9631220703125	NA	0	1	0.996005996001	1.0000000000000036e-12	61.945454545454545	LI12	LI
1200031	1210030	1205030.5	132	NA	NA	0	1	0.996005996001	1.0000000000000036e-12	62.13636363636363	LI12	LI
1205031	1215030	1210030.5	113	53.97256396700198	NA	0	1	0.996005996001	1.0000000000000036e-12	62.07079646017699	LI12	LI
1210031	1220030	1215030.5	72	61.75844135948637	0	0	1	0.996005996001	1.0000000000000036e-12	62.31944444444444	LI12	LI
1215031	1225030	1220030.5	81	60.573559998273424	0	0	1	0.996005996001	1.0000000000000036e-12	62.382716049382715	LI12	LI
1220031	1230030	1225030.5	103	55.958119984618435	0	0	1	0.996005996001	1.0000000000000036e-12	62.28155339805825	LI12	LI
1225031	1235030	1230030.5	89	58.242159906577925	0	0	1	0.996005996001	1.0000000000000036e-12	61.80898876404494	LI12	LI
1230031	1240030	1235030.5	89	NA	NA	0	1	0.996005996001	1.0000000000000036e-12	62.60674157303371	LI12	LI
1235031	1245030	1240030.5	111	57.97416413025689	NA	0	1	0.996005996001	1.0000000000000036e-12	62.6036036036036	LI12	LI
1240031	1250030	1245030.5	128	57.97416413025689	NA	0	1	0.996005996001	1.0000000000000036e-12	61.40625	LI12	LI
1245031	1255030	1250030.5	121	53.46826171875001	0	0	1	0.996005996001	1.0000000000000036e-12	61.49586776859504	LI12	LI
1250031	1260030	1255030.5	131	47.32234226000668	0	0	1	0.996005996001	1.0000000000000036e-12	62.14503816793893	LI12	LI
1255031	1265030	1260030.5	110	756.1287814626883	0	0	1	0.996005996001	1.0000000000000036e-12	62.77272727272727	LI12	LI
1260031	1270030	1265030.5	110	1623.7064058946069	0	0	1	0.996005996001	1.0000000000000036e-12	63.518181818181816	LI12	LI
1265031	1275030	1270030.5	144	1623.7064058946069	0	0	1	0.996005996001	1.0000000000000036e-12	62.61805555555556	LI12	LI
1270031	1280030	1275030.5	138	54.674326600901715	0	0	1	0.996005996001	1.0000000000000036e-12	62.492753623188406	LI12	LI
1275031	1285030	1280030.5	134	64.38149476558944	0	0	1	0.996005996001	1.0000000000000036e-12	61.656716417910445	LI12	LI
1280031	1290030	1285030.5	100	NA	NA	0	1	0.996005996001	1.0000000000000036e-12	60.46	LI12	LI
1285031	1295030	1290030.5	82	NA	NA	0	1	0.996005996001	1.0000000000000036e-12	61.58536585365854	LI12	LI
1290031	1300030	1295030.5	104	44.96715843621399	NA	0	1	0.996005996001	1.0000000000000036e-12	61.78846153846154	LI12	LI
1295031	1305030	1300030.5	99	44.96715843621399	NA	0	1	0.996005996001	1.0000000000000036e-12	61.73737373737374	LI12	LI
1300031	1310030	1305030.5	83	NA	NA	0	1	0.996005996001	1.0000000000000036e-12	62.626506024096386	LI12	LI
1305031	1315030	1310030.5	71	NA	NA	0	1	0.996005996001	1.0000000000000036e-12	63.29577464788732	LI12	LI
1310031	1320030	1315030.5	66	51.11199256266716	2.326663258098713e-5	0	1	0.996005996001	1.0000000000000036e-12	62.78787878787879	LI12	LI
1315031	1325030	1320030.5	94	51.11199256266716	2.326663258098713e-5	0	1	0.996005996001	1.0000000000000036e-12	62.638297872340424	LI12	LI
1320031	1330030	1325030.5	105	NA	NA	0	1	0.996005996001	1.0000000000000036e-12	62.97142857142857	LI12	LI
1325031	1335030	1330030.5	93	47.28947444230103	2.147634595383877e-5	0	1	0.996005996001	1.0000000000000036e-12	62.215053763440864	LI12	LI
1330031	1340030	1335030.5	79	44.07392426138499	2.147634595383877e-5	0	1	0.996005996001	1.0000000000000036e-12	61.08860759493671	LI12	LI
1335031	1345030	1340030.5	93	45.37077504023447	NA	0	1	0.996005996001	1.0000000000000036e-12	60.12903225806452	LI12	LI
1340031	1350030	1345030.5	102	55.929620905281794	NA	0	1	0.996005996001	1.0000000000000036e-12	60.8235294117647	LI12	LI
1345031	1355030	1350030.5	68	61.475871782764926	NA	0	1	0.996005996001	1.0000000000000036e-12	62.69117647058823	LI12	LI
1350031	1360030	1355030.5	55	62.47624184016777	NA	0	1	0.996005996001	1.0000000000000036e-12	63.85454545454545	LI12	LI
1355031	1365030	1360030.5	79	54.86333977547101	0	0	1	0.996005996001	1.0000000000000036e-12	62.40506329113924	LI12	LI
1360031	1370030	1365030.5	72	45.74987362557276	0	0	1	0.996005996001	1.0000000000000036e-12	61.5	LI12	LI
1365031	1375030	1370030.5	54	NA	NA	0	1	0.996005996001	1.0000000000000036e-12	63.074074074074076	LI12	LI
1370031	1380030	1375030.5	77	36.82765716870147	0	0	1	0.996005996001	1.0000000000000036e-12	59.81818181818182	LI12	LI
1375031	1385030	1380030.5	104	50.97097128932312	0	0	1	0.996005996001	1.0000000000000036e-12	59.55769230769231	LI12	LI
1380031	1390030	1385030.5	105	59.03912295083961	0	0	1	0.996005996001	1.0000000000000036e-12	61.819047619047616	LI12	LI
1385031	1395030	1390030.5	101	61.97606581056358	2.373686937966777e-6	0	1	0.996005996001	1.0000000000000036e-12	62.277227722772274	LI12	LI
1390031	1400030	1395030.5	109	57.914976024632544	1.1868434689833885e-6	0	1	0.996005996001	1.0000000000000036e-12	61.972477064220186	LI12	LI
1395031	1405030	1400030.5	96	52.8286264888549	0	0	1	0.996005996001	1.0000000000000036e-12	62.322916666666664	LI12	LI
1400031	1410030	1405030.5	83	NA	NA	0	1	0.996005996001	1.0000000000000036e-12	62.795180722891565	LI12	LI
1405031	1415030	1410030.5	82	NA	NA	0	1	0.996005996001	1.0000000000000036e-12	62.609756097560975	LI12	LI
1410031	1420030	1415030.5	101	NA	NA	0	1	0.996005996001	1.0000000000000036e-12	62.45544554455446	LI12	LI
1415031	1425030	1420030.5	119	40.68657321425981	0	0	1	0.996005996001	1.0000000000000036e-12	62.11764705882353	LI12	LI
1420031	1430030	1425030.5	115	40.68657321425981	0	0	1	0.996005996001	1.0000000000000036e-12	61.28695652173913	LI12	LI
1425031	1435030	1430030.5	94	NA	NA	0	1	0.996005996001	1.0000000000000036e-12	61.234042553191486	LI12	LI
1430031	1440030	1435030.5	73	NA	NA	0	1	0.996005996001	1.0000000000000036e-12	61.57534246575342	LI12	LI
1435031	1445030	1440030.5	73	50.12951628046609	3.707903593854784e-5	0	1	0.996005996001	1.0000000000000036e-12	61.87671232876713	LI12	LI
1440031	1450030	1445030.5	59	50.12951628046609	3.707903593854784e-5	0	1	0.996005996001	1.0000000000000036e-12	63.16949152542373	LI12	LI
1445031	1455030	1450030.5	61	NA	NA	0	1	0.996005996001	1.0000000000000036e-12	63.14754098360656	LI12	LI
1450031	1460030	1455030.5	88	1392.817945168318	0	0	1	0.996005996001	1.0000000000000036e-12	63.25	LI12	LI
1455031	1465030	1460030.5	106	1392.817945168318	0	0	1	0.996005996001	1.0000000000000036e-12	63.10377358490566	LI12	LI
1460031	1470030	1465030.5	86	NA	NA	0	1	0.996005996001	1.0000000000000036e-12	62.81395348837209	LI12	LI
1465031	1475030	1470030.5	74	63.476612445563994	NA	0	1	0.996005996001	1.0000000000000036e-12	63.486486486486484	LI12	LI
1470031	1480030	1475030.5	78	63.476612445563994	NA	0	1	0.996005996001	1.0000000000000036e-12	62.93589743589744	LI12	LI
1475031	1485030	1480030.5	78	64.9771590805644	NA	0	1	0.996005996001	1.0000000000000036e-12	60.743589743589745	LI12	LI
1480031	1490030	1485030.5	85	64.9771590805644	NA	0	1	0.996005996001	1.0000000000000036e-12	61.4	LI12	LI
1485031	1495030	1490030.5	73	NA	NA	0	1	0.996005996001	1.0000000000000036e-12	62.97260273972603	LI12	LI
1490031	1500030	1495030.5	77	48.969802654506196	NA	0	1	0.996005996001	1.0000000000000036e-12	62.12987012987013	LI12	LI
1495031	1505030	1500030.5	75	48.969802654506196	NA	0	1	0.996005996001	1.0000000000000036e-12	62.36	LI12	LI
1500031	1510030	1505030.5	60	56.94182312928269	NA	0	1	0.996005996001	1.0000000000000036e-12	62.96666666666667	LI12	LI
1505031	1515030	1510030.5	66	59.97527690972221	NA	0	1	0.996005996001	1.0000000000000036e-12	62.878787878787875	LI12	LI
1510031	1520030	1515030.5	70	62.84890207652987	NA	0	1	0.996005996001	1.0000000000000036e-12	62.58571428571429	LI12	LI
1515031	1525030	1520030.5	68	NA	NA	0	1	0.996005996001	1.0000000000000036e-12	59.05882352941177	LI12	LI
31	10030	5030.5	140	12.367968038802912	0	0	1	0.996005996001	1.0000000000000036e-12	11.092857142857143	LI13	LI
5031	15030	10030.5	118	7.8277587890625	0	0	1	0.996005996001	1.0000000000000036e-12	11.652542372881356	LI13	LI
10031	20030	15030.5	124	7.272069713250603	0	0	1	0.996005996001	1.0000000000000036e-12	11.443548387096774	LI13	LI
15031	25030	20030.5	89	8.42798353909465	NA	0	1	0.996005996001	1.0000000000000036e-12	11.876404494382022	LI13	LI
20031	30030	25030.5	77	9.143898019547326	NA	0	1	0.996005996001	1.0000000000000036e-12	12.077922077922079	LI13	LI
25031	35030	30030.5	108	10.690384321247548	NA	0	1	0.996005996001	1.0000000000000036e-12	12.222222222222221	LI13	LI
30031	40030	35030.5	117	10.690384321247548	NA	0	1	0.996005996001	1.0000000000000036e-12	12.222222222222221	LI13	LI
35031	45030	40030.5	78	10.871759954921112	NA	0	1	0.996005996001	1.0000000000000036e-12	11.948717948717949	LI13	LI
40031	50030	45030.5	80	11.811737060546875	411.5226337448563	0	1	0.996005996001	1.0000000000000036e-12	11.7875	LI13	LI
45031	55030	50030.5	108	11.74163818359375	411.5226337448563	0	1	0.996005996001	1.0000000000000036e-12	12.018518518518519	LI13	LI
50031	60030	55030.5	110	7.730033725736021	0	0	1	0.996005996001	1.0000000000000036e-12	12.018181818181818	LI13	LI
55031	65030	60030.5	97	7.730033725736021	0	0	1	0.996005996001	1.0000000000000036e-12	12	LI13	LI
60031	70030	65030.5	96	8.665364583333334	NA	0	1	0.996005996001	1.0000000000000036e-12	12.166666666666666	LI13	LI
65031	75030	70030.5	122	11.74163818359375	NA	0	1	0.996005996001	1.0000000000000036e-12	12.12295081967213	LI13	LI
70031	80030	75030.5	123	11.74163818359375	NA	0	1	0.996005996001	1.0000000000000036e-12	12.170731707317072	LI13	LI
75031	85030	80030.5	90	9.671844169531528	NA	0	1	0.996005996001	1.0000000000000036e-12	12.144444444444444	LI13	LI
80031	90030	85030.5	86	9.432731086659485	411.5226337448563	0	1	0.996005996001	1.0000000000000036e-12	11.86046511627907	LI13	LI
85031	95030	90030.5	106	10.127906942618331	205.76131687242815	0	1	0.996005996001	1.0000000000000036e-12	11.537735849056604	LI13	LI
90031	100030	95030.5	129	10.480870515713931	0	0	1	0.996005996001	1.0000000000000036e-12	11.565891472868216	LI13	LI
95031	105030	100030.5	164	9.56961821888504	411.5226337448563	0	1	0.996005996001	1.0000000000000036e-12	11.713414634146341	LI13	LI
100031	110030	105030.5	134	7.76099537037037	411.5226337448563	0	1	0.996005996001	1.0000000000000036e-12	11.761194029850746	LI13	LI
105031	115030	110030.5	88	7.76099537037037	243	0	1	0.996005996001	1.0000000000000036e-12	12	LI13	LI
110031	120030	115030.5	99	12.890447200728264	3.1891200000000017	0	1	0.996005996001	1.0000000000000036e-12	12.181818181818182	LI13	LI
115031	125030	120030.5	99	12.890447200728264	NA	0	1	0.996005996001	1.0000000000000036e-12	12.191919191919192	LI13	LI
120031	130030	125030.5	67	8.496755555555556	57.665039062499986	0	1	0.996005996001	1.0000000000000036e-12	12.104477611940299	LI13	LI
125031	135030	130030.5	88	8.496755555555556	57.665039062499986	0	1	0.996005996001	1.0000000000000036e-12	12.022727272727273	LI13	LI
130031	140030	135030.5	118	8.10492374344645	243	0	1	0.996005996001	1.0000000000000036e-12	11.796610169491526	LI13	LI
135031	145030	140030.5	96	8.44885211652253	327.26131687242815	0	1	0.996005996001	1.0000000000000036e-12	11.65625	LI13	LI
140031	150030	145030.5	138	7.76099537037037	243	0	1	0.996005996001	1.0000000000000036e-12	11.96376811594203	LI13	LI
145031	155030	150030.5	214	8.44885211652253	243	0	1	0.996005996001	1.0000000000000036e-12	11.61214953271028	LI13	LI
150031	160030	155030.5	199	9.49862160892512	0	0	1	0.996005996001	1.0000000000000036e-12	11.638190954773869	LI13	LI
155031	165030	160030.5	131	8.42798353909465	243	0	1	0.996005996001	1.0000000000000036e-12	12.145038167938932	LI13	LI
160031	170030	165030.5	95	8.44885211652253	NA	0	1	0.996005996001	1.0000000000000036e-12	12.042105263157895	LI13	LI
165031	175030	170030.5	87	9.644497909080565	NA	0	1	0.996005996001	1.0000000000000036e-12	11.735632183908047	LI13	LI
170031	180030	175030.5	81	8.028494485611777	NA	0	1	0.996005996001	1.0000000000000036e-12	11.74074074074074	LI13	LI
175031	185030	180030.5	94	8.028494485611777	NA	0	1	0.996005996001	1.0000000000000036e-12	11.638297872340425	LI13	LI
180031	190030	185030.5	112	10.189109856311045	NA	0	1	0.996005996001	1.0000000000000036e-12	11.732142857142858	LI13	LI
185031	195030	190030.5	101	10.275098410623773	NA	0	1	0.996005996001	1.0000000000000036e-12	12.227722772277227	LI13	LI
190031	200030	195030.5	80	10.083692160623773	NA	0	1	0.996005996001	1.0000000000000036e-12	12.4	LI13	LI
195031	205030	200030.5	113	11.74163818359375	NA	0	1	0.996005996001	1.0000000000000036e-12	12.061946902654867	LI13	LI
200031	210030	205030.5	114	11.74163818359375	NA	0	1	0.996005996001	1.0000000000000036e-12	11.157894736842104	LI13	LI
205031	215030	210030.5	91	10.899515096580565	NA	0	1	0.996005996001	1.0000000000000036e-12	10.978021978021978	LI13	LI
210031	220030	215030.5	103	10.899515096580565	NA	0	1	0.996005996001	1.0000000000000036e-12	12.155339805825243	LI13	LI
215031	225030	220030.5	109	6.914425925925926	0	0	1	0.996005996001	1.0000000000000036e-12	12.1651376146789	LI13	LI
220031	230030	225030.5	84	9.477	0	0	1	0.996005996001	1.0000000000000036e-12	12.035714285714286	LI13	LI
225031	235030	230030.5	51	12.890447200728264	NA	0	1	0.996005996001	1.0000000000000036e-12	12.215686274509803	LI13	LI
230031	240030	235030.5	89	10.720361218069122	NA	0	1	0.996005996001	1.0000000000000036e-12	12.134831460674157	LI13	LI
235031	245030	240030.5	105	9.574172378581885	NA	0	1	0.996005996001	1.0000000000000036e-12	12.142857142857142	LI13	LI
240031	250030	245030.5	100	9.64987174700788	NA	0	1	0.996005996001	1.0000000000000036e-12	12.2	LI13	LI
245031	255030	250030.5	99	10.871759954921112	NA	0	1	0.996005996001	1.0000000000000036e-12	12.191919191919192	LI13	LI
250031	260030	255030.5	98	NA	NA	0	1	0.996005996001	1.0000000000000036e-12	12.408163265306122	LI13	LI
255031	265030	260030.5	104	10.690384321247548	NA	0	1	0.996005996001	1.0000000000000036e-12	12.317307692307692	LI13	LI
260031	270030	265030.5	87	10.690384321247548	NA	0	1	0.996005996001	1.0000000000000036e-12	12.068965517241379	LI13	LI
265031	275030	270030.5	80	9.8598125	NA	0	1	0.996005996001	1.0000000000000036e-12	12.2125	LI13	LI
270031	280030	275030.5	82	10.275098410623773	3125.000000000003	0	1	0.996005996001	1.0000000000000036e-12	12.28048780487805	LI13	LI
275031	285030	280030.5	87	9.240606365305952	1562.5000000000016	0	1	0.996005996001	1.0000000000000036e-12	12	LI13	LI
280031	290030	285030.5	86	7.8277587890625	0	0	1	0.996005996001	1.0000000000000036e-12	11.453488372093023	LI13	LI
285031	295030	290030.5	91	8.44885211652253	NA	0	1	0.996005996001	1.0000000000000036e-12	11.406593406593407	LI13	LI
290031	300030	295030.5	99	8.44885211652253	NA	0	1	0.996005996001	1.0000000000000036e-12	11.606060606060606	LI13	LI
295031	305030	300030.5	142	11.15830573737328	NA	0	1	0.996005996001	1.0000000000000036e-12	11.873239436619718	LI13	LI
300031	310030	305030.5	134	11.015032846147196	NA	0	1	0.996005996001	1.0000000000000036e-12	12.037313432835822	LI13	LI
305031	315030	310030.5	90	10.690384321247548	NA	0	1	0.996005996001	1.0000000000000036e-12	10.777777777777779	LI13	LI
310031	320030	315030.5	131	NA	NA	0	1	0.996005996001	1.0000000000000036e-12	11.13740458015267	LI13	LI
315031	325030	320030.5	121	NA	NA	0	1	0.996005996001	1.0000000000000036e-12	11.727272727272727	LI13	LI
320031	330030	325030.5	92	8.574131384088822	0	0	1	0.996005996001	1.0000000000000036e-12	11.108695652173912	LI13	LI
325031	335030	330030.5	108	8.65150721262209	0	0	1	0.996005996001	1.0000000000000036e-12	11.462962962962964	LI13	LI
330031	340030	335030.5	99	10.720361218069122	NA	0	1	0.996005996001	1.0000000000000036e-12	11.8989898989899	LI13	LI
335031	345030	340030.5	84	6.271102860787172	0	0	1	0.996005996001	1.0000000000000036e-12	11.714285714285714	LI13	LI
340031	350030	345030.5	67	6.583967292274053	0	0	1	0.996005996001	1.0000000000000036e-12	10.477611940298507	LI13	LI
345031	355030	350030.5	34	10.518407212622089	NA	0	1	0.996005996001	1.0000000000000036e-12	8.088235294117647	LI13	LI
350031	360030	355030.5	8	NA	NA	0	1	0.996005996001	1.0000000000000036e-12	4.125	LI13	LI
355031	365030	360030.5	7	NA	NA	0	1	0.996005996001	1.0000000000000036e-12	4.142857142857143	LI13	LI
360031	370030	365030.5	13	5.391989949319187	NA	0	1	0.996005996001	1.0000000000000036e-12	3.6153846153846154	LI13	LI
365031	375030	370030.5	54	5.391989949319187	NA	0	1	0.996005996001	1.0000000000000036e-12	2.8703703703703702	LI13	LI
370031	380030	375030.5	89	NA	NA	0	1	0.996005996001	1.0000000000000036e-12	6.876404494382022	LI13	LI
375031	385030	380030.5	75	NA	NA	0	1	0.996005996001	1.0000000000000036e-12	11.8	LI13	LI
380031	390030	385030.5	67	9.064253606311045	NA	0	1	0.996005996001	1.0000000000000036e-12	12.26865671641791	LI13	LI
385031	395030	390030.5	81	8.65150721262209	3125.000000000003	0	1	0.996005996001	1.0000000000000036e-12	12.333333333333334	LI13	LI
390031	400030	395030.5	81	11.72808837890625	1562.5000000000016	0	1	0.996005996001	1.0000000000000036e-12	12.135802469135802	LI13	LI
395031	405030	400030.5	80	11.72808837890625	0	0	1	0.996005996001	1.0000000000000036e-12	11.925	LI13	LI
400031	410030	405030.5	99	9.671844169531528	NA	0	1	0.996005996001	1.0000000000000036e-12	12.080808080808081	LI13	LI
405031	415030	410030.5	87	6.805575801749272	NA	0	1	0.996005996001	1.0000000000000036e-12	12.011494252873563	LI13	LI
410031	420030	415030.5	67	7.627213959135901	NA	0	1	0.996005996001	1.0000000000000036e-12	11.776119402985074	LI13	LI
415031	425030	420030.5	78	9.8598125	NA	0	1	0.996005996001	1.0000000000000036e-12	11.923076923076923	LI13	LI
420031	430030	425030.5	91	10.189109856311045	NA	0	1	0.996005996001	1.0000000000000036e-12	11.923076923076923	LI13	LI
425031	435030	430030.5	96	10.518407212622089	NA	0	1	0.996005996001	1.0000000000000036e-12	11.78125	LI13	LI
430031	440030	435030.5	96	8.015957042238599	NA	0	1	0.996005996001	1.0000000000000036e-12	11.96875	LI13	LI
435031	445030	440030.5	93	8.015957042238599	525.2187500000001	0	1	0.996005996001	1.0000000000000036e-12	11.795698924731182	LI13	LI
440031	450030	445030.5	80	7.76099537037037	384.10937500000006	0	1	0.996005996001	1.0000000000000036e-12	11.6375	LI13	LI
445031	455030	450030.5	75	8.71641976995095	243	0	1	0.996005996001	1.0000000000000036e-12	12.106666666666667	LI13	LI
450031	460030	455030.5	96	9.8598125	NA	0	1	0.996005996001	1.0000000000000036e-12	12.260416666666666	LI13	LI
455031	465030	460030.5	93	9.8598125	5.3782400000000035	0	1	0.996005996001	1.0000000000000036e-12	11.978494623655914	LI13	LI
460031	470030	465030.5	97	8.44885211652253	5.3782400000000035	0	1	0.996005996001	1.0000000000000036e-12	11.876288659793815	LI13	LI
465031	475030	470030.5	85	8.44885211652253	NA	0	1	0.996005996001	1.0000000000000036e-12	11.964705882352941	LI13	LI
470031	480030	475030.5	61	7.76099537037037	NA	0	1	0.996005996001	1.0000000000000036e-12	12.131147540983607	LI13	LI
475031	485030	480030.5	77	7.76099537037037	NA	0	1	0.996005996001	1.0000000000000036e-12	12.077922077922079	LI13	LI
480031	490030	485030.5	54	7.76099537037037	NA	0.16666666666666666	0.8333333333333334	0.4822530864197532	7.716049382716042e-4	11.88888888888889	LI13	LI
485031	495030	490030.5	40	7.76099537037037	NA	0	1	0.996005996001	1.0000000000000036e-12	12.325	LI13	LI
490031	500030	495030.5	54	7.4877817151966894	NA	0	1	0.996005996001	1.0000000000000036e-12	12.203703703703704	LI13	LI
495031	505030	500030.5	65	10.24119732905376	0.4626643660379606	0	1	0.996005996001	1.0000000000000036e-12	12.046153846153846	LI13	LI
500031	510030	505030.5	74	10.24119732905376	0.4626643660379606	0	1	0.996005996001	1.0000000000000036e-12	12.18918918918919	LI13	LI
505031	515030	510030.5	83	10.24119732905376	NA	0	1	0.996005996001	1.0000000000000036e-12	11.891566265060241	LI13	LI
510031	520030	515030.5	77	10.24119732905376	0	0	1	0.996005996001	1.0000000000000036e-12	11.883116883116884	LI13	LI
515031	525030	520030.5	59	10.24119732905376	0	0	1	0.996005996001	1.0000000000000036e-12	12.23728813559322	LI13	LI
520031	530030	525030.5	71	9.57300491452688	0	0	1	0.996005996001	1.0000000000000036e-12	11.394366197183098	LI13	LI
525031	535030	530030.5	76	9.671844169531528	205.8542840884691	0	1	0.996005996001	1.0000000000000036e-12	10.921052631578947	LI13	LI
530031	540030	535030.5	72	9.765828334765764	205.8542840884691	0	1	0.996005996001	1.0000000000000036e-12	11	LI13	LI
535031	545030	540030.5	82	9.66840625	NA	0	1	0.996005996001	1.0000000000000036e-12	10.865853658536585	LI13	LI
540031	550030	545030.5	97	9.477	NA	0	1	0.996005996001	1.0000000000000036e-12	11.257731958762887	LI13	LI
545031	555030	550030.5	95	8.14989366256651	0	0	1	0.996005996001	1.0000000000000036e-12	11.726315789473684	LI13	LI
550031	560030	555030.5	63	8.496755555555556	0	0	1	0.996005996001	1.0000000000000036e-12	11.80952380952381	LI13	LI
555031	565030	560030.5	46	9.368976442304657	NA	0	1	0.996005996001	1.0000000000000036e-12	11.91304347826087	LI13	LI
560031	570030	565030.5	73	10.556478641987436	NA	0	1	0.996005996001	1.0000000000000036e-12	12.164383561643836	LI13	LI
565031	575030	570030.5	109	10.60185185185185	NA	0	1	0.996005996001	1.0000000000000036e-12	11.8348623853211	LI13	LI
570031	580030	575030.5	102	10.230832175925926	NA	0	1	0.996005996001	1.0000000000000036e-12	11.637254901960784	LI13	LI
575031	585030	580030.5	67	9.847503536522634	0	0	1	0.996005996001	1.0000000000000036e-12	11.805970149253731	LI13	LI
580031	590030	585030.5	70	9.847503536522634	0	0	1	0.996005996001	1.0000000000000036e-12	11.757142857142858	LI13	LI
585031	595030	590030.5	79	NA	NA	0	1	0.996005996001	1.0000000000000036e-12	11.518987341772151	LI13	LI
590031	600030	595030.5	71	11.677301061947954	NA	0	1	0.996005996001	1.0000000000000036e-12	11.47887323943662	LI13	LI
595031	605030	600030.5	86	8.987338577621209	NA	0	1	0.996005996001	1.0000000000000036e-12	11.825581395348838	LI13	LI
600031	610030	605030.5	114	7.5713989519970255	NA	0	1	0.996005996001	1.0000000000000036e-12	11.692982456140351	LI13	LI
605031	615030	610030.5	118	8.84542181069959	NA	0	1	0.996005996001	1.0000000000000036e-12	11.73728813559322	LI13	LI
610031	620030	615030.5	107	7.5830619679546665	NA	0	1	0.996005996001	1.0000000000000036e-12	12.093457943925234	LI13	LI
615031	625030	620030.5	100	19.630813308883653	0.3242993990599157	0	1	0.996005996001	1.0000000000000036e-12	12.19	LI13	LI
620031	630030	625030.5	101	26.49109623303306	0.3242993990599157	0	1	0.996005996001	1.0000000000000036e-12	12.188118811881187	LI13	LI
625031	635030	630030.5	112	11.805555555555557	0	0	1	0.996005996001	1.0000000000000036e-12	11.9375	LI13	LI
630031	640030	635030.5	79	10.151155555555556	0	0	1	0.996005996001	1.0000000000000036e-12	11.860759493670885	LI13	LI
635031	645030	640030.5	41	8.496755555555556	NA	0	1	0.996005996001	1.0000000000000036e-12	12.170731707317072	LI13	LI
640031	650030	645030.5	57	NA	NA	0	1	0.996005996001	1.0000000000000036e-12	11.421052631578947	LI13	LI
645031	655030	650030.5	63	NA	NA	0	1	0.996005996001	1.0000000000000036e-12	11.714285714285714	LI13	LI
650031	660030	655030.5	64	8.336590299881045	NA	0	1	0.996005996001	1.0000000000000036e-12	11.734375	LI13	LI
655031	665030	660030.5	63	7.8277587890625	NA	0	1	0.996005996001	1.0000000000000036e-12	11.476190476190476	LI13	LI
660031	670030	665030.5	53	8.400935855829744	NA	0	1	0.996005996001	1.0000000000000036e-12	11.90566037735849	LI13	LI
665031	675030	670030.5	35	9.836964207856623	NA	0	1	0.996005996001	1.0000000000000036e-12	11.857142857142858	LI13	LI
670031	680030	675030.5	11	10.24119732905376	NA	0	1	0.996005996001	1.0000000000000036e-12	9.545454545454545	LI13	LI
675031	685030	680030.5	9	NA	NA	NA	NA	NA	NA	0	LI13	LI
680031	690030	685030.5	7	NA	NA	NA	NA	NA	NA	0	LI13	LI
685031	695030	690030.5	0	NA	NA	NA	NA	NA	NA	NA	LI13	LI
690031	700030	695030.5	0	NA	NA	NA	NA	NA	NA	NA	LI13	LI
695031	705030	700030.5	0	NA	NA	NA	NA	NA	NA	NA	LI13	LI
700031	710030	705030.5	16	NA	NA	0	1	0.996005996001	1.0000000000000036e-12	11.3125	LI13	LI
705031	715030	710030.5	62	NA	NA	0	1	0.996005996001	1.0000000000000036e-12	11.774193548387096	LI13	LI
710031	720030	715030.5	107	9.173403996936045	NA	0	1	0.996005996001	1.0000000000000036e-12	11.841121495327103	LI13	LI
715031	725030	720030.5	99	9.173403996936045	NA	0	1	0.996005996001	1.0000000000000036e-12	11.727272727272727	LI13	LI
720031	730030	725030.5	77	9.009984375	NA	0	1	0.996005996001	1.0000000000000036e-12	11.818181818181818	LI13	LI
725031	735030	730030.5	74	9.477	NA	0	1	0.996005996001	1.0000000000000036e-12	12.14864864864865	LI13	LI
730031	740030	735030.5	66	11.122101882845996	NA	0	1	0.996005996001	1.0000000000000036e-12	12.106060606060606	LI13	LI
735031	745030	740030.5	71	11.553819444444443	NA	0	1	0.996005996001	1.0000000000000036e-12	12.070422535211268	LI13	LI
740031	750030	745030.5	77	10.09524515005814	411.5226337448563	0	1	0.996005996001	1.0000000000000036e-12	12.03896103896104	LI13	LI
745031	755030	750030.5	72	10.008727717126439	411.5226337448563	0	1	0.996005996001	1.0000000000000036e-12	11.708333333333334	LI13	LI
750031	760030	755030.5	75	10.5	1	0	1	0.996005996001	1.0000000000000036e-12	11.693333333333333	LI13	LI
755031	765030	760030.5	93	10.5	1	0	1	0.996005996001	1.0000000000000036e-12	11.720430107526882	LI13	LI
760031	770030	765030.5	92	12.890447200728264	NA	0	1	0.996005996001	1.0000000000000036e-12	11.478260869565217	LI13	LI
765031	775030	770030.5	102	12.890447200728264	NA	0	1	0.996005996001	1.0000000000000036e-12	11.441176470588236	LI13	LI
770031	780030	775030.5	98	NA	NA	0	1	0.996005996001	1.0000000000000036e-12	11.551020408163266	LI13	LI
775031	785030	780030.5	58	NA	NA	0	1	0.996005996001	1.0000000000000036e-12	11.758620689655173	LI13	LI
780031	790030	785030.5	70	NA	NA	0	1	0.996005996001	1.0000000000000036e-12	11.157142857142857	LI13	LI
785031	795030	790030.5	87	9.21142578125	0	0	1	0.996005996001	1.0000000000000036e-12	11.114942528735632	LI13	LI
790031	800030	795030.5	67	9.21142578125	0	0	1	0.996005996001	1.0000000000000036e-12	11.328358208955224	LI13	LI
795031	805030	800030.5	70	10.800725341796875	NA	0	1	0.996005996001	1.0000000000000036e-12	11.257142857142858	LI13	LI
800031	810030	805030.5	66	10.800725341796875	NA	0	1	0.996005996001	1.0000000000000036e-12	11.484848484848484	LI13	LI
805031	815030	810030.5	34	NA	NA	0	1	0.996005996001	1.0000000000000036e-12	11	LI13	LI
810031	820030	815030.5	91	7.59844970703125	NA	0	1	0.996005996001	1.0000000000000036e-12	10.824175824175825	LI13	LI
815031	825030	820030.5	109	7.59844970703125	NA	0	1	0.996005996001	1.0000000000000036e-12	11.376146788990825	LI13	LI
820031	830030	825030.5	62	9.139356075378679	NA	0	1	0.996005996001	1.0000000000000036e-12	12.32258064516129	LI13	LI
825031	835030	830030.5	77	7.087358213374635	NA	0	1	0.996005996001	1.0000000000000036e-12	11.792207792207792	LI13	LI
830031	840030	835030.5	78	7.369140625	NA	0	1	0.996005996001	1.0000000000000036e-12	11.871794871794872	LI13	LI
835031	845030	840030.5	84	10.273600260416668	11.712800000000001	0	1	0.996005996001	1.0000000000000036e-12	11.738095238095237	LI13	LI
840031	850030	845030.5	91	8.665364583333334	11.712800000000001	0	1	0.996005996001	1.0000000000000036e-12	11.692307692307692	LI13	LI
845031	855030	850030.5	85	10.720361218069122	NA	0	1	0.996005996001	1.0000000000000036e-12	11.823529411764707	LI13	LI
850031	860030	855030.5	94	9.253545425182924	0	0	1	0.996005996001	1.0000000000000036e-12	11.191489361702128	LI13	LI
855031	865030	860030.5	107	9.253545425182924	0	0	1	0.996005996001	1.0000000000000036e-12	11.439252336448599	LI13	LI
860031	870030	865030.5	118	11.805555555555557	0	0	1	0.996005996001	1.0000000000000036e-12	11.635593220338983	LI13	LI
865031	875030	870030.5	131	10.106853996936044	0	0	1	0.996005996001	1.0000000000000036e-12	11.557251908396946	LI13	LI
870031	880030	875030.5	100	8.84542181069959	NA	0	1	0.996005996001	1.0000000000000036e-12	11.87	LI13	LI
875031	885030	880030.5	50	10.867934505713926	NA	0	1	0.996005996001	1.0000000000000036e-12	10.44	LI13	LI
880031	890030	885030.5	29	12.890447200728264	NA	0	1	0.996005996001	1.0000000000000036e-12	7.379310344827586	LI13	LI
885031	895030	890030.5	44	6.911438150770513	69.16460905349788	0	1	0.996005996001	1.0000000000000036e-12	9.431818181818182	LI13	LI
890031	900030	895030.5	66	6.758700102745081	69.16460905349788	0	1	0.996005996001	1.0000000000000036e-12	10.121212121212121	LI13	LI
895031	905030	900030.5	39	6.60596205471965	NA	0	1	0.996005996001	1.0000000000000036e-12	8.461538461538462	LI13	LI
900031	910030	905030.5	26	10.5	1	0	1	0.996005996001	1.0000000000000036e-12	4.653846153846154	LI13	LI
905031	915030	910030.5	55	8.496755555555556	411.5226337448563	0	1	0.996005996001	1.0000000000000036e-12	9.836363636363636	LI13	LI
910031	920030	915030.5	86	8.496755555555556	1768.2613168724297	0	1	0.996005996001	1.0000000000000036e-12	11.604651162790697	LI13	LI
915031	925030	920030.5	88	11.009950505007897	2.488319999999999	0	1	0.996005996001	1.0000000000000036e-12	11.488636363636363	LI13	LI
920031	930030	925030.5	107	9.55672426746807	2.488319999999999	0	1	0.996005996001	1.0000000000000036e-12	11.88785046728972	LI13	LI
925031	935030	930030.5	119	11.74163818359375	NA	0	1	0.996005996001	1.0000000000000036e-12	11.991596638655462	LI13	LI
930031	940030	935030.5	94	10.609319091796875	NA	0	1	0.996005996001	1.0000000000000036e-12	11.96808510638298	LI13	LI
935031	945030	940030.5	97	7.369140625	NA	0	1	0.996005996001	1.0000000000000036e-12	12.010309278350515	LI13	LI
940031	950030	945030.5	99	7.219281860947643	0	0	1	0.996005996001	1.0000000000000036e-12	12.02020202020202	LI13	LI
945031	955030	950030.5	71	6.768768221574344	0	0	1	0.996005996001	1.0000000000000036e-12	11.71830985915493	LI13	LI
950031	960030	955030.5	73	6.7871720116618075	0	0	1	0.996005996001	1.0000000000000036e-12	11.068493150684931	LI13	LI
955031	965030	960030.5	66	6.805575801749272	NA	0	1	0.996005996001	1.0000000000000036e-12	10.515151515151516	LI13	LI
960031	970030	965030.5	62	10.871759954921112	NA	0	1	0.996005996001	1.0000000000000036e-12	10.14516129032258	LI13	LI
965031	975030	970030.5	57	10.152245520790299	NA	0	1	0.996005996001	1.0000000000000036e-12	9.807017543859649	LI13	LI
970031	980030	975030.5	53	9.432731086659485	NA	0	1	0.996005996001	1.0000000000000036e-12	10.962264150943396	LI13	LI
975031	985030	980030.5	81	5.958238429300291	0	0	1	0.996005996001	1.0000000000000036e-12	11.716049382716049	LI13	LI
980031	990030	985030.5	65	9.588986049284165	0	0	1	0.996005996001	1.0000000000000036e-12	11.415384615384616	LI13	LI
985031	995030	990030.5	67	10.681216543012773	1562.5000000000016	0	1	0.996005996001	1.0000000000000036e-12	11.701492537313433	LI13	LI
990031	1000030	995030.5	78	8.44885211652253	NA	0	1	0.996005996001	1.0000000000000036e-12	11.743589743589743	LI13	LI
995031	1005030	1000030.5	84	8.44885211652253	NA	0	1	0.996005996001	1.0000000000000036e-12	11.619047619047619	LI13	LI
1000031	1010030	1005030.5	112	8.138305452792515	NA	0	1	0.996005996001	1.0000000000000036e-12	11.803571428571429	LI13	LI
1005031	1015030	1010030.5	116	8.44885211652253	NA	0	1	0.996005996001	1.0000000000000036e-12	12.10344827586207	LI13	LI
1010031	1020030	1015030.5	123	8.44885211652253	NA	0	1	0.996005996001	1.0000000000000036e-12	12.235772357723578	LI13	LI
1015031	1025030	1020030.5	92	8.44885211652253	NA	0	1	0.996005996001	1.0000000000000036e-12	11.956521739130435	LI13	LI
1020031	1030030	1025030.5	59	9.507581384088823	NA	0	1	0.996005996001	1.0000000000000036e-12	11.76271186440678	LI13	LI
1025031	1035030	1030030.5	64	9.477	NA	0	1	0.996005996001	1.0000000000000036e-12	9.890625	LI13	LI
1030031	1040030	1035030.5	108	10.098680609034561	NA	0	1	0.996005996001	1.0000000000000036e-12	10.555555555555555	LI13	LI
1035031	1045030	1040030.5	134	8.472803836039043	0	0	1	0.996005996001	1.0000000000000036e-12	11.835820895522389	LI13	LI
1040031	1050030	1045030.5	133	7.794377079716435	0	0	1	0.996005996001	1.0000000000000036e-12	12	LI13	LI
1045031	1055030	1050030.5	122	7.76099537037037	NA	0	1	0.996005996001	1.0000000000000036e-12	11.98360655737705	LI13	LI
1050031	1060030	1055030.5	95	7.8277587890625	NA	0	1	0.996005996001	1.0000000000000036e-12	11.621052631578948	LI13	LI
1055031	1065030	1060030.5	94	8.472803836039043	NA	0	1	0.996005996001	1.0000000000000036e-12	11.787234042553191	LI13	LI
1060031	1070030	1065030.5	71	9.507581384088823	NA	0	1	0.996005996001	1.0000000000000036e-12	12.19718309859155	LI13	LI
1065031	1075030	1070030.5	68	8.138305452792515	NA	0	1	0.996005996001	1.0000000000000036e-12	11.941176470588236	LI13	LI
1070031	1080030	1075030.5	102	8.42798353909465	NA	0	1	0.996005996001	1.0000000000000036e-12	11.490196078431373	LI13	LI
1075031	1085030	1080030.5	109	8.09448945473251	1845.2812500000023	0	1	0.996005996001	1.0000000000000036e-12	11.495412844036696	LI13	LI
1080031	1090030	1085030.5	98	8.09448945473251	1845.2812500000023	0	1	0.996005996001	1.0000000000000036e-12	11.714285714285714	LI13	LI
1085031	1095030	1090030.5	110	8.44885211652253	NA	0	1	0.996005996001	1.0000000000000036e-12	11.927272727272728	LI13	LI
1090031	1100030	1095030.5	102	8.44885211652253	NA	0	1	0.996005996001	1.0000000000000036e-12	12.029411764705882	LI13	LI
1095031	1105030	1100030.5	94	8.44885211652253	NA	0	1	0.996005996001	1.0000000000000036e-12	12.191489361702128	LI13	LI
1100031	1110030	1105030.5	95	8.44885211652253	NA	0	1	0.996005996001	1.0000000000000036e-12	12.368421052631579	LI13	LI
1105031	1115030	1110030.5	79	7.76099537037037	NA	0	1	0.996005996001	1.0000000000000036e-12	12.037974683544304	LI13	LI
1110031	1120030	1115030.5	94	7.8277587890625	0	0	1	0.996005996001	1.0000000000000036e-12	11.787234042553191	LI13	LI
1115031	1125030	1120030.5	97	8.986394984200878	0	0	1	0.996005996001	1.0000000000000036e-12	12.02061855670103	LI13	LI
1120031	1130030	1125030.5	114	NA	NA	0	1	0.996005996001	1.0000000000000036e-12	12.228070175438596	LI13	LI
1125031	1135030	1130030.5	161	11.74163818359375	NA	0	1	0.996005996001	1.0000000000000036e-12	12.049689440993788	LI13	LI
1130031	1140030	1135030.5	147	9.27360699267151	NA	0	1	0.996005996001	1.0000000000000036e-12	11.761904761904763	LI13	LI
1135031	1145030	1140030.5	120	6.805575801749272	NA	0	1	0.996005996001	1.0000000000000036e-12	11.616666666666667	LI13	LI
1140031	1150030	1145030.5	107	9.671844169531528	NA	0	1	0.996005996001	1.0000000000000036e-12	11.953271028037383	LI13	LI
1145031	1155030	1150030.5	98	9.04991385431309	NA	0	1	0.996005996001	1.0000000000000036e-12	11.33673469387755	LI13	LI
1150031	1160030	1155030.5	97	9.990901491769545	NA	0	1	0.996005996001	1.0000000000000036e-12	10.917525773195877	LI13	LI
1155031	1165030	1160030.5	98	11.553819444444443	NA	0	1	0.996005996001	1.0000000000000036e-12	11.612244897959183	LI13	LI
1160031	1170030	1165030.5	109	11.74163818359375	NA	0	1	0.996005996001	1.0000000000000036e-12	11.889908256880734	LI13	LI
1165031	1175030	1170030.5	123	11.230999700831436	NA	0	1	0.996005996001	1.0000000000000036e-12	11.658536585365853	LI13	LI
1170031	1180030	1175030.5	108	10.720361218069122	NA	0	1	0.996005996001	1.0000000000000036e-12	11.648148148148149	LI13	LI
1175031	1185030	1180030.5	85	11.740142097712305	NA	0	1	0.996005996001	1.0000000000000036e-12	12.176470588235293	LI13	LI
1180031	1190030	1185030.5	59	NA	NA	0	1	0.996005996001	1.0000000000000036e-12	12.305084745762711	LI13	LI
1185031	1195030	1190030.5	62	8.496755555555556	NA	0	1	0.996005996001	1.0000000000000036e-12	11.725806451612904	LI13	LI
1190031	1200030	1195030.5	90	8.496755555555556	243	0	1	0.996005996001	1.0000000000000036e-12	11.5	LI13	LI
1195031	1205030	1200030.5	110	11.52917618002523	122.5806970164609	0	1	0.996005996001	1.0000000000000036e-12	11.863636363636363	LI13	LI
1200031	1210030	1205030.5	132	10.720361218069122	1.0806970164609049	0	1	0.996005996001	1.0000000000000036e-12	11.931818181818182	LI13	LI
1205031	1215030	1210030.5	113	10.796060586495116	0	0	1	0.996005996001	1.0000000000000036e-12	11.946902654867257	LI13	LI
1210031	1220030	1215030.5	72	10.721637866265965	0	0	1	0.996005996001	1.0000000000000036e-12	12.125	LI13	LI
1215031	1225030	1220030.5	81	10.518407212622089	0	0	1	0.996005996001	1.0000000000000036e-12	12.11111111111111	LI13	LI
1220031	1230030	1225030.5	103	10.518407212622089	NA	0	1	0.996005996001	1.0000000000000036e-12	11.990291262135923	LI13	LI
1225031	1235030	1230030.5	89	10.518407212622089	NA	0	1	0.996005996001	1.0000000000000036e-12	12.044943820224718	LI13	LI
1230031	1240030	1235030.5	89	12.672178147758308	NA	0	1	0.996005996001	1.0000000000000036e-12	12.258426966292134	LI13	LI
1235031	1245030	1240030.5	111	12.233134627830564	NA	0	1	0.996005996001	1.0000000000000036e-12	11.99099099099099	LI13	LI
1240031	1250030	1245030.5	128	11.301098577784561	NA	0	1	0.996005996001	1.0000000000000036e-12	11.8671875	LI13	LI
1245031	1255030	1250030.5	121	7.8277587890625	NA	0	1	0.996005996001	1.0000000000000036e-12	11.925619834710744	LI13	LI
1250031	1260030	1255030.5	131	9.55672426746807	0.40187757201646107	0	1	0.996005996001	1.0000000000000036e-12	11.954198473282442	LI13	LI
1255031	1265030	1260030.5	110	9.626012524359034	0.40187757201646107	0	1	0.996005996001	1.0000000000000036e-12	12	LI13	LI
1260031	1270030	1265030.5	110	8.44885211652253	243	0	1	0.996005996001	1.0000000000000036e-12	12.1	LI13	LI
1265031	1275030	1270030.5	144	9.56961821888504	411.5226337448563	0	1	0.996005996001	1.0000000000000036e-12	12.034722222222221	LI13	LI
1270031	1280030	1275030.5	138	11.553819444444443	0	0	1	0.996005996001	1.0000000000000036e-12	11.992753623188406	LI13	LI
1275031	1285030	1280030.5	134	11.212789699682777	0	0	1	0.996005996001	1.0000000000000036e-12	11.880597014925373	LI13	LI
1280031	1290030	1285030.5	100	10.690384321247548	2.488319999999999	0	1	0.996005996001	1.0000000000000036e-12	11.67	LI13	LI
1285031	1295030	1290030.5	82	9.55672426746807	207.00547687242815	0	1	0.996005996001	1.0000000000000036e-12	11.987804878048781	LI13	LI
1290031	1300030	1295030.5	104	9.154332308261266	411.5226337448563	0	1	0.996005996001	1.0000000000000036e-12	12.173076923076923	LI13	LI
1295031	1305030	1300030.5	99	9.8598125	411.5226337448563	0	1	0.996005996001	1.0000000000000036e-12	12.030303030303031	LI13	LI
1300031	1310030	1305030.5	83	10.518407212622089	411.5226337448563	0	1	0.996005996001	1.0000000000000036e-12	12.108433734939759	LI13	LI
1305031	1315030	1310030.5	71	NA	NA	0	1	0.996005996001	1.0000000000000036e-12	12.23943661971831	LI13	LI
1310031	1320030	1315030.5	66	11.8818359375	NA	0	1	0.996005996001	1.0000000000000036e-12	12.181818181818182	LI13	LI
1315031	1325030	1320030.5	94	11.811737060546875	NA	0	1	0.996005996001	1.0000000000000036e-12	12.180851063829786	LI13	LI
1320031	1330030	1325030.5	105	11.30669906925743	NA	0	1	0.996005996001	1.0000000000000036e-12	12.133333333333333	LI13	LI
1325031	1335030	1330030.5	93	11.376797946210555	NA	0	1	0.996005996001	1.0000000000000036e-12	12.043010752688172	LI13	LI
1330031	1340030	1335030.5	79	7.76099537037037	NA	0	1	0.996005996001	1.0000000000000036e-12	11.962025316455696	LI13	LI
1335031	1345030	1340030.5	93	9.69530078125	2.1613940329218098	0	1	0.996005996001	1.0000000000000036e-12	11.64516129032258	LI13	LI
1340031	1350030	1345030.5	102	11.8818359375	2.1613940329218098	0	1	0.996005996001	1.0000000000000036e-12	11.803921568627452	LI13	LI
1345031	1355030	1350030.5	68	11.8818359375	NA	0	1	0.996005996001	1.0000000000000036e-12	12.235294117647058	LI13	LI
1350031	1360030	1355030.5	55	33.351379157182464	2.1613940329218098	0	1	0.996005996001	1.0000000000000036e-12	12.381818181818181	LI13	LI
1355031	1365030	1360030.5	79	5.776909722222221	2.1613940329218098	0	1	0.996005996001	1.0000000000000036e-12	11.89873417721519	LI13	LI
1360031	1370030	1365030.5	72	5.776909722222221	243	0	1	0.996005996001	1.0000000000000036e-12	11.73611111111111	LI13	LI
1365031	1375030	1370030.5	54	7.76099537037037	243	0	1	0.996005996001	1.0000000000000036e-12	12.166666666666666	LI13	LI
1370031	1380030	1375030.5	77	8.665364583333334	411.5226337448563	0	1	0.996005996001	1.0000000000000036e-12	11.792207792207792	LI13	LI
1375031	1385030	1380030.5	104	8.596621260683762	411.5226337448563	0	1	0.996005996001	1.0000000000000036e-12	11.75	LI13	LI
1380031	1390030	1385030.5	105	8.488365027278359	327.26131687242815	0	1	0.996005996001	1.0000000000000036e-12	11.971428571428572	LI13	LI
1385031	1395030	1390030.5	101	8.44885211652253	411.5226337448563	0	1	0.996005996001	1.0000000000000036e-12	12.108910891089108	LI13	LI
1390031	1400030	1395030.5	109	8.138305452792515	411.5226337448563	0	1	0.996005996001	1.0000000000000036e-12	11.990825688073395	LI13	LI
1395031	1405030	1400030.5	96	7.8277587890625	1684.0000000000016	0	1	0.996005996001	1.0000000000000036e-12	11.958333333333334	LI13	LI
1400031	1410030	1405030.5	83	8.496755555555556	1684.0000000000016	0	1	0.996005996001	1.0000000000000036e-12	12.132530120481928	LI13	LI
1405031	1415030	1410030.5	82	7.4877817151966894	134.84773662551441	0	1	0.996005996001	1.0000000000000036e-12	11.878048780487806	LI13	LI
1410031	1420030	1415030.5	101	7.4877817151966894	188.9238683127572	0	1	0.996005996001	1.0000000000000036e-12	11.94059405940594	LI13	LI
1415031	1425030	1420030.5	119	8.472803836039043	327.26131687242815	0	1	0.996005996001	1.0000000000000036e-12	12.268907563025211	LI13	LI
1420031	1430030	1425030.5	115	8.10492374344645	243	0	1	0.996005996001	1.0000000000000036e-12	11.939130434782609	LI13	LI
1425031	1435030	1430030.5	94	7.76099537037037	243	0	1	0.996005996001	1.0000000000000036e-12	11.712765957446809	LI13	LI
1430031	1440030	1435030.5	73	10.165344027011265	327.26131687242815	0	1	0.996005996001	1.0000000000000036e-12	11.712328767123287	LI13	LI
1435031	1445030	1440030.5	73	9.671844169531528	327.26131687242815	0	1	0.996005996001	1.0000000000000036e-12	11.917808219178083	LI13	LI
1440031	1450030	1445030.5	59	10.796060586495116	327.26131687242815	0	1	0.996005996001	1.0000000000000036e-12	12.423728813559322	LI13	LI
1445031	1455030	1450030.5	61	11.8818359375	NA	0	1	0.996005996001	1.0000000000000036e-12	12.032786885245901	LI13	LI
1450031	1460030	1455030.5	88	11.8818359375	0	0	1	0.996005996001	1.0000000000000036e-12	12.272727272727273	LI13	LI
1455031	1465030	1460030.5	106	11.8818359375	0	0	1	0.996005996001	1.0000000000000036e-12	12.29245283018868	LI13	LI
1460031	1470030	1465030.5	86	11.8818359375	NA	0	1	0.996005996001	1.0000000000000036e-12	12.081395348837209	LI13	LI
1465031	1475030	1470030.5	74	10.871759954921112	NA	0	1	0.996005996001	1.0000000000000036e-12	12.256756756756756	LI13	LI
1470031	1480030	1475030.5	78	10.871759954921112	243	0	1	0.996005996001	1.0000000000000036e-12	12.333333333333334	LI13	LI
1475031	1485030	1480030.5	78	7.76099537037037	243	0	1	0.996005996001	1.0000000000000036e-12	11.987179487179487	LI13	LI
1480031	1490030	1485030.5	85	8.10492374344645	327.26131687242815	0	1	0.996005996001	1.0000000000000036e-12	12.070588235294117	LI13	LI
1485031	1495030	1490030.5	73	8.44885211652253	411.5226337448563	0	1	0.996005996001	1.0000000000000036e-12	12.383561643835616	LI13	LI
1490031	1500030	1495030.5	77	8.44885211652253	327.26131687242815	0	1	0.996005996001	1.0000000000000036e-12	12.181818181818182	LI13	LI
1495031	1505030	1500030.5	75	7.76099537037037	243	0	1	0.996005996001	1.0000000000000036e-12	12.186666666666667	LI13	LI
1500031	1510030	1505030.5	60	7.76099537037037	243	0	1	0.996005996001	1.0000000000000036e-12	12.116666666666667	LI13	LI
1505031	1515030	1510030.5	66	7.76099537037037	243	0	1	0.996005996001	1.0000000000000036e-12	12.075757575757576	LI13	LI
1510031	1520030	1515030.5	70	8.44885211652253	243	0	1	0.996005996001	1.0000000000000036e-12	12.185714285714285	LI13	LI
1515031	1525030	1520030.5	68	8.44885211652253	327.26131687242815	0	1	0.996005996001	1.0000000000000036e-12	9.220588235294118	LI13	LI
31	10030	5030.5	140	1331.9475380628437	0	0	1	0.996005996001	1.0000000000000036e-12	58.27857142857143	LI2	LI
5031	15030	10030.5	118	66.2957051042123	NA	0	1	0.996005996001	1.0000000000000036e-12	66.72881355932203	LI2	LI
10031	20030	15030.5	124	66.2957051042123	NA	0	1	0.996005996001	1.0000000000000036e-12	66.91129032258064	LI2	LI
15031	25030	20030.5	89	NA	NA	0	1	0.996005996001	1.0000000000000036e-12	67.34831460674157	LI2	LI
20031	30030	25030.5	77	NA	NA	0	1	0.996005996001	1.0000000000000036e-12	67.1948051948052	LI2	LI
25031	35030	30030.5	108	NA	NA	0	1	0.996005996001	1.0000000000000036e-12	67.62037037037037	LI2	LI
30031	40030	35030.5	117	NA	NA	0	1	0.996005996001	1.0000000000000036e-12	67.91452991452991	LI2	LI
35031	45030	40030.5	78	69.97877496355686	NA	0	1	0.996005996001	1.0000000000000036e-12	68.02564102564102	LI2	LI
40031	50030	45030.5	80	69.97877496355686	NA	0	1	0.996005996001	1.0000000000000036e-12	67.2625	LI2	LI
45031	55030	50030.5	108	NA	NA	0	1	0.996005996001	1.0000000000000036e-12	67.45370370370371	LI2	LI
50031	60030	55030.5	110	39.9631220703125	NA	0	1	0.996005996001	1.0000000000000036e-12	66.71818181818182	LI2	LI
55031	65030	60030.5	97	54.93951584565188	NA	0	1	0.996005996001	1.0000000000000036e-12	66.3917525773196	LI2	LI
60031	70030	65030.5	96	69.91590962099126	NA	0	1	0.996005996001	1.0000000000000036e-12	67.45833333333333	LI2	LI
65031	75030	70030.5	122	NA	NA	0	1	0.996005996001	1.0000000000000036e-12	67.38524590163935	LI2	LI
70031	80030	75030.5	123	67.29623649675739	NA	0	1	0.996005996001	1.0000000000000036e-12	67.8780487804878	LI2	LI
75031	85030	80030.5	90	67.29623649675739	NA	0	1	0.996005996001	1.0000000000000036e-12	67.95555555555555	LI2	LI
80031	90030	85030.5	86	67.97815684313302	NA	0	1	0.996005996001	1.0000000000000036e-12	67.94186046511628	LI2	LI
85031	95030	90030.5	106	67.95459925687842	NA	0	1	0.996005996001	1.0000000000000036e-12	65.52830188679245	LI2	LI
90031	100030	95030.5	129	68.42287816798773	NA	0	1	0.996005996001	1.0000000000000036e-12	64.93798449612403	LI2	LI
95031	105030	100030.5	164	127.54069066600914	1.0952380952380953	0	1	0.996005996001	1.0000000000000036e-12	66.4451219512195	LI2	LI
100031	110030	105030.5	134	68.97847033871217	1.0952380952380953	0	1	0.996005996001	1.0000000000000036e-12	66.82089552238806	LI2	LI
105031	115030	110030.5	88	67.97815221117972	3.0765456211724524	0	1	0.996005996001	1.0000000000000036e-12	67.375	LI2	LI
110031	120030	115030.5	99	126.56358906775395	3.0765456211724524	0	1	0.996005996001	1.0000000000000036e-12	67.4949494949495	LI2	LI
115031	125030	120030.5	99	69.91590962099126	NA	0	1	0.996005996001	1.0000000000000036e-12	67.91919191919192	LI2	LI
120031	130030	125030.5	67	69.91590962099126	NA	0	1	0.996005996001	1.0000000000000036e-12	68.40298507462687	LI2	LI
125031	135030	130030.5	88	NA	NA	0	1	0.996005996001	1.0000000000000036e-12	68.10227272727273	LI2	LI
130031	140030	135030.5	118	NA	NA	0	1	0.996005996001	1.0000000000000036e-12	67.12711864406779	LI2	LI
135031	145030	140030.5	96	62.976441678964356	NA	0	1	0.996005996001	1.0000000000000036e-12	67.08333333333333	LI2	LI
140031	150030	145030.5	138	62.976441678964356	NA	0	1	0.996005996001	1.0000000000000036e-12	68.18840579710145	LI2	LI
145031	155030	150030.5	214	NA	NA	0	1	0.996005996001	1.0000000000000036e-12	67.85046728971963	LI2	LI
150031	160030	155030.5	199	NA	NA	0	1	0.996005996001	1.0000000000000036e-12	67.70854271356784	LI2	LI
155031	165030	160030.5	131	NA	NA	0	1	0.996005996001	1.0000000000000036e-12	67.78625954198473	LI2	LI
160031	170030	165030.5	95	69.97877496355686	NA	0	1	0.996005996001	1.0000000000000036e-12	67.61052631578947	LI2	LI
165031	175030	170030.5	87	69.97877496355686	NA	0	1	0.996005996001	1.0000000000000036e-12	67.57471264367815	LI2	LI
170031	180030	175030.5	81	NA	NA	0	1	0.996005996001	1.0000000000000036e-12	67.46913580246914	LI2	LI
175031	185030	180030.5	94	NA	NA	0	1	0.996005996001	1.0000000000000036e-12	67.32978723404256	LI2	LI
180031	190030	185030.5	112	67.93104167062384	NA	0	1	0.996005996001	1.0000000000000036e-12	67.375	LI2	LI
185031	195030	190030.5	101	67.93104167062384	NA	0	1	0.996005996001	1.0000000000000036e-12	67.68316831683168	LI2	LI
190031	200030	195030.5	80	NA	NA	0	1	0.996005996001	1.0000000000000036e-12	67.575	LI2	LI
195031	205030	200030.5	113	NA	NA	0	1	0.996005996001	1.0000000000000036e-12	66.71681415929204	LI2	LI
200031	210030	205030.5	114	68.97847033871217	NA	0	1	0.996005996001	1.0000000000000036e-12	66.43859649122807	LI2	LI
205031	215030	210030.5	91	68.97847033871217	NA	0	1	0.996005996001	1.0000000000000036e-12	66.86813186813187	LI2	LI
210031	220030	215030.5	103	66.94009174106041	NA	0	1	0.996005996001	1.0000000000000036e-12	67.69902912621359	LI2	LI
215031	225030	220030.5	109	67.95109451576573	0.06649232828948669	0	1	0.996005996001	1.0000000000000036e-12	67.46788990825688	LI2	LI
220031	230030	225030.5	84	284.0914647865286	0.06649232828948669	0	1	0.996005996001	1.0000000000000036e-12	67.11904761904762	LI2	LI
225031	235030	230030.5	51	67.97815684313302	NA	0	1	0.996005996001	1.0000000000000036e-12	67.90196078431373	LI2	LI
230031	240030	235030.5	89	67.07866562541084	NA	0	1	0.996005996001	1.0000000000000036e-12	67.74157303370787	LI2	LI
235031	245030	240030.5	105	67.07866562541084	NA	0	1	0.996005996001	1.0000000000000036e-12	67.62857142857143	LI2	LI
240031	250030	245030.5	100	NA	NA	0	1	0.996005996001	1.0000000000000036e-12	67.89	LI2	LI
245031	255030	250030.5	99	NA	NA	0	1	0.996005996001	1.0000000000000036e-12	67.92929292929293	LI2	LI
250031	260030	255030.5	98	NA	NA	0	1	0.996005996001	1.0000000000000036e-12	67.61224489795919	LI2	LI
255031	265030	260030.5	104	NA	NA	0	1	0.996005996001	1.0000000000000036e-12	67.58653846153847	LI2	LI
260031	270030	265030.5	87	NA	NA	0	1	0.996005996001	1.0000000000000036e-12	67.47126436781609	LI2	LI
265031	275030	270030.5	80	58.47397974881961	NA	0	1	0.996005996001	1.0000000000000036e-12	67.1875	LI2	LI
270031	280030	275030.5	82	58.47397974881961	NA	0	1	0.996005996001	1.0000000000000036e-12	67.32926829268293	LI2	LI
275031	285030	280030.5	87	66.97783408364727	NA	0	1	0.996005996001	1.0000000000000036e-12	65.8735632183908	LI2	LI
280031	290030	285030.5	86	66.97783408364727	NA	0	1	0.996005996001	1.0000000000000036e-12	64.63953488372093	LI2	LI
285031	295030	290030.5	91	64.84697281831805	NA	0	1	0.996005996001	1.0000000000000036e-12	65.87912087912088	LI2	LI
290031	300030	295030.5	99	66.75582066189267	NA	0	1	0.996005996001	1.0000000000000036e-12	66.88888888888889	LI2	LI
295031	305030	300030.5	142	66.75582066189267	NA	0	1	0.996005996001	1.0000000000000036e-12	67.42957746478874	LI2	LI
300031	310030	305030.5	134	NA	NA	0	1	0.996005996001	1.0000000000000036e-12	67.7089552238806	LI2	LI
305031	315030	310030.5	90	64.9771590805644	NA	0	1	0.996005996001	1.0000000000000036e-12	66.18888888888888	LI2	LI
310031	320030	315030.5	131	64.9771590805644	NA	0	1	0.996005996001	1.0000000000000036e-12	66.38167938931298	LI2	LI
315031	325030	320030.5	121	63.425137076450774	NA	0	1	0.996005996001	1.0000000000000036e-12	66.9090909090909	LI2	LI
320031	330030	325030.5	92	64.05627884379852	NA	0	1	0.996005996001	1.0000000000000036e-12	65.04347826086956	LI2	LI
325031	335030	330030.5	108	66.33278872713964	NA	0	1	0.996005996001	1.0000000000000036e-12	64.27777777777777	LI2	LI
330031	340030	335030.5	99	67.97815684313302	NA	0	1	0.996005996001	1.0000000000000036e-12	65.68686868686869	LI2	LI
335031	345030	340030.5	84	51.92441380254198	0	0	1	0.996005996001	1.0000000000000036e-12	67.33333333333333	LI2	LI
340031	350030	345030.5	67	51.92441380254198	0	0	1	0.996005996001	1.0000000000000036e-12	66.65671641791045	LI2	LI
345031	355030	350030.5	34	NA	NA	0	1	0.996005996001	1.0000000000000036e-12	58.294117647058826	LI2	LI
350031	360030	355030.5	8	NA	NA	0	1	0.996005996001	1.0000000000000036e-12	24.75	LI2	LI
355031	365030	360030.5	7	NA	NA	0	1	0.996005996001	1.0000000000000036e-12	41.42857142857143	LI2	LI
360031	370030	365030.5	13	4.7385	NA	0	1	0.996005996001	1.0000000000000036e-12	27.76923076923077	LI2	LI
365031	375030	370030.5	54	64.92807062868354	NA	0	1	0.996005996001	1.0000000000000036e-12	50.55555555555556	LI2	LI
370031	380030	375030.5	89	65.95295235616541	NA	0	1	0.996005996001	1.0000000000000036e-12	60.235955056179776	LI2	LI
375031	385030	380030.5	75	NA	NA	0	1	0.996005996001	1.0000000000000036e-12	65.88	LI2	LI
380031	390030	385030.5	67	NA	NA	0	1	0.996005996001	1.0000000000000036e-12	67.35820895522389	LI2	LI
385031	395030	390030.5	81	NA	NA	0	1	0.996005996001	1.0000000000000036e-12	67.34567901234568	LI2	LI
390031	400030	395030.5	81	35.908833821614586	NA	0	1	0.996005996001	1.0000000000000036e-12	66.95061728395062	LI2	LI
395031	405030	400030.5	80	35.908833821614586	NA	0	1	0.996005996001	1.0000000000000036e-12	66.9625	LI2	LI
400031	410030	405030.5	99	NA	NA	0	1	0.996005996001	1.0000000000000036e-12	67.62626262626263	LI2	LI
405031	415030	410030.5	87	38.96219276285844	0.07629723247497461	0	1	0.996005996001	1.0000000000000036e-12	66.63218390804597	LI2	LI
410031	420030	415030.5	67	54.43905119192485	0.07629723247497461	0	1	0.996005996001	1.0000000000000036e-12	65.61194029850746	LI2	LI
415031	425030	420030.5	78	69.91590962099126	NA	0	1	0.996005996001	1.0000000000000036e-12	66.64102564102564	LI2	LI
420031	430030	425030.5	91	NA	NA	0	1	0.996005996001	1.0000000000000036e-12	67.02197802197803	LI2	LI
425031	435030	430030.5	96	NA	NA	0	1	0.996005996001	1.0000000000000036e-12	67.125	LI2	LI
430031	440030	435030.5	96	68.97847033871217	NA	0	1	0.996005996001	1.0000000000000036e-12	67.3125	LI2	LI
435031	445030	440030.5	93	68.97847033871217	10.335104224449807	0	1	0.996005996001	1.0000000000000036e-12	67.05376344086021	LI2	LI
440031	450030	445030.5	80	387.40188243132206	5.233528501218918	0	1	0.996005996001	1.0000000000000036e-12	67.1875	LI2	LI
445031	455030	450030.5	75	387.40188243132206	0.13195277798802776	0	1	0.996005996001	1.0000000000000036e-12	67.41333333333333	LI2	LI
450031	460030	455030.5	96	NA	NA	0	1	0.996005996001	1.0000000000000036e-12	67.41666666666667	LI2	LI
455031	465030	460030.5	93	NA	NA	0	1	0.996005996001	1.0000000000000036e-12	67.7741935483871	LI2	LI
460031	470030	465030.5	97	NA	NA	0	1	0.996005996001	1.0000000000000036e-12	67.50515463917526	LI2	LI
465031	475030	470030.5	85	68.9465925020319	NA	0	1	0.996005996001	1.0000000000000036e-12	67.4	LI2	LI
470031	480030	475030.5	61	68.97847033871217	10.90384615384615	0	1	0.996005996001	1.0000000000000036e-12	67.93442622950819	LI2	LI
475031	485030	480030.5	77	67.45377965253363	10.90384615384615	0	1	0.996005996001	1.0000000000000036e-12	68.2987012987013	LI2	LI
480031	490030	485030.5	54	64.73067942936453	NA	0	1	0.996005996001	1.0000000000000036e-12	68.16666666666667	LI2	LI
485031	495030	490030.5	40	69.97877496355686	NA	0	1	0.996005996001	1.0000000000000036e-12	67.6	LI2	LI
490031	500030	495030.5	54	69.97877496355686	NA	0	1	0.996005996001	1.0000000000000036e-12	67.81481481481481	LI2	LI
495031	505030	500030.5	65	NA	NA	0	1	0.996005996001	1.0000000000000036e-12	67.3076923076923	LI2	LI
500031	510030	505030.5	74	NA	NA	0	1	0.996005996001	1.0000000000000036e-12	66.67567567567568	LI2	LI
505031	515030	510030.5	83	64.9771590805644	NA	0	1	0.996005996001	1.0000000000000036e-12	66.34939759036145	LI2	LI
510031	520030	515030.5	77	64.9771590805644	3.6813877502998933	0	1	0.996005996001	1.0000000000000036e-12	67.01298701298701	LI2	LI
515031	525030	520030.5	59	67.97815684313302	3.6813877502998933	0	1	0.996005996001	1.0000000000000036e-12	68.37288135593221	LI2	LI
520031	530030	525030.5	71	67.97815684313302	NA	0	1	0.996005996001	1.0000000000000036e-12	67.92957746478874	LI2	LI
525031	535030	530030.5	76	27.39715576171875	0	0	1	0.996005996001	1.0000000000000036e-12	67.09210526315789	LI2	LI
530031	540030	535030.5	72	41.60653250522188	2.0610720587433008e-6	0	1	0.996005996001	1.0000000000000036e-12	66.91666666666667	LI2	LI
535031	545030	540030.5	82	55.815909248725	4.1221441174866015e-6	0	1	0.996005996001	1.0000000000000036e-12	67.2560975609756	LI2	LI
540031	550030	545030.5	97	NA	NA	0	1	0.996005996001	1.0000000000000036e-12	67.24742268041237	LI2	LI
545031	555030	550030.5	95	48.05142788137894	0	0	1	0.996005996001	1.0000000000000036e-12	66.51578947368421	LI2	LI
550031	560030	555030.5	63	48.05142788137894	0	0	1	0.996005996001	1.0000000000000036e-12	66.46031746031746	LI2	LI
555031	565030	560030.5	46	66.97783408364727	NA	0	1	0.996005996001	1.0000000000000036e-12	67.3695652173913	LI2	LI
560031	570030	565030.5	73	67.97815221117972	NA	0	1	0.996005996001	1.0000000000000036e-12	67.06849315068493	LI2	LI
565031	575030	570030.5	109	34.7447271319242	0	0	1	0.996005996001	1.0000000000000036e-12	66.22018348623853	LI2	LI
570031	580030	575030.5	102	34.7447271319242	0	0	1	0.996005996001	1.0000000000000036e-12	65.36274509803921	LI2	LI
575031	585030	580030.5	67	60.47527918388429	NA	0	1	0.996005996001	1.0000000000000036e-12	65.4776119402985	LI2	LI
580031	590030	585030.5	70	54.973056724267465	NA	0	1	0.996005996001	1.0000000000000036e-12	67.04285714285714	LI2	LI
585031	595030	590030.5	79	NA	NA	0	1	0.996005996001	1.0000000000000036e-12	67.44303797468355	LI2	LI
590031	600030	595030.5	71	NA	NA	0	1	0.996005996001	1.0000000000000036e-12	67.32394366197182	LI2	LI
595031	605030	600030.5	86	NA	NA	0	1	0.996005996001	1.0000000000000036e-12	67.27906976744185	LI2	LI
600031	610030	605030.5	114	50.41196243713867	3.6398539683839985e-6	0	1	0.996005996001	1.0000000000000036e-12	66.71929824561404	LI2	LI
605031	615030	610030.5	118	50.41196243713867	3.6398539683839985e-6	0	1	0.996005996001	1.0000000000000036e-12	67.30508474576271	LI2	LI
610031	620030	615030.5	107	NA	NA	0	1	0.996005996001	1.0000000000000036e-12	67.8785046728972	LI2	LI
615031	625030	620030.5	100	NA	NA	0	1	0.996005996001	1.0000000000000036e-12	67.78	LI2	LI
620031	630030	625030.5	101	NA	NA	0	1	0.996005996001	1.0000000000000036e-12	68.10891089108911	LI2	LI
625031	635030	630030.5	112	NA	NA	0	1	0.996005996001	1.0000000000000036e-12	67.67857142857143	LI2	LI
630031	640030	635030.5	79	69.97877496355686	NA	0	1	0.996005996001	1.0000000000000036e-12	67.53164556962025	LI2	LI
635031	645030	640030.5	41	69.97877496355686	NA	0	1	0.996005996001	1.0000000000000036e-12	67.6829268292683	LI2	LI
640031	650030	645030.5	57	NA	NA	0	1	0.996005996001	1.0000000000000036e-12	67.63157894736842	LI2	LI
645031	655030	650030.5	63	NA	NA	0	1	0.996005996001	1.0000000000000036e-12	68.01587301587301	LI2	LI
650031	660030	655030.5	64	68.97847033871217	NA	0	1	0.996005996001	1.0000000000000036e-12	67.109375	LI2	LI
655031	665030	660030.5	63	65.11074474833791	1133096.3134765595	0	1	0.996005996001	1.0000000000000036e-12	67.04761904761905	LI2	LI
660031	670030	665030.5	53	61.24301915796366	1133096.3134765595	0	1	0.996005996001	1.0000000000000036e-12	67.22641509433963	LI2	LI
665031	675030	670030.5	35	NA	NA	0	1	0.996005996001	1.0000000000000036e-12	66.82857142857142	LI2	LI
670031	680030	675030.5	11	NA	NA	0	1	0.996005996001	1.0000000000000036e-12	56.72727272727273	LI2	LI
675031	685030	680030.5	9	NA	NA	0	1	0.996005996001	1.0000000000000036e-12	4.333333333333333	LI2	LI
680031	690030	685030.5	7	NA	NA	0	1	0.996005996001	1.0000000000000036e-12	4.571428571428571	LI2	LI
685031	695030	690030.5	0	NA	NA	NA	NA	NA	NA	NA	LI2	LI
690031	700030	695030.5	0	NA	NA	NA	NA	NA	NA	NA	LI2	LI
695031	705030	700030.5	0	NA	NA	NA	NA	NA	NA	NA	LI2	LI
700031	710030	705030.5	16	NA	NA	0	1	0.996005996001	1.0000000000000036e-12	62.8125	LI2	LI
705031	715030	710030.5	62	51.1356699420805	5.003513569638696e-4	0	1	0.996005996001	1.0000000000000036e-12	65.51612903225806	LI2	LI
710031	720030	715030.5	107	57.03080687124063	5.003513569638696e-4	0	1	0.996005996001	1.0000000000000036e-12	66.6822429906542	LI2	LI
715031	725030	720030.5	99	61.950810777683515	NA	0	1	0.996005996001	1.0000000000000036e-12	66.82828282828282	LI2	LI
720031	730030	725030.5	77	62.853178592165406	NA	0	1	0.996005996001	1.0000000000000036e-12	67.03896103896103	LI2	LI
725031	735030	730030.5	74	64.73067942936453	NA	0	1	0.996005996001	1.0000000000000036e-12	67.48648648648648	LI2	LI
730031	740030	735030.5	66	62.663175606456406	NA	0	1	0.996005996001	1.0000000000000036e-12	67.16666666666667	LI2	LI
735031	745030	740030.5	71	62.663175606456406	NA	0	1	0.996005996001	1.0000000000000036e-12	66.71830985915493	LI2	LI
740031	750030	745030.5	77	NA	NA	0	1	0.996005996001	1.0000000000000036e-12	66.6103896103896	LI2	LI
745031	755030	750030.5	72	NA	NA	0	1	0.996005996001	1.0000000000000036e-12	66.83333333333333	LI2	LI
750031	760030	755030.5	75	NA	NA	0	1	0.996005996001	1.0000000000000036e-12	67.02666666666667	LI2	LI
755031	765030	760030.5	93	66.97783408364727	NA	0	1	0.996005996001	1.0000000000000036e-12	66.58064516129032	LI2	LI
760031	770030	765030.5	92	66.97783408364727	NA	0	1	0.996005996001	1.0000000000000036e-12	66.68478260869566	LI2	LI
765031	775030	770030.5	102	NA	NA	0	1	0.996005996001	1.0000000000000036e-12	66.8921568627451	LI2	LI
770031	780030	775030.5	98	NA	NA	0	1	0.996005996001	1.0000000000000036e-12	66.8061224489796	LI2	LI
775031	785030	780030.5	58	NA	NA	0	1	0.996005996001	1.0000000000000036e-12	67.25862068965517	LI2	LI
780031	790030	785030.5	70	NA	NA	0	1	0.996005996001	1.0000000000000036e-12	68.02857142857142	LI2	LI
785031	795030	790030.5	87	NA	NA	0	1	0.996005996001	1.0000000000000036e-12	67	LI2	LI
790031	800030	795030.5	67	NA	NA	0	1	0.996005996001	1.0000000000000036e-12	66.4776119402985	LI2	LI
795031	805030	800030.5	70	69.97877496355686	NA	0	1	0.996005996001	1.0000000000000036e-12	66.95714285714286	LI2	LI
800031	810030	805030.5	66	69.97877496355686	NA	0	1	0.996005996001	1.0000000000000036e-12	67.04545454545455	LI2	LI
805031	815030	810030.5	34	NA	NA	0	1	0.996005996001	1.0000000000000036e-12	63.94117647058823	LI2	LI
810031	820030	815030.5	91	NA	NA	0	1	0.996005996001	1.0000000000000036e-12	62.97802197802198	LI2	LI
815031	825030	820030.5	109	NA	NA	0	1	0.996005996001	1.0000000000000036e-12	64.8348623853211	LI2	LI
820031	830030	825030.5	62	67.93104167062384	NA	0	1	0.996005996001	1.0000000000000036e-12	66.69354838709677	LI2	LI
825031	835030	830030.5	77	67.93104167062384	NA	0	1	0.996005996001	1.0000000000000036e-12	66.92207792207792	LI2	LI
830031	840030	835030.5	78	NA	NA	0	1	0.996005996001	1.0000000000000036e-12	67.37179487179488	LI2	LI
835031	845030	840030.5	84	NA	NA	0	1	0.996005996001	1.0000000000000036e-12	66.61904761904762	LI2	LI
840031	850030	845030.5	91	NA	NA	0	1	0.996005996001	1.0000000000000036e-12	66.86813186813187	LI2	LI
845031	855030	850030.5	85	NA	NA	0	1	0.996005996001	1.0000000000000036e-12	67.5764705882353	LI2	LI
850031	860030	855030.5	94	48.463807038976	NA	0	1	0.996005996001	1.0000000000000036e-12	66.53191489361703	LI2	LI
855031	865030	860030.5	107	48.463807038976	NA	0	1	0.996005996001	1.0000000000000036e-12	66.67289719626169	LI2	LI
860031	870030	865030.5	118	64.9771590805644	NA	0	1	0.996005996001	1.0000000000000036e-12	66.94067796610169	LI2	LI
865031	875030	870030.5	131	67.47796702206062	NA	0	1	0.996005996001	1.0000000000000036e-12	66.40458015267176	LI2	LI
870031	880030	875030.5	100	564.5300603434457	24.00626929012347	0	1	0.996005996001	1.0000000000000036e-12	66.42	LI2	LI
875031	885030	880030.5	50	68.47830452360206	12.003140693152272	0	1	0.996005996001	1.0000000000000036e-12	63.74	LI2	LI
880031	890030	885030.5	29	66.4776678635742	1.2096181072135275e-5	0	1	0.996005996001	1.0000000000000036e-12	50.96551724137931	LI2	LI
885031	895030	890030.5	44	67.47798599110664	NA	0	1	0.996005996001	1.0000000000000036e-12	60.18181818181818	LI2	LI
890031	900030	895030.5	66	68.97847033871217	NA	0	1	0.996005996001	1.0000000000000036e-12	61.92424242424242	LI2	LI
895031	905030	900030.5	39	NA	NA	0	1	0.996005996001	1.0000000000000036e-12	49.58974358974359	LI2	LI
900031	910030	905030.5	26	59.34084418470399	NA	0	1	0.996005996001	1.0000000000000036e-12	36.34615384615385	LI2	LI
905031	915030	910030.5	55	59.787675595636955	1.6271345085315238e-6	0	1	0.996005996001	1.0000000000000036e-12	58.654545454545456	LI2	LI
910031	920030	915030.5	86	443.2824181316011	8.135672542657619e-7	0	1	0.996005996001	1.0000000000000036e-12	66.25581395348837	LI2	LI
915031	925030	920030.5	88	442.6156593943041	6.552487191161694e-6	0	1	0.996005996001	1.0000000000000036e-12	66.68181818181819	LI2	LI
920031	930030	925030.5	107	58.90098953197592	1.3104974382323387e-5	0	1	0.996005996001	1.0000000000000036e-12	67.29906542056075	LI2	LI
925031	935030	930030.5	119	NA	NA	0	1	0.996005996001	1.0000000000000036e-12	66.94117647058823	LI2	LI
930031	940030	935030.5	94	69.97877496355686	NA	0	1	0.996005996001	1.0000000000000036e-12	67.43617021276596	LI2	LI
935031	945030	940030.5	97	69.97877496355686	NA	0	1	0.996005996001	1.0000000000000036e-12	67.70103092783505	LI2	LI
940031	950030	945030.5	99	68.97847033871217	NA	0	1	0.996005996001	1.0000000000000036e-12	67.21212121212122	LI2	LI
945031	955030	950030.5	71	51.968212574603896	NA	0	1	0.996005996001	1.0000000000000036e-12	65.91549295774648	LI2	LI
950031	960030	955030.5	73	63.92702267601813	NA	0	1	0.996005996001	1.0000000000000036e-12	64.23287671232876	LI2	LI
955031	965030	960030.5	66	64.91896984873617	NA	0	1	0.996005996001	1.0000000000000036e-12	63.93939393939394	LI2	LI
960031	970030	965030.5	62	NA	NA	0	1	0.996005996001	1.0000000000000036e-12	65.35483870967742	LI2	LI
965031	975030	970030.5	57	NA	NA	0	1	0.996005996001	1.0000000000000036e-12	63.8421052631579	LI2	LI
970031	980030	975030.5	53	NA	NA	0	1	0.996005996001	1.0000000000000036e-12	65.41509433962264	LI2	LI
975031	985030	980030.5	81	51.97152233514451	NA	0	1	0.996005996001	1.0000000000000036e-12	67.9753086419753	LI2	LI
980031	990030	985030.5	65	51.97152233514451	NA	0	1	0.996005996001	1.0000000000000036e-12	67.01538461538462	LI2	LI
985031	995030	990030.5	67	NA	NA	0	1	0.996005996001	1.0000000000000036e-12	66.92537313432835	LI2	LI
990031	1000030	995030.5	78	NA	NA	0	1	0.996005996001	1.0000000000000036e-12	66.15384615384616	LI2	LI
995031	1005030	1000030.5	84	64.44499578753693	NA	0	1	0.996005996001	1.0000000000000036e-12	65.75	LI2	LI
1000031	1010030	1005030.5	112	64.44499578753693	NA	0	1	0.996005996001	1.0000000000000036e-12	67.23214285714286	LI2	LI
1005031	1015030	1010030.5	116	NA	NA	0	1	0.996005996001	1.0000000000000036e-12	67.77586206896552	LI2	LI
1010031	1020030	1015030.5	123	NA	NA	0	1	0.996005996001	1.0000000000000036e-12	67.79674796747967	LI2	LI
1015031	1025030	1020030.5	92	NA	NA	0	1	0.996005996001	1.0000000000000036e-12	67.3804347826087	LI2	LI
1020031	1030030	1025030.5	59	210.39430023156456	1.1494572585535103	0	1	0.996005996001	1.0000000000000036e-12	66.49152542372882	LI2	LI
1025031	1035030	1030030.5	64	210.39430023156456	1.1494572585535103	0	1	0.996005996001	1.0000000000000036e-12	61.109375	LI2	LI
1030031	1040030	1035030.5	108	65.56819555596209	1.1073447538462727e-7	0	1	0.996005996001	1.0000000000000036e-12	63.68518518518518	LI2	LI
1035031	1045030	1040030.5	134	65.56819555596209	1.1073447538462727e-7	0	1	0.996005996001	1.0000000000000036e-12	66.8955223880597	LI2	LI
1040031	1050030	1045030.5	133	403.3973605204217	0.19067404879495095	0	1	0.996005996001	1.0000000000000036e-12	67.02255639097744	LI2	LI
1045031	1055030	1050030.5	122	403.3973605204217	0.19067404879495095	0	1	0.996005996001	1.0000000000000036e-12	67.51639344262296	LI2	LI
1050031	1060030	1055030.5	95	NA	NA	0	1	0.996005996001	1.0000000000000036e-12	67.2	LI2	LI
1055031	1065030	1060030.5	94	66.93007892441521	NA	0	1	0.996005996001	1.0000000000000036e-12	66.94680851063829	LI2	LI
1060031	1070030	1065030.5	71	66.93007892441521	NA	0	1	0.996005996001	1.0000000000000036e-12	67.3943661971831	LI2	LI
1065031	1075030	1070030.5	68	NA	NA	0	1	0.996005996001	1.0000000000000036e-12	67.48529411764706	LI2	LI
1070031	1080030	1075030.5	102	64.91882275175644	NA	0	1	0.996005996001	1.0000000000000036e-12	67.07843137254902	LI2	LI
1075031	1085030	1080030.5	109	64.91882275175644	NA	0	1	0.996005996001	1.0000000000000036e-12	66.77064220183486	LI2	LI
1080031	1090030	1085030.5	98	NA	NA	0	1	0.996005996001	1.0000000000000036e-12	66.73469387755102	LI2	LI
1085031	1095030	1090030.5	110	69.95247172239432	NA	0	1	0.996005996001	1.0000000000000036e-12	67.30909090909091	LI2	LI
1090031	1100030	1095030.5	102	69.95247172239432	NA	0	1	0.996005996001	1.0000000000000036e-12	67.52941176470588	LI2	LI
1095031	1105030	1100030.5	94	NA	NA	0	1	0.996005996001	1.0000000000000036e-12	67.29787234042553	LI2	LI
1100031	1110030	1105030.5	95	69.97877496355686	NA	0	1	0.996005996001	1.0000000000000036e-12	67.48421052631579	LI2	LI
1105031	1115030	1110030.5	79	69.94734229227406	NA	0	1	0.996005996001	1.0000000000000036e-12	67.78481012658227	LI2	LI
1110031	1120030	1115030.5	94	69.91590962099126	NA	0	1	0.996005996001	1.0000000000000036e-12	67.6063829787234	LI2	LI
1115031	1125030	1120030.5	97	NA	NA	0	1	0.996005996001	1.0000000000000036e-12	67.72164948453609	LI2	LI
1120031	1130030	1125030.5	114	NA	NA	0	1	0.996005996001	1.0000000000000036e-12	67.78070175438596	LI2	LI
1125031	1135030	1130030.5	161	62.41783693196341	NA	0	1	0.996005996001	1.0000000000000036e-12	67.36645962732919	LI2	LI
1130031	1140030	1135030.5	147	63.697498006263906	NA	0	1	0.996005996001	1.0000000000000036e-12	67.59863945578232	LI2	LI
1135031	1145030	1140030.5	120	157.20999853406852	0.27230871794959766	0	1	0.996005996001	1.0000000000000036e-12	67.93333333333334	LI2	LI
1140031	1150030	1145030.5	107	249.44283798757263	0.27230871794959766	0	1	0.996005996001	1.0000000000000036e-12	67.46728971962617	LI2	LI
1145031	1155030	1150030.5	98	NA	NA	0	1	0.996005996001	1.0000000000000036e-12	63.285714285714285	LI2	LI
1150031	1160030	1155030.5	97	69.91590962099126	NA	0	1	0.996005996001	1.0000000000000036e-12	63.50515463917526	LI2	LI
1155031	1165030	1160030.5	98	68.60607305887433	NA	0	1	0.996005996001	1.0000000000000036e-12	67.79591836734694	LI2	LI
1160031	1170030	1165030.5	109	67.29623649675739	NA	0	1	0.996005996001	1.0000000000000036e-12	67.70642201834862	LI2	LI
1165031	1175030	1170030.5	123	68.97847033871217	NA	0	1	0.996005996001	1.0000000000000036e-12	67.51219512195122	LI2	LI
1170031	1180030	1175030.5	108	68.97847033871217	NA	0	1	0.996005996001	1.0000000000000036e-12	67.64814814814815	LI2	LI
1175031	1185030	1180030.5	85	32.0663090357062	1.2504564165920536e-6	0	1	0.996005996001	1.0000000000000036e-12	55.96470588235294	LI2	LI
1180031	1190030	1185030.5	59	34.01270497760104	1.2504564165920536e-6	0	1	0.996005996001	1.0000000000000036e-12	41.69491525423729	LI2	LI
1185031	1195030	1190030.5	62	68.97847033871217	1.4659096820316084	0	1	0.996005996001	1.0000000000000036e-12	45.04838709677419	LI2	LI
1190031	1200030	1195030.5	90	68.97847033871217	1.4659096820316084	0	1	0.996005996001	1.0000000000000036e-12	58.1	LI2	LI
1195031	1205030	1200030.5	110	68.94613011611591	NA	0	1	0.996005996001	1.0000000000000036e-12	67.75454545454545	LI2	LI
1200031	1210030	1205030.5	132	68.97847033871217	NA	0	1	0.996005996001	1.0000000000000036e-12	67.43939393939394	LI2	LI
1205031	1215030	1210030.5	113	68.4783135909226	NA	0	1	0.996005996001	1.0000000000000036e-12	67.39823008849558	LI2	LI
1210031	1220030	1215030.5	72	34.61278927635155	0	0	1	0.996005996001	1.0000000000000036e-12	66.48611111111111	LI2	LI
1215031	1225030	1220030.5	81	35.877318833590536	0	0	1	0.996005996001	1.0000000000000036e-12	66.69135802469135	LI2	LI
1220031	1230030	1225030.5	103	224.01952991217775	0.5897815632375402	0	1	0.996005996001	1.0000000000000036e-12	67.40776699029126	LI2	LI
1225031	1235030	1230030.5	89	NA	NA	0	1	0.996005996001	1.0000000000000036e-12	67.4494382022472	LI2	LI
1230031	1240030	1235030.5	89	NA	NA	0	1	0.996005996001	1.0000000000000036e-12	67.56179775280899	LI2	LI
1235031	1245030	1240030.5	111	NA	NA	0	1	0.996005996001	1.0000000000000036e-12	66.88288288288288	LI2	LI
1240031	1250030	1245030.5	128	69.97877496355686	NA	0	1	0.996005996001	1.0000000000000036e-12	66.96875	LI2	LI
1245031	1255030	1250030.5	121	69.97877496355686	NA	0	1	0.996005996001	1.0000000000000036e-12	67.43801652892562	LI2	LI
1250031	1260030	1255030.5	131	63.727031345538	NA	0	1	0.996005996001	1.0000000000000036e-12	67.53435114503817	LI2	LI
1255031	1265030	1260030.5	110	47.336825189675736	0	0	1	0.996005996001	1.0000000000000036e-12	67.57272727272728	LI2	LI
1260031	1270030	1265030.5	110	30.946619033813477	0	0	1	0.996005996001	1.0000000000000036e-12	67.26363636363637	LI2	LI
1265031	1275030	1270030.5	144	NA	NA	0	1	0.996005996001	1.0000000000000036e-12	67.42361111111111	LI2	LI
1270031	1280030	1275030.5	138	NA	NA	0	1	0.996005996001	1.0000000000000036e-12	67.46376811594203	LI2	LI
1275031	1285030	1280030.5	134	NA	NA	0	1	0.996005996001	1.0000000000000036e-12	67.25373134328358	LI2	LI
1280031	1290030	1285030.5	100	68.97847033871217	NA	0	1	0.996005996001	1.0000000000000036e-12	67.58	LI2	LI
1285031	1295030	1290030.5	82	68.97847033871217	NA	0	1	0.996005996001	1.0000000000000036e-12	67.9390243902439	LI2	LI
1290031	1300030	1295030.5	104	68.97847033871217	NA	0	1	0.996005996001	1.0000000000000036e-12	67.41346153846153	LI2	LI
1295031	1305030	1300030.5	99	44.96715843621399	NA	0	1	0.996005996001	1.0000000000000036e-12	66.97979797979798	LI2	LI
1300031	1310030	1305030.5	83	44.96715843621399	NA	0	1	0.996005996001	1.0000000000000036e-12	67.42168674698796	LI2	LI
1305031	1315030	1310030.5	71	NA	NA	0	1	0.996005996001	1.0000000000000036e-12	68.09859154929578	LI2	LI
1310031	1320030	1315030.5	66	145.74106505190068	0.624295076969974	0	1	0.996005996001	1.0000000000000036e-12	68.10606060606061	LI2	LI
1315031	1325030	1320030.5	94	145.74106505190068	0.624295076969974	0	1	0.996005996001	1.0000000000000036e-12	67.40425531914893	LI2	LI
1320031	1330030	1325030.5	105	NA	NA	0	1	0.996005996001	1.0000000000000036e-12	67.4	LI2	LI
1325031	1335030	1330030.5	93	135.1351168265258	0.6385988502505859	0	1	0.996005996001	1.0000000000000036e-12	67.24731182795699	LI2	LI
1330031	1340030	1335030.5	79	67.97815684313302	0.6385988502505859	0	1	0.996005996001	1.0000000000000036e-12	66.54430379746836	LI2	LI
1335031	1345030	1340030.5	93	62.71495763483966	0	0	1	0.996005996001	1.0000000000000036e-12	66.05376344086021	LI2	LI
1340031	1350030	1345030.5	102	65.84671398677591	0	0	1	0.996005996001	1.0000000000000036e-12	66.6470588235294	LI2	LI
1345031	1355030	1350030.5	68	67.97815684313302	NA	0	1	0.996005996001	1.0000000000000036e-12	67.54411764705883	LI2	LI
1350031	1360030	1355030.5	55	67.97815684313302	NA	0	1	0.996005996001	1.0000000000000036e-12	67.89090909090909	LI2	LI
1355031	1365030	1360030.5	79	NA	NA	0	1	0.996005996001	1.0000000000000036e-12	66.92405063291139	LI2	LI
1360031	1370030	1365030.5	72	NA	NA	0	1	0.996005996001	1.0000000000000036e-12	66.75	LI2	LI
1365031	1375030	1370030.5	54	NA	NA	0	1	0.996005996001	1.0000000000000036e-12	68.33333333333333	LI2	LI
1370031	1380030	1375030.5	77	68.97847033871217	NA	0	1	0.996005996001	1.0000000000000036e-12	66.55844155844156	LI2	LI
1375031	1385030	1380030.5	104	68.97847033871217	NA	0	1	0.996005996001	1.0000000000000036e-12	66.17307692307692	LI2	LI
1380031	1390030	1385030.5	105	65.29515827862018	NA	0	1	0.996005996001	1.0000000000000036e-12	66.84761904761905	LI2	LI
1385031	1395030	1390030.5	101	68.95179295173419	0.9224923752530063	0	1	0.996005996001	1.0000000000000036e-12	67.39603960396039	LI2	LI
1390031	1400030	1395030.5	109	68.95179295173419	0.9224923752530063	0	1	0.996005996001	1.0000000000000036e-12	67.81651376146789	LI2	LI
1395031	1405030	1400030.5	96	66.97783408364727	NA	0	1	0.996005996001	1.0000000000000036e-12	67.83333333333333	LI2	LI
1400031	1410030	1405030.5	83	NA	NA	0	1	0.996005996001	1.0000000000000036e-12	67.40963855421687	LI2	LI
1405031	1415030	1410030.5	82	NA	NA	0	1	0.996005996001	1.0000000000000036e-12	67.02439024390245	LI2	LI
1410031	1420030	1415030.5	101	68.91471466535162	NA	0	1	0.996005996001	1.0000000000000036e-12	67.57425742574257	LI2	LI
1415031	1425030	1420030.5	119	68.91471466535162	NA	0	1	0.996005996001	1.0000000000000036e-12	67.70588235294117	LI2	LI
1420031	1430030	1425030.5	115	NA	NA	0	1	0.996005996001	1.0000000000000036e-12	67.24347826086957	LI2	LI
1425031	1435030	1430030.5	94	NA	NA	0	1	0.996005996001	1.0000000000000036e-12	67.20212765957447	LI2	LI
1430031	1440030	1435030.5	73	68.4783135909226	NA	0	1	0.996005996001	1.0000000000000036e-12	67.43835616438356	LI2	LI
1435031	1445030	1440030.5	73	68.97847033871217	0.7474339112353486	0	1	0.996005996001	1.0000000000000036e-12	67.41095890410959	LI2	LI
1440031	1450030	1445030.5	59	132.25692564093603	0.7474339112353486	0	1	0.996005996001	1.0000000000000036e-12	67.35593220338983	LI2	LI
1445031	1455030	1450030.5	61	69.95247172239432	NA	0	1	0.996005996001	1.0000000000000036e-12	67.29508196721312	LI2	LI
1450031	1460030	1455030.5	88	28.69500290217926	0	0	1	0.996005996001	1.0000000000000036e-12	67.38636363636364	LI2	LI
1455031	1465030	1460030.5	106	28.69500290217926	0	0	1	0.996005996001	1.0000000000000036e-12	67.29245283018868	LI2	LI
1460031	1470030	1465030.5	86	NA	NA	0	1	0.996005996001	1.0000000000000036e-12	67.26744186046511	LI2	LI
1465031	1475030	1470030.5	74	69.97877496355686	NA	0	1	0.996005996001	1.0000000000000036e-12	67.48648648648648	LI2	LI
1470031	1480030	1475030.5	78	69.47862265113451	NA	0	1	0.996005996001	1.0000000000000036e-12	67.41025641025641	LI2	LI
1475031	1485030	1480030.5	78	68.97847033871217	NA	0	1	0.996005996001	1.0000000000000036e-12	66.35897435897436	LI2	LI
1480031	1490030	1485030.5	85	NA	NA	0	1	0.996005996001	1.0000000000000036e-12	66.58823529411765	LI2	LI
1485031	1495030	1490030.5	73	69.97877496355686	NA	0	1	0.996005996001	1.0000000000000036e-12	67.26027397260275	LI2	LI
1490031	1500030	1495030.5	77	59.47428880903153	NA	0	1	0.996005996001	1.0000000000000036e-12	66.94805194805195	LI2	LI
1495031	1505030	1500030.5	75	59.47428880903153	NA	0	1	0.996005996001	1.0000000000000036e-12	67.48	LI2	LI
1500031	1510030	1505030.5	60	69.97877496355686	NA	0	1	0.996005996001	1.0000000000000036e-12	68.21666666666667	LI2	LI
1505031	1515030	1510030.5	66	57.683808387132444	1.7759627521795332e-4	0	1	0.996005996001	1.0000000000000036e-12	67.96969696969697	LI2	LI
1510031	1520030	1515030.5	70	57.683808387132444	1.7759627521795332e-4	0	1	0.996005996001	1.0000000000000036e-12	67.6	LI2	LI
1515031	1525030	1520030.5	68	NA	NA	0	1	0.996005996001	1.0000000000000036e-12	66.25	LI2	LI
31	10030	5030.5	140	13.815014719615526	0	0	1	0.996005996001	1.0000000000000036e-12	12.892857142857142	LI3	LI
5031	15030	10030.5	118	9.844695961228833	0	0	1	0.996005996001	1.0000000000000036e-12	14.135593220338983	LI3	LI
10031	20030	15030.5	124	9.844695961228833	0	0	1	0.996005996001	1.0000000000000036e-12	14.258064516129032	LI3	LI
15031	25030	20030.5	89	11.213793944483633	NA	0	1	0.996005996001	1.0000000000000036e-12	14.853932584269662	LI3	LI
20031	30030	25030.5	77	11.707226670898145	NA	0	1	0.996005996001	1.0000000000000036e-12	14.935064935064934	LI3	LI
25031	35030	30030.5	108	13.81345478735712	NA	0	1	0.996005996001	1.0000000000000036e-12	14.87962962962963	LI3	LI
30031	40030	35030.5	117	12.722520685825351	NA	0	1	0.996005996001	1.0000000000000036e-12	14.88888888888889	LI3	LI
35031	45030	40030.5	78	NA	NA	0	1	0.996005996001	1.0000000000000036e-12	14.76923076923077	LI3	LI
40031	50030	45030.5	80	10.508149148261914	0.17353880327641286	0	1	0.996005996001	1.0000000000000036e-12	14.575	LI3	LI
45031	55030	50030.5	108	12.722520685825351	0.17353880327641286	0	1	0.996005996001	1.0000000000000036e-12	14.805555555555555	LI3	LI
50031	60030	55030.5	110	12.722520685825351	0	0	1	0.996005996001	1.0000000000000036e-12	14.645454545454545	LI3	LI
55031	65030	60030.5	97	11.208910733537675	0	0	1	0.996005996001	1.0000000000000036e-12	14.43298969072165	LI3	LI
60031	70030	65030.5	96	NA	NA	0	1	0.996005996001	1.0000000000000036e-12	14.697916666666666	LI3	LI
65031	75030	70030.5	122	13.73642622010031	NA	0	1	0.996005996001	1.0000000000000036e-12	14.901639344262295	LI3	LI
70031	80030	75030.5	123	11.896634985050156	NA	0	1	0.996005996001	1.0000000000000036e-12	15.08130081300813	LI3	LI
75031	85030	80030.5	90	10.05684375	NA	0	1	0.996005996001	1.0000000000000036e-12	15.1	LI3	LI
80031	90030	85030.5	86	11.095484996271484	2.955267200000002	0	1	0.996005996001	1.0000000000000036e-12	14.976744186046512	LI3	LI
85031	95030	90030.5	106	11.927703986813485	2.955267200000002	0	1	0.996005996001	1.0000000000000036e-12	14.377358490566039	LI3	LI
90031	100030	95030.5	129	12.759922977355487	NA	0	1	0.996005996001	1.0000000000000036e-12	14.054263565891473	LI3	LI
95031	105030	100030.5	164	11.344672525471799	42.666666666666636	0	1	0.996005996001	1.0000000000000036e-12	14.262195121951219	LI3	LI
100031	110030	105030.5	134	5.770775043402777	31.1747355002157	0	1	0.996005996001	1.0000000000000036e-12	14.5	LI3	LI
105031	115030	110030.5	88	6.303939521733774	35.42217061676115	0	1	0.996005996001	1.0000000000000036e-12	14.931818181818182	LI3	LI
110031	120030	115030.5	99	7.570497523311037	136.44476638609854	0	1	0.996005996001	1.0000000000000036e-12	15.141414141414142	LI3	LI
115031	125030	120030.5	99	8.02533696607895	136.44476638609854	0	1	0.996005996001	1.0000000000000036e-12	15.080808080808081	LI3	LI
120031	130030	125030.5	67	9.654384350168122	618.3407881376702	0	1	0.996005996001	1.0000000000000036e-12	14.895522388059701	LI3	LI
125031	135030	130030.5	88	9.539312622196476	297	0	1	0.996005996001	1.0000000000000036e-12	14.943181818181818	LI3	LI
130031	140030	135030.5	118	8.455075976975458	297	0	1	0.996005996001	1.0000000000000036e-12	14.61864406779661	LI3	LI
135031	145030	140030.5	96	8.450626929012346	283.5	0	1	0.996005996001	1.0000000000000036e-12	14.479166666666666	LI3	LI
140031	150030	145030.5	138	8.8011452134606	903.7654320987651	0	1	0.996005996001	1.0000000000000036e-12	14.76086956521739	LI3	LI
145031	155030	150030.5	214	10.762677830722106	921.7235041870528	0	1	0.996005996001	1.0000000000000036e-12	14.551401869158878	LI3	LI
150031	160030	155030.5	199	12.253590127090952	1.9290123456790123	0	1	0.996005996001	1.0000000000000036e-12	14.698492462311558	LI3	LI
155031	165030	160030.5	131	10.366463928197724	1509.6975308641972	0	1	0.996005996001	1.0000000000000036e-12	15.145038167938932	LI3	LI
160031	170030	165030.5	95	13.73642622010031	NA	0	1	0.996005996001	1.0000000000000036e-12	14.8	LI3	LI
165031	175030	170030.5	87	15.910110473632812	NA	0	1	0.996005996001	1.0000000000000036e-12	14.39080459770115	LI3	LI
170031	180030	175030.5	81	10.616196119458243	121.75072886297384	0	1	0.996005996001	1.0000000000000036e-12	14.592592592592593	LI3	LI
175031	185030	180030.5	94	8.179162245472897	124.64511320506212	0	1	0.996005996001	1.0000000000000036e-12	14.457446808510639	LI3	LI
180031	190030	185030.5	112	9.75562818924313	124.64511320506212	0	1	0.996005996001	1.0000000000000036e-12	14.4375	LI3	LI
185031	195030	190030.5	101	13.178502343332362	652.1500312898397	0	1	0.996005996001	1.0000000000000036e-12	14.94059405940594	LI3	LI
190031	200030	195030.5	80	9.882177953184783	5226.7008529988425	0	1	0.996005996001	1.0000000000000036e-12	15.1625	LI3	LI
195031	205030	200030.5	113	9.138320353361639	4866.692133486046	0	1	0.996005996001	1.0000000000000036e-12	14.743362831858407	LI3	LI
200031	210030	205030.5	114	8.61753089744712	894.8094543940025	0	1	0.996005996001	1.0000000000000036e-12	13.991228070175438	LI3	LI
205031	215030	210030.5	91	8.61753089744712	791.6279892160638	0	1	0.996005996001	1.0000000000000036e-12	13.857142857142858	LI3	LI
210031	220030	215030.5	103	8.267912989596839	569.1574112638258	0	1	0.996005996001	1.0000000000000036e-12	14.766990291262136	LI3	LI
215031	225030	220030.5	109	13.25204844724453	NA	0	1	0.996005996001	1.0000000000000036e-12	14.743119266055047	LI3	LI
220031	230030	225030.5	84	13.25204844724453	NA	0	1	0.996005996001	1.0000000000000036e-12	14.761904761904763	LI3	LI
225031	235030	230030.5	51	14.90438888888889	NA	0	1	0.996005996001	1.0000000000000036e-12	15.176470588235293	LI3	LI
230031	240030	235030.5	89	14.90438888888889	868.5147530906352	0	1	0.996005996001	1.0000000000000036e-12	14.97752808988764	LI3	LI
235031	245030	240030.5	105	11.876488707836337	868.5147530906352	0	1	0.996005996001	1.0000000000000036e-12	14.733333333333333	LI3	LI
240031	250030	245030.5	100	NA	NA	0	1	0.996005996001	1.0000000000000036e-12	14.75	LI3	LI
245031	255030	250030.5	99	12.096698512270162	2115.6296296296296	0	1	0.996005996001	1.0000000000000036e-12	15.030303030303031	LI3	LI
250031	260030	255030.5	98	12.096698512270162	2115.6296296296296	0	1	0.996005996001	1.0000000000000036e-12	14.979591836734693	LI3	LI
255031	265030	260030.5	104	15.33148789807873	6.146560000000004	0	1	0.996005996001	1.0000000000000036e-12	14.836538461538462	LI3	LI
260031	270030	265030.5	87	15.33148789807873	6.146560000000004	0	1	0.996005996001	1.0000000000000036e-12	15	LI3	LI
265031	275030	270030.5	80	13.749576017720996	0	0	1	0.996005996001	1.0000000000000036e-12	15.075	LI3	LI
270031	280030	275030.5	82	11.589041561809179	4090.572397500382	0	1	0.996005996001	1.0000000000000036e-12	15.012195121951219	LI3	LI
275031	285030	280030.5	87	10.871759954921112	0.02528254788740263	0	1	0.996005996001	1.0000000000000036e-12	14.74712643678161	LI3	LI
280031	290030	285030.5	86	10.871759954921112	0.012641273943701315	0	1	0.996005996001	1.0000000000000036e-12	14.186046511627907	LI3	LI
285031	295030	290030.5	91	6.728020602460556	NA	0	1	0.996005996001	1.0000000000000036e-12	14.263736263736265	LI3	LI
290031	300030	295030.5	99	10.871759954921112	NA	0	1	0.996005996001	1.0000000000000036e-12	14.424242424242424	LI3	LI
295031	305030	300030.5	142	13.992668300682329	NA	0	1	0.996005996001	1.0000000000000036e-12	14.514084507042254	LI3	LI
300031	310030	305030.5	134	13.73642622010031	NA	0	1	0.996005996001	1.0000000000000036e-12	14.746268656716419	LI3	LI
305031	315030	310030.5	90	13.22947345296283	NA	0	1	0.996005996001	1.0000000000000036e-12	13.655555555555555	LI3	LI
310031	320030	315030.5	131	12.722520685825351	NA	0	1	0.996005996001	1.0000000000000036e-12	14.129770992366412	LI3	LI
315031	325030	320030.5	121	12.722520685825351	NA	0	1	0.996005996001	1.0000000000000036e-12	14.652892561983471	LI3	LI
320031	330030	325030.5	92	12.722520685825351	0	0	1	0.996005996001	1.0000000000000036e-12	13.543478260869565	LI3	LI
325031	335030	330030.5	108	11.605237408622443	0	0	1	0.996005996001	1.0000000000000036e-12	13.777777777777779	LI3	LI
330031	340030	335030.5	99	12.722520685825351	NA	0	1	0.996005996001	1.0000000000000036e-12	14.353535353535353	LI3	LI
335031	345030	340030.5	84	12.722520685825351	0	0	1	0.996005996001	1.0000000000000036e-12	14.452380952380953	LI3	LI
340031	350030	345030.5	67	7.516297801195097	2550.9167999999995	0	1	0.996005996001	1.0000000000000036e-12	13.283582089552239	LI3	LI
345031	355030	350030.5	34	3.4184468333911093	2551.148456547825	0	1	0.996005996001	1.0000000000000036e-12	11.176470588235293	LI3	LI
350031	360030	355030.5	8	3.0172339224749223	0.4633130956507447	0	1	0.996005996001	1.0000000000000036e-12	8.625	LI3	LI
355031	365030	360030.5	7	4.620334890278909	NA	0	0.9285714285714286	0.9304620185925133	1.016828925447741e-7	6.714285714285714	LI3	LI
360031	370030	365030.5	13	5.132677734375	NA	0	1	0.996005996001	1.0000000000000036e-12	6.538461538461538	LI3	LI
365031	375030	370030.5	54	6.044566666666667	1737.0295061812703	0	1	0.996005996001	1.0000000000000036e-12	8.074074074074074	LI3	LI
370031	380030	375030.5	89	6.429178786874109	1737.0295061812703	0	1	0.996005996001	1.0000000000000036e-12	11.067415730337078	LI3	LI
375031	385030	380030.5	75	NA	NA	0	1	0.996005996001	1.0000000000000036e-12	14.413333333333334	LI3	LI
380031	390030	385030.5	67	15.910110473632812	NA	0	1	0.996005996001	1.0000000000000036e-12	14.850746268656716	LI3	LI
385031	395030	390030.5	81	10.928162281429987	3233.5828153814628	0	1	0.996005996001	1.0000000000000036e-12	15.185185185185185	LI3	LI
390031	400030	395030.5	81	10.928162281429987	1616.7914076907314	0	1	0.996005996001	1.0000000000000036e-12	14.938271604938272	LI3	LI
395031	405030	400030.5	80	11.323018391927082	0	0	1	0.996005996001	1.0000000000000036e-12	14.6375	LI3	LI
400031	410030	405030.5	99	NA	NA	0	1	0.996005996001	1.0000000000000036e-12	14.717171717171718	LI3	LI
405031	415030	410030.5	87	10.87082421875	NA	0	1	0.996005996001	1.0000000000000036e-12	14.597701149425287	LI3	LI
410031	420030	415030.5	67	10.87082421875	NA	0	1	0.996005996001	1.0000000000000036e-12	14.223880597014926	LI3	LI
415031	425030	420030.5	78	8.116467016879348	NA	0	1	0.996005996001	1.0000000000000036e-12	14.166666666666666	LI3	LI
420031	430030	425030.5	91	11.95924068388523	NA	0	1	0.996005996001	1.0000000000000036e-12	14.274725274725276	LI3	LI
425031	435030	430030.5	96	15.802014350891113	NA	0	1	0.996005996001	1.0000000000000036e-12	14.53125	LI3	LI
430031	440030	435030.5	96	11.707226670898145	NA	0	1	0.996005996001	1.0000000000000036e-12	14.885416666666666	LI3	LI
435031	445030	440030.5	93	9.620331060377005	555.5555555555561	0	1	0.996005996001	1.0000000000000036e-12	14.516129032258064	LI3	LI
440031	450030	445030.5	80	8.378870961187065	555.5555555555561	0	1	0.996005996001	1.0000000000000036e-12	14.2125	LI3	LI
445031	455030	450030.5	75	12.722520685825351	NA	0	1	0.996005996001	1.0000000000000036e-12	14.426666666666666	LI3	LI
450031	460030	455030.5	96	11.8818359375	NA	0	1	0.996005996001	1.0000000000000036e-12	14.645833333333334	LI3	LI
455031	465030	460030.5	93	10.535693801921376	16866.50819616143	0	1	0.996005996001	1.0000000000000036e-12	14.387096774193548	LI3	LI
460031	470030	465030.5	97	7.0867195777409915	16866.50819616143	0	1	0.996005996001	1.0000000000000036e-12	14.474226804123711	LI3	LI
465031	475030	470030.5	85	13.775802033983236	NA	0	1	0.996005996001	1.0000000000000036e-12	14.823529411764707	LI3	LI
470031	480030	475030.5	61	13.775802033983236	NA	0	1	0.996005996001	1.0000000000000036e-12	15.131147540983607	LI3	LI
475031	485030	480030.5	77	NA	NA	0	1	0.996005996001	1.0000000000000036e-12	15.155844155844155	LI3	LI
480031	490030	485030.5	54	NA	NA	0	1	0.996005996001	1.0000000000000036e-12	14.777777777777779	LI3	LI
485031	495030	490030.5	40	NA	NA	0	1	0.996005996001	1.0000000000000036e-12	15.2	LI3	LI
490031	500030	495030.5	54	15.910110473632812	NA	0	1	0.996005996001	1.0000000000000036e-12	15.25925925925926	LI3	LI
495031	505030	500030.5	65	15.910110473632812	NA	0	1	0.996005996001	1.0000000000000036e-12	14.738461538461538	LI3	LI
500031	510030	505030.5	74	NA	NA	0	1	0.996005996001	1.0000000000000036e-12	14.783783783783784	LI3	LI
505031	515030	510030.5	83	NA	NA	0	1	0.996005996001	1.0000000000000036e-12	14.25301204819277	LI3	LI
510031	520030	515030.5	77	8.84542181069959	NA	0	1	0.996005996001	1.0000000000000036e-12	14.233766233766234	LI3	LI
515031	525030	520030.5	59	11.323018391927082	0	0	1	0.996005996001	1.0000000000000036e-12	14.796610169491526	LI3	LI
520031	530030	525030.5	71	13.611151603498543	0	0	1	0.996005996001	1.0000000000000036e-12	14.04225352112676	LI3	LI
525031	535030	530030.5	76	12.759922977355487	NA	0	1	0.996005996001	1.0000000000000036e-12	13.723684210526315	LI3	LI
530031	540030	535030.5	72	12.759922977355487	NA	0	1	0.996005996001	1.0000000000000036e-12	13.625	LI3	LI
535031	545030	540030.5	82	11.438970824652777	15.4320987654321	0	1	0.996005996001	1.0000000000000036e-12	13.621951219512194	LI3	LI
540031	550030	545030.5	97	8.916682630208333	15.4320987654321	0	1	0.996005996001	1.0000000000000036e-12	14.185567010309278	LI3	LI
545031	555030	550030.5	95	9.8598125	0	0	1	0.996005996001	1.0000000000000036e-12	14.673684210526316	LI3	LI
550031	560030	555030.5	63	12.174500000000002	0	0	1	0.996005996001	1.0000000000000036e-12	14.873015873015873	LI3	LI
555031	565030	560030.5	46	NA	NA	0	1	0.996005996001	1.0000000000000036e-12	14.673913043478262	LI3	LI
560031	570030	565030.5	73	NA	NA	0	1	0.996005996001	1.0000000000000036e-12	14.643835616438356	LI3	LI
565031	575030	570030.5	109	11.137090331256783	NA	0	1	0.996005996001	1.0000000000000036e-12	14.229357798165138	LI3	LI
570031	580030	575030.5	102	11.553819444444443	NA	0	1	0.996005996001	1.0000000000000036e-12	14.068627450980392	LI3	LI
575031	585030	580030.5	67	11.72808837890625	0	0	1	0.996005996001	1.0000000000000036e-12	14.417910447761194	LI3	LI
580031	590030	585030.5	70	11.29992416691368	0	0	1	0.996005996001	1.0000000000000036e-12	14.371428571428572	LI3	LI
585031	595030	590030.5	79	10.359102994895382	NA	0	1	0.996005996001	1.0000000000000036e-12	14.126582278481013	LI3	LI
590031	600030	595030.5	71	11.553819444444443	NA	0	1	0.996005996001	1.0000000000000036e-12	14.366197183098592	LI3	LI
595031	605030	600030.5	86	12.138170065134897	NA	0	1	0.996005996001	1.0000000000000036e-12	14.651162790697674	LI3	LI
600031	610030	605030.5	114	11.553819444444443	NA	0	1	0.996005996001	1.0000000000000036e-12	14.175438596491228	LI3	LI
605031	615030	610030.5	118	10.786282819188468	NA	0	1	0.996005996001	1.0000000000000036e-12	14.11864406779661	LI3	LI
610031	620030	615030.5	107	9.778050436749162	NA	0	1	0.996005996001	1.0000000000000036e-12	14.728971962616823	LI3	LI
615031	625030	620030.5	100	10.05684375	NA	0	1	0.996005996001	1.0000000000000036e-12	15.12	LI3	LI
620031	630030	625030.5	101	12.983477111816406	NA	0	1	0.996005996001	1.0000000000000036e-12	15.029702970297029	LI3	LI
625031	635030	630030.5	112	13.73642622010031	NA	0	1	0.996005996001	1.0000000000000036e-12	14.589285714285714	LI3	LI
630031	640030	635030.5	79	12.228393719084716	NA	0	1	0.996005996001	1.0000000000000036e-12	14.379746835443038	LI3	LI
635031	645030	640030.5	41	NA	NA	0	1	0.996005996001	1.0000000000000036e-12	14.512195121951219	LI3	LI
640031	650030	645030.5	57	11.707226670898145	NA	0	1	0.996005996001	1.0000000000000036e-12	13.964912280701755	LI3	LI
645031	655030	650030.5	63	11.707226670898145	NA	0	1	0.996005996001	1.0000000000000036e-12	14.301587301587302	LI3	LI
650031	660030	655030.5	64	10.095047168085694	NA	0	1	0.996005996001	1.0000000000000036e-12	14.359375	LI3	LI
655031	665030	660030.5	63	11.344672525471799	NA	0	1	0.996005996001	1.0000000000000036e-12	14.444444444444445	LI3	LI
660031	670030	665030.5	53	10.69360137814191	NA	0	1	0.996005996001	1.0000000000000036e-12	15	LI3	LI
665031	675030	670030.5	35	8.496755555555556	NA	0	1	0.996005996001	1.0000000000000036e-12	14.914285714285715	LI3	LI
670031	680030	675030.5	11	NA	NA	0	1	0.996005996001	1.0000000000000036e-12	13.454545454545455	LI3	LI
675031	685030	680030.5	9	NA	NA	0	1	0.996005996001	1.0000000000000036e-12	11.333333333333334	LI3	LI
680031	690030	685030.5	7	NA	NA	0	1	0.996005996001	1.0000000000000036e-12	12.857142857142858	LI3	LI
685031	695030	690030.5	0	NA	NA	NA	NA	NA	NA	NA	LI3	LI
690031	700030	695030.5	0	NA	NA	NA	NA	NA	NA	NA	LI3	LI
695031	705030	700030.5	0	NA	NA	NA	NA	NA	NA	NA	LI3	LI
700031	710030	705030.5	16	NA	NA	0	1	0.996005996001	1.0000000000000036e-12	13.8125	LI3	LI
705031	715030	710030.5	62	15.910110473632812	NA	0	1	0.996005996001	1.0000000000000036e-12	14.403225806451612	LI3	LI
710031	720030	715030.5	107	15.910110473632812	NA	0	1	0.996005996001	1.0000000000000036e-12	14.514018691588785	LI3	LI
715031	725030	720030.5	99	NA	NA	0	1	0.996005996001	1.0000000000000036e-12	14.434343434343434	LI3	LI
720031	730030	725030.5	77	13.312177870008682	0	0	1	0.996005996001	1.0000000000000036e-12	14.688311688311689	LI3	LI
725031	735030	730030.5	74	13.312177870008682	0	0	1	0.996005996001	1.0000000000000036e-12	15.013513513513514	LI3	LI
730031	740030	735030.5	66	12.740051535623774	NA	0	1	0.996005996001	1.0000000000000036e-12	14.878787878787879	LI3	LI
735031	745030	740030.5	71	14.78971875	1	0	1	0.996005996001	1.0000000000000036e-12	14.816901408450704	LI3	LI
740031	750030	745030.5	77	60.248377777777776	1	0	1	0.996005996001	1.0000000000000036e-12	14.805194805194805	LI3	LI
745031	755030	750030.5	72	8.496755555555556	NA	0	1	0.996005996001	1.0000000000000036e-12	14.458333333333334	LI3	LI
750031	760030	755030.5	75	12.313207712932112	NA	0	1	0.996005996001	1.0000000000000036e-12	14.4	LI3	LI
755031	765030	760030.5	93	12.313207712932112	NA	0	1	0.996005996001	1.0000000000000036e-12	14.204301075268818	LI3	LI
760031	770030	765030.5	92	8.665364583333334	NA	0	1	0.996005996001	1.0000000000000036e-12	13.847826086956522	LI3	LI
765031	775030	770030.5	102	8.665364583333334	NA	0	1	0.996005996001	1.0000000000000036e-12	13.892156862745098	LI3	LI
770031	780030	775030.5	98	NA	NA	0	1	0.996005996001	1.0000000000000036e-12	14.03061224489796	LI3	LI
775031	785030	780030.5	58	NA	NA	0	1	0.996005996001	1.0000000000000036e-12	14.224137931034482	LI3	LI
780031	790030	785030.5	70	NA	NA	0	1	0.996005996001	1.0000000000000036e-12	13.914285714285715	LI3	LI
785031	795030	790030.5	87	12.367968038802912	0	0	1	0.996005996001	1.0000000000000036e-12	13.862068965517242	LI3	LI
790031	800030	795030.5	67	12.367968038802912	0	0	1	0.996005996001	1.0000000000000036e-12	13.880597014925373	LI3	LI
795031	805030	800030.5	70	6.805575801749272	NA	0	1	0.996005996001	1.0000000000000036e-12	13.571428571428571	LI3	LI
800031	810030	805030.5	66	10.351733327259474	NA	0	1	0.996005996001	1.0000000000000036e-12	13.787878787878787	LI3	LI
805031	815030	810030.5	34	13.897890852769677	NA	0	1	0.996005996001	1.0000000000000036e-12	13.558823529411764	LI3	LI
810031	820030	815030.5	91	12.123497509954525	8181.144795000764	0	1	0.996005996001	1.0000000000000036e-12	13.67032967032967	LI3	LI
815031	825030	820030.5	109	12.841469892313324	4090.5820993960547	0	1	0.996005996001	1.0000000000000036e-12	14.211009174311927	LI3	LI
820031	830030	825030.5	62	12.841469892313324	0.0194037913455986	0	1	0.996005996001	1.0000000000000036e-12	15.048387096774194	LI3	LI
825031	835030	830030.5	77	9.477	NA	0	1	0.996005996001	1.0000000000000036e-12	14.636363636363637	LI3	LI
830031	840030	835030.5	78	9.477	NA	0	1	0.996005996001	1.0000000000000036e-12	14.653846153846153	LI3	LI
835031	845030	840030.5	84	10.203501383463543	5.947730112453148	0	1	0.996005996001	1.0000000000000036e-12	14.297619047619047	LI3	LI
840031	850030	845030.5	91	11.527681630574243	5.947730112453148	0	1	0.996005996001	1.0000000000000036e-12	14.32967032967033	LI3	LI
845031	855030	850030.5	85	11.313725077554736	NA	0	1	0.996005996001	1.0000000000000036e-12	14.635294117647058	LI3	LI
850031	860030	855030.5	94	13.723829263848398	0	0	1	0.996005996001	1.0000000000000036e-12	14.148936170212766	LI3	LI
855031	865030	860030.5	107	14.816969868740605	0.2636718750000001	0	1	0.996005996001	1.0000000000000036e-12	14.373831775700934	LI3	LI
860031	870030	865030.5	118	10.518407212622089	0.9481293135000006	0	1	0.996005996001	1.0000000000000036e-12	14.322033898305085	LI3	LI
865031	875030	870030.5	131	10.518407212622089	NA	0	1	0.996005996001	1.0000000000000036e-12	14.076335877862595	LI3	LI
870031	880030	875030.5	100	10.518407212622089	NA	0	1	0.996005996001	1.0000000000000036e-12	14.29	LI3	LI
875031	885030	880030.5	50	7.540221899871855	NA	0	1	0.996005996001	1.0000000000000036e-12	13.12	LI3	LI
880031	890030	885030.5	29	4.5620365871216215	NA	0	1	0.996005996001	1.0000000000000036e-12	10.448275862068966	LI3	LI
885031	895030	890030.5	44	NA	NA	0	1	0.996005996001	1.0000000000000036e-12	13.568181818181818	LI3	LI
890031	900030	895030.5	66	10.638829023363174	NA	0	1	0.996005996001	1.0000000000000036e-12	14.333333333333334	LI3	LI
895031	905030	900030.5	39	10.638829023363174	NA	0	1	0.996005996001	1.0000000000000036e-12	11.871794871794872	LI3	LI
900031	910030	905030.5	26	9.491061989503503	0.02237551891099668	0	1	0.996005996001	1.0000000000000036e-12	6.653846153846154	LI3	LI
905031	915030	910030.5	55	15.463744997814084	0.10956076914787886	0	1	0.996005996001	1.0000000000000036e-12	12.418181818181818	LI3	LI
910031	920030	915030.5	86	15.463744997814084	0.2965666279601829	0	1	0.996005996001	1.0000000000000036e-12	14.30232558139535	LI3	LI
915031	925030	920030.5	88	10.941381613144117	0.03764120916696232	0	1	0.996005996001	1.0000000000000036e-12	14.329545454545455	LI3	LI
920031	930030	925030.5	107	12.405763226288235	0.03764120916696232	0	1	0.996005996001	1.0000000000000036e-12	14.663551401869158	LI3	LI
925031	935030	930030.5	119	NA	NA	0	1	0.996005996001	1.0000000000000036e-12	14.739495798319327	LI3	LI
930031	940030	935030.5	94	NA	NA	0	1	0.996005996001	1.0000000000000036e-12	14.936170212765957	LI3	LI
935031	945030	940030.5	97	NA	NA	0	1	0.996005996001	1.0000000000000036e-12	14.8659793814433	LI3	LI
940031	950030	945030.5	99	10.720361218069122	NA	0	1	0.996005996001	1.0000000000000036e-12	14.636363636363637	LI3	LI
945031	955030	950030.5	71	9.965893499659561	0	0	1	0.996005996001	1.0000000000000036e-12	14.394366197183098	LI3	LI
950031	960030	955030.5	73	9.21142578125	0	0	1	0.996005996001	1.0000000000000036e-12	13.931506849315069	LI3	LI
955031	965030	960030.5	66	NA	NA	0	1	0.996005996001	1.0000000000000036e-12	13.424242424242424	LI3	LI
960031	970030	965030.5	62	15.655517578125	NA	0	1	0.996005996001	1.0000000000000036e-12	13.016129032258064	LI3	LI
965031	975030	970030.5	57	15.655517578125	NA	0	1	0.996005996001	1.0000000000000036e-12	12.421052631578947	LI3	LI
970031	980030	975030.5	53	15.910110473632812	NA	0	1	0.996005996001	1.0000000000000036e-12	13.79245283018868	LI3	LI
975031	985030	980030.5	81	12.693555236816406	NA	0	1	0.996005996001	1.0000000000000036e-12	14.592592592592593	LI3	LI
980031	990030	985030.5	65	12.88595776911698	0.06584362139917696	0	1	0.996005996001	1.0000000000000036e-12	14.23076923076923	LI3	LI
985031	995030	990030.5	67	12.88595776911698	0.039277546964236534	0	1	0.996005996001	1.0000000000000036e-12	14.552238805970148	LI3	LI
990031	1000030	995030.5	78	9.797646536837435	0.039277546964236534	0	1	0.996005996001	1.0000000000000036e-12	14.384615384615385	LI3	LI
995031	1005030	1000030.5	84	11.74163818359375	NA	0	1	0.996005996001	1.0000000000000036e-12	14.178571428571429	LI3	LI
1000031	1010030	1005030.5	112	13.73642622010031	NA	0	1	0.996005996001	1.0000000000000036e-12	14.508928571428571	LI3	LI
1005031	1015030	1010030.5	116	14.3204075544946	NA	0	1	0.996005996001	1.0000000000000036e-12	14.974137931034482	LI3	LI
1010031	1020030	1015030.5	123	NA	NA	0	1	0.996005996001	1.0000000000000036e-12	14.861788617886178	LI3	LI
1015031	1025030	1020030.5	92	NA	NA	0	1	0.996005996001	1.0000000000000036e-12	14.478260869565217	LI3	LI
1020031	1030030	1025030.5	59	12.169003580673904	NA	0	1	0.996005996001	1.0000000000000036e-12	14.338983050847459	LI3	LI
1025031	1035030	1030030.5	64	12.169003580673904	NA	0	1	0.996005996001	1.0000000000000036e-12	12.265625	LI3	LI
1030031	1040030	1035030.5	108	14.389620977893923	0.1685495311841417	0	1	0.996005996001	1.0000000000000036e-12	13.027777777777779	LI3	LI
1035031	1045030	1040030.5	134	13.215258254017051	0.08427476559207085	0	1	0.996005996001	1.0000000000000036e-12	14.291044776119403	LI3	LI
1040031	1050030	1045030.5	133	11.696156510997344	0	0	1	0.996005996001	1.0000000000000036e-12	14.488721804511279	LI3	LI
1045031	1055030	1050030.5	122	NA	NA	0	1	0.996005996001	1.0000000000000036e-12	14.598360655737705	LI3	LI
1050031	1060030	1055030.5	95	6.055411380512027	NA	0	1	0.996005996001	1.0000000000000036e-12	14.25263157894737	LI3	LI
1055031	1065030	1060030.5	94	6.583967292274053	NA	0	1	0.996005996001	1.0000000000000036e-12	14.457446808510639	LI3	LI
1060031	1070030	1065030.5	71	11.057376836623266	NA	0	1	0.996005996001	1.0000000000000036e-12	15.126760563380282	LI3	LI
1065031	1075030	1070030.5	68	11.323018391927082	0	0	1	0.996005996001	1.0000000000000036e-12	14.735294117647058	LI3	LI
1070031	1080030	1075030.5	102	10.591415445963541	0	0	1	0.996005996001	1.0000000000000036e-12	14.343137254901961	LI3	LI
1075031	1085030	1080030.5	109	13.252314814814811	0.031249999999999955	0	1	0.996005996001	1.0000000000000036e-12	14.412844036697248	LI3	LI
1080031	1090030	1085030.5	98	13.252314814814811	0.031249999999999955	0	1	0.996005996001	1.0000000000000036e-12	14.561224489795919	LI3	LI
1085031	1095030	1090030.5	110	11.798119360050155	NA	0	1	0.996005996001	1.0000000000000036e-12	14.5	LI3	LI
1090031	1100030	1095030.5	102	11.798119360050155	NA	0	1	0.996005996001	1.0000000000000036e-12	14.53921568627451	LI3	LI
1095031	1105030	1100030.5	94	NA	NA	0	1	0.996005996001	1.0000000000000036e-12	14.75531914893617	LI3	LI
1100031	1110030	1105030.5	95	NA	NA	0	1	0.996005996001	1.0000000000000036e-12	14.83157894736842	LI3	LI
1105031	1115030	1110030.5	79	12.98252177239214	0.21692350409551606	0	1	0.996005996001	1.0000000000000036e-12	14.949367088607595	LI3	LI
1110031	1120030	1115030.5	94	11.493777747723126	0.21692350409551606	0	1	0.996005996001	1.0000000000000036e-12	14.606382978723405	LI3	LI
1115031	1125030	1120030.5	97	11.707226670898145	NA	0	1	0.996005996001	1.0000000000000036e-12	14.577319587628866	LI3	LI
1120031	1130030	1125030.5	114	13.775802033983236	NA	0	1	0.996005996001	1.0000000000000036e-12	14.666666666666666	LI3	LI
1125031	1135030	1130030.5	161	NA	NA	0	1	0.996005996001	1.0000000000000036e-12	14.639751552795031	LI3	LI
1130031	1140030	1135030.5	147	15.910110473632812	NA	0	1	0.996005996001	1.0000000000000036e-12	14.748299319727892	LI3	LI
1135031	1145030	1140030.5	120	15.910110473632812	NA	0	1	0.996005996001	1.0000000000000036e-12	14.45	LI3	LI
1140031	1150030	1145030.5	107	NA	NA	0	1	0.996005996001	1.0000000000000036e-12	14.317757009345794	LI3	LI
1145031	1155030	1150030.5	98	NA	NA	0	1	0.996005996001	1.0000000000000036e-12	13.683673469387756	LI3	LI
1150031	1160030	1155030.5	97	NA	NA	0	1	0.996005996001	1.0000000000000036e-12	13.505154639175258	LI3	LI
1155031	1165030	1160030.5	98	13.897890852769677	NA	0	1	0.996005996001	1.0000000000000036e-12	14.408163265306122	LI3	LI
1160031	1170030	1165030.5	109	12.164484767297118	0	0	1	0.996005996001	1.0000000000000036e-12	14.596330275229358	LI3	LI
1165031	1175030	1170030.5	123	10.720361218069122	0	0	1	0.996005996001	1.0000000000000036e-12	14.40650406504065	LI3	LI
1170031	1180030	1175030.5	108	10.720361218069122	NA	0	1	0.996005996001	1.0000000000000036e-12	14.49074074074074	LI3	LI
1175031	1185030	1180030.5	85	NA	NA	0	1	0.996005996001	1.0000000000000036e-12	15.129411764705882	LI3	LI
1180031	1190030	1185030.5	59	14.90438888888889	NA	0	1	0.996005996001	1.0000000000000036e-12	15.305084745762711	LI3	LI
1185031	1195030	1190030.5	62	13.22947345296283	NA	0	1	0.996005996001	1.0000000000000036e-12	14.274193548387096	LI3	LI
1190031	1200030	1195030.5	90	12.214873678361748	5801.571777343757	0	1	0.996005996001	1.0000000000000036e-12	14.088888888888889	LI3	LI
1195031	1205030	1200030.5	110	14.227953533624571	0.14511341845067238	0	1	0.996005996001	1.0000000000000036e-12	14.336363636363636	LI3	LI
1200031	1210030	1205030.5	132	14.227953533624571	0.05292214940134471	0	1	0.996005996001	1.0000000000000036e-12	14.575757575757576	LI3	LI
1205031	1215030	1210030.5	113	14.3204075544946	NA	0	1	0.996005996001	1.0000000000000036e-12	14.823008849557523	LI3	LI
1210031	1220030	1215030.5	72	11.457064405481377	0	0	1	0.996005996001	1.0000000000000036e-12	14.833333333333334	LI3	LI
1215031	1225030	1220030.5	81	11.046717515389838	0	0	1	0.996005996001	1.0000000000000036e-12	14.864197530864198	LI3	LI
1220031	1230030	1225030.5	103	10.42810856498873	0	0	1	0.996005996001	1.0000000000000036e-12	14.844660194174757	LI3	LI
1225031	1235030	1230030.5	89	10.42810856498873	0	0	1	0.996005996001	1.0000000000000036e-12	14.719101123595506	LI3	LI
1230031	1240030	1235030.5	89	NA	NA	0	1	0.996005996001	1.0000000000000036e-12	14.752808988764045	LI3	LI
1235031	1245030	1240030.5	111	12.367968038802912	0	0	1	0.996005996001	1.0000000000000036e-12	14.666666666666666	LI3	LI
1240031	1250030	1245030.5	128	12.367968038802912	0	0	1	0.996005996001	1.0000000000000036e-12	14.5625	LI3	LI
1245031	1255030	1250030.5	121	9.232901614887027	NA	0	1	0.996005996001	1.0000000000000036e-12	14.49586776859504	LI3	LI
1250031	1260030	1255030.5	131	9.232901614887027	NA	0	1	0.996005996001	1.0000000000000036e-12	14.473282442748092	LI3	LI
1255031	1265030	1260030.5	110	13.765992213320926	0	0	1	0.996005996001	1.0000000000000036e-12	14.654545454545454	LI3	LI
1260031	1270030	1265030.5	110	12.313207712932112	0	0	1	0.996005996001	1.0000000000000036e-12	14.909090909090908	LI3	LI
1265031	1275030	1270030.5	144	11.867411295572916	0	0	1	0.996005996001	1.0000000000000036e-12	14.82638888888889	LI3	LI
1270031	1280030	1275030.5	138	12.832222710449074	0	0	1	0.996005996001	1.0000000000000036e-12	14.731884057971014	LI3	LI
1275031	1285030	1280030.5	134	12.832222710449074	0	0	1	0.996005996001	1.0000000000000036e-12	14.567164179104477	LI3	LI
1280031	1290030	1285030.5	100	NA	NA	0	1	0.996005996001	1.0000000000000036e-12	14.52	LI3	LI
1285031	1295030	1290030.5	82	11.344672525471799	NA	0	1	0.996005996001	1.0000000000000036e-12	14.817073170731707	LI3	LI
1290031	1300030	1295030.5	104	11.344672525471799	NA	0	1	0.996005996001	1.0000000000000036e-12	14.817307692307692	LI3	LI
1295031	1305030	1300030.5	99	11.707226670898145	NA	0	1	0.996005996001	1.0000000000000036e-12	14.747474747474747	LI3	LI
1300031	1310030	1305030.5	83	11.707226670898145	NA	0	1	0.996005996001	1.0000000000000036e-12	14.867469879518072	LI3	LI
1305031	1315030	1310030.5	71	NA	NA	0	1	0.996005996001	1.0000000000000036e-12	15.084507042253522	LI3	LI
1310031	1320030	1315030.5	66	NA	NA	0	1	0.996005996001	1.0000000000000036e-12	14.893939393939394	LI3	LI
1315031	1325030	1320030.5	94	NA	NA	0	1	0.996005996001	1.0000000000000036e-12	14.851063829787234	LI3	LI
1320031	1330030	1325030.5	105	13.178502343332362	NA	0	1	0.996005996001	1.0000000000000036e-12	14.971428571428572	LI3	LI
1325031	1335030	1330030.5	93	13.178502343332362	NA	0	1	0.996005996001	1.0000000000000036e-12	14.666666666666666	LI3	LI
1330031	1340030	1335030.5	79	10.518407212622089	NA	0	1	0.996005996001	1.0000000000000036e-12	14.544303797468354	LI3	LI
1335031	1345030	1340030.5	93	11.376797946210555	0	0	1	0.996005996001	1.0000000000000036e-12	14.311827956989248	LI3	LI
1340031	1350030	1345030.5	102	11.8818359375	0	0	1	0.996005996001	1.0000000000000036e-12	14.470588235294118	LI3	LI
1345031	1355030	1350030.5	68	12.722520685825351	NA	0	1	0.996005996001	1.0000000000000036e-12	15.044117647058824	LI3	LI
1350031	1360030	1355030.5	55	12.722520685825351	NA	0	1	0.996005996001	1.0000000000000036e-12	15.090909090909092	LI3	LI
1355031	1365030	1360030.5	79	NA	NA	0	1	0.996005996001	1.0000000000000036e-12	14.632911392405063	LI3	LI
1360031	1370030	1365030.5	72	NA	NA	0	1	0.996005996001	1.0000000000000036e-12	14.541666666666666	LI3	LI
1365031	1375030	1370030.5	54	11.707226670898145	NA	0	1	0.996005996001	1.0000000000000036e-12	15.092592592592593	LI3	LI
1370031	1380030	1375030.5	77	9.354168724279836	0.11287477954144622	0	1	0.996005996001	1.0000000000000036e-12	14.077922077922079	LI3	LI
1375031	1385030	1380030.5	104	9.8598125	0	0	1	0.996005996001	1.0000000000000036e-12	13.98076923076923	LI3	LI
1380031	1390030	1385030.5	105	10.714831223776798	0	0	1	0.996005996001	1.0000000000000036e-12	14.495238095238095	LI3	LI
1385031	1395030	1390030.5	101	12.06694025383862	0.09326569080430405	0	1	0.996005996001	1.0000000000000036e-12	14.712871287128714	LI3	LI
1390031	1400030	1395030.5	109	12.009519675925926	0.09326569080430405	0	1	0.996005996001	1.0000000000000036e-12	14.79816513761468	LI3	LI
1395031	1405030	1400030.5	96	11.553819444444443	NA	0	1	0.996005996001	1.0000000000000036e-12	14.708333333333334	LI3	LI
1400031	1410030	1405030.5	83	NA	NA	0	1	0.996005996001	1.0000000000000036e-12	14.771084337349398	LI3	LI
1405031	1415030	1410030.5	82	NA	NA	0	1	0.996005996001	1.0000000000000036e-12	14.731707317073171	LI3	LI
1410031	1420030	1415030.5	101	15.910110473632812	NA	0	1	0.996005996001	1.0000000000000036e-12	14.653465346534654	LI3	LI
1415031	1425030	1420030.5	119	15.910110473632812	NA	0	1	0.996005996001	1.0000000000000036e-12	14.831932773109244	LI3	LI
1420031	1430030	1425030.5	115	12.214873678361748	NA	0	1	0.996005996001	1.0000000000000036e-12	14.643478260869566	LI3	LI
1425031	1435030	1430030.5	94	12.214873678361748	NA	0	1	0.996005996001	1.0000000000000036e-12	14.382978723404255	LI3	LI
1430031	1440030	1435030.5	73	14.90438888888889	NA	0	1	0.996005996001	1.0000000000000036e-12	14.479452054794521	LI3	LI
1435031	1445030	1440030.5	73	12.357673868312759	0.09876543209876545	0	1	0.996005996001	1.0000000000000036e-12	14.63013698630137	LI3	LI
1440031	1450030	1445030.5	59	9.810958847736627	0.09876543209876545	0	1	0.996005996001	1.0000000000000036e-12	14.94915254237288	LI3	LI
1445031	1455030	1450030.5	61	16.114536717993325	0.33666020110668177	0	1	0.996005996001	1.0000000000000036e-12	14.918032786885245	LI3	LI
1450031	1460030	1455030.5	88	14.241573852453412	0.2613930803231215	0	1	0.996005996001	1.0000000000000036e-12	14.943181818181818	LI3	LI
1455031	1465030	1460030.5	106	14.241573852453412	0.27168773942322694	0	1	0.996005996001	1.0000000000000036e-12	14.981132075471699	LI3	LI
1460031	1470030	1465030.5	86	16.114536717993325	0.33666020110668177	0	1	0.996005996001	1.0000000000000036e-12	14.965116279069768	LI3	LI
1465031	1475030	1470030.5	74	10.585340909897926	0.19280329218107012	0	1	0.996005996001	1.0000000000000036e-12	15.054054054054054	LI3	LI
1470031	1480030	1475030.5	78	10.585340909897926	0.21093750000000008	0	1	0.996005996001	1.0000000000000036e-12	14.91025641025641	LI3	LI
1475031	1485030	1480030.5	78	11.951150079672608	0.2361652901615608	0	1	0.996005996001	1.0000000000000036e-12	14.435897435897436	LI3	LI
1480031	1490030	1485030.5	85	14.241573852453412	0.2613930803231215	0	1	0.996005996001	1.0000000000000036e-12	14.576470588235294	LI3	LI
1485031	1495030	1490030.5	73	14.241573852453412	0.25282579080340106	0	1	0.996005996001	1.0000000000000036e-12	14.726027397260275	LI3	LI
1490031	1500030	1495030.5	77	12.511126928172944	0.24425850128368065	0	1	0.996005996001	1.0000000000000036e-12	14.662337662337663	LI3	LI
1495031	1505030	1500030.5	75	14.816681519523655	0.24425850128368065	0	1	0.996005996001	1.0000000000000036e-12	14.933333333333334	LI3	LI
1500031	1510030	1505030.5	60	15.391789186593899	0.24425850128368065	0	1	0.996005996001	1.0000000000000036e-12	14.883333333333333	LI3	LI
1505031	1515030	1510030.5	66	13.73642622010031	NA	0	1	0.996005996001	1.0000000000000036e-12	14.772727272727273	LI3	LI
1510031	1520030	1515030.5	70	13.73642622010031	NA	0	1	0.996005996001	1.0000000000000036e-12	14.714285714285714	LI3	LI
1515031	1525030	1520030.5	68	12.890447200728264	NA	0	1	0.996005996001	1.0000000000000036e-12	13.764705882352942	LI3	LI
31	10030	5030.5	140	21.48606110600467	0	0	1	0.996005996001	1.0000000000000036e-12	20.307142857142857	LI4	LI
5031	15030	10030.5	118	19.9274765625	0	0	1	0.996005996001	1.0000000000000036e-12	20.906779661016948	LI4	LI
10031	20030	15030.5	124	22.52514766040614	0	0	1	0.996005996001	1.0000000000000036e-12	20.75	LI4	LI
15031	25030	20030.5	89	23.67422103881836	0	0	1	0.996005996001	1.0000000000000036e-12	21.359550561797754	LI4	LI
20031	30030	25030.5	77	21.853474904324756	0	0	1	0.996005996001	1.0000000000000036e-12	21.207792207792206	LI4	LI
25031	35030	30030.5	108	21.853474904324756	NA	0	1	0.996005996001	1.0000000000000036e-12	21.26851851851852	LI4	LI
30031	40030	35030.5	117	22.859562815916004	0	0	1	0.996005996001	1.0000000000000036e-12	21.256410256410255	LI4	LI
35031	45030	40030.5	78	22.859562815916004	0	0	1	0.996005996001	1.0000000000000036e-12	21.384615384615383	LI4	LI
40031	50030	45030.5	80	22.462834922330895	0	0	1	0.996005996001	1.0000000000000036e-12	21.775	LI4	LI
45031	55030	50030.5	108	19.852884499130617	0	0	1	0.996005996001	1.0000000000000036e-12	21.50925925925926	LI4	LI
50031	60030	55030.5	110	17.860243900806708	0	0	1	0.996005996001	1.0000000000000036e-12	21.172727272727272	LI4	LI
55031	65030	60030.5	97	18.55651381685527	0	0	1	0.996005996001	1.0000000000000036e-12	21.45360824742268	LI4	LI
60031	70030	65030.5	96	22.39535701975438	0	0	1	0.996005996001	1.0000000000000036e-12	21.65625	LI4	LI
65031	75030	70030.5	122	22.858205083422373	0	0	1	0.996005996001	1.0000000000000036e-12	20.9672131147541	LI4	LI
70031	80030	75030.5	123	22.754006739541385	0	0	1	0.996005996001	1.0000000000000036e-12	21.056910569105693	LI4	LI
75031	85030	80030.5	90	22.82274543848114	0	0	1	0.996005996001	1.0000000000000036e-12	21.544444444444444	LI4	LI
80031	90030	85030.5	86	23.4832763671875	0	0	1	0.996005996001	1.0000000000000036e-12	21.36046511627907	LI4	LI
85031	95030	90030.5	106	21.933866688580014	0	0	1	0.996005996001	1.0000000000000036e-12	21.132075471698112	LI4	LI
90031	100030	95030.5	129	18.923795378335036	NA	0	1	0.996005996001	1.0000000000000036e-12	20.72093023255814	LI4	LI
95031	105030	100030.5	164	19.32171018916752	NA	0	1	0.996005996001	1.0000000000000036e-12	20.45731707317073	LI4	LI
100031	110030	105030.5	134	19.719625	0	0	1	0.996005996001	1.0000000000000036e-12	20.425373134328357	LI4	LI
105031	115030	110030.5	88	21.933866688580014	0	0	1	0.996005996001	1.0000000000000036e-12	20.954545454545453	LI4	LI
110031	120030	115030.5	99	21.873469021999625	0	0	1	0.996005996001	1.0000000000000036e-12	21.333333333333332	LI4	LI
115031	125030	120030.5	99	19.56939697265625	0	0	1	0.996005996001	1.0000000000000036e-12	21.22222222222222	LI4	LI
120031	130030	125030.5	67	21.743519909842224	NA	0	1	0.996005996001	1.0000000000000036e-12	21.46268656716418	LI4	LI
125031	135030	130030.5	88	21.743519909842224	0	0	1	0.996005996001	1.0000000000000036e-12	21.25	LI4	LI
130031	140030	135030.5	118	20.732102364755427	0	0	1	0.996005996001	1.0000000000000036e-12	21.1864406779661	LI4	LI
135031	145030	140030.5	96	20.732102364755427	0	0	1	0.996005996001	1.0000000000000036e-12	21.1875	LI4	LI
140031	150030	145030.5	138	20.732102364755427	0	0	1	0.996005996001	1.0000000000000036e-12	21.043478260869566	LI4	LI
145031	155030	150030.5	214	19.719625	0	0	1	0.996005996001	1.0000000000000036e-12	20.429906542056074	LI4	LI
150031	160030	155030.5	199	17.919720936213995	0	0	1	0.996005996001	1.0000000000000036e-12	20.628140703517587	LI4	LI
155031	165030	160030.5	131	20.22336268504258	0	0	1	0.996005996001	1.0000000000000036e-12	21.85496183206107	LI4	LI
160031	170030	165030.5	95	23.586839463975693	0	0	1	0.996005996001	1.0000000000000036e-12	22.263157894736842	LI4	LI
165031	175030	170030.5	87	22.07355962850333	0	0	1	0.996005996001	1.0000000000000036e-12	21.74712643678161	LI4	LI
170031	180030	175030.5	81	21.74562472852883	0	0	1	0.996005996001	1.0000000000000036e-12	21.814814814814813	LI4	LI
175031	185030	180030.5	94	21.74562472852883	0	0	1	0.996005996001	1.0000000000000036e-12	21.54255319148936	LI4	LI
180031	190030	185030.5	112	22.300183630385483	0	0	1	0.996005996001	1.0000000000000036e-12	20.767857142857142	LI4	LI
185031	195030	190030.5	101	21.813071355419236	0	0	1	0.996005996001	1.0000000000000036e-12	21.425742574257427	LI4	LI
190031	200030	195030.5	80	22.28353904748031	0	0	1	0.996005996001	1.0000000000000036e-12	21.9625	LI4	LI
195031	205030	200030.5	113	22.806784777728694	0	0	1	0.996005996001	1.0000000000000036e-12	21.92920353982301	LI4	LI
200031	210030	205030.5	114	21.605458844970887	0	0	1	0.996005996001	1.0000000000000036e-12	21.789473684210527	LI4	LI
205031	215030	210030.5	91	19.9274765625	0	0	1	0.996005996001	1.0000000000000036e-12	21.34065934065934	LI4	LI
210031	220030	215030.5	103	20.8059456439878	0	0	1	0.996005996001	1.0000000000000036e-12	21.475728155339805	LI4	LI
215031	225030	220030.5	109	21.798497407083488	0	0	1	0.996005996001	1.0000000000000036e-12	21.339449541284402	LI4	LI
220031	230030	225030.5	84	21.933866688580014	0	0	1	0.996005996001	1.0000000000000036e-12	21.523809523809526	LI4	LI
225031	235030	230030.5	51	21.933866688580014	0	0	1	0.996005996001	1.0000000000000036e-12	22	LI4	LI
230031	240030	235030.5	89	19.818409946954972	0	0	1	0.996005996001	1.0000000000000036e-12	21.39325842696629	LI4	LI
235031	245030	240030.5	105	21.605458844970887	0	0	1	0.996005996001	1.0000000000000036e-12	21.4	LI4	LI
240031	250030	245030.5	100	22.462834922330895	0	0	1	0.996005996001	1.0000000000000036e-12	21.51	LI4	LI
245031	255030	250030.5	99	21.933866688580014	0	0	1	0.996005996001	1.0000000000000036e-12	21.636363636363637	LI4	LI
250031	260030	255030.5	98	21.743519909842224	NA	0	1	0.996005996001	1.0000000000000036e-12	21.56122448979592	LI4	LI
255031	265030	260030.5	104	21.833273129871998	NA	0	1	0.996005996001	1.0000000000000036e-12	21.326923076923077	LI4	LI
260031	270030	265030.5	87	21.853474904324756	NA	0	1	0.996005996001	1.0000000000000036e-12	21.528735632183906	LI4	LI
265031	275030	270030.5	80	22.754006739541385	NA	0	1	0.996005996001	1.0000000000000036e-12	21.6375	LI4	LI
270031	280030	275030.5	82	21.485636455476566	NA	0	1	0.996005996001	1.0000000000000036e-12	21.74390243902439	LI4	LI
275031	285030	280030.5	87	21.45784661231353	0	0	1	0.996005996001	1.0000000000000036e-12	21.804597701149426	LI4	LI
280031	290030	285030.5	86	21.687940223516154	0	0	1	0.996005996001	1.0000000000000036e-12	21.651162790697676	LI4	LI
285031	295030	290030.5	91	20.732102364755427	0	0	1	0.996005996001	1.0000000000000036e-12	21	LI4	LI
290031	300030	295030.5	99	20.84683627915452	0	0	1	0.996005996001	1.0000000000000036e-12	20.666666666666668	LI4	LI
295031	305030	300030.5	142	21.25071499636082	0	0	1	0.996005996001	1.0000000000000036e-12	20.697183098591548	LI4	LI
300031	310030	305030.5	134	23.431558911720238	0	0	1	0.996005996001	1.0000000000000036e-12	20.507462686567163	LI4	LI
305031	315030	310030.5	90	20.302108201763712	NA	0	1	0.996005996001	1.0000000000000036e-12	20.92222222222222	LI4	LI
310031	320030	315030.5	131	21.786942235931193	0	0	1	0.996005996001	1.0000000000000036e-12	21.16030534351145	LI4	LI
315031	325030	320030.5	121	24.33179925	0	0	1	0.996005996001	1.0000000000000036e-12	20.96694214876033	LI4	LI
320031	330030	325030.5	92	21.028330320174312	0	0	1	0.996005996001	1.0000000000000036e-12	21.07608695652174	LI4	LI
325031	335030	330030.5	108	20.8059456439878	0	0	1	0.996005996001	1.0000000000000036e-12	20.805555555555557	LI4	LI
330031	340030	335030.5	99	19.226439987107014	0	0	1	0.996005996001	1.0000000000000036e-12	20.7979797979798	LI4	LI
335031	345030	340030.5	84	19.73058355949911	0	0	1	0.996005996001	1.0000000000000036e-12	20.988095238095237	LI4	LI
340031	350030	345030.5	67	19.6628963594586	0	0	1	0.996005996001	1.0000000000000036e-12	21.119402985074625	LI4	LI
345031	355030	350030.5	34	17.871237421231996	0	0	1	0.996005996001	1.0000000000000036e-12	21.205882352941178	LI4	LI
350031	360030	355030.5	8	17.82275390625	0	0	0.8823529411764706	0.8874422300978196	7.483147950814771e-7	17.375	LI4	LI
355031	365030	360030.5	7	18.32380515377315	NA	0	1	0.996005996001	1.0000000000000036e-12	12.857142857142858	LI4	LI
360031	370030	365030.5	13	18.32380515377315	0	0	1	0.996005996001	1.0000000000000036e-12	12.23076923076923	LI4	LI
365031	375030	370030.5	54	17.89135197183625	0	0	1	0.996005996001	1.0000000000000036e-12	16.88888888888889	LI4	LI
370031	380030	375030.5	89	17.458898789899354	NA	0	1	0.996005996001	1.0000000000000036e-12	19.43820224719101	LI4	LI
375031	385030	380030.5	75	19.818409946954972	NA	0	1	0.996005996001	1.0000000000000036e-12	21.426666666666666	LI4	LI
380031	390030	385030.5	67	21.56332992067572	0	0	1	0.996005996001	1.0000000000000036e-12	21.83582089552239	LI4	LI
385031	395030	390030.5	81	19.294127187147524	0	0	1	0.996005996001	1.0000000000000036e-12	21.419753086419753	LI4	LI
390031	400030	395030.5	81	19.798270759539623	0	0	1	0.996005996001	1.0000000000000036e-12	21.382716049382715	LI4	LI
395031	405030	400030.5	80	20.807708393008078	0	0	1	0.996005996001	1.0000000000000036e-12	21.475	LI4	LI
400031	410030	405030.5	99	19.9274765625	NA	0	1	0.996005996001	1.0000000000000036e-12	20.95959595959596	LI4	LI
405031	415030	410030.5	87	18.85688949654523	0	0	1	0.996005996001	1.0000000000000036e-12	20.75862068965517	LI4	LI
410031	420030	415030.5	67	19.9274765625	0	0	1	0.996005996001	1.0000000000000036e-12	20.776119402985074	LI4	LI
415031	425030	420030.5	78	22.964050801615954	0	0	1	0.996005996001	1.0000000000000036e-12	21.166666666666668	LI4	LI
420031	430030	425030.5	91	23.306775410970054	0	0	1	0.996005996001	1.0000000000000036e-12	21.63736263736264	LI4	LI
425031	435030	430030.5	96	23.306775410970054	0	0	1	0.996005996001	1.0000000000000036e-12	21.489583333333332	LI4	LI
430031	440030	435030.5	96	22.462834922330895	0	0	1	0.996005996001	1.0000000000000036e-12	21.21875	LI4	LI
435031	445030	440030.5	93	22.740444504088927	0	0	1	0.996005996001	1.0000000000000036e-12	21.344086021505376	LI4	LI
440031	450030	445030.5	80	23.399392681829532	0	0	1	0.996005996001	1.0000000000000036e-12	21.85	LI4	LI
445031	455030	450030.5	75	20.725297639345467	0	0	1	0.996005996001	1.0000000000000036e-12	22.04	LI4	LI
450031	460030	455030.5	96	20.930818756073858	0	0	1	0.996005996001	1.0000000000000036e-12	21.385416666666668	LI4	LI
455031	465030	460030.5	93	18.789983614755425	NA	0	1	0.996005996001	1.0000000000000036e-12	21.107526881720432	LI4	LI
460031	470030	465030.5	97	19.761042989755424	0	0	1	0.996005996001	1.0000000000000036e-12	21.061855670103093	LI4	LI
465031	475030	470030.5	85	20.769024004371616	0	0	1	0.996005996001	1.0000000000000036e-12	21.211764705882352	LI4	LI
470031	480030	475030.5	61	20.8059456439878	0	0	1	0.996005996001	1.0000000000000036e-12	22.049180327868854	LI4	LI
475031	485030	480030.5	77	21.728217039972137	0	0	1	0.996005996001	1.0000000000000036e-12	21.896103896103895	LI4	LI
480031	490030	485030.5	54	20.36454475780674	NA	0	1	0.996005996001	1.0000000000000036e-12	21.555555555555557	LI4	LI
485031	495030	490030.5	40	18.789983614755425	NA	0	1	0.996005996001	1.0000000000000036e-12	21.45	LI4	LI
490031	500030	495030.5	54	18.789983614755425	NA	0	1	0.996005996001	1.0000000000000036e-12	21.51851851851852	LI4	LI
495031	505030	500030.5	65	20.58821140063168	0	0	1	0.996005996001	1.0000000000000036e-12	21.846153846153847	LI4	LI
500031	510030	505030.5	74	20.58821140063168	0	0	1	0.996005996001	1.0000000000000036e-12	21.324324324324323	LI4	LI
505031	515030	510030.5	83	21.640367685839966	0	0	1	0.996005996001	1.0000000000000036e-12	21.120481927710845	LI4	LI
510031	520030	515030.5	77	21.83869329921112	0	0	1	0.996005996001	1.0000000000000036e-12	21.51948051948052	LI4	LI
515031	525030	520030.5	59	20.84683627915452	0	0	1	0.996005996001	1.0000000000000036e-12	21.661016949152543	LI4	LI
520031	530030	525030.5	71	21.079285878592383	0	0	1	0.996005996001	1.0000000000000036e-12	21.169014084507044	LI4	LI
525031	535030	530030.5	76	20.88882751761419	0	0	1	0.996005996001	1.0000000000000036e-12	20.644736842105264	LI4	LI
530031	540030	535030.5	72	19.82794887154523	0	0	1	0.996005996001	1.0000000000000036e-12	20.694444444444443	LI4	LI
535031	545030	540030.5	82	22.172969651514464	0	0	1	0.996005996001	1.0000000000000036e-12	20.926829268292682	LI4	LI
540031	550030	545030.5	97	22.621326192261854	0	0	1	0.996005996001	1.0000000000000036e-12	20.97938144329897	LI4	LI
545031	555030	550030.5	95	22.621326192261854	0	0	1	0.996005996001	1.0000000000000036e-12	20.926315789473684	LI4	LI
550031	560030	555030.5	63	22.754006739541385	0	0	1	0.996005996001	1.0000000000000036e-12	20.857142857142858	LI4	LI
555031	565030	560030.5	46	22.936657557327198	0	0	1	0.996005996001	1.0000000000000036e-12	21.52173913043478	LI4	LI
560031	570030	565030.5	73	23.20720714992947	0	0	1	0.996005996001	1.0000000000000036e-12	21.397260273972602	LI4	LI
565031	575030	570030.5	109	22.7450592072785	0	0	1	0.996005996001	1.0000000000000036e-12	20.93577981651376	LI4	LI
570031	580030	575030.5	102	22.553460857229805	0	0	1	0.996005996001	1.0000000000000036e-12	20.676470588235293	LI4	LI
575031	585030	580030.5	67	23.26323784722222	0	0	1	0.996005996001	1.0000000000000036e-12	21.059701492537314	LI4	LI
580031	590030	585030.5	70	23.043199327256943	0	0	1	0.996005996001	1.0000000000000036e-12	21	LI4	LI
585031	595030	590030.5	79	20.58821140063168	0	0	1	0.996005996001	1.0000000000000036e-12	20.443037974683545	LI4	LI
590031	600030	595030.5	71	23.3095862249953	NA	0	1	0.996005996001	1.0000000000000036e-12	20.732394366197184	LI4	LI
595031	605030	600030.5	86	21.743519909842224	NA	0	1	0.996005996001	1.0000000000000036e-12	21.488372093023255	LI4	LI
600031	610030	605030.5	114	20.930818756073858	0	0	1	0.996005996001	1.0000000000000036e-12	20.74561403508772	LI4	LI
605031	615030	610030.5	118	21.933866688580014	0	0	1	0.996005996001	1.0000000000000036e-12	20.347457627118644	LI4	LI
610031	620030	615030.5	107	21.933866688580014	0	0	1	0.996005996001	1.0000000000000036e-12	20.97196261682243	LI4	LI
615031	625030	620030.5	100	22.231808880086582	0	0	1	0.996005996001	1.0000000000000036e-12	20.83	LI4	LI
620031	630030	625030.5	101	21.729780940598744	NA	0	1	0.996005996001	1.0000000000000036e-12	20.85148514851485	LI4	LI
625031	635030	630030.5	112	22.936657557327198	0	0	1	0.996005996001	1.0000000000000036e-12	21.232142857142858	LI4	LI
630031	640030	635030.5	79	22.936657557327198	0	0	1	0.996005996001	1.0000000000000036e-12	21.49367088607595	LI4	LI
635031	645030	640030.5	41	22.740444504088927	0	0	1	0.996005996001	1.0000000000000036e-12	21.21951219512195	LI4	LI
640031	650030	645030.5	57	18.15289415597013	0	0	1	0.996005996001	1.0000000000000036e-12	21.035087719298247	LI4	LI
645031	655030	650030.5	63	23.88764995852322	0	0	1	0.996005996001	1.0000000000000036e-12	21.603174603174605	LI4	LI
650031	660030	655030.5	64	23.635971917046444	0	0	1	0.996005996001	1.0000000000000036e-12	21.140625	LI4	LI
655031	665030	660030.5	63	20.86838220003083	0	0	1	0.996005996001	1.0000000000000036e-12	20.6984126984127	LI4	LI
660031	670030	665030.5	53	20.930818756073858	NA	0	1	0.996005996001	1.0000000000000036e-12	21.07547169811321	LI4	LI
665031	675030	670030.5	35	21.079285878592383	0	0	1	0.996005996001	1.0000000000000036e-12	21.457142857142856	LI4	LI
670031	680030	675030.5	11	23.635971917046444	0	0	1	0.996005996001	1.0000000000000036e-12	21.181818181818183	LI4	LI
675031	685030	680030.5	9	NA	NA	0	1	0.996005996001	1.0000000000000036e-12	18.11111111111111	LI4	LI
680031	690030	685030.5	7	NA	NA	0	1	0.996005996001	1.0000000000000036e-12	18.857142857142858	LI4	LI
685031	695030	690030.5	0	NA	NA	NA	NA	NA	NA	NA	LI4	LI
690031	700030	695030.5	0	NA	NA	NA	NA	NA	NA	NA	LI4	LI
695031	705030	700030.5	0	NA	NA	NA	NA	NA	NA	NA	LI4	LI
700031	710030	705030.5	16	NA	NA	0	1	0.996005996001	1.0000000000000036e-12	21.1875	LI4	LI
705031	715030	710030.5	62	22.546459355780065	NA	0	1	0.996005996001	1.0000000000000036e-12	21.483870967741936	LI4	LI
710031	720030	715030.5	107	22.936657557327198	0	0	1	0.996005996001	1.0000000000000036e-12	20.813084112149532	LI4	LI
715031	725030	720030.5	99	23.939222547743057	0	0	1	0.996005996001	1.0000000000000036e-12	20.636363636363637	LI4	LI
720031	730030	725030.5	77	23.486402299669052	0	0	1	0.996005996001	1.0000000000000036e-12	21.38961038961039	LI4	LI
725031	735030	730030.5	74	21.9772375840217	0	0	1	0.996005996001	1.0000000000000036e-12	21.56756756756757	LI4	LI
730031	740030	735030.5	66	22.462834922330895	0	0	1	0.996005996001	1.0000000000000036e-12	21.681818181818183	LI4	LI
735031	745030	740030.5	71	22.884805166650473	0	0	1	0.996005996001	1.0000000000000036e-12	21.450704225352112	LI4	LI
740031	750030	745030.5	77	23.750568813747833	0	0	1	0.996005996001	1.0000000000000036e-12	21.22077922077922	LI4	LI
745031	755030	750030.5	72	22.754006739541385	0	0	1	0.996005996001	1.0000000000000036e-12	21.63888888888889	LI4	LI
750031	760030	755030.5	75	22.754006739541385	0	0	1	0.996005996001	1.0000000000000036e-12	21.706666666666667	LI4	LI
755031	765030	760030.5	93	22.936657557327198	0	0	1	0.996005996001	1.0000000000000036e-12	21.150537634408604	LI4	LI
760031	770030	765030.5	92	22.936657557327198	0	0	1	0.996005996001	1.0000000000000036e-12	21.07608695652174	LI4	LI
765031	775030	770030.5	102	22.754006739541385	0	0	1	0.996005996001	1.0000000000000036e-12	20.49019607843137	LI4	LI
770031	780030	775030.5	98	22.754006739541385	NA	0	1	0.996005996001	1.0000000000000036e-12	20.581632653061224	LI4	LI
775031	785030	780030.5	58	24.64953125	0	0	1	0.996005996001	1.0000000000000036e-12	21.655172413793103	LI4	LI
780031	790030	785030.5	70	24.257348480224607	0	0	1	0.996005996001	1.0000000000000036e-12	21	LI4	LI
785031	795030	790030.5	87	23.93284140692817	0	0	1	0.996005996001	1.0000000000000036e-12	20.74712643678161	LI4	LI
790031	800030	795030.5	67	23.70486831665039	0	0	1	0.996005996001	1.0000000000000036e-12	20.955223880597014	LI4	LI
795031	805030	800030.5	70	22.621326192261854	0	0	1	0.996005996001	1.0000000000000036e-12	21.014285714285716	LI4	LI
800031	810030	805030.5	66	22.778991874794528	0	0	1	0.996005996001	1.0000000000000036e-12	21.227272727272727	LI4	LI
805031	815030	810030.5	34	21.274732776915013	NA	0	1	0.996005996001	1.0000000000000036e-12	20.61764705882353	LI4	LI
810031	820030	815030.5	91	22.754006739541385	0	0	1	0.996005996001	1.0000000000000036e-12	20.9010989010989	LI4	LI
815031	825030	820030.5	109	22.754006739541385	0	0	1	0.996005996001	1.0000000000000036e-12	21.137614678899084	LI4	LI
820031	830030	825030.5	62	23.013914341245215	0	0	1	0.996005996001	1.0000000000000036e-12	21.403225806451612	LI4	LI
825031	835030	830030.5	77	23.013914341245215	0	0	1	0.996005996001	1.0000000000000036e-12	21.038961038961038	LI4	LI
830031	840030	835030.5	78	22.462834922330895	0	0	1	0.996005996001	1.0000000000000036e-12	20.602564102564102	LI4	LI
835031	845030	840030.5	84	23.4832763671875	0	0	1	0.996005996001	1.0000000000000036e-12	20.535714285714285	LI4	LI
840031	850030	845030.5	91	23.733025021023224	0	0	1	0.996005996001	1.0000000000000036e-12	20.318681318681318	LI4	LI
845031	855030	850030.5	85	22.542080557296373	0	0	1	0.996005996001	1.0000000000000036e-12	20.71764705882353	LI4	LI
850031	860030	855030.5	94	22.076253255999063	0	0	1	0.996005996001	1.0000000000000036e-12	20.93617021276596	LI4	LI
855031	865030	860030.5	107	20.111070116329408	0	0	1	0.996005996001	1.0000000000000036e-12	20.850467289719628	LI4	LI
860031	870030	865030.5	118	21.440722436138245	0	0	1	0.996005996001	1.0000000000000036e-12	20.796610169491526	LI4	LI
865031	875030	870030.5	131	22.1096743997742	0	0	1	0.996005996001	1.0000000000000036e-12	20.46564885496183	LI4	LI
870031	880030	875030.5	100	22.76793882787458	0	0	1	0.996005996001	1.0000000000000036e-12	20.52	LI4	LI
875031	885030	880030.5	50	22.854765772774886	0	0	1	0.996005996001	1.0000000000000036e-12	20.6	LI4	LI
880031	890030	885030.5	29	19.66014373861333	0	0	1	0.996005996001	1.0000000000000036e-12	17.275862068965516	LI4	LI
885031	895030	890030.5	44	22.54685096752129	NA	0	1	0.996005996001	1.0000000000000036e-12	19.113636363636363	LI4	LI
890031	900030	895030.5	66	24.33179925	0	0	1	0.996005996001	1.0000000000000036e-12	21.151515151515152	LI4	LI
895031	905030	900030.5	39	23.132832969290007	0	0	1	0.996005996001	1.0000000000000036e-12	18.692307692307693	LI4	LI
900031	910030	905030.5	26	16.201483256130825	NA	0	1	0.996005996001	1.0000000000000036e-12	11.653846153846153	LI4	LI
905031	915030	910030.5	55	17.69084362139918	NA	0	1	0.996005996001	1.0000000000000036e-12	18.381818181818183	LI4	LI
910031	920030	915030.5	86	23.06323921947037	0	0	1	0.996005996001	1.0000000000000036e-12	20.558139534883722	LI4	LI
915031	925030	920030.5	88	23.535223642985027	0	0	1	0.996005996001	1.0000000000000036e-12	20.295454545454547	LI4	LI
920031	930030	925030.5	107	21.853474904324756	0	0	1	0.996005996001	1.0000000000000036e-12	20.2803738317757	LI4	LI
925031	935030	930030.5	119	23.635971917046444	0	0	1	0.996005996001	1.0000000000000036e-12	20.537815126050422	LI4	LI
930031	940030	935030.5	94	23.93284140692817	0	0	1	0.996005996001	1.0000000000000036e-12	20.74468085106383	LI4	LI
935031	945030	940030.5	97	23.196417157569847	0	0	1	0.996005996001	1.0000000000000036e-12	20.711340206185568	LI4	LI
940031	950030	945030.5	99	23.535223642985027	0	0	1	0.996005996001	1.0000000000000036e-12	21.060606060606062	LI4	LI
945031	955030	950030.5	71	20.84683627915452	0	0	1	0.996005996001	1.0000000000000036e-12	20.943661971830984	LI4	LI
950031	960030	955030.5	73	19.425635970417517	0	0	1	0.996005996001	1.0000000000000036e-12	21.136986301369863	LI4	LI
955031	965030	960030.5	66	20.930671625540008	0	0	1	0.996005996001	1.0000000000000036e-12	20.939393939393938	LI4	LI
960031	970030	965030.5	62	22.754006739541385	NA	0	1	0.996005996001	1.0000000000000036e-12	20.161290322580644	LI4	LI
965031	975030	970030.5	57	22.754006739541385	NA	0	1	0.996005996001	1.0000000000000036e-12	19.982456140350877	LI4	LI
970031	980030	975030.5	53	18.27013649870914	NA	0	1	0.996005996001	1.0000000000000036e-12	20.71698113207547	LI4	LI
975031	985030	980030.5	81	19.9274765625	0	0	1	0.996005996001	1.0000000000000036e-12	20.938271604938272	LI4	LI
980031	990030	985030.5	65	22.395066230825975	0	0	1	0.996005996001	1.0000000000000036e-12	20.646153846153847	LI4	LI
985031	995030	990030.5	67	22.86073174537527	0	0	1	0.996005996001	1.0000000000000036e-12	20.880597014925375	LI4	LI
990031	1000030	995030.5	78	19.425635970417517	0	0	1	0.996005996001	1.0000000000000036e-12	20.871794871794872	LI4	LI
995031	1005030	1000030.5	84	22.621326192261854	0	0	1	0.996005996001	1.0000000000000036e-12	21.488095238095237	LI4	LI
1000031	1010030	1005030.5	112	22.805427045235064	0	0	1	0.996005996001	1.0000000000000036e-12	21.767857142857142	LI4	LI
1005031	1015030	1010030.5	116	23.734822591145832	0	0	1	0.996005996001	1.0000000000000036e-12	21.50862068965517	LI4	LI
1010031	1020030	1015030.5	123	22.834344639862923	0	0	1	0.996005996001	1.0000000000000036e-12	21.227642276422763	LI4	LI
1015031	1025030	1020030.5	92	21.893670796452383	0	0	1	0.996005996001	1.0000000000000036e-12	21.347826086956523	LI4	LI
1020031	1030030	1025030.5	59	22.896348726033906	0	0	1	0.996005996001	1.0000000000000036e-12	21.203389830508474	LI4	LI
1025031	1035030	1030030.5	64	20.65098032235263	0	0	1	0.996005996001	1.0000000000000036e-12	19.640625	LI4	LI
1030031	1040030	1035030.5	108	21.304876096600303	0	0	1	0.996005996001	1.0000000000000036e-12	20.24074074074074	LI4	LI
1035031	1045030	1040030.5	134	23.36622534857856	0	0	1	0.996005996001	1.0000000000000036e-12	20.94776119402985	LI4	LI
1040031	1050030	1045030.5	133	22.936657557327198	0	0	1	0.996005996001	1.0000000000000036e-12	21.23308270676692	LI4	LI
1045031	1055030	1050030.5	122	22.936657557327198	0	0	1	0.996005996001	1.0000000000000036e-12	21.131147540983605	LI4	LI
1050031	1060030	1055030.5	95	22.462834922330895	0	0	1	0.996005996001	1.0000000000000036e-12	20.726315789473684	LI4	LI
1055031	1065030	1060030.5	94	22.462409500756866	0	0	1	0.996005996001	1.0000000000000036e-12	20.893617021276597	LI4	LI
1060031	1070030	1065030.5	71	22.005059972289537	0	0	1	0.996005996001	1.0000000000000036e-12	21.295774647887324	LI4	LI
1065031	1075030	1070030.5	68	20.87093051506317	881.5123456790124	0	1	0.996005996001	1.0000000000000036e-12	21.11764705882353	LI4	LI
1070031	1080030	1075030.5	102	22.31514643862497	0	0	1	0.996005996001	1.0000000000000036e-12	20.607843137254903	LI4	LI
1075031	1085030	1080030.5	109	22.71139266375693	0	0	1	0.996005996001	1.0000000000000036e-12	20.798165137614678	LI4	LI
1080031	1090030	1085030.5	98	23.65272394816081	0	0	1	0.996005996001	1.0000000000000036e-12	21.06122448979592	LI4	LI
1085031	1095030	1090030.5	110	23.371805402967667	0	0	1	0.996005996001	1.0000000000000036e-12	20.78181818181818	LI4	LI
1090031	1100030	1095030.5	102	21.695679903209523	0	0	1	0.996005996001	1.0000000000000036e-12	20.754901960784313	LI4	LI
1095031	1105030	1100030.5	94	22.279823562196924	0	0	1	0.996005996001	1.0000000000000036e-12	21.117021276595743	LI4	LI
1100031	1110030	1105030.5	95	22.920189793601544	0	0	1	0.996005996001	1.0000000000000036e-12	21.378947368421052	LI4	LI
1105031	1115030	1110030.5	79	23.787597232394752	0	0	1	0.996005996001	1.0000000000000036e-12	21.632911392405063	LI4	LI
1110031	1120030	1115030.5	94	20.75951507835277	0	0	1	0.996005996001	1.0000000000000036e-12	21.393617021276597	LI4	LI
1115031	1125030	1120030.5	97	20.58821140063168	0	0	1	0.996005996001	1.0000000000000036e-12	21.432989690721648	LI4	LI
1120031	1130030	1125030.5	114	21.853474904324756	NA	0	1	0.996005996001	1.0000000000000036e-12	21.43859649122807	LI4	LI
1125031	1135030	1130030.5	161	22.395066230825975	0	0	1	0.996005996001	1.0000000000000036e-12	21.198757763975156	LI4	LI
1130031	1140030	1135030.5	147	19.77638504437388	0	0	1	0.996005996001	1.0000000000000036e-12	21.068027210884352	LI4	LI
1135031	1145030	1140030.5	120	20.84683627915452	0	0	1	0.996005996001	1.0000000000000036e-12	20.816666666666666	LI4	LI
1140031	1150030	1145030.5	107	23.856140984429253	0	0	1	0.996005996001	1.0000000000000036e-12	20.747663551401867	LI4	LI
1145031	1155030	1150030.5	98	22.217198773840543	0	0	1	0.996005996001	1.0000000000000036e-12	20.275510204081634	LI4	LI
1150031	1160030	1155030.5	97	20.83146056041464	0	0	1	0.996005996001	1.0000000000000036e-12	20.412371134020617	LI4	LI
1155031	1165030	1160030.5	98	23.4561767578125	0	0	1	0.996005996001	1.0000000000000036e-12	21.1734693877551	LI4	LI
1160031	1170030	1165030.5	109	23.635971917046444	0	0	1	0.996005996001	1.0000000000000036e-12	21.38532110091743	LI4	LI
1165031	1175030	1170030.5	123	21.813071355419236	0	0	1	0.996005996001	1.0000000000000036e-12	21.520325203252032	LI4	LI
1170031	1180030	1175030.5	108	21.813071355419236	0	0	1	0.996005996001	1.0000000000000036e-12	21.23148148148148	LI4	LI
1175031	1185030	1180030.5	85	20.321729259540092	0	0	1	0.996005996001	1.0000000000000036e-12	20.011764705882353	LI4	LI
1180031	1190030	1185030.5	59	17.30301442524418	NA	0	1	0.996005996001	1.0000000000000036e-12	18.89830508474576	LI4	LI
1185031	1195030	1190030.5	62	18.98745201245584	0	0	1	0.996005996001	1.0000000000000036e-12	20.048387096774192	LI4	LI
1190031	1200030	1195030.5	90	19.184920410156252	0	0	1	0.996005996001	1.0000000000000036e-12	21.355555555555554	LI4	LI
1195031	1205030	1200030.5	110	21.524198003221265	0	0	1	0.996005996001	1.0000000000000036e-12	21.654545454545456	LI4	LI
1200031	1210030	1205030.5	132	22.580416666666668	0	0	1	0.996005996001	1.0000000000000036e-12	21.545454545454547	LI4	LI
1205031	1215030	1210030.5	113	23.107638888888886	0	0	1	0.996005996001	1.0000000000000036e-12	21.336283185840706	LI4	LI
1210031	1220030	1215030.5	72	23.537707010904946	0	0	1	0.996005996001	1.0000000000000036e-12	21.11111111111111	LI4	LI
1215031	1225030	1220030.5	81	20.930756082339048	0	0	1	0.996005996001	1.0000000000000036e-12	20.987654320987655	LI4	LI
1220031	1230030	1225030.5	103	20.89047573341238	0	0	1	0.996005996001	1.0000000000000036e-12	20.66990291262136	LI4	LI
1225031	1235030	1230030.5	89	22.395066230825975	0	0	1	0.996005996001	1.0000000000000036e-12	21.0561797752809	LI4	LI
1230031	1240030	1235030.5	89	22.936657557327198	0	0	1	0.996005996001	1.0000000000000036e-12	21.752808988764045	LI4	LI
1235031	1245030	1240030.5	111	22.60025790175269	0	0	1	0.996005996001	1.0000000000000036e-12	21	LI4	LI
1240031	1250030	1245030.5	128	22.106845125388467	0	0	1	0.996005996001	1.0000000000000036e-12	20.6796875	LI4	LI
1245031	1255030	1250030.5	121	21.505962963476176	0	0	1	0.996005996001	1.0000000000000036e-12	21	LI4	LI
1250031	1260030	1255030.5	131	22.859562815916004	0	0	1	0.996005996001	1.0000000000000036e-12	21.106870229007633	LI4	LI
1255031	1265030	1260030.5	110	22.019228822481374	0	0	1	0.996005996001	1.0000000000000036e-12	21.29090909090909	LI4	LI
1260031	1270030	1265030.5	110	22.516915150869153	0	0	1	0.996005996001	1.0000000000000036e-12	21.59090909090909	LI4	LI
1265031	1275030	1270030.5	144	23.10509174867694	0	0	1	0.996005996001	1.0000000000000036e-12	21.444444444444443	LI4	LI
1270031	1280030	1275030.5	138	23.36622534857856	0	0	1	0.996005996001	1.0000000000000036e-12	20.905797101449274	LI4	LI
1275031	1285030	1280030.5	134	22.936657557327198	0	0	1	0.996005996001	1.0000000000000036e-12	20.604477611940297	LI4	LI
1280031	1290030	1285030.5	100	22.87818029264894	0	0	1	0.996005996001	1.0000000000000036e-12	21.09	LI4	LI
1285031	1295030	1290030.5	82	22.466561222209666	0	0	1	0.996005996001	1.0000000000000036e-12	22.024390243902438	LI4	LI
1290031	1300030	1295030.5	104	22.859562815916004	0	0	1	0.996005996001	1.0000000000000036e-12	21.701923076923077	LI4	LI
1295031	1305030	1300030.5	99	23.306775410970054	0	0	1	0.996005996001	1.0000000000000036e-12	21.565656565656564	LI4	LI
1300031	1310030	1305030.5	83	23.92646026611328	0	0	1	0.996005996001	1.0000000000000036e-12	21.46987951807229	LI4	LI
1305031	1315030	1310030.5	71	22.62204932217168	NA	0	1	0.996005996001	1.0000000000000036e-12	21.3943661971831	LI4	LI
1310031	1320030	1315030.5	66	22.52075278873445	0	0	1	0.996005996001	1.0000000000000036e-12	21.454545454545453	LI4	LI
1315031	1325030	1320030.5	94	23.295457628038193	0	0	1	0.996005996001	1.0000000000000036e-12	21.28723404255319	LI4	LI
1320031	1330030	1325030.5	105	23.635971917046444	0	0	1	0.996005996001	1.0000000000000036e-12	21.228571428571428	LI4	LI
1325031	1335030	1330030.5	93	23.107638888888886	0	0	1	0.996005996001	1.0000000000000036e-12	21.129032258064516	LI4	LI
1330031	1340030	1335030.5	79	21.853474904324756	0	0	1	0.996005996001	1.0000000000000036e-12	21.11392405063291	LI4	LI
1335031	1345030	1340030.5	93	22.00021324734444	0	0	1	0.996005996001	1.0000000000000036e-12	20.56989247311828	LI4	LI
1340031	1350030	1345030.5	102	22.621326192261854	0	0	1	0.996005996001	1.0000000000000036e-12	20.666666666666668	LI4	LI
1345031	1355030	1350030.5	68	21.933866688580014	0	0	1	0.996005996001	1.0000000000000036e-12	21.352941176470587	LI4	LI
1350031	1360030	1355030.5	55	22.35993524240558	0	0	1	0.996005996001	1.0000000000000036e-12	21.70909090909091	LI4	LI
1355031	1365030	1360030.5	79	19.357705332281967	0	0	1	0.996005996001	1.0000000000000036e-12	21.59493670886076	LI4	LI
1360031	1370030	1365030.5	72	21.39214683019931	0	0	1	0.996005996001	1.0000000000000036e-12	21.76388888888889	LI4	LI
1365031	1375030	1370030.5	54	22.3439367140607	0	0	1	0.996005996001	1.0000000000000036e-12	22.055555555555557	LI4	LI
1370031	1380030	1375030.5	77	21.893670796452383	0	0	1	0.996005996001	1.0000000000000036e-12	21.558441558441558	LI4	LI
1375031	1385030	1380030.5	104	20.59264793771052	0	0	1	0.996005996001	1.0000000000000036e-12	21.46153846153846	LI4	LI
1380031	1390030	1385030.5	105	21.309205370183406	0	0	1	0.996005996001	1.0000000000000036e-12	21.18095238095238	LI4	LI
1385031	1395030	1390030.5	101	22.621326192261854	0	0	1	0.996005996001	1.0000000000000036e-12	21.247524752475247	LI4	LI
1390031	1400030	1395030.5	109	19.839568847656253	0	0	1	0.996005996001	1.0000000000000036e-12	21.422018348623855	LI4	LI
1395031	1405030	1400030.5	96	19.839568847656253	0	0	1	0.996005996001	1.0000000000000036e-12	21.083333333333332	LI4	LI
1400031	1410030	1405030.5	83	22.48252188296211	0	0	1	0.996005996001	1.0000000000000036e-12	20.879518072289155	LI4	LI
1405031	1415030	1410030.5	82	22.07355962850333	0	0	1	0.996005996001	1.0000000000000036e-12	21.109756097560975	LI4	LI
1410031	1420030	1415030.5	101	22.859562815916004	0	0	1	0.996005996001	1.0000000000000036e-12	21.742574257425744	LI4	LI
1415031	1425030	1420030.5	119	23.4561767578125	0	0	1	0.996005996001	1.0000000000000036e-12	21.605042016806724	LI4	LI
1420031	1430030	1425030.5	115	21.813071355419236	0	0	1	0.996005996001	1.0000000000000036e-12	20.973913043478262	LI4	LI
1425031	1435030	1430030.5	94	21.776880598175715	0	0	1	0.996005996001	1.0000000000000036e-12	21.02127659574468	LI4	LI
1430031	1440030	1435030.5	73	20.773685535135705	0	0	1	0.996005996001	1.0000000000000036e-12	21.246575342465754	LI4	LI
1435031	1445030	1440030.5	73	18.923795378335036	0	0	1	0.996005996001	1.0000000000000036e-12	21.15068493150685	LI4	LI
1440031	1450030	1445030.5	59	21.853474904324756	0	0	1	0.996005996001	1.0000000000000036e-12	21.491525423728813	LI4	LI
1445031	1455030	1450030.5	61	22.621326192261854	0	0	1	0.996005996001	1.0000000000000036e-12	21.475409836065573	LI4	LI
1450031	1460030	1455030.5	88	22.621326192261854	0	0	1	0.996005996001	1.0000000000000036e-12	21.238636363636363	LI4	LI
1455031	1465030	1460030.5	106	21.605458844970887	0	0	1	0.996005996001	1.0000000000000036e-12	20.952830188679247	LI4	LI
1460031	1470030	1465030.5	86	22.936657557327198	0	0	1	0.996005996001	1.0000000000000036e-12	20.8953488372093	LI4	LI
1465031	1475030	1470030.5	74	24.49888	0	0	1	0.996005996001	1.0000000000000036e-12	21.64864864864865	LI4	LI
1470031	1480030	1475030.5	78	24.701515999999998	0	0	1	0.996005996001	1.0000000000000036e-12	21.897435897435898	LI4	LI
1475031	1485030	1480030.5	78	21.605458844970887	0	0	1	0.996005996001	1.0000000000000036e-12	21.833333333333332	LI4	LI
1480031	1490030	1485030.5	85	23.939222547743057	0	0	1	0.996005996001	1.0000000000000036e-12	21.44705882352941	LI4	LI
1485031	1495030	1490030.5	73	23.939222547743057	0	0	1	0.996005996001	1.0000000000000036e-12	21.205479452054796	LI4	LI
1490031	1500030	1495030.5	77	23.734822591145832	0	0	1	0.996005996001	1.0000000000000036e-12	21.883116883116884	LI4	LI
1495031	1505030	1500030.5	75	23.295457628038193	0	0	1	0.996005996001	1.0000000000000036e-12	22.346666666666668	LI4	LI
1500031	1510030	1505030.5	60	22.248763324691804	NA	0	1	0.996005996001	1.0000000000000036e-12	21.666666666666668	LI4	LI
1505031	1515030	1510030.5	66	21.743519909842224	0	0	1	0.996005996001	1.0000000000000036e-12	21.393939393939394	LI4	LI
1510031	1520030	1515030.5	70	23.763671875	0	0	1	0.996005996001	1.0000000000000036e-12	22.4	LI4	LI
1515031	1525030	1520030.5	68	23.62347412109375	0	0	1	0.996005996001	1.0000000000000036e-12	22.279411764705884	LI4	LI
31	10030	5030.5	140	13.795558206541543	0	0	1	0.996005996001	1.0000000000000036e-12	15.85	LI5	LI
5031	15030	10030.5	118	15.784469604492188	0	0	1	0.996005996001	1.0000000000000036e-12	17.779661016949152	LI5	LI
10031	20030	15030.5	124	15.473309516906738	0	0	1	0.996005996001	1.0000000000000036e-12	17.588709677419356	LI5	LI
15031	25030	20030.5	89	15.473309516906738	0	0	1	0.996005996001	1.0000000000000036e-12	18.10112359550562	LI5	LI
20031	30030	25030.5	77	17.77956377937356	0	0	1	0.996005996001	1.0000000000000036e-12	18.038961038961038	LI5	LI
25031	35030	30030.5	108	15.789259374222585	NA	0	1	0.996005996001	1.0000000000000036e-12	18.26851851851852	LI5	LI
30031	40030	35030.5	117	14.90438888888889	NA	0	1	0.996005996001	1.0000000000000036e-12	18.495726495726494	LI5	LI
35031	45030	40030.5	78	NA	NA	0	1	0.996005996001	1.0000000000000036e-12	18.243589743589745	LI5	LI
40031	50030	45030.5	80	10.871759954921112	NA	0	1	0.996005996001	1.0000000000000036e-12	17.925	LI5	LI
45031	55030	50030.5	108	10.871759954921112	NA	0	1	0.996005996001	1.0000000000000036e-12	18.333333333333332	LI5	LI
50031	60030	55030.5	110	16.381094975726594	0	0	1	0.996005996001	1.0000000000000036e-12	18.509090909090908	LI5	LI
55031	65030	60030.5	97	16.381094975726594	0	0	1	0.996005996001	1.0000000000000036e-12	18.175257731958762	LI5	LI
60031	70030	65030.5	96	9.226308814973434	58.56400000000001	0	1	0.996005996001	1.0000000000000036e-12	18.135416666666668	LI5	LI
65031	75030	70030.5	122	9.226308814973434	58.56400000000001	0	1	0.996005996001	1.0000000000000036e-12	17.9672131147541	LI5	LI
70031	80030	75030.5	123	17.78101188315774	NA	0	1	0.996005996001	1.0000000000000036e-12	17.975609756097562	LI5	LI
75031	85030	80030.5	90	17.78101188315774	NA	0	1	0.996005996001	1.0000000000000036e-12	18.322222222222223	LI5	LI
80031	90030	85030.5	86	NA	NA	0	1	0.996005996001	1.0000000000000036e-12	18.453488372093023	LI5	LI
85031	95030	90030.5	106	15.54912548804106	0	0	1	0.996005996001	1.0000000000000036e-12	18.10377358490566	LI5	LI
90031	100030	95030.5	129	15.54912548804106	0	0	1	0.996005996001	1.0000000000000036e-12	17.891472868217054	LI5	LI
95031	105030	100030.5	164	NA	NA	0	1	0.996005996001	1.0000000000000036e-12	17.79268292682927	LI5	LI
100031	110030	105030.5	134	NA	NA	0	1	0.996005996001	1.0000000000000036e-12	17.917910447761194	LI5	LI
105031	115030	110030.5	88	NA	NA	0	1	0.996005996001	1.0000000000000036e-12	18.386363636363637	LI5	LI
110031	120030	115030.5	99	14.265422051826132	32767.999999999935	0	1	0.996005996001	1.0000000000000036e-12	18.484848484848484	LI5	LI
115031	125030	120030.5	99	14.265422051826132	32767.999999999935	0	1	0.996005996001	1.0000000000000036e-12	18.68686868686869	LI5	LI
120031	130030	125030.5	67	NA	NA	0	1	0.996005996001	1.0000000000000036e-12	18.402985074626866	LI5	LI
125031	135030	130030.5	88	14.265422051826132	32767.999999999935	0	1	0.996005996001	1.0000000000000036e-12	18.102272727272727	LI5	LI
130031	140030	135030.5	118	14.265422051826132	32767.999999999935	0	1	0.996005996001	1.0000000000000036e-12	18.11864406779661	LI5	LI
135031	145030	140030.5	96	NA	NA	0	1	0.996005996001	1.0000000000000036e-12	17.989583333333332	LI5	LI
140031	150030	145030.5	138	NA	NA	0	1	0.996005996001	1.0000000000000036e-12	18.5	LI5	LI
145031	155030	150030.5	214	13.75452122813411	NA	0	1	0.996005996001	1.0000000000000036e-12	18.593457943925234	LI5	LI
150031	160030	155030.5	199	13.75452122813411	NA	0	1	0.996005996001	1.0000000000000036e-12	18.452261306532662	LI5	LI
155031	165030	160030.5	131	NA	NA	0	1	0.996005996001	1.0000000000000036e-12	18.27480916030534	LI5	LI
160031	170030	165030.5	95	NA	NA	0	1	0.996005996001	1.0000000000000036e-12	18.28421052631579	LI5	LI
165031	175030	170030.5	87	10.871759954921112	NA	0	1	0.996005996001	1.0000000000000036e-12	18.310344827586206	LI5	LI
170031	180030	175030.5	81	15.355664401288681	NA	0	1	0.996005996001	1.0000000000000036e-12	18.22222222222222	LI5	LI
175031	185030	180030.5	94	16.29974591250587	NA	0	1	0.996005996001	1.0000000000000036e-12	17.78723404255319	LI5	LI
180031	190030	185030.5	112	12.759922977355487	NA	0	1	0.996005996001	1.0000000000000036e-12	17.839285714285715	LI5	LI
185031	195030	190030.5	101	NA	NA	0	1	0.996005996001	1.0000000000000036e-12	18.504950495049506	LI5	LI
190031	200030	195030.5	80	NA	NA	0	1	0.996005996001	1.0000000000000036e-12	18.8875	LI5	LI
195031	205030	200030.5	113	16.771272553687123	NA	0	1	0.996005996001	1.0000000000000036e-12	18.1858407079646	LI5	LI
200031	210030	205030.5	114	16.771272553687123	NA	0	1	0.996005996001	1.0000000000000036e-12	17.964912280701753	LI5	LI
205031	215030	210030.5	91	15.781025936810762	1048575.9999999992	0	1	0.996005996001	1.0000000000000036e-12	18.34065934065934	LI5	LI
210031	220030	215030.5	103	15.781025936810762	1048575.9999999992	0	1	0.996005996001	1.0000000000000036e-12	18.40776699029126	LI5	LI
215031	225030	220030.5	109	15.258831580551744	59049.00000000005	0	1	0.996005996001	1.0000000000000036e-12	18.201834862385322	LI5	LI
220031	230030	225030.5	84	15.258831580551744	59049.00000000005	0	1	0.996005996001	1.0000000000000036e-12	18.05952380952381	LI5	LI
225031	235030	230030.5	51	NA	NA	0	1	0.996005996001	1.0000000000000036e-12	18.568627450980394	LI5	LI
230031	240030	235030.5	89	NA	NA	0	1	0.996005996001	1.0000000000000036e-12	18.43820224719101	LI5	LI
235031	245030	240030.5	105	NA	NA	0	1	0.996005996001	1.0000000000000036e-12	18.152380952380952	LI5	LI
240031	250030	245030.5	100	15.910110473632812	NA	0	1	0.996005996001	1.0000000000000036e-12	18.33	LI5	LI
245031	255030	250030.5	99	15.910110473632812	NA	0	1	0.996005996001	1.0000000000000036e-12	18.363636363636363	LI5	LI
250031	260030	255030.5	98	NA	NA	0	1	0.996005996001	1.0000000000000036e-12	18.020408163265305	LI5	LI
255031	265030	260030.5	104	NA	NA	0	1	0.996005996001	1.0000000000000036e-12	17.951923076923077	LI5	LI
260031	270030	265030.5	87	NA	NA	0	1	0.996005996001	1.0000000000000036e-12	18.114942528735632	LI5	LI
265031	275030	270030.5	80	16.31082744198517	0	0	1	0.996005996001	1.0000000000000036e-12	18.5375	LI5	LI
270031	280030	275030.5	82	16.31082744198517	0	0	1	0.996005996001	1.0000000000000036e-12	18.79268292682927	LI5	LI
275031	285030	280030.5	87	13.91564049952351	44370.531250000015	0	1	0.996005996001	1.0000000000000036e-12	18.091954022988507	LI5	LI
280031	290030	285030.5	86	15.246847680885892	44370.531250000015	0	1	0.996005996001	1.0000000000000036e-12	17.77906976744186	LI5	LI
285031	295030	290030.5	91	16.28536531657887	NA	0	1	0.996005996001	1.0000000000000036e-12	18.032967032967033	LI5	LI
290031	300030	295030.5	99	14.78971875	NA	0	1	0.996005996001	1.0000000000000036e-12	17.67676767676768	LI5	LI
295031	305030	300030.5	142	19.719625	NA	0	1	0.996005996001	1.0000000000000036e-12	18.1056338028169	LI5	LI
300031	310030	305030.5	134	19.719625	NA	0	1	0.996005996001	1.0000000000000036e-12	18.492537313432837	LI5	LI
305031	315030	310030.5	90	NA	NA	0	1	0.996005996001	1.0000000000000036e-12	17.633333333333333	LI5	LI
310031	320030	315030.5	131	NA	NA	0	1	0.996005996001	1.0000000000000036e-12	17.748091603053435	LI5	LI
315031	325030	320030.5	121	NA	NA	0	1	0.996005996001	1.0000000000000036e-12	17.975206611570247	LI5	LI
320031	330030	325030.5	92	9.055594171357733	0.12299364797486502	0	1	0.996005996001	1.0000000000000036e-12	17.5	LI5	LI
325031	335030	330030.5	108	9.055594171357733	0.12299364797486502	0	1	0.996005996001	1.0000000000000036e-12	17.62037037037037	LI5	LI
330031	340030	335030.5	99	NA	NA	0	1	0.996005996001	1.0000000000000036e-12	17.90909090909091	LI5	LI
335031	345030	340030.5	84	13.738056273830473	2045.286198750191	0	1	0.996005996001	1.0000000000000036e-12	17.845238095238095	LI5	LI
340031	350030	345030.5	67	16.91518674944026	2045.286198750191	0	1	0.996005996001	1.0000000000000036e-12	17.597014925373134	LI5	LI
345031	355030	350030.5	34	13.817773983754691	NA	0	1	0.996005996001	1.0000000000000036e-12	16.970588235294116	LI5	LI
350031	360030	355030.5	8	9.628452915371689	0	0	1	0.996005996001	1.0000000000000036e-12	13.125	LI5	LI
355031	365030	360030.5	7	8.536544612674255	0	0	1	0.996005996001	1.0000000000000036e-12	12.142857142857142	LI5	LI
360031	370030	365030.5	13	12.584433318161128	NA	0	1	0.996005996001	1.0000000000000036e-12	10.76923076923077	LI5	LI
365031	375030	370030.5	54	12.584433318161128	NA	0	1	0.996005996001	1.0000000000000036e-12	14.518518518518519	LI5	LI
370031	380030	375030.5	89	NA	NA	0	1	0.996005996001	1.0000000000000036e-12	16.584269662921347	LI5	LI
375031	385030	380030.5	75	NA	NA	0	1	0.996005996001	1.0000000000000036e-12	17.933333333333334	LI5	LI
380031	390030	385030.5	67	NA	NA	0	1	0.996005996001	1.0000000000000036e-12	18.16417910447761	LI5	LI
385031	395030	390030.5	81	NA	NA	0	1	0.996005996001	1.0000000000000036e-12	18.580246913580247	LI5	LI
390031	400030	395030.5	81	13.957218750000001	0	0	1	0.996005996001	1.0000000000000036e-12	18.246913580246915	LI5	LI
395031	405030	400030.5	80	13.957218750000001	0	0	1	0.996005996001	1.0000000000000036e-12	18.2875	LI5	LI
400031	410030	405030.5	99	NA	NA	0	1	0.996005996001	1.0000000000000036e-12	18.353535353535353	LI5	LI
405031	415030	410030.5	87	16.807589558314675	0	0	1	0.996005996001	1.0000000000000036e-12	17.908045977011493	LI5	LI
410031	420030	415030.5	67	16.807589558314675	0	0	1	0.996005996001	1.0000000000000036e-12	17.402985074626866	LI5	LI
415031	425030	420030.5	78	9.751651994618301	104.35776759683472	0	1	0.996005996001	1.0000000000000036e-12	17.615384615384617	LI5	LI
420031	430030	425030.5	91	9.751651994618301	104.35776759683472	0	1	0.996005996001	1.0000000000000036e-12	17.626373626373628	LI5	LI
425031	435030	430030.5	96	NA	NA	0	1	0.996005996001	1.0000000000000036e-12	17.802083333333332	LI5	LI
430031	440030	435030.5	96	NA	NA	0	1	0.996005996001	1.0000000000000036e-12	18.25	LI5	LI
435031	445030	440030.5	93	NA	NA	0	1	0.996005996001	1.0000000000000036e-12	17.903225806451612	LI5	LI
440031	450030	445030.5	80	18.890456400008517	0	0	1	0.996005996001	1.0000000000000036e-12	17.975	LI5	LI
445031	455030	450030.5	75	18.890456400008517	0	0	1	0.996005996001	1.0000000000000036e-12	18.253333333333334	LI5	LI
450031	460030	455030.5	96	NA	NA	0	1	0.996005996001	1.0000000000000036e-12	18.125	LI5	LI
455031	465030	460030.5	93	15.760670371557818	NA	0	1	0.996005996001	1.0000000000000036e-12	17.946236559139784	LI5	LI
460031	470030	465030.5	97	15.760670371557818	NA	0	1	0.996005996001	1.0000000000000036e-12	17.804123711340207	LI5	LI
465031	475030	470030.5	85	NA	NA	0	1	0.996005996001	1.0000000000000036e-12	18.023529411764706	LI5	LI
470031	480030	475030.5	61	18.923795378335036	NA	0	1	0.996005996001	1.0000000000000036e-12	18.62295081967213	LI5	LI
475031	485030	480030.5	77	18.923795378335036	NA	0	1	0.996005996001	1.0000000000000036e-12	18.675324675324674	LI5	LI
480031	490030	485030.5	54	NA	NA	0	1	0.996005996001	1.0000000000000036e-12	18.333333333333332	LI5	LI
485031	495030	490030.5	40	NA	NA	0	1	0.996005996001	1.0000000000000036e-12	18.225	LI5	LI
490031	500030	495030.5	54	NA	NA	0	1	0.996005996001	1.0000000000000036e-12	18.074074074074073	LI5	LI
495031	505030	500030.5	65	14.90438888888889	NA	0	1	0.996005996001	1.0000000000000036e-12	17.815384615384616	LI5	LI
500031	510030	505030.5	74	14.90438888888889	NA	0	1	0.996005996001	1.0000000000000036e-12	18.2972972972973	LI5	LI
505031	515030	510030.5	83	NA	NA	0	1	0.996005996001	1.0000000000000036e-12	17.843373493975903	LI5	LI
510031	520030	515030.5	77	14.215499999999999	0	0	1	0.996005996001	1.0000000000000036e-12	17.636363636363637	LI5	LI
515031	525030	520030.5	59	14.328887152777778	0	0	1	0.996005996001	1.0000000000000036e-12	18.47457627118644	LI5	LI
520031	530030	525030.5	71	13.091956244574654	0	0	1	0.996005996001	1.0000000000000036e-12	17.64788732394366	LI5	LI
525031	535030	530030.5	76	11.8818359375	NA	0	1	0.996005996001	1.0000000000000036e-12	17.19736842105263	LI5	LI
530031	540030	535030.5	72	12.889863395134839	NA	0	1	0.996005996001	1.0000000000000036e-12	17.333333333333332	LI5	LI
535031	545030	540030.5	82	NA	NA	0	1	0.996005996001	1.0000000000000036e-12	17.365853658536587	LI5	LI
540031	550030	545030.5	97	12.759922977355487	NA	0	1	0.996005996001	1.0000000000000036e-12	17.721649484536083	LI5	LI
545031	555030	550030.5	95	12.759922977355487	0	0	1	0.996005996001	1.0000000000000036e-12	17.8	LI5	LI
550031	560030	555030.5	63	14.090506165101543	0	0	1	0.996005996001	1.0000000000000036e-12	17.793650793650794	LI5	LI
555031	565030	560030.5	46	NA	NA	0	1	0.996005996001	1.0000000000000036e-12	17.91304347826087	LI5	LI
560031	570030	565030.5	73	NA	NA	0	1	0.996005996001	1.0000000000000036e-12	18	LI5	LI
565031	575030	570030.5	109	13.69347681874089	NA	0	1	0.996005996001	1.0000000000000036e-12	17.788990825688074	LI5	LI
570031	580030	575030.5	102	13.69347681874089	NA	0	1	0.996005996001	1.0000000000000036e-12	17.676470588235293	LI5	LI
575031	585030	580030.5	67	16.926874423866415	0	0	1	0.996005996001	1.0000000000000036e-12	17.850746268656717	LI5	LI
580031	590030	585030.5	70	16.926874423866415	0	0	1	0.996005996001	1.0000000000000036e-12	17.6	LI5	LI
585031	595030	590030.5	79	NA	NA	0	1	0.996005996001	1.0000000000000036e-12	17.620253164556964	LI5	LI
590031	600030	595030.5	71	15.258010864257812	0	0	1	0.996005996001	1.0000000000000036e-12	18.014084507042252	LI5	LI
595031	605030	600030.5	86	13.501658783004192	0	0	1	0.996005996001	1.0000000000000036e-12	18.337209302325583	LI5	LI
600031	610030	605030.5	114	12.367968038802912	0	0	1	0.996005996001	1.0000000000000036e-12	17.640350877192983	LI5	LI
605031	615030	610030.5	118	NA	NA	0	1	0.996005996001	1.0000000000000036e-12	17.52542372881356	LI5	LI
610031	620030	615030.5	107	NA	NA	0	1	0.996005996001	1.0000000000000036e-12	18.14018691588785	LI5	LI
615031	625030	620030.5	100	NA	NA	0	1	0.996005996001	1.0000000000000036e-12	18.49	LI5	LI
620031	630030	625030.5	101	NA	NA	0	1	0.996005996001	1.0000000000000036e-12	18.643564356435643	LI5	LI
625031	635030	630030.5	112	NA	NA	0	1	0.996005996001	1.0000000000000036e-12	18.294642857142858	LI5	LI
630031	640030	635030.5	79	NA	NA	0	1	0.996005996001	1.0000000000000036e-12	18.189873417721518	LI5	LI
635031	645030	640030.5	41	NA	NA	0	1	0.996005996001	1.0000000000000036e-12	17.951219512195124	LI5	LI
640031	650030	645030.5	57	NA	NA	0	1	0.996005996001	1.0000000000000036e-12	17.859649122807017	LI5	LI
645031	655030	650030.5	63	10.080181829913872	137.09279999999995	0	1	0.996005996001	1.0000000000000036e-12	18.476190476190474	LI5	LI
650031	660030	655030.5	64	11.0537109375	0	0	1	0.996005996001	1.0000000000000036e-12	18.078125	LI5	LI
655031	665030	660030.5	63	13.957218750000001	0	0	1	0.996005996001	1.0000000000000036e-12	17.53968253968254	LI5	LI
660031	670030	665030.5	53	18.923795378335036	NA	0	1	0.996005996001	1.0000000000000036e-12	17.69811320754717	LI5	LI
665031	675030	670030.5	35	NA	NA	0	1	0.996005996001	1.0000000000000036e-12	17.771428571428572	LI5	LI
670031	680030	675030.5	11	NA	NA	0	1	0.996005996001	1.0000000000000036e-12	17.454545454545453	LI5	LI
675031	685030	680030.5	9	NA	NA	0	1	0.996005996001	1.0000000000000036e-12	17.666666666666668	LI5	LI
680031	690030	685030.5	7	NA	NA	0	1	0.996005996001	1.0000000000000036e-12	18.571428571428573	LI5	LI
685031	695030	690030.5	0	NA	NA	NA	NA	NA	NA	NA	LI5	LI
690031	700030	695030.5	0	NA	NA	NA	NA	NA	NA	NA	LI5	LI
695031	705030	700030.5	0	NA	NA	NA	NA	NA	NA	NA	LI5	LI
700031	710030	705030.5	16	10.720361218069122	NA	0	1	0.996005996001	1.0000000000000036e-12	16.9375	LI5	LI
705031	715030	710030.5	62	13.789250266854594	0	0	1	0.996005996001	1.0000000000000036e-12	17.870967741935484	LI5	LI
710031	720030	715030.5	107	16.858139315640067	0	0	1	0.996005996001	1.0000000000000036e-12	18.205607476635514	LI5	LI
715031	725030	720030.5	99	11.553819444444443	NA	0	1	0.996005996001	1.0000000000000036e-12	18.04040404040404	LI5	LI
720031	730030	725030.5	77	14.631916773391513	0	0	1	0.996005996001	1.0000000000000036e-12	18.01298701298701	LI5	LI
725031	735030	730030.5	74	15.012173652648926	0	0	1	0.996005996001	1.0000000000000036e-12	18.364864864864863	LI5	LI
730031	740030	735030.5	66	14.91877454449518	0	0	1	0.996005996001	1.0000000000000036e-12	18.257575757575758	LI5	LI
735031	745030	740030.5	71	14.91877454449518	0	0	1	0.996005996001	1.0000000000000036e-12	18.112676056338028	LI5	LI
740031	750030	745030.5	77	NA	NA	0	1	0.996005996001	1.0000000000000036e-12	18.22077922077922	LI5	LI
745031	755030	750030.5	72	11.8818359375	NA	0	1	0.996005996001	1.0000000000000036e-12	18.15277777777778	LI5	LI
750031	760030	755030.5	75	11.8818359375	NA	0	1	0.996005996001	1.0000000000000036e-12	18.013333333333332	LI5	LI
755031	765030	760030.5	93	13.611151603498543	NA	0	1	0.996005996001	1.0000000000000036e-12	17.677419354838708	LI5	LI
760031	770030	765030.5	92	17.29692539788514	0	0	1	0.996005996001	1.0000000000000036e-12	17.619565217391305	LI5	LI
765031	775030	770030.5	102	16.67412985955628	0	0	1	0.996005996001	1.0000000000000036e-12	17.676470588235293	LI5	LI
770031	780030	775030.5	98	13.775802033983236	NA	0	1	0.996005996001	1.0000000000000036e-12	17.571428571428573	LI5	LI
775031	785030	780030.5	58	NA	NA	0	1	0.996005996001	1.0000000000000036e-12	17.879310344827587	LI5	LI
780031	790030	785030.5	70	NA	NA	0	1	0.996005996001	1.0000000000000036e-12	17.914285714285715	LI5	LI
785031	795030	790030.5	87	15.258010864257812	0	0	1	0.996005996001	1.0000000000000036e-12	17.74712643678161	LI5	LI
790031	800030	795030.5	67	15.258010864257812	0	0	1	0.996005996001	1.0000000000000036e-12	17.83582089552239	LI5	LI
795031	805030	800030.5	70	7.629005432128906	NA	0	1	0.996005996001	1.0000000000000036e-12	17.585714285714285	LI5	LI
800031	810030	805030.5	66	7.629005432128906	NA	0	1	0.996005996001	1.0000000000000036e-12	17.62121212121212	LI5	LI
805031	815030	810030.5	34	NA	NA	0	1	0.996005996001	1.0000000000000036e-12	17.529411764705884	LI5	LI
810031	820030	815030.5	91	9.949566374099795	0	0	1	0.996005996001	1.0000000000000036e-12	16.45054945054945	LI5	LI
815031	825030	820030.5	109	9.949566374099795	0	0	1	0.996005996001	1.0000000000000036e-12	16.972477064220183	LI5	LI
820031	830030	825030.5	62	NA	NA	0	1	0.996005996001	1.0000000000000036e-12	18.241935483870968	LI5	LI
825031	835030	830030.5	77	14.634666666666668	NA	0	1	0.996005996001	1.0000000000000036e-12	18.181818181818183	LI5	LI
830031	840030	835030.5	78	14.634666666666668	NA	0	1	0.996005996001	1.0000000000000036e-12	17.94871794871795	LI5	LI
835031	845030	840030.5	84	11.553819444444443	NA	0	1	0.996005996001	1.0000000000000036e-12	17.44047619047619	LI5	LI
840031	850030	845030.5	91	12.156871210899965	23730.46874999998	0	1	0.996005996001	1.0000000000000036e-12	18.032967032967033	LI5	LI
845031	855030	850030.5	85	13.287231008686955	23730.46874999998	0	1	0.996005996001	1.0000000000000036e-12	18.258823529411764	LI5	LI
850031	860030	855030.5	94	12.812375053479006	NA	0	1	0.996005996001	1.0000000000000036e-12	17.30851063829787	LI5	LI
855031	865030	860030.5	107	14.90438888888889	NA	0	1	0.996005996001	1.0000000000000036e-12	17.7196261682243	LI5	LI
860031	870030	865030.5	118	14.23438339310682	0	0	1	0.996005996001	1.0000000000000036e-12	17.949152542372882	LI5	LI
865031	875030	870030.5	131	13.167934584548107	0	0	1	0.996005996001	1.0000000000000036e-12	17.564885496183205	LI5	LI
870031	880030	875030.5	100	13.775802033983236	NA	0	1	0.996005996001	1.0000000000000036e-12	17.83	LI5	LI
875031	885030	880030.5	50	13.775802033983236	NA	0	1	0.996005996001	1.0000000000000036e-12	17.12	LI5	LI
880031	890030	885030.5	29	NA	NA	0	1	0.996005996001	1.0000000000000036e-12	13.655172413793103	LI5	LI
885031	895030	890030.5	44	NA	NA	0	1	0.996005996001	1.0000000000000036e-12	16.545454545454547	LI5	LI
890031	900030	895030.5	66	2.5842812500000005	NA	0	1	0.996005996001	1.0000000000000036e-12	17.045454545454547	LI5	LI
895031	905030	900030.5	39	3.7499999999999996	39.99999999999997	0	1	0.996005996001	1.0000000000000036e-12	14.153846153846153	LI5	LI
900031	910030	905030.5	26	8.55856317016784	39.99999999999997	0	1	0.996005996001	1.0000000000000036e-12	9.576923076923077	LI5	LI
905031	915030	910030.5	55	8.55856317016784	NA	0	1	0.996005996001	1.0000000000000036e-12	15.49090909090909	LI5	LI
910031	920030	915030.5	86	13.795558206541543	0	0	1	0.996005996001	1.0000000000000036e-12	17.697674418604652	LI5	LI
915031	925030	920030.5	88	13.795558206541543	0	0	1	0.996005996001	1.0000000000000036e-12	17.90909090909091	LI5	LI
920031	930030	925030.5	107	NA	NA	0	1	0.996005996001	1.0000000000000036e-12	17.869158878504674	LI5	LI
925031	935030	930030.5	119	NA	NA	0	1	0.996005996001	1.0000000000000036e-12	17.722689075630253	LI5	LI
930031	940030	935030.5	94	NA	NA	0	1	0.996005996001	1.0000000000000036e-12	18.22340425531915	LI5	LI
935031	945030	940030.5	97	NA	NA	0	1	0.996005996001	1.0000000000000036e-12	18.484536082474225	LI5	LI
940031	950030	945030.5	99	7.629005432128906	NA	0	1	0.996005996001	1.0000000000000036e-12	18.2020202020202	LI5	LI
945031	955030	950030.5	71	16.608723958333336	0	0	1	0.996005996001	1.0000000000000036e-12	17.95774647887324	LI5	LI
950031	960030	955030.5	73	17.330729166666668	0	0	1	0.996005996001	1.0000000000000036e-12	17.575342465753426	LI5	LI
955031	965030	960030.5	66	NA	NA	0	1	0.996005996001	1.0000000000000036e-12	17.106060606060606	LI5	LI
960031	970030	965030.5	62	NA	NA	0	1	0.996005996001	1.0000000000000036e-12	16.967741935483872	LI5	LI
965031	975030	970030.5	57	NA	NA	0	1	0.996005996001	1.0000000000000036e-12	16.19298245614035	LI5	LI
970031	980030	975030.5	53	NA	NA	0	1	0.996005996001	1.0000000000000036e-12	17.20754716981132	LI5	LI
975031	985030	980030.5	81	7.490980940412599	626.2993679012345	0	1	0.996005996001	1.0000000000000036e-12	18.049382716049383	LI5	LI
980031	990030	985030.5	65	11.374495902335205	313.14968395061726	0	1	0.996005996001	1.0000000000000036e-12	17.73846153846154	LI5	LI
985031	995030	990030.5	67	15.258010864257812	0	0	1	0.996005996001	1.0000000000000036e-12	17.91044776119403	LI5	LI
990031	1000030	995030.5	78	5.132677734375	NA	0	1	0.996005996001	1.0000000000000036e-12	17.692307692307693	LI5	LI
995031	1005030	1000030.5	84	7.611078125	NA	0	1	0.996005996001	1.0000000000000036e-12	17.357142857142858	LI5	LI
1000031	1010030	1005030.5	112	10.283530368085556	NA	0	1	0.996005996001	1.0000000000000036e-12	17.9375	LI5	LI
1005031	1015030	1010030.5	116	NA	NA	0	1	0.996005996001	1.0000000000000036e-12	18.405172413793103	LI5	LI
1010031	1020030	1015030.5	123	15.332716780964393	NA	0	1	0.996005996001	1.0000000000000036e-12	18.520325203252032	LI5	LI
1015031	1025030	1020030.5	92	15.332716780964393	NA	0	1	0.996005996001	1.0000000000000036e-12	18.304347826086957	LI5	LI
1020031	1030030	1025030.5	59	15.760670371557818	1419856.9999999974	0	1	0.996005996001	1.0000000000000036e-12	17.83050847457627	LI5	LI
1025031	1035030	1030030.5	64	15.760670371557818	1419856.9999999974	0	1	0.996005996001	1.0000000000000036e-12	16.203125	LI5	LI
1030031	1040030	1035030.5	108	NA	NA	0	1	0.996005996001	1.0000000000000036e-12	16.5	LI5	LI
1035031	1045030	1040030.5	134	12.88595776911698	0	0	1	0.996005996001	1.0000000000000036e-12	17.619402985074625	LI5	LI
1040031	1050030	1045030.5	133	12.786520693905619	0	0	1	0.996005996001	1.0000000000000036e-12	18.097744360902254	LI5	LI
1045031	1055030	1050030.5	122	11.606319587124906	0	0	1	0.996005996001	1.0000000000000036e-12	18.270491803278688	LI5	LI
1050031	1060030	1055030.5	95	16.501104372328516	0	0	1	0.996005996001	1.0000000000000036e-12	17.821052631578947	LI5	LI
1055031	1065030	1060030.5	94	16.700073863347242	0	0	1	0.996005996001	1.0000000000000036e-12	17.79787234042553	LI5	LI
1060031	1070030	1065030.5	71	NA	NA	0	1	0.996005996001	1.0000000000000036e-12	18.323943661971832	LI5	LI
1065031	1075030	1070030.5	68	11.785387153361317	467.1367677691413	0	1	0.996005996001	1.0000000000000036e-12	17.985294117647058	LI5	LI
1070031	1080030	1075030.5	102	13.611151603498543	467.1367677691413	0	1	0.996005996001	1.0000000000000036e-12	17.598039215686274	LI5	LI
1075031	1085030	1080030.5	109	14.78971875	NA	0	1	0.996005996001	1.0000000000000036e-12	17.71559633027523	LI5	LI
1080031	1090030	1085030.5	98	15.28601035616298	NA	0	1	0.996005996001	1.0000000000000036e-12	18.051020408163264	LI5	LI
1085031	1095030	1090030.5	110	13.611151603498543	NA	0	1	0.996005996001	1.0000000000000036e-12	18.381818181818183	LI5	LI
1090031	1100030	1095030.5	102	13.611151603498543	NA	0	1	0.996005996001	1.0000000000000036e-12	18.372549019607842	LI5	LI
1095031	1105030	1100030.5	94	NA	NA	0	1	0.996005996001	1.0000000000000036e-12	18.29787234042553	LI5	LI
1100031	1110030	1105030.5	95	17.78101188315774	NA	0	1	0.996005996001	1.0000000000000036e-12	18.53684210526316	LI5	LI
1105031	1115030	1110030.5	79	17.78101188315774	NA	0	1	0.996005996001	1.0000000000000036e-12	18.70886075949367	LI5	LI
1110031	1120030	1115030.5	94	NA	NA	0	1	0.996005996001	1.0000000000000036e-12	18.24468085106383	LI5	LI
1115031	1125030	1120030.5	97	NA	NA	0	1	0.996005996001	1.0000000000000036e-12	18.164948453608247	LI5	LI
1120031	1130030	1125030.5	114	NA	NA	0	1	0.996005996001	1.0000000000000036e-12	18.228070175438596	LI5	LI
1125031	1135030	1130030.5	161	NA	NA	0	1	0.996005996001	1.0000000000000036e-12	18.372670807453417	LI5	LI
1130031	1140030	1135030.5	147	NA	NA	0	1	0.996005996001	1.0000000000000036e-12	18.462585034013607	LI5	LI
1135031	1145030	1140030.5	120	NA	NA	0	1	0.996005996001	1.0000000000000036e-12	18.041666666666668	LI5	LI
1140031	1150030	1145030.5	107	NA	NA	0	1	0.996005996001	1.0000000000000036e-12	17.85981308411215	LI5	LI
1145031	1155030	1150030.5	98	11.868934631347656	NA	0	1	0.996005996001	1.0000000000000036e-12	17.255102040816325	LI5	LI
1150031	1160030	1155030.5	97	11.868934631347656	NA	0	1	0.996005996001	1.0000000000000036e-12	17.24742268041237	LI5	LI
1155031	1165030	1160030.5	98	NA	NA	0	1	0.996005996001	1.0000000000000036e-12	18.051020408163264	LI5	LI
1160031	1170030	1165030.5	109	17.87255859375	0	0	1	0.996005996001	1.0000000000000036e-12	18.03669724770642	LI5	LI
1165031	1175030	1170030.5	123	17.87255859375	0	0	1	0.996005996001	1.0000000000000036e-12	18.008130081300813	LI5	LI
1170031	1180030	1175030.5	108	16.914915704923402	NA	0	1	0.996005996001	1.0000000000000036e-12	18.203703703703702	LI5	LI
1175031	1185030	1180030.5	85	NA	NA	0	1	0.996005996001	1.0000000000000036e-12	18.529411764705884	LI5	LI
1180031	1190030	1185030.5	59	NA	NA	0	1	0.996005996001	1.0000000000000036e-12	18.47457627118644	LI5	LI
1185031	1195030	1190030.5	62	13.73642622010031	NA	0	1	0.996005996001	1.0000000000000036e-12	18.241935483870968	LI5	LI
1190031	1200030	1195030.5	90	16.831951391300155	NA	0	1	0.996005996001	1.0000000000000036e-12	18.233333333333334	LI5	LI
1195031	1205030	1200030.5	110	19.9274765625	NA	0	1	0.996005996001	1.0000000000000036e-12	18.054545454545455	LI5	LI
1200031	1210030	1205030.5	132	16.67412985955628	NA	0	1	0.996005996001	1.0000000000000036e-12	18.022727272727273	LI5	LI
1205031	1215030	1210030.5	113	16.67412985955628	NA	0	1	0.996005996001	1.0000000000000036e-12	18.097345132743364	LI5	LI
1210031	1220030	1215030.5	72	14.681114583333333	0	0	1	0.996005996001	1.0000000000000036e-12	17.958333333333332	LI5	LI
1215031	1225030	1220030.5	81	14.681114583333333	0	0	1	0.996005996001	1.0000000000000036e-12	18.34567901234568	LI5	LI
1220031	1230030	1225030.5	103	14.634666666666668	NA	0	1	0.996005996001	1.0000000000000036e-12	18.45631067961165	LI5	LI
1225031	1235030	1230030.5	89	15.921193479562614	NA	0	1	0.996005996001	1.0000000000000036e-12	18.269662921348313	LI5	LI
1230031	1240030	1235030.5	89	17.20772029245856	NA	0	1	0.996005996001	1.0000000000000036e-12	18.191011235955056	LI5	LI
1235031	1245030	1240030.5	111	13.897890852769677	NA	0	1	0.996005996001	1.0000000000000036e-12	17.9009009009009	LI5	LI
1240031	1250030	1245030.5	128	13.897890852769677	NA	0	1	0.996005996001	1.0000000000000036e-12	17.9375	LI5	LI
1245031	1255030	1250030.5	121	12.437155958409196	0	0	1	0.996005996001	1.0000000000000036e-12	18	LI5	LI
1250031	1260030	1255030.5	131	12.437155958409196	0	0	1	0.996005996001	1.0000000000000036e-12	18.106870229007633	LI5	LI
1255031	1265030	1260030.5	110	11.867411295572916	0	0	1	0.996005996001	1.0000000000000036e-12	18.40909090909091	LI5	LI
1260031	1270030	1265030.5	110	13.74441110352501	0	0	1	0.996005996001	1.0000000000000036e-12	18.6	LI5	LI
1265031	1275030	1270030.5	144	14.90438888888889	0	0	1	0.996005996001	1.0000000000000036e-12	18.34027777777778	LI5	LI
1270031	1280030	1275030.5	138	14.776704215447339	NA	0	1	0.996005996001	1.0000000000000036e-12	18.21014492753623	LI5	LI
1275031	1285030	1280030.5	134	14.776704215447339	NA	0	1	0.996005996001	1.0000000000000036e-12	18.15671641791045	LI5	LI
1280031	1290030	1285030.5	100	NA	NA	0	1	0.996005996001	1.0000000000000036e-12	18.04	LI5	LI
1285031	1295030	1290030.5	82	12.722520685825351	NA	0	1	0.996005996001	1.0000000000000036e-12	18.29268292682927	LI5	LI
1290031	1300030	1295030.5	104	12.722520685825351	NA	0	1	0.996005996001	1.0000000000000036e-12	18.16346153846154	LI5	LI
1295031	1305030	1300030.5	99	NA	NA	0	1	0.996005996001	1.0000000000000036e-12	18	LI5	LI
1300031	1310030	1305030.5	83	NA	NA	0	1	0.996005996001	1.0000000000000036e-12	18.49397590361446	LI5	LI
1305031	1315030	1310030.5	71	NA	NA	0	1	0.996005996001	1.0000000000000036e-12	18.816901408450704	LI5	LI
1310031	1320030	1315030.5	66	NA	NA	0	1	0.996005996001	1.0000000000000036e-12	18.348484848484848	LI5	LI
1315031	1325030	1320030.5	94	NA	NA	0	1	0.996005996001	1.0000000000000036e-12	18.29787234042553	LI5	LI
1320031	1330030	1325030.5	105	NA	NA	0	1	0.996005996001	1.0000000000000036e-12	18.333333333333332	LI5	LI
1325031	1335030	1330030.5	93	NA	NA	0	1	0.996005996001	1.0000000000000036e-12	18.043010752688172	LI5	LI
1330031	1340030	1335030.5	79	11.8818359375	NA	0	1	0.996005996001	1.0000000000000036e-12	18.164556962025316	LI5	LI
1335031	1345030	1340030.5	93	13.69347681874089	0	0	1	0.996005996001	1.0000000000000036e-12	17.311827956989248	LI5	LI
1340031	1350030	1345030.5	102	13.69347681874089	0	0	1	0.996005996001	1.0000000000000036e-12	17.254901960784313	LI5	LI
1345031	1355030	1350030.5	68	10.518407212622089	NA	0	1	0.996005996001	1.0000000000000036e-12	18.176470588235293	LI5	LI
1350031	1360030	1355030.5	55	NA	NA	0	1	0.996005996001	1.0000000000000036e-12	18.545454545454547	LI5	LI
1355031	1365030	1360030.5	79	10.871759954921112	NA	0	1	0.996005996001	1.0000000000000036e-12	17.962025316455698	LI5	LI
1360031	1370030	1365030.5	72	10.871759954921112	NA	0	1	0.996005996001	1.0000000000000036e-12	17.59722222222222	LI5	LI
1365031	1375030	1370030.5	54	NA	NA	0	1	0.996005996001	1.0000000000000036e-12	18.25925925925926	LI5	LI
1370031	1380030	1375030.5	77	16.061747055007125	0	0	1	0.996005996001	1.0000000000000036e-12	17.83116883116883	LI5	LI
1375031	1385030	1380030.5	104	14.90438888888889	0	0	1	0.996005996001	1.0000000000000036e-12	17.60576923076923	LI5	LI
1380031	1390030	1385030.5	105	14.430803819444446	0	0	1	0.996005996001	1.0000000000000036e-12	17.857142857142858	LI5	LI
1385031	1395030	1390030.5	101	NA	NA	0	1	0.996005996001	1.0000000000000036e-12	18	LI5	LI
1390031	1400030	1395030.5	109	14.782288530142273	NA	0	1	0.996005996001	1.0000000000000036e-12	17.81651376146789	LI5	LI
1395031	1405030	1400030.5	96	14.782288530142273	NA	0	1	0.996005996001	1.0000000000000036e-12	17.895833333333332	LI5	LI
1400031	1410030	1405030.5	83	NA	NA	0	1	0.996005996001	1.0000000000000036e-12	18.53012048192771	LI5	LI
1405031	1415030	1410030.5	82	NA	NA	0	1	0.996005996001	1.0000000000000036e-12	18.475609756097562	LI5	LI
1410031	1420030	1415030.5	101	12.299155226807471	9065.548315805518	0	1	0.996005996001	1.0000000000000036e-12	18.08910891089109	LI5	LI
1415031	1425030	1420030.5	119	12.299155226807471	9065.548315805518	0	1	0.996005996001	1.0000000000000036e-12	18.084033613445378	LI5	LI
1420031	1430030	1425030.5	115	NA	NA	0	1	0.996005996001	1.0000000000000036e-12	18.191304347826087	LI5	LI
1425031	1435030	1430030.5	94	NA	NA	0	1	0.996005996001	1.0000000000000036e-12	18.329787234042552	LI5	LI
1430031	1440030	1435030.5	73	NA	NA	0	1	0.996005996001	1.0000000000000036e-12	18	LI5	LI
1435031	1445030	1440030.5	73	15.600225881859533	NA	0	1	0.996005996001	1.0000000000000036e-12	17.876712328767123	LI5	LI
1440031	1450030	1445030.5	59	15.600225881859533	NA	0	1	0.996005996001	1.0000000000000036e-12	18.440677966101696	LI5	LI
1445031	1455030	1450030.5	61	14.265422051826132	32767.999999999935	0	1	0.996005996001	1.0000000000000036e-12	18.18032786885246	LI5	LI
1450031	1460030	1455030.5	88	15.470590122188254	16383.999999999967	0	1	0.996005996001	1.0000000000000036e-12	18.170454545454547	LI5	LI
1455031	1465030	1460030.5	106	16.675758192550376	0	0	1	0.996005996001	1.0000000000000036e-12	18.264150943396228	LI5	LI
1460031	1470030	1465030.5	86	NA	NA	0	1	0.996005996001	1.0000000000000036e-12	18.13953488372093	LI5	LI
1465031	1475030	1470030.5	74	NA	NA	0	1	0.996005996001	1.0000000000000036e-12	18.554054054054053	LI5	LI
1470031	1480030	1475030.5	78	NA	NA	0	1	0.996005996001	1.0000000000000036e-12	18.71794871794872	LI5	LI
1475031	1485030	1480030.5	78	NA	NA	0	1	0.996005996001	1.0000000000000036e-12	18.358974358974358	LI5	LI
1480031	1490030	1485030.5	85	19.9274765625	NA	0	1	0.996005996001	1.0000000000000036e-12	18.141176470588235	LI5	LI
1485031	1495030	1490030.5	73	19.9274765625	NA	0	1	0.996005996001	1.0000000000000036e-12	18.17808219178082	LI5	LI
1490031	1500030	1495030.5	77	NA	NA	0	1	0.996005996001	1.0000000000000036e-12	17.766233766233768	LI5	LI
1495031	1505030	1500030.5	75	NA	NA	0	1	0.996005996001	1.0000000000000036e-12	17.786666666666665	LI5	LI
1500031	1510030	1505030.5	60	16.67412985955628	NA	0	1	0.996005996001	1.0000000000000036e-12	18.116666666666667	LI5	LI
1505031	1515030	1510030.5	66	16.67412985955628	NA	0	1	0.996005996001	1.0000000000000036e-12	18.242424242424242	LI5	LI
1510031	1520030	1515030.5	70	13.82125315452891	1419856.9999999974	0	1	0.996005996001	1.0000000000000036e-12	18.02857142857143	LI5	LI
1515031	1525030	1520030.5	68	13.82125315452891	1419856.9999999974	0	1	0.996005996001	1.0000000000000036e-12	17.735294117647058	LI5	LI
31	10030	5030.5	140	36.080538291712564	0	0	1	0.996005996001	1.0000000000000036e-12	48.74285714285714	LI6	LI
5031	15030	10030.5	118	45.81309663658615	0	0	1	0.996005996001	1.0000000000000036e-12	52.04237288135593	LI6	LI
10031	20030	15030.5	124	45.81309663658615	0	0	1	0.996005996001	1.0000000000000036e-12	51.483870967741936	LI6	LI
15031	25030	20030.5	89	41.83913908755467	0	0	1	0.996005996001	1.0000000000000036e-12	52.69662921348315	LI6	LI
20031	30030	25030.5	77	41.83913908755467	0	0	1	0.996005996001	1.0000000000000036e-12	52.96103896103896	LI6	LI
25031	35030	30030.5	108	41.78554456566853	0	0	1	0.996005996001	1.0000000000000036e-12	53.25	LI6	LI
30031	40030	35030.5	117	41.78554456566853	0	0	1	0.996005996001	1.0000000000000036e-12	53.58119658119658	LI6	LI
35031	45030	40030.5	78	NA	NA	0	1	0.996005996001	1.0000000000000036e-12	53.07692307692308	LI6	LI
40031	50030	45030.5	80	37.66315812253973	0	0	1	0.996005996001	1.0000000000000036e-12	53.1875	LI6	LI
45031	55030	50030.5	108	37.66315812253973	0	0	1	0.996005996001	1.0000000000000036e-12	53.72222222222222	LI6	LI
50031	60030	55030.5	110	46.10823878891238	0	0	1	0.996005996001	1.0000000000000036e-12	53.35454545454545	LI6	LI
55031	65030	60030.5	97	50.04040137795718	0	0	1	0.996005996001	1.0000000000000036e-12	52.628865979381445	LI6	LI
60031	70030	65030.5	96	53.47228952970599	NA	0	1	0.996005996001	1.0000000000000036e-12	52.75	LI6	LI
65031	75030	70030.5	122	50.92734916757226	NA	0	1	0.996005996001	1.0000000000000036e-12	53.01639344262295	LI6	LI
70031	80030	75030.5	123	55.05405274276044	NA	0	1	0.996005996001	1.0000000000000036e-12	53.49593495934959	LI6	LI
75031	85030	80030.5	90	54.51330835488121	3.3938222498132887e-5	0	1	0.996005996001	1.0000000000000036e-12	53.86666666666667	LI6	LI
80031	90030	85030.5	86	48.012341464194584	3.3938222498132887e-5	0	1	0.996005996001	1.0000000000000036e-12	53.58139534883721	LI6	LI
85031	95030	90030.5	106	48.012341464194584	NA	0	1	0.996005996001	1.0000000000000036e-12	52.31132075471698	LI6	LI
90031	100030	95030.5	129	55.97353209559493	NA	0	1	0.996005996001	1.0000000000000036e-12	51.30232558139535	LI6	LI
95031	105030	100030.5	164	54.00989521446505	NA	0	1	0.996005996001	1.0000000000000036e-12	51.06707317073171	LI6	LI
100031	110030	105030.5	134	52.04625833333517	NA	0	1	0.996005996001	1.0000000000000036e-12	51.67910447761194	LI6	LI
105031	115030	110030.5	88	32.93969365036344	9.800398037286047e-5	0	1	0.996005996001	1.0000000000000036e-12	53.46590909090909	LI6	LI
110031	120030	115030.5	99	35.076824728350516	1.1194421920943401e-4	0	1	0.996005996001	1.0000000000000036e-12	53.60606060606061	LI6	LI
115031	125030	120030.5	99	37.21395580633759	1.2588445804600755e-4	0	1	0.996005996001	1.0000000000000036e-12	53.7979797979798	LI6	LI
120031	130030	125030.5	67	NA	NA	0	1	0.996005996001	1.0000000000000036e-12	53.67164179104478	LI6	LI
125031	135030	130030.5	88	NA	NA	0	1	0.996005996001	1.0000000000000036e-12	53.45454545454545	LI6	LI
130031	140030	135030.5	118	NA	NA	0	1	0.996005996001	1.0000000000000036e-12	52.09322033898305	LI6	LI
135031	145030	140030.5	96	NA	NA	0	1	0.996005996001	1.0000000000000036e-12	51.666666666666664	LI6	LI
140031	150030	145030.5	138	54.52727418558102	NA	0	1	0.996005996001	1.0000000000000036e-12	53.927536231884055	LI6	LI
145031	155030	150030.5	214	49.09472016857802	0	0	1	0.996005996001	1.0000000000000036e-12	53.75233644859813	LI6	LI
150031	160030	155030.5	199	42.841437003054224	0	0	1	0.996005996001	1.0000000000000036e-12	53.311557788944725	LI6	LI
155031	165030	160030.5	131	NA	NA	0	1	0.996005996001	1.0000000000000036e-12	53.16793893129771	LI6	LI
160031	170030	165030.5	95	25.875130904713817	NA	0	1	0.996005996001	1.0000000000000036e-12	52.76842105263158	LI6	LI
165031	175030	170030.5	87	30.120270991715508	0	0	1	0.996005996001	1.0000000000000036e-12	52.03448275862069	LI6	LI
170031	180030	175030.5	81	34.3654110787172	0	0	1	0.996005996001	1.0000000000000036e-12	52.074074074074076	LI6	LI
175031	185030	180030.5	94	47.770169891357426	0	0	1	0.996005996001	1.0000000000000036e-12	51.12765957446808	LI6	LI
180031	190030	185030.5	112	47.770169891357426	0	0	1	0.996005996001	1.0000000000000036e-12	51.839285714285715	LI6	LI
185031	195030	190030.5	101	52.91310218213448	NA	0	1	0.996005996001	1.0000000000000036e-12	53.83168316831683	LI6	LI
190031	200030	195030.5	80	52.91310218213448	NA	0	1	0.996005996001	1.0000000000000036e-12	54.275	LI6	LI
195031	205030	200030.5	113	41.93032578681802	NA	0	1	0.996005996001	1.0000000000000036e-12	52.86725663716814	LI6	LI
200031	210030	205030.5	114	41.93032578681802	NA	0	1	0.996005996001	1.0000000000000036e-12	52.29824561403509	LI6	LI
205031	215030	210030.5	91	NA	NA	0	1	0.996005996001	1.0000000000000036e-12	52.89010989010989	LI6	LI
210031	220030	215030.5	103	NA	NA	0	1	0.996005996001	1.0000000000000036e-12	53.689320388349515	LI6	LI
215031	225030	220030.5	109	35.601004361412606	42.29433655976674	0	1	0.996005996001	1.0000000000000036e-12	52.92660550458716	LI6	LI
220031	230030	225030.5	84	52.28626852428827	42.29433655976674	0	1	0.996005996001	1.0000000000000036e-12	52.38095238095238	LI6	LI
225031	235030	230030.5	51	53.048947225053496	NA	0	1	0.996005996001	1.0000000000000036e-12	54.05882352941177	LI6	LI
230031	240030	235030.5	89	37.4607008187574	NA	0	1	0.996005996001	1.0000000000000036e-12	53.21348314606742	LI6	LI
235031	245030	240030.5	105	37.96121541952179	NA	0	1	0.996005996001	1.0000000000000036e-12	52.885714285714286	LI6	LI
240031	250030	245030.5	100	54.973056724267465	NA	0	1	0.996005996001	1.0000000000000036e-12	53.1	LI6	LI
245031	255030	250030.5	99	54.93974636081894	NA	0	1	0.996005996001	1.0000000000000036e-12	53.292929292929294	LI6	LI
250031	260030	255030.5	98	52.21058578326678	NA	0	1	0.996005996001	1.0000000000000036e-12	53.265306122448976	LI6	LI
255031	265030	260030.5	104	49.38251086937203	NA	0	1	0.996005996001	1.0000000000000036e-12	52.96153846153846	LI6	LI
260031	270030	265030.5	87	49.283596533029424	NA	0	1	0.996005996001	1.0000000000000036e-12	53.12643678160919	LI6	LI
265031	275030	270030.5	80	1292.0904061487586	0	0	1	0.996005996001	1.0000000000000036e-12	53.925	LI6	LI
270031	280030	275030.5	82	1292.0904061487586	0	0	1	0.996005996001	1.0000000000000036e-12	54.15853658536585	LI6	LI
275031	285030	280030.5	87	42.80426291287294	0	0	1	0.996005996001	1.0000000000000036e-12	51.64367816091954	LI6	LI
280031	290030	285030.5	86	42.80426291287294	0	0	1	0.996005996001	1.0000000000000036e-12	49.116279069767444	LI6	LI
285031	295030	290030.5	91	27.39715576171875	0	0	1	0.996005996001	1.0000000000000036e-12	50.34065934065934	LI6	LI
290031	300030	295030.5	99	24.163987258896306	0	0	1	0.996005996001	1.0000000000000036e-12	51.39393939393939	LI6	LI
295031	305030	300030.5	142	35.95089502269849	NA	0	1	0.996005996001	1.0000000000000036e-12	52.2112676056338	LI6	LI
300031	310030	305030.5	134	50.97097128932312	NA	0	1	0.996005996001	1.0000000000000036e-12	52.992537313432834	LI6	LI
305031	315030	310030.5	90	51.94052724012886	NA	0	1	0.996005996001	1.0000000000000036e-12	49.522222222222226	LI6	LI
310031	320030	315030.5	131	51.94052724012886	NA	0	1	0.996005996001	1.0000000000000036e-12	50.6793893129771	LI6	LI
315031	325030	320030.5	121	42.7962661554784	3.0517578125000054e-5	0	1	0.996005996001	1.0000000000000036e-12	51.56198347107438	LI6	LI
320031	330030	325030.5	92	50.97097128932312	3.0517578125000054e-5	0	1	0.996005996001	1.0000000000000036e-12	49.25	LI6	LI
325031	335030	330030.5	108	51.471246812233815	NA	0	1	0.996005996001	1.0000000000000036e-12	50.74074074074074	LI6	LI
330031	340030	335030.5	99	NA	NA	0	1	0.996005996001	1.0000000000000036e-12	51.86868686868687	LI6	LI
335031	345030	340030.5	84	52.943052555120126	7.421796937986497e-6	0	1	0.996005996001	1.0000000000000036e-12	52.30952380952381	LI6	LI
340031	350030	345030.5	67	53.91458277509574	7.421796937986497e-6	0	1	0.996005996001	1.0000000000000036e-12	48.8955223880597	LI6	LI
345031	355030	350030.5	34	43.935665138087536	NA	0	1	0.996005996001	1.0000000000000036e-12	43.205882352941174	LI6	LI
350031	360030	355030.5	8	416.3288048764678	0	0	1	0.996005996001	1.0000000000000036e-12	38.625	LI6	LI
355031	365030	360030.5	7	800.7598115723555	0	0	1	0.996005996001	1.0000000000000036e-12	31	LI6	LI
360031	370030	365030.5	13	41.32740610194971	0	0	1	0.996005996001	1.0000000000000036e-12	31.46153846153846	LI6	LI
365031	375030	370030.5	54	41.32740610194971	0	0	1	0.996005996001	1.0000000000000036e-12	31.814814814814813	LI6	LI
370031	380030	375030.5	89	NA	NA	0	1	0.996005996001	1.0000000000000036e-12	40.39325842696629	LI6	LI
375031	385030	380030.5	75	53.97252721536972	NA	0	1	0.996005996001	1.0000000000000036e-12	51.86666666666667	LI6	LI
380031	390030	385030.5	67	53.97252721536972	NA	0	1	0.996005996001	1.0000000000000036e-12	53.865671641791046	LI6	LI
385031	395030	390030.5	81	NA	NA	0	1	0.996005996001	1.0000000000000036e-12	54.02469135802469	LI6	LI
390031	400030	395030.5	81	46.32750630881404	0	0	1	0.996005996001	1.0000000000000036e-12	53.123456790123456	LI6	LI
395031	405030	400030.5	80	46.32750630881404	0	0	1	0.996005996001	1.0000000000000036e-12	52.6125	LI6	LI
400031	410030	405030.5	99	NA	NA	0	1	0.996005996001	1.0000000000000036e-12	52.57575757575758	LI6	LI
405031	415030	410030.5	87	210.10024664779317	0	0	1	0.996005996001	1.0000000000000036e-12	51.96551724137931	LI6	LI
410031	420030	415030.5	67	210.10024664779317	0	0	1	0.996005996001	1.0000000000000036e-12	50.985074626865675	LI6	LI
415031	425030	420030.5	78	NA	NA	0	1	0.996005996001	1.0000000000000036e-12	50.92307692307692	LI6	LI
420031	430030	425030.5	91	54.91601389879903	NA	0	1	0.996005996001	1.0000000000000036e-12	51.472527472527474	LI6	LI
425031	435030	430030.5	96	54.91601389879903	NA	0	1	0.996005996001	1.0000000000000036e-12	52.041666666666664	LI6	LI
430031	440030	435030.5	96	NA	NA	0	1	0.996005996001	1.0000000000000036e-12	53.145833333333336	LI6	LI
435031	445030	440030.5	93	268.2712088336393	0.35681042679177427	0	1	0.996005996001	1.0000000000000036e-12	52.13978494623656	LI6	LI
440031	450030	445030.5	80	256.39578752118257	1.423485012924296	0	1	0.996005996001	1.0000000000000036e-12	51.325	LI6	LI
445031	455030	450030.5	75	244.5203662087258	2.4901595990568177	0	1	0.996005996001	1.0000000000000036e-12	52.61333333333334	LI6	LI
450031	460030	455030.5	96	NA	NA	0	1	0.996005996001	1.0000000000000036e-12	53.145833333333336	LI6	LI
455031	465030	460030.5	93	28.802492927139284	NA	0	1	0.996005996001	1.0000000000000036e-12	51.81720430107527	LI6	LI
460031	470030	465030.5	97	28.802492927139284	NA	0	1	0.996005996001	1.0000000000000036e-12	51.72164948453608	LI6	LI
465031	475030	470030.5	85	NA	NA	0	1	0.996005996001	1.0000000000000036e-12	53.294117647058826	LI6	LI
470031	480030	475030.5	61	145.44371602814797	0.642883243304241	0	1	0.996005996001	1.0000000000000036e-12	53.967213114754095	LI6	LI
475031	485030	480030.5	77	145.44371602814797	0.642883243304241	0	1	0.996005996001	1.0000000000000036e-12	53.57142857142857	LI6	LI
480031	490030	485030.5	54	NA	NA	0	1	0.996005996001	1.0000000000000036e-12	52.94444444444444	LI6	LI
485031	495030	490030.5	40	NA	NA	0	1	0.996005996001	1.0000000000000036e-12	53.875	LI6	LI
490031	500030	495030.5	54	NA	NA	0	1	0.996005996001	1.0000000000000036e-12	53.75925925925926	LI6	LI
495031	505030	500030.5	65	NA	NA	0	1	0.996005996001	1.0000000000000036e-12	52.323076923076925	LI6	LI
500031	510030	505030.5	74	NA	NA	0	1	0.996005996001	1.0000000000000036e-12	52.91891891891892	LI6	LI
505031	515030	510030.5	83	NA	NA	0	1	0.996005996001	1.0000000000000036e-12	52	LI6	LI
510031	520030	515030.5	77	50.88540606554041	0.24916632907575606	0	1	0.996005996001	1.0000000000000036e-12	51.493506493506494	LI6	LI
515031	525030	520030.5	59	49.89265585854858	0	0	1	0.996005996001	1.0000000000000036e-12	52.88135593220339	LI6	LI
520031	530030	525030.5	71	46.19123893549599	0	0	1	0.996005996001	1.0000000000000036e-12	49.70422535211268	LI6	LI
525031	535030	530030.5	76	39.92415078225575	0	0	1	0.996005996001	1.0000000000000036e-12	47.51315789473684	LI6	LI
530031	540030	535030.5	72	31.59495299448309	0	0	1	0.996005996001	1.0000000000000036e-12	47.638888888888886	LI6	LI
535031	545030	540030.5	82	52.91310218213448	NA	0	1	0.996005996001	1.0000000000000036e-12	47.71951219512195	LI6	LI
540031	550030	545030.5	97	52.91310218213448	NA	0	1	0.996005996001	1.0000000000000036e-12	50.16494845360825	LI6	LI
545031	555030	550030.5	95	46.8140828813017	0	0	1	0.996005996001	1.0000000000000036e-12	52.36842105263158	LI6	LI
550031	560030	555030.5	63	46.8140828813017	0	0	1	0.996005996001	1.0000000000000036e-12	52.82539682539682	LI6	LI
555031	565030	560030.5	46	NA	NA	0	1	0.996005996001	1.0000000000000036e-12	53.08695652173913	LI6	LI
560031	570030	565030.5	73	NA	NA	0	1	0.996005996001	1.0000000000000036e-12	52.75342465753425	LI6	LI
565031	575030	570030.5	109	43.91344504738265	0	0	1	0.996005996001	1.0000000000000036e-12	51.5045871559633	LI6	LI
570031	580030	575030.5	102	43.91344504738265	0	0	1	0.996005996001	1.0000000000000036e-12	51.3235294117647	LI6	LI
575031	585030	580030.5	67	520.1955479601006	0	0	1	0.996005996001	1.0000000000000036e-12	52.134328358208954	LI6	LI
580031	590030	585030.5	70	45.934852772059166	0	0	1	0.996005996001	1.0000000000000036e-12	50.97142857142857	LI6	LI
585031	595030	590030.5	79	39.854953125	NA	0	1	0.996005996001	1.0000000000000036e-12	50.139240506329116	LI6	LI
590031	600030	595030.5	71	42.40214322916667	0	0	1	0.996005996001	1.0000000000000036e-12	51.15492957746479	LI6	LI
595031	605030	600030.5	86	44.949333333333335	0	0	1	0.996005996001	1.0000000000000036e-12	52.51162790697674	LI6	LI
600031	610030	605030.5	114	39.50934781725465	0	0	1	0.996005996001	1.0000000000000036e-12	50.89473684210526	LI6	LI
605031	615030	610030.5	118	43.96642341871713	0	0	1	0.996005996001	1.0000000000000036e-12	51.19491525423729	LI6	LI
610031	620030	615030.5	107	48.906630225540404	NA	0	1	0.996005996001	1.0000000000000036e-12	53.2803738317757	LI6	LI
615031	625030	620030.5	100	NA	NA	0	1	0.996005996001	1.0000000000000036e-12	54	LI6	LI
620031	630030	625030.5	101	NA	NA	0	1	0.996005996001	1.0000000000000036e-12	53.93069306930693	LI6	LI
625031	635030	630030.5	112	41.90885416666667	0	0	1	0.996005996001	1.0000000000000036e-12	52.375	LI6	LI
630031	640030	635030.5	79	41.90885416666667	0	0	1	0.996005996001	1.0000000000000036e-12	51.79746835443038	LI6	LI
635031	645030	640030.5	41	NA	NA	0	1	0.996005996001	1.0000000000000036e-12	52.24390243902439	LI6	LI
640031	650030	645030.5	57	NA	NA	0	1	0.996005996001	1.0000000000000036e-12	50.43859649122807	LI6	LI
645031	655030	650030.5	63	NA	NA	0	1	0.996005996001	1.0000000000000036e-12	52	LI6	LI
650031	660030	655030.5	64	39.945122738837426	0	0	1	0.996005996001	1.0000000000000036e-12	52.03125	LI6	LI
655031	665030	660030.5	63	42.452345811211956	0	0	1	0.996005996001	1.0000000000000036e-12	51.36507936507937	LI6	LI
660031	670030	665030.5	53	46.03733517116096	3258024.999999988	0	1	0.996005996001	1.0000000000000036e-12	52.77358490566038	LI6	LI
665031	675030	670030.5	35	50.97097128932312	NA	0	1	0.996005996001	1.0000000000000036e-12	52.8	LI6	LI
670031	680030	675030.5	11	50.97097128932312	NA	0	1	0.996005996001	1.0000000000000036e-12	44.27272727272727	LI6	LI
675031	685030	680030.5	9	NA	NA	0	1	0.996005996001	1.0000000000000036e-12	3.5555555555555554	LI6	LI
680031	690030	685030.5	7	NA	NA	0	1	0.996005996001	1.0000000000000036e-12	4	LI6	LI
685031	695030	690030.5	0	NA	NA	NA	NA	NA	NA	NA	LI6	LI
690031	700030	695030.5	0	NA	NA	NA	NA	NA	NA	NA	LI6	LI
695031	705030	700030.5	0	NA	NA	NA	NA	NA	NA	NA	LI6	LI
700031	710030	705030.5	16	NA	NA	0	1	0.996005996001	1.0000000000000036e-12	48.6875	LI6	LI
705031	715030	710030.5	62	39.497461015564234	NA	0	1	0.996005996001	1.0000000000000036e-12	50.96774193548387	LI6	LI
710031	720030	715030.5	107	36.79908253303272	0	0	1	0.996005996001	1.0000000000000036e-12	52.25233644859813	LI6	LI
715031	725030	720030.5	99	36.88361375436796	0	0	1	0.996005996001	1.0000000000000036e-12	52.44444444444444	LI6	LI
720031	730030	725030.5	77	46.46540719161162	0	0	1	0.996005996001	1.0000000000000036e-12	53.02597402597402	LI6	LI
725031	735030	730030.5	74	52.71853274851051	0	0	1	0.996005996001	1.0000000000000036e-12	53.932432432432435	LI6	LI
730031	740030	735030.5	66	NA	NA	0	1	0.996005996001	1.0000000000000036e-12	53.24242424242424	LI6	LI
735031	745030	740030.5	71	29.951104166666664	NA	0	1	0.996005996001	1.0000000000000036e-12	53.014084507042256	LI6	LI
740031	750030	745030.5	77	29.951104166666664	NA	0	1	0.996005996001	1.0000000000000036e-12	53	LI6	LI
745031	755030	750030.5	72	42.502095499049034	NA	0	1	0.996005996001	1.0000000000000036e-12	51.44444444444444	LI6	LI
750031	760030	755030.5	75	42.502095499049034	NA	0	1	0.996005996001	1.0000000000000036e-12	50.89333333333333	LI6	LI
755031	765030	760030.5	93	31.39136380512026	NA	0	1	0.996005996001	1.0000000000000036e-12	50.913978494623656	LI6	LI
760031	770030	765030.5	92	34.83503206997084	0	0	1	0.996005996001	1.0000000000000036e-12	50.08695652173913	LI6	LI
765031	775030	770030.5	102	38.71728786749793	0	0	1	0.996005996001	1.0000000000000036e-12	50.549019607843135	LI6	LI
770031	780030	775030.5	98	35.395279858436766	NA	0	1	0.996005996001	1.0000000000000036e-12	51.39795918367347	LI6	LI
775031	785030	780030.5	58	36.96018621799301	NA	0	1	0.996005996001	1.0000000000000036e-12	52.51724137931034	LI6	LI
780031	790030	785030.5	70	56.94182312928269	NA	0	1	0.996005996001	1.0000000000000036e-12	50.51428571428571	LI6	LI
785031	795030	790030.5	87	51.70812471552117	0	0	1	0.996005996001	1.0000000000000036e-12	49.55172413793103	LI6	LI
790031	800030	795030.5	67	51.83982352533285	0	0	1	0.996005996001	1.0000000000000036e-12	49.80597014925373	LI6	LI
795031	805030	800030.5	70	52.471787593749575	NA	0	1	0.996005996001	1.0000000000000036e-12	49.614285714285714	LI6	LI
800031	810030	805030.5	66	52.441272983472544	NA	0	1	0.996005996001	1.0000000000000036e-12	50.57575757575758	LI6	LI
805031	815030	810030.5	34	53.941986492511774	NA	0	1	0.996005996001	1.0000000000000036e-12	48.61764705882353	LI6	LI
810031	820030	815030.5	91	41.42061009908184	0	0	1	0.996005996001	1.0000000000000036e-12	48.18681318681319	LI6	LI
815031	825030	820030.5	109	41.42061009908184	0	0	1	0.996005996001	1.0000000000000036e-12	50.34862385321101	LI6	LI
820031	830030	825030.5	62	NA	NA	0	1	0.996005996001	1.0000000000000036e-12	53.354838709677416	LI6	LI
825031	835030	830030.5	77	40.38987453355045	NA	0	1	0.996005996001	1.0000000000000036e-12	52.753246753246756	LI6	LI
830031	840030	835030.5	78	40.38987453355045	NA	0	1	0.996005996001	1.0000000000000036e-12	52.717948717948715	LI6	LI
835031	845030	840030.5	84	28.802492927139284	NA	0	1	0.996005996001	1.0000000000000036e-12	51.333333333333336	LI6	LI
840031	850030	845030.5	91	28.802492927139284	NA	0	1	0.996005996001	1.0000000000000036e-12	52.08791208791209	LI6	LI
845031	855030	850030.5	85	NA	NA	0	1	0.996005996001	1.0000000000000036e-12	52.811764705882354	LI6	LI
850031	860030	855030.5	94	53.91458277509574	0	0	1	0.996005996001	1.0000000000000036e-12	49.851063829787236	LI6	LI
855031	865030	860030.5	107	53.943573371048856	0	0	1	0.996005996001	1.0000000000000036e-12	50.85981308411215	LI6	LI
860031	870030	865030.5	118	53.97256396700198	7796735.999999971	0	1	0.996005996001	1.0000000000000036e-12	52.00847457627118	LI6	LI
865031	875030	870030.5	131	52.40963023085212	7796735.999999971	0	1	0.996005996001	1.0000000000000036e-12	51.13740458015267	LI6	LI
870031	880030	875030.5	100	42.63090594766685	6.0352971491516005e-6	0	1	0.996005996001	1.0000000000000036e-12	52	LI6	LI
875031	885030	880030.5	50	42.63090594766685	6.0352971491516005e-6	0	1	0.996005996001	1.0000000000000036e-12	46.14	LI6	LI
880031	890030	885030.5	29	NA	NA	0	1	0.996005996001	1.0000000000000036e-12	35.689655172413794	LI6	LI
885031	895030	890030.5	44	NA	NA	0	1	0.996005996001	1.0000000000000036e-12	49.88636363636363	LI6	LI
890031	900030	895030.5	66	53.97256396700198	NA	0	1	0.996005996001	1.0000000000000036e-12	49.09090909090909	LI6	LI
895031	905030	900030.5	39	39.33651635850099	0	0	1	0.996005996001	1.0000000000000036e-12	38.666666666666664	LI6	LI
900031	910030	905030.5	26	40.337000422797466	0	0	1	0.996005996001	1.0000000000000036e-12	23.46153846153846	LI6	LI
905031	915030	910030.5	55	53.943573371048856	NA	0	1	0.996005996001	1.0000000000000036e-12	43.63636363636363	LI6	LI
910031	920030	915030.5	86	53.759162808641975	0	0	1	0.996005996001	1.0000000000000036e-12	51.47674418604651	LI6	LI
915031	925030	920030.5	88	37.875255049591686	0	0	1	0.996005996001	1.0000000000000036e-12	52.35227272727273	LI6	LI
920031	930030	925030.5	107	NA	NA	0	1	0.996005996001	1.0000000000000036e-12	52.700934579439256	LI6	LI
925031	935030	930030.5	119	39.9631220703125	NA	0	1	0.996005996001	1.0000000000000036e-12	52.38655462184874	LI6	LI
930031	940030	935030.5	94	46.467587461333565	NA	0	1	0.996005996001	1.0000000000000036e-12	52.797872340425535	LI6	LI
935031	945030	940030.5	97	53.95589960658678	NA	0	1	0.996005996001	1.0000000000000036e-12	53.03092783505155	LI6	LI
940031	950030	945030.5	99	49.453084889768036	NA	0	1	0.996005996001	1.0000000000000036e-12	52.898989898989896	LI6	LI
945031	955030	950030.5	71	44.15231671193058	0	0	1	0.996005996001	1.0000000000000036e-12	52.25352112676056	LI6	LI
950031	960030	955030.5	73	44.338210005144035	0	0	1	0.996005996001	1.0000000000000036e-12	50.47945205479452	LI6	LI
955031	965030	960030.5	66	42.462080445467066	NA	0	1	0.996005996001	1.0000000000000036e-12	47.833333333333336	LI6	LI
960031	970030	965030.5	62	NA	NA	0	1	0.996005996001	1.0000000000000036e-12	44.67741935483871	LI6	LI
965031	975030	970030.5	57	NA	NA	0	1	0.996005996001	1.0000000000000036e-12	41.771929824561404	LI6	LI
970031	980030	975030.5	53	NA	NA	0	1	0.996005996001	1.0000000000000036e-12	47.0188679245283	LI6	LI
975031	985030	980030.5	81	40.92300406375879	0	0	1	0.996005996001	1.0000000000000036e-12	51.382716049382715	LI6	LI
980031	990030	985030.5	65	45.8869072080217	0	0	1	0.996005996001	1.0000000000000036e-12	50.87692307692308	LI6	LI
985031	995030	990030.5	67	49.903743999999996	0	0	1	0.996005996001	1.0000000000000036e-12	51.47761194029851	LI6	LI
990031	1000030	995030.5	78	20.416727405247816	0	0	1	0.996005996001	1.0000000000000036e-12	50.833333333333336	LI6	LI
995031	1005030	1000030.5	84	20.574414885001623	0	0	1	0.996005996001	1.0000000000000036e-12	50.273809523809526	LI6	LI
1000031	1010030	1005030.5	112	34.906304391399416	NA	0	1	0.996005996001	1.0000000000000036e-12	51.69642857142857	LI6	LI
1005031	1015030	1010030.5	116	NA	NA	0	1	0.996005996001	1.0000000000000036e-12	53.11206896551724	LI6	LI
1010031	1020030	1015030.5	123	50.3243864689661	0	0	1	0.996005996001	1.0000000000000036e-12	53.3739837398374	LI6	LI
1015031	1025030	1020030.5	92	50.3243864689661	0	0	1	0.996005996001	1.0000000000000036e-12	52.98913043478261	LI6	LI
1020031	1030030	1025030.5	59	54.28789604869601	NA	0	1	0.996005996001	1.0000000000000036e-12	52.220338983050844	LI6	LI
1025031	1035030	1030030.5	64	50.97097128932312	NA	0	1	0.996005996001	1.0000000000000036e-12	44.40625	LI6	LI
1030031	1040030	1035030.5	108	42.96446304990937	NA	0	1	0.996005996001	1.0000000000000036e-12	47	LI6	LI
1035031	1045030	1040030.5	134	46.22537930141492	0	0	1	0.996005996001	1.0000000000000036e-12	51.76865671641791	LI6	LI
1040031	1050030	1045030.5	133	48.251468350772214	0	0	1	0.996005996001	1.0000000000000036e-12	52.443609022556394	LI6	LI
1045031	1055030	1050030.5	122	49.03758588881747	NA	0	1	0.996005996001	1.0000000000000036e-12	52.278688524590166	LI6	LI
1050031	1060030	1055030.5	95	29.82182124974421	0	0	1	0.996005996001	1.0000000000000036e-12	51.126315789473686	LI6	LI
1055031	1065030	1060030.5	94	32.85504320060105	0	0	1	0.996005996001	1.0000000000000036e-12	52.276595744680854	LI6	LI
1060031	1070030	1065030.5	71	56.973990985080434	NA	0	1	0.996005996001	1.0000000000000036e-12	53.774647887323944	LI6	LI
1065031	1075030	1070030.5	68	42.33784680916	0	0	1	0.996005996001	1.0000000000000036e-12	53.25	LI6	LI
1070031	1080030	1075030.5	102	39.9631220703125	0	0	1	0.996005996001	1.0000000000000036e-12	51.3921568627451	LI6	LI
1075031	1085030	1080030.5	109	39.9631220703125	NA	0	1	0.996005996001	1.0000000000000036e-12	50.95412844036697	LI6	LI
1080031	1090030	1085030.5	98	52.972052852354636	NA	0	1	0.996005996001	1.0000000000000036e-12	52.244897959183675	LI6	LI
1085031	1095030	1090030.5	110	52.85459979155269	NA	0	1	0.996005996001	1.0000000000000036e-12	52.5	LI6	LI
1090031	1100030	1095030.5	102	52.85459979155269	NA	0	1	0.996005996001	1.0000000000000036e-12	52.65686274509804	LI6	LI
1095031	1105030	1100030.5	94	54.973056724267465	NA	0	1	0.996005996001	1.0000000000000036e-12	53.287234042553195	LI6	LI
1100031	1110030	1105030.5	95	52.849463515649404	NA	0	1	0.996005996001	1.0000000000000036e-12	53.578947368421055	LI6	LI
1105031	1115030	1110030.5	79	52.849463515649404	NA	0	1	0.996005996001	1.0000000000000036e-12	53.78481012658228	LI6	LI
1110031	1120030	1115030.5	94	32.16108365420737	0	0	1	0.996005996001	1.0000000000000036e-12	52.755319148936174	LI6	LI
1115031	1125030	1120030.5	97	32.16108365420737	0	0	1	0.996005996001	1.0000000000000036e-12	52.608247422680414	LI6	LI
1120031	1130030	1125030.5	114	NA	NA	0	1	0.996005996001	1.0000000000000036e-12	52.55263157894737	LI6	LI
1125031	1135030	1130030.5	161	38.886113589508916	4.71512129698046e-5	0	1	0.996005996001	1.0000000000000036e-12	52.91925465838509	LI6	LI
1130031	1140030	1135030.5	147	38.886113589508916	4.71512129698046e-5	0	1	0.996005996001	1.0000000000000036e-12	53.204081632653065	LI6	LI
1135031	1145030	1140030.5	120	46.758716756083885	NA	0	1	0.996005996001	1.0000000000000036e-12	51.708333333333336	LI6	LI
1140031	1150030	1145030.5	107	51.36612442583941	NA	0	1	0.996005996001	1.0000000000000036e-12	51.8411214953271	LI6	LI
1145031	1155030	1150030.5	98	31.216298848062586	0	0	1	0.996005996001	1.0000000000000036e-12	50.46938775510204	LI6	LI
1150031	1160030	1155030.5	97	28.69500290217926	0	0	1	0.996005996001	1.0000000000000036e-12	49.07216494845361	LI6	LI
1155031	1165030	1160030.5	98	NA	NA	0	1	0.996005996001	1.0000000000000036e-12	50.744897959183675	LI6	LI
1160031	1170030	1165030.5	109	43.86907308790317	0	0	1	0.996005996001	1.0000000000000036e-12	51.788990825688074	LI6	LI
1165031	1175030	1170030.5	123	48.7676550309131	0	0	1	0.996005996001	1.0000000000000036e-12	51.71544715447155	LI6	LI
1170031	1180030	1175030.5	108	51.830595359183064	NA	0	1	0.996005996001	1.0000000000000036e-12	51.81481481481482	LI6	LI
1175031	1185030	1180030.5	85	54.973056724267465	NA	0	1	0.996005996001	1.0000000000000036e-12	31.71764705882353	LI6	LI
1180031	1190030	1185030.5	59	NA	NA	0	1	0.996005996001	1.0000000000000036e-12	6.1525423728813555	LI6	LI
1185031	1195030	1190030.5	62	20.8059456439878	5153632.000000015	0	1	0.996005996001	1.0000000000000036e-12	9.612903225806452	LI6	LI
1190031	1200030	1195030.5	90	20.8059456439878	5153632.000000015	0	1	0.996005996001	1.0000000000000036e-12	33.06666666666667	LI6	LI
1195031	1205030	1200030.5	110	NA	NA	0	1	0.996005996001	1.0000000000000036e-12	52.372727272727275	LI6	LI
1200031	1210030	1205030.5	132	NA	NA	0	1	0.996005996001	1.0000000000000036e-12	52.696969696969695	LI6	LI
1205031	1215030	1210030.5	113	52.972052852354636	NA	0	1	0.996005996001	1.0000000000000036e-12	52.67256637168141	LI6	LI
1210031	1220030	1215030.5	72	53.97255478831105	0	0	1	0.996005996001	1.0000000000000036e-12	52.763888888888886	LI6	LI
1215031	1225030	1220030.5	81	49.74467753908847	0	0	1	0.996005996001	1.0000000000000036e-12	52.91358024691358	LI6	LI
1220031	1230030	1225030.5	103	38.49195692649099	7.426535616169041e-5	0	1	0.996005996001	1.0000000000000036e-12	52.592233009708735	LI6	LI
1225031	1235030	1230030.5	89	38.55656051655035	0	0	1	0.996005996001	1.0000000000000036e-12	52.26966292134831	LI6	LI
1230031	1240030	1235030.5	89	50.97097128932312	NA	0	1	0.996005996001	1.0000000000000036e-12	53.1123595505618	LI6	LI
1235031	1245030	1240030.5	111	42.037287664298766	3.330432335383271e-6	0	1	0.996005996001	1.0000000000000036e-12	52.88288288288288	LI6	LI
1240031	1250030	1245030.5	128	39.28571452175562	3.330432335383271e-6	0	1	0.996005996001	1.0000000000000036e-12	52.140625	LI6	LI
1245031	1255030	1250030.5	121	34.02787900874635	0	0	1	0.996005996001	1.0000000000000036e-12	51.79338842975206	LI6	LI
1250031	1260030	1255030.5	131	33.42666176833511	0	0	1	0.996005996001	1.0000000000000036e-12	52.16793893129771	LI6	LI
1255031	1265030	1260030.5	110	621.8994617419662	0	0	1	0.996005996001	1.0000000000000036e-12	53.018181818181816	LI6	LI
1260031	1270030	1265030.5	110	1210.9734789560086	0	0	1	0.996005996001	1.0000000000000036e-12	53.627272727272725	LI6	LI
1265031	1275030	1270030.5	144	733.9108626307176	0	0	1	0.996005996001	1.0000000000000036e-12	53.00694444444444	LI6	LI
1270031	1280030	1275030.5	138	47.69960202111138	0	0	1	0.996005996001	1.0000000000000036e-12	52.80434782608695	LI6	LI
1275031	1285030	1280030.5	134	39.32612460660819	0	0	1	0.996005996001	1.0000000000000036e-12	52.23880597014925	LI6	LI
1280031	1290030	1285030.5	100	49.9703985	NA	0	1	0.996005996001	1.0000000000000036e-12	51.3	LI6	LI
1285031	1295030	1290030.5	82	49.9703985	NA	0	1	0.996005996001	1.0000000000000036e-12	52.390243902439025	LI6	LI
1290031	1300030	1295030.5	104	47.281640288971325	NA	0	1	0.996005996001	1.0000000000000036e-12	52.80769230769231	LI6	LI
1295031	1305030	1300030.5	99	NA	NA	0	1	0.996005996001	1.0000000000000036e-12	52.72727272727273	LI6	LI
1300031	1310030	1305030.5	83	NA	NA	0	1	0.996005996001	1.0000000000000036e-12	53.46987951807229	LI6	LI
1305031	1315030	1310030.5	71	NA	NA	0	1	0.996005996001	1.0000000000000036e-12	54.23943661971831	LI6	LI
1310031	1320030	1315030.5	66	40.462899327927786	395480.6017449221	0	1	0.996005996001	1.0000000000000036e-12	54.015151515151516	LI6	LI
1315031	1325030	1320030.5	94	40.462899327927786	395480.6017449221	0	1	0.996005996001	1.0000000000000036e-12	53.57446808510638	LI6	LI
1320031	1330030	1325030.5	105	NA	NA	0	1	0.996005996001	1.0000000000000036e-12	53.51428571428571	LI6	LI
1325031	1335030	1330030.5	93	41.47466154226841	52436.50205473816	0	1	0.996005996001	1.0000000000000036e-12	52.8494623655914	LI6	LI
1330031	1340030	1335030.5	79	32.988444771134205	26218.25102736908	0	1	0.996005996001	1.0000000000000036e-12	52.151898734177216	LI6	LI
1335031	1345030	1340030.5	93	35.18366306495679	0	0	1	0.996005996001	1.0000000000000036e-12	51.29032258064516	LI6	LI
1340031	1350030	1345030.5	102	37.411867619186474	0	0	1	0.996005996001	1.0000000000000036e-12	51.90196078431372	LI6	LI
1345031	1355030	1350030.5	68	NA	NA	0	1	0.996005996001	1.0000000000000036e-12	53.588235294117645	LI6	LI
1350031	1360030	1355030.5	55	NA	NA	0	1	0.996005996001	1.0000000000000036e-12	54.32727272727273	LI6	LI
1355031	1365030	1360030.5	79	48.47811642019995	0	0	1	0.996005996001	1.0000000000000036e-12	52.67088607594937	LI6	LI
1360031	1370030	1365030.5	72	48.47811642019995	0	0	1	0.996005996001	1.0000000000000036e-12	52.06944444444444	LI6	LI
1365031	1375030	1370030.5	54	NA	NA	0	1	0.996005996001	1.0000000000000036e-12	53.592592592592595	LI6	LI
1370031	1380030	1375030.5	77	36.34019882646193	NA	0	1	0.996005996001	1.0000000000000036e-12	50.64935064935065	LI6	LI
1375031	1385030	1380030.5	104	42.73773491131878	0	0	1	0.996005996001	1.0000000000000036e-12	50.47115384615385	LI6	LI
1380031	1390030	1385030.5	105	48.04847559451896	0	0	1	0.996005996001	1.0000000000000036e-12	52.476190476190474	LI6	LI
1385031	1395030	1390030.5	101	37.154414307765904	96227.24329923786	0	1	0.996005996001	1.0000000000000036e-12	53.10891089108911	LI6	LI
1390031	1400030	1395030.5	109	38.399994793917216	48113.62164961893	0	1	0.996005996001	1.0000000000000036e-12	52.88073394495413	LI6	LI
1395031	1405030	1400030.5	96	40.724127619603124	0	0	1	0.996005996001	1.0000000000000036e-12	52.8125	LI6	LI
1400031	1410030	1405030.5	83	36.96018621799301	NA	0	1	0.996005996001	1.0000000000000036e-12	53.10843373493976	LI6	LI
1405031	1415030	1410030.5	82	NA	NA	0	1	0.996005996001	1.0000000000000036e-12	53.09756097560975	LI6	LI
1410031	1420030	1415030.5	101	52.04625833333517	NA	0	1	0.996005996001	1.0000000000000036e-12	53.02970297029703	LI6	LI
1415031	1425030	1420030.5	119	47.005554205135354	NA	0	1	0.996005996001	1.0000000000000036e-12	53.2436974789916	LI6	LI
1420031	1430030	1425030.5	115	41.96485007693554	NA	0	1	0.996005996001	1.0000000000000036e-12	52.608695652173914	LI6	LI
1425031	1435030	1430030.5	94	49.9703985	NA	0	1	0.996005996001	1.0000000000000036e-12	52.43617021276596	LI6	LI
1430031	1440030	1435030.5	73	49.9703985	NA	0	1	0.996005996001	1.0000000000000036e-12	52.16438356164384	LI6	LI
1435031	1445030	1440030.5	73	47.613174432418525	955622.4064247317	0	1	0.996005996001	1.0000000000000036e-12	52.342465753424655	LI6	LI
1440031	1450030	1445030.5	59	51.27646039661873	955622.4064247317	0	1	0.996005996001	1.0000000000000036e-12	53.83050847457627	LI6	LI
1445031	1455030	1450030.5	61	54.93974636081894	NA	0	1	0.996005996001	1.0000000000000036e-12	53.540983606557376	LI6	LI
1450031	1460030	1455030.5	88	1001.8391240787793	0	0	1	0.996005996001	1.0000000000000036e-12	53.60227272727273	LI6	LI
1455031	1465030	1460030.5	106	1001.8391240787793	0	0	1	0.996005996001	1.0000000000000036e-12	53.801886792452834	LI6	LI
1460031	1470030	1465030.5	86	NA	NA	0	1	0.996005996001	1.0000000000000036e-12	53.68604651162791	LI6	LI
1465031	1475030	1470030.5	74	55.94080294951059	NA	0	1	0.996005996001	1.0000000000000036e-12	53.83783783783784	LI6	LI
1470031	1480030	1475030.5	78	55.94080294951059	NA	0	1	0.996005996001	1.0000000000000036e-12	53.5	LI6	LI
1475031	1485030	1480030.5	78	NA	NA	0	1	0.996005996001	1.0000000000000036e-12	51.85897435897436	LI6	LI
1480031	1490030	1485030.5	85	NA	NA	0	1	0.996005996001	1.0000000000000036e-12	52.305882352941175	LI6	LI
1485031	1495030	1490030.5	73	54.84754232492541	NA	0	1	0.996005996001	1.0000000000000036e-12	53.06849315068493	LI6	LI
1490031	1500030	1495030.5	77	54.84754232492541	NA	0	1	0.996005996001	1.0000000000000036e-12	52.63636363636363	LI6	LI
1495031	1505030	1500030.5	75	NA	NA	0	1	0.996005996001	1.0000000000000036e-12	52.973333333333336	LI6	LI
1500031	1510030	1505030.5	60	44.96715843621399	NA	0	1	0.996005996001	1.0000000000000036e-12	53.416666666666664	LI6	LI
1505031	1515030	1510030.5	66	35.175881117079506	0.015660138069819196	0	1	0.996005996001	1.0000000000000036e-12	53.36363636363637	LI6	LI
1510031	1520030	1515030.5	70	37.14561701174271	0.015660138069819196	0	1	0.996005996001	1.0000000000000036e-12	53.1	LI6	LI
1515031	1525030	1520030.5	68	48.906630225540404	NA	0	1	0.996005996001	1.0000000000000036e-12	50.411764705882355	LI6	LI
31	10030	5030.5	140	5.022976345486111	0	0	1	0.996005996001	1.0000000000000036e-12	5.314285714285714	LI7	LI
5031	15030	10030.5	118	5.367594401041667	0.15820312500000006	0	1	0.996005996001	1.0000000000000036e-12	6.161016949152542	LI7	LI
10031	20030	15030.5	124	5.052276625607386	0	0	1	0.996005996001	1.0000000000000036e-12	6.032258064516129	LI7	LI
15031	25030	20030.5	89	4.837619357638888	0	0	1	0.996005996001	1.0000000000000036e-12	6.224719101123595	LI7	LI
20031	30030	25030.5	77	5.208333333333334	NA	0	1	0.996005996001	1.0000000000000036e-12	6.3896103896103895	LI7	LI
25031	35030	30030.5	108	5.958238429300291	NA	0	1	0.996005996001	1.0000000000000036e-12	6.37962962962963	LI7	LI
30031	40030	35030.5	117	4.837619357638888	NA	0	0.8333333333333334	0.8434636622299384	3.014081790123446e-6	6.410256410256411	LI7	LI
35031	45030	40030.5	78	4.699827972380255	NA	0	1	0.996005996001	1.0000000000000036e-12	6.371794871794871	LI7	LI
40031	50030	45030.5	80	4.837619357638888	NA	0	0.5714285714285714	0.5397750937109539	4.164931278633895e-4	6.35	LI7	LI
45031	55030	50030.5	108	5.958238429300291	NA	0	0.7571428571428571	0.6355180784048314	1.3178102873802558e-4	6.425925925925926	LI7	LI
50031	60030	55030.5	110	5.13030497947036	0	0	1	0.996005996001	1.0000000000000036e-12	6.245454545454545	LI7	LI
55031	65030	60030.5	97	5.052276625607386	0	0	0.8571428571428571	0.8289849561149691	4.632040895061734e-6	6.164948453608248	LI7	LI
60031	70030	65030.5	96	5.391989949319187	0	0	0.42857142857142855	0.4552806773219491	0.0010168289254477308	6.40625	LI7	LI
65031	75030	70030.5	122	5.958238429300291	0	0	0.42857142857142855	0.4324403386609746	0.0013084144627238648	6.434426229508197	LI7	LI
70031	80030	75030.5	123	6.12842539941334	NA	0	1	0.996005996001	1.0000000000000036e-12	6.3983739837398375	LI7	LI
75031	85030	80030.5	90	6.297376093294462	NA	0	1	0.996005996001	1.0000000000000036e-12	6.322222222222222	LI7	LI
80031	90030	85030.5	86	6.4406716927842576	NA	0	0.7142857142857143	0.7434662640566432	2.6030820491461844e-5	6.255813953488372	LI7	LI
85031	95030	90030.5	106	5.776909722222221	NA	0	0.7142857142857143	0.7434662640566432	2.6030820491461844e-5	5.19811320754717	LI7	LI
90031	100030	95030.5	129	5.958238429300291	NA	0	0.55	0.586181640625	2.44140625e-4	5.077519379844961	LI7	LI
95031	105030	100030.5	164	5.52685546875	NA	0	0.8571428571428571	0.7434662640566432	2.6030820491461844e-5	5.786585365853658	LI7	LI
100031	110030	105030.5	134	5.367594401041667	1.7725219705192388	0	1	0.996005996001	1.0000000000000036e-12	5.992537313432836	LI7	LI
105031	115030	110030.5	88	5.958238429300291	1.0444641102596195	0	1	0.996005996001	1.0000000000000036e-12	6.329545454545454	LI7	LI
110031	120030	115030.5	99	5.958238429300291	0.3164062500000001	0	0.5	0.586181640625	2.44140625e-4	6.3232323232323235	LI7	LI
115031	125030	120030.5	99	5.208333333333334	NA	0	0.5	0.5397750937109539	4.164931278633895e-4	6.363636363636363	LI7	LI
120031	130030	125030.5	67	4.694366834035202	0.03640119661804075	0	1	0.996005996001	1.0000000000000036e-12	6.432835820895522	LI7	LI
125031	135030	130030.5	88	3.4685795002022024	0.1296	0	1	0.996005996001	1.0000000000000036e-12	6.409090909090909	LI7	LI
130031	140030	135030.5	118	2.361111111111111	1.025244214138159	0	1	0.996005996001	1.0000000000000036e-12	6.338983050847458	LI7	LI
135031	145030	140030.5	96	2.200941785444337	5.740740740740739	0	1	0.996005996001	1.0000000000000036e-12	6.270833333333333	LI7	LI
140031	150030	145030.5	138	2.4305471331389703	NA	0	0.5	0.152587890625	0.019775390625	6.079710144927536	LI7	LI
145031	155030	150030.5	214	3.49477913141987	0	0.42857142857142855	0	0.012345679012345685	0.19753086419753083	5.822429906542056	LI7	LI
150031	160030	155030.5	199	3.240710187205881	3.5450439410384775	0.4	0	0.013675964506172842	0.18801855709876542	6.0703517587939695	LI7	LI
155031	165030	160030.5	131	2.2172266441348336	3.5450439410384775	0.2	0.14285714285714285	0.0625	0.0625	6.572519083969466	LI7	LI
160031	170030	165030.5	95	1.4371621146044622	2	0	0.8333333333333334	0.7434662640566432	2.6030820491461844e-5	6.3578947368421055	LI7	LI
165031	175030	170030.5	87	1.4371621146044622	0.7563110535345398	0	1	0.996005996001	1.0000000000000036e-12	6.218390804597701	LI7	LI
170031	180030	175030.5	81	2.0234557003283378	0.3164062500000001	0	1	0.996005996001	1.0000000000000036e-12	6.283950617283951	LI7	LI
175031	185030	180030.5	94	2.6518579026957223	0	0	0.8166666666666667	0.5629783671679769	3.303168764316948e-4	6.287234042553192	LI7	LI
180031	190030	185030.5	112	2.6518579026957223	0	0	0.8	0.6561	9.999999999999991e-5	6.258928571428571	LI7	LI
185031	195030	190030.5	101	2.6518579026957223	0	0	0.8333333333333334	0.7434662640566432	2.6030820491461844e-5	6.287128712871287	LI7	LI
190031	200030	195030.5	80	2.922225629348524	0.5641679012345682	0	0.16666666666666666	0.152587890625	0.019775390625	6.4375	LI7	LI
195031	205030	200030.5	113	2.922225629348524	0.3164062500000001	0	0.16666666666666666	0.152587890625	0.019775390625	6.424778761061947	LI7	LI
200031	210030	205030.5	114	2.922225629348524	0.3164062500000001	0	0.8333333333333334	0.7434662640566432	2.6030820491461844e-5	6.026315789473684	LI7	LI
205031	215030	210030.5	91	4.02442592550413	0.4145141785345398	0	0.8571428571428571	0.7789862570283215	1.6140410245730932e-5	6.076923076923077	LI7	LI
210031	220030	215030.5	103	3.3786804664723036	0.5641679012345682	0	0.8	0.6561	9.999999999999991e-5	6.543689320388349	LI7	LI
215031	225030	220030.5	109	3.3786804664723036	47.999999999999964	0	1	0.996005996001	1.0000000000000036e-12	6.36697247706422	LI7	LI
220031	230030	225030.5	84	2.7093511430962085	1	0	1	0.996005996001	1.0000000000000036e-12	6.25	LI7	LI
225031	235030	230030.5	51	0.8460517391480401	1	0	1	0.996005996001	1.0000000000000036e-12	6.196078431372549	LI7	LI
230031	240030	235030.5	89	1.4371621146044622	1	0	1	0.996005996001	1.0000000000000036e-12	6.224719101123595	LI7	LI
235031	245030	240030.5	105	1.6488095238095237	1	0	1	0.996005996001	1.0000000000000036e-12	6.285714285714286	LI7	LI
240031	250030	245030.5	100	2.5833333333333335	1.7725219705192388	0	1	0.996005996001	1.0000000000000036e-12	6.22	LI7	LI
245031	255030	250030.5	99	3.1266363454420874	1.8862609852596193	0	1	0.996005996001	1.0000000000000036e-12	6.262626262626263	LI7	LI
250031	260030	255030.5	98	4.936454861111111	2	0	1	0.996005996001	1.0000000000000036e-12	6.387755102040816	LI7	LI
255031	265030	260030.5	104	3.9990286044973544	NA	0	1	0.996005996001	1.0000000000000036e-12	6.375	LI7	LI
260031	270030	265030.5	87	5.683806194435446	0	0	1	0.996005996001	1.0000000000000036e-12	6.402298850574713	LI7	LI
265031	275030	270030.5	80	5.776909722222221	0.5126221070690795	0	1	0.996005996001	1.0000000000000036e-12	6.2875	LI7	LI
270031	280030	275030.5	82	5.052276625607386	0.5383950041518238	0	1	0.996005996001	1.0000000000000036e-12	6.304878048780488	LI7	LI
275031	285030	280030.5	87	5.776909722222221	NA	0	1	0.996005996001	1.0000000000000036e-12	6.195402298850575	LI7	LI
280031	290030	285030.5	86	5.492621527777778	1	0	1	0.996005996001	1.0000000000000036e-12	5.930232558139535	LI7	LI
285031	295030	290030.5	91	3.4685795002022024	0.06763927488975666	0	1	0.996005996001	1.0000000000000036e-12	5.989010989010989	LI7	LI
290031	300030	295030.5	99	3.4685795002022024	0.04762993446121023	0	1	0.996005996001	1.0000000000000036e-12	6	LI7	LI
295031	305030	300030.5	142	3.258088776185077	0.04762993446121023	0	1	0.996005996001	1.0000000000000036e-12	6.21830985915493	LI7	LI
300031	310030	305030.5	134	3.114060857526084	NA	0	1	0.996005996001	1.0000000000000036e-12	6.343283582089552	LI7	LI
305031	315030	310030.5	90	3.4123446807885376	NA	0	1	0.996005996001	1.0000000000000036e-12	5.811111111111111	LI7	LI
310031	320030	315030.5	131	5.1694731546719215	NA	0	1	0.996005996001	1.0000000000000036e-12	5.885496183206107	LI7	LI
315031	325030	320030.5	121	6.805575801749272	NA	0	1	0.996005996001	1.0000000000000036e-12	5.900826446280992	LI7	LI
320031	330030	325030.5	92	6.805575801749272	0	0	1	0.996005996001	1.0000000000000036e-12	5.445652173913044	LI7	LI
325031	335030	330030.5	108	5.022976345486111	0	0	1	0.996005996001	1.0000000000000036e-12	5.675925925925926	LI7	LI
330031	340030	335030.5	99	4.207541668829483	17.11379004166381	0	1	0.996005996001	1.0000000000000036e-12	6.02020202020202	LI7	LI
335031	345030	340030.5	84	3.220167824074074	17.11379004166381	0	1	0.996005996001	1.0000000000000036e-12	6.226190476190476	LI7	LI
340031	350030	345030.5	67	4.829033477643703	NA	0	1	0.996005996001	1.0000000000000036e-12	4.776119402985074	LI7	LI
345031	355030	350030.5	34	5.096030368165785	NA	0	1	0.996005996001	1.0000000000000036e-12	2.823529411764706	LI7	LI
350031	360030	355030.5	8	NA	NA	0	1	0.996005996001	1.0000000000000036e-12	2.875	LI7	LI
355031	365030	360030.5	7	NA	NA	NA	NA	NA	NA	1.2857142857142858	LI7	LI
360031	370030	365030.5	13	NA	NA	NA	NA	NA	NA	1.7692307692307692	LI7	LI
365031	375030	370030.5	54	5.776909722222221	0	0	1	0.996005996001	1.0000000000000036e-12	3.3703703703703702	LI7	LI
370031	380030	375030.5	89	5.776909722222221	0	0	1	0.996005996001	1.0000000000000036e-12	4.764044943820225	LI7	LI
375031	385030	380030.5	75	5.776909722222221	NA	0	1	0.996005996001	1.0000000000000036e-12	6.24	LI7	LI
380031	390030	385030.5	67	1.5240693869934963	7.683200000000006	0	1	0.996005996001	1.0000000000000036e-12	6.313432835820896	LI7	LI
385031	395030	390030.5	81	3.640333333333334	7.683200000000006	0	0.8571428571428571	0.7434662640566432	2.6030820491461844e-5	6.308641975308642	LI7	LI
390031	400030	395030.5	81	3.640333333333334	13.524828803942249	0.14285714285714285	0.8333333333333334	0.5397750937109539	4.164931278633895e-4	6.308641975308642	LI7	LI
395031	405030	400030.5	80	4.5620365871216215	2.658782955778858	0	1	0.996005996001	1.0000000000000036e-12	6.2	LI7	LI
400031	410030	405030.5	99	4.5620365871216215	79.451912818168	0	1	0.996005996001	1.0000000000000036e-12	6.3232323232323235	LI7	LI
405031	415030	410030.5	87	4.5620365871216215	117.850956409084	0	1	0.996005996001	1.0000000000000036e-12	6.425287356321839	LI7	LI
410031	420030	415030.5	67	3.553933333333334	156.25000000000003	0	1	0.996005996001	1.0000000000000036e-12	6.134328358208955	LI7	LI
415031	425030	420030.5	78	3.701553195988217	39.746399999999994	0	1	0.996005996001	1.0000000000000036e-12	6	LI7	LI
420031	430030	425030.5	91	4.7385	7.846203485173359	0	1	0.996005996001	1.0000000000000036e-12	6.142857142857143	LI7	LI
425031	435030	430030.5	96	5.776909722222221	0.1539690696879147	0	1	0.996005996001	1.0000000000000036e-12	6.34375	LI7	LI
430031	440030	435030.5	96	5.052276625607386	139.14369012911297	0	1	0.996005996001	1.0000000000000036e-12	6.354166666666667	LI7	LI
435031	445030	440030.5	93	4.5620365871216215	139.14369012911297	0	1	0.996005996001	1.0000000000000036e-12	6.172043010752688	LI7	LI
440031	450030	445030.5	80	3.553933333333334	NA	0	1	0.996005996001	1.0000000000000036e-12	6.2375	LI7	LI
445031	455030	450030.5	75	4.057984960227477	NA	0	1	0.996005996001	1.0000000000000036e-12	6.466666666666667	LI7	LI
450031	460030	455030.5	96	4.5620365871216215	NA	0	1	0.996005996001	1.0000000000000036e-12	6.166666666666667	LI7	LI
455031	465030	460030.5	93	4.505952380952381	NA	0	1	0.996005996001	1.0000000000000036e-12	5.903225806451613	LI7	LI
460031	470030	465030.5	97	4.265189153228256	0.5641679012345682	0	1	0.996005996001	1.0000000000000036e-12	6.082474226804123	LI7	LI
465031	475030	470030.5	85	4.5620365871216215	0.5641679012345682	0	1	0.996005996001	1.0000000000000036e-12	6.2	LI7	LI
470031	480030	475030.5	61	6.291242761985746	NA	0	1	0.996005996001	1.0000000000000036e-12	6.442622950819672	LI7	LI
475031	485030	480030.5	77	5.044446027935811	NA	0	1	0.996005996001	1.0000000000000036e-12	6.337662337662338	LI7	LI
480031	490030	485030.5	54	4.02442592550413	NA	0	1	0.996005996001	1.0000000000000036e-12	6.148148148148148	LI7	LI
485031	495030	490030.5	40	5.3945480510438575	NA	0	1	0.996005996001	1.0000000000000036e-12	6.425	LI7	LI
490031	500030	495030.5	54	3.78711075755258	79.451912818168	0	1	0.996005996001	1.0000000000000036e-12	6.444444444444445	LI7	LI
495031	505030	500030.5	65	4.057984960227477	79.451912818168	0	1	0.996005996001	1.0000000000000036e-12	6.507692307692308	LI7	LI
500031	510030	505030.5	74	5.1694731546719215	NA	0	1	0.996005996001	1.0000000000000036e-12	6.527027027027027	LI7	LI
505031	515030	510030.5	83	5.776909722222221	2.658782955778858	0	1	0.996005996001	1.0000000000000036e-12	6.301204819277109	LI7	LI
510031	520030	515030.5	77	5.590351012510363	2.658782955778858	0	1	0.996005996001	1.0000000000000036e-12	6.181818181818182	LI7	LI
515031	525030	520030.5	59	5.958238429300291	NA	0	1	0.996005996001	1.0000000000000036e-12	6.271186440677966	LI7	LI
520031	530030	525030.5	71	5.39792889346959	NA	0	1	0.996005996001	1.0000000000000036e-12	5.971830985915493	LI7	LI
525031	535030	530030.5	76	4.5620365871216215	NA	0	1	0.996005996001	1.0000000000000036e-12	5.776315789473684	LI7	LI
530031	540030	535030.5	72	4.650268293560811	0.5641679012345682	0	1	0.996005996001	1.0000000000000036e-12	5.833333333333333	LI7	LI
535031	545030	540030.5	82	4.7385	0.5641679012345682	0	1	0.996005996001	1.0000000000000036e-12	5.682926829268292	LI7	LI
540031	550030	545030.5	97	2.4826426540846933	NA	0	1	0.996005996001	1.0000000000000036e-12	5.77319587628866	LI7	LI
545031	555030	550030.5	95	3.4972294321856108	NA	0	1	0.996005996001	1.0000000000000036e-12	5.863157894736842	LI7	LI
550031	560030	555030.5	63	4.02442592550413	405.00000000000006	0	1	0.996005996001	1.0000000000000036e-12	5.936507936507937	LI7	LI
555031	565030	560030.5	46	3.4346547067901234	405.00000000000006	0	1	0.996005996001	1.0000000000000036e-12	6.304347826086956	LI7	LI
560031	570030	565030.5	73	4.852821296500158	NA	0	1	0.996005996001	1.0000000000000036e-12	6.315068493150685	LI7	LI
565031	575030	570030.5	109	4.852821296500158	NA	0	1	0.996005996001	1.0000000000000036e-12	6.192660550458716	LI7	LI
570031	580030	575030.5	102	5.52685546875	NA	0	1	0.996005996001	1.0000000000000036e-12	6.235294117647059	LI7	LI
575031	585030	580030.5	67	5.776909722222221	NA	0	1	0.996005996001	1.0000000000000036e-12	6.2835820895522385	LI7	LI
580031	590030	585030.5	70	5.776909722222221	NA	0	1	0.996005996001	1.0000000000000036e-12	6.2	LI7	LI
585031	595030	590030.5	79	3.941452040923184	11.409193361109203	0	1	0.996005996001	1.0000000000000036e-12	6.265822784810126	LI7	LI
590031	600030	595030.5	71	3.941452040923184	11.409193361109203	0	1	0.996005996001	1.0000000000000036e-12	6.225352112676056	LI7	LI
595031	605030	600030.5	86	4.30310497947036	NA	0	1	0.996005996001	1.0000000000000036e-12	6.1395348837209305	LI7	LI
600031	610030	605030.5	114	4.5620365871216215	NA	0	1	0.996005996001	1.0000000000000036e-12	6.131578947368421	LI7	LI
605031	615030	610030.5	118	4.6220585267969625	NA	0	1	0.996005996001	1.0000000000000036e-12	6.110169491525424	LI7	LI
610031	620030	615030.5	107	4.6220585267969625	NA	0	1	0.996005996001	1.0000000000000036e-12	6.196261682242991	LI7	LI
615031	625030	620030.5	100	4.293231256312875	NA	0	1	0.996005996001	1.0000000000000036e-12	6.31	LI7	LI
620031	630030	625030.5	101	3.553933333333334	2.658782955778858	0	1	0.996005996001	1.0000000000000036e-12	6.326732673267327	LI7	LI
625031	635030	630030.5	112	2.983391596407981	2.658782955778858	0	1	0.996005996001	1.0000000000000036e-12	6.116071428571429	LI7	LI
630031	640030	635030.5	79	2.7910973705932527	70.90123654244591	0	1	0.996005996001	1.0000000000000036e-12	5.936708860759493	LI7	LI
635031	645030	640030.5	41	2.598803144778525	139.14369012911297	0	1	0.996005996001	1.0000000000000036e-12	6.097560975609756	LI7	LI
640031	650030	645030.5	57	3.983520300338444	139.14369012911297	0	1	0.996005996001	1.0000000000000036e-12	6	LI7	LI
645031	655030	650030.5	63	6.291242761985746	NA	0	1	0.996005996001	1.0000000000000036e-12	6.0476190476190474	LI7	LI
650031	660030	655030.5	64	5.776909722222221	NA	0	1	0.996005996001	1.0000000000000036e-12	6.109375	LI7	LI
655031	665030	660030.5	63	5.52685546875	NA	0	1	0.996005996001	1.0000000000000036e-12	6.095238095238095	LI7	LI
660031	670030	665030.5	53	5.052276625607386	NA	0	1	0.996005996001	1.0000000000000036e-12	6.113207547169812	LI7	LI
665031	675030	670030.5	35	4.032230776795463	NA	0	1	0.996005996001	1.0000000000000036e-12	6.2	LI7	LI
670031	680030	675030.5	11	NA	NA	0	1	0.996005996001	1.0000000000000036e-12	5.636363636363637	LI7	LI
675031	685030	680030.5	9	4.807156606364504	NA	0	1	0.996005996001	1.0000000000000036e-12	4.333333333333333	LI7	LI
680031	690030	685030.5	7	4.807156606364504	NA	0	1	0.996005996001	1.0000000000000036e-12	5.285714285714286	LI7	LI
685031	695030	690030.5	0	NA	NA	NA	NA	NA	NA	NA	LI7	LI
690031	700030	695030.5	0	NA	NA	NA	NA	NA	NA	NA	LI7	LI
695031	705030	700030.5	0	NA	NA	NA	NA	NA	NA	NA	LI7	LI
700031	710030	705030.5	16	4.319083337658967	NA	0	1	0.996005996001	1.0000000000000036e-12	6.125	LI7	LI
705031	715030	710030.5	62	3.858288111561589	834.0543999999992	0	1	0.996005996001	1.0000000000000036e-12	6.209677419354839	LI7	LI
710031	720030	715030.5	107	3.6921502976190474	834.0543999999992	0	1	0.996005996001	1.0000000000000036e-12	6.280373831775701	LI7	LI
715031	725030	720030.5	99	3.7907335272985696	11.409193361109203	0	1	0.996005996001	1.0000000000000036e-12	6.202020202020202	LI7	LI
720031	730030	725030.5	77	2.598803144778525	3.9015094597363547	0	1	0.996005996001	1.0000000000000036e-12	6.116883116883117	LI7	LI
725031	735030	730030.5	74	2.303790389374822	1	0	1	0.996005996001	1.0000000000000036e-12	6.283783783783784	LI7	LI
730031	740030	735030.5	66	4.057984960227477	0.5641679012345682	0	1	0.996005996001	1.0000000000000036e-12	6.212121212121212	LI7	LI
735031	745030	740030.5	71	3.2745586240162154	0.5641679012345682	0	1	0.996005996001	1.0000000000000036e-12	6.211267605633803	LI7	LI
740031	750030	745030.5	77	4.5620365871216215	NA	0	1	0.996005996001	1.0000000000000036e-12	6.181818181818182	LI7	LI
745031	755030	750030.5	72	3.553933333333334	NA	0	1	0.996005996001	1.0000000000000036e-12	5.972222222222222	LI7	LI
750031	760030	755030.5	75	3.789179629418732	23.148148148148145	0	1	0.996005996001	1.0000000000000036e-12	5.96	LI7	LI
755031	765030	760030.5	93	4.5620365871216215	22.071674074074082	0	0.8571428571428571	0.7060667438271604	4.8225308641975394e-5	6.075268817204301	LI7	LI
760031	770030	765030.5	92	4.5339944840370014	20.995200000000015	0	1	0.996005996001	1.0000000000000036e-12	6.086956521739131	LI7	LI
765031	775030	770030.5	102	4.505952380952381	NA	0	1	0.996005996001	1.0000000000000036e-12	5.96078431372549	LI7	LI
770031	780030	775030.5	98	4.272778443730033	NA	0	1	0.996005996001	1.0000000000000036e-12	6.051020408163265	LI7	LI
775031	785030	780030.5	58	4.373916138194349	NA	0	1	0.996005996001	1.0000000000000036e-12	6.172413793103448	LI7	LI
780031	790030	785030.5	70	4.293231256312875	NA	0	1	0.996005996001	1.0000000000000036e-12	5.8428571428571425	LI7	LI
785031	795030	790030.5	87	4.5620365871216215	NA	0	1	0.996005996001	1.0000000000000036e-12	5.919540229885057	LI7	LI
790031	800030	795030.5	67	5.283743796306249	NA	0	1	0.996005996001	1.0000000000000036e-12	6.059701492537314	LI7	LI
795031	805030	800030.5	70	4.272778443730033	NA	0	1	0.996005996001	1.0000000000000036e-12	5.785714285714286	LI7	LI
800031	810030	805030.5	66	4.5620365871216215	NA	0	1	0.996005996001	1.0000000000000036e-12	5.757575757575758	LI7	LI
805031	815030	810030.5	34	5.20010058983911	NA	0	1	0.996005996001	1.0000000000000036e-12	5.588235294117647	LI7	LI
810031	820030	815030.5	91	4.5620365871216215	NA	0	1	0.996005996001	1.0000000000000036e-12	5.747252747252747	LI7	LI
815031	825030	820030.5	109	4.5620365871216215	NA	0	1	0.996005996001	1.0000000000000036e-12	5.981651376146789	LI7	LI
820031	830030	825030.5	62	4.02442592550413	NA	0	1	0.996005996001	1.0000000000000036e-12	6.193548387096774	LI7	LI
825031	835030	830030.5	77	4.6820804664723035	NA	0	1	0.996005996001	1.0000000000000036e-12	6.103896103896104	LI7	LI
830031	840030	835030.5	78	4.6820804664723035	NA	0	1	0.996005996001	1.0000000000000036e-12	6.115384615384615	LI7	LI
835031	845030	840030.5	84	3.789179629418732	9.886286498721333	0	1	0.996005996001	1.0000000000000036e-12	5.988095238095238	LI7	LI
840031	850030	845030.5	91	4.02442592550413	9.886286498721333	0	1	0.996005996001	1.0000000000000036e-12	6.010989010989011	LI7	LI
845031	855030	850030.5	85	4.02442592550413	NA	0	1	0.996005996001	1.0000000000000036e-12	6.117647058823529	LI7	LI
850031	860030	855030.5	94	4.5620365871216215	NA	0	1	0.996005996001	1.0000000000000036e-12	5.840425531914893	LI7	LI
855031	865030	860030.5	107	3.553933333333334	NA	0	1	0.996005996001	1.0000000000000036e-12	5.925233644859813	LI7	LI
860031	870030	865030.5	118	3.553933333333334	NA	0	1	0.996005996001	1.0000000000000036e-12	5.991525423728813	LI7	LI
865031	875030	870030.5	131	5.104467967611152	3.9015094597363547	0	1	0.996005996001	1.0000000000000036e-12	5.931297709923665	LI7	LI
870031	880030	875030.5	100	5.52685546875	3.9015094597363547	0	1	0.996005996001	1.0000000000000036e-12	6.17	LI7	LI
875031	885030	880030.5	50	4.452406249999999	NA	0	1	0.996005996001	1.0000000000000036e-12	5.38	LI7	LI
880031	890030	885030.5	29	4.452406249999999	NA	0	1	0.996005996001	1.0000000000000036e-12	3.4482758620689653	LI7	LI
885031	895030	890030.5	44	3.553933333333334	31.492800000000024	0	1	0.996005996001	1.0000000000000036e-12	5.590909090909091	LI7	LI
890031	900030	895030.5	66	4.057984960227477	31.492800000000024	0	1	0.996005996001	1.0000000000000036e-12	6.136363636363637	LI7	LI
895031	905030	900030.5	39	5.776909722222221	NA	0	1	0.996005996001	1.0000000000000036e-12	4.9743589743589745	LI7	LI
900031	910030	905030.5	26	NA	NA	0	1	0.996005996001	1.0000000000000036e-12	2.6923076923076925	LI7	LI
905031	915030	910030.5	55	5.52685546875	NA	0	1	0.996005996001	1.0000000000000036e-12	5.218181818181818	LI7	LI
910031	920030	915030.5	86	2.9977825674328775	NA	0	1	0.996005996001	1.0000000000000036e-12	6.034883720930233	LI7	LI
915031	925030	920030.5	88	2.967787357087978	NA	0	1	0.996005996001	1.0000000000000036e-12	6.159090909090909	LI7	LI
920031	930030	925030.5	107	6.291242761985746	NA	0	1	0.996005996001	1.0000000000000036e-12	6.233644859813084	LI7	LI
925031	935030	930030.5	119	4.5620365871216215	NA	0	1	0.996005996001	1.0000000000000036e-12	6.092436974789916	LI7	LI
930031	940030	935030.5	94	3.773279045414462	3.9015094597363547	0	1	0.996005996001	1.0000000000000036e-12	6.148936170212766	LI7	LI
935031	945030	940030.5	97	1.339653151955662	5.79235472986818	0	1	0.996005996001	1.0000000000000036e-12	6.257731958762887	LI7	LI
940031	950030	945030.5	99	2.534682168579761	7.683200000000006	0	1	0.996005996001	1.0000000000000036e-12	6.2727272727272725	LI7	LI
945031	955030	950030.5	71	6.805575801749272	NA	0	1	0.996005996001	1.0000000000000036e-12	6.309859154929577	LI7	LI
950031	960030	955030.5	73	6.805575801749272	NA	0	1	0.996005996001	1.0000000000000036e-12	6.205479452054795	LI7	LI
955031	965030	960030.5	66	5.573001939697837	47.999999999999964	0	1	0.996005996001	1.0000000000000036e-12	5.909090909090909	LI7	LI
960031	970030	965030.5	62	3.5804974602274773	47.999999999999964	0	1	0.996005996001	1.0000000000000036e-12	5.596774193548387	LI7	LI
965031	975030	970030.5	57	4.5620365871216215	NA	0	1	0.996005996001	1.0000000000000036e-12	5.350877192982456	LI7	LI
970031	980030	975030.5	53	4.5620365871216215	NA	0	1	0.996005996001	1.0000000000000036e-12	5.7924528301886795	LI7	LI
975031	985030	980030.5	81	4.50722141856081	405.00000000000006	0	1	0.996005996001	1.0000000000000036e-12	6.222222222222222	LI7	LI
980031	990030	985030.5	65	6.180438507248137	405.00000000000006	0	1	0.996005996001	1.0000000000000036e-12	6.123076923076923	LI7	LI
985031	995030	990030.5	67	6.180438507248137	NA	0	1	0.996005996001	1.0000000000000036e-12	6.104477611940299	LI7	LI
990031	1000030	995030.5	78	4.293231256312875	0.3164062500000001	0	1	0.996005996001	1.0000000000000036e-12	6.064102564102564	LI7	LI
995031	1005030	1000030.5	84	3.372909264121871	0.3164062500000001	0	1	0.996005996001	1.0000000000000036e-12	6.2023809523809526	LI7	LI
1000031	1010030	1005030.5	112	3.258088776185077	47.999999999999964	0	1	0.996005996001	1.0000000000000036e-12	6.258928571428571	LI7	LI
1005031	1015030	1010030.5	116	3.3963393855794397	NA	0	1	0.996005996001	1.0000000000000036e-12	6.198275862068965	LI7	LI
1010031	1020030	1015030.5	123	4.417026598801685	NA	0	1	0.996005996001	1.0000000000000036e-12	6.341463414634147	LI7	LI
1015031	1025030	1020030.5	92	4.417026598801685	NA	0	1	0.996005996001	1.0000000000000036e-12	6.304347826086956	LI7	LI
1020031	1030030	1025030.5	59	4.222061471193416	NA	0	1	0.996005996001	1.0000000000000036e-12	6.016949152542373	LI7	LI
1025031	1035030	1030030.5	64	4.222061471193416	NA	0	1	0.996005996001	1.0000000000000036e-12	4.609375	LI7	LI
1030031	1040030	1035030.5	108	2.970032938867091	31.492800000000024	0	1	0.996005996001	1.0000000000000036e-12	5.203703703703703	LI7	LI
1035031	1045030	1040030.5	134	3.3237024140152394	19.588000000000015	0	1	0.996005996001	1.0000000000000036e-12	6.126865671641791	LI7	LI
1040031	1050030	1045030.5	133	4.1748046875	1.158203125	0	1	0.996005996001	1.0000000000000036e-12	6.2481203007518795	LI7	LI
1045031	1055030	1050030.5	122	3.444500730296796	2	0	1	0.996005996001	1.0000000000000036e-12	6.254098360655738	LI7	LI
1050031	1060030	1055030.5	95	5.179754567541303	NA	0	1	0.996005996001	1.0000000000000036e-12	6.021052631578947	LI7	LI
1055031	1065030	1060030.5	94	4.381462962752066	NA	0	1	0.996005996001	1.0000000000000036e-12	6.053191489361702	LI7	LI
1060031	1070030	1065030.5	71	4.293231256312875	NA	0	1	0.996005996001	1.0000000000000036e-12	6.183098591549296	LI7	LI
1065031	1075030	1070030.5	68	4.852821296500158	NA	0	1	0.996005996001	1.0000000000000036e-12	6.235294117647059	LI7	LI
1070031	1080030	1075030.5	102	3.2745586240162154	NA	0	1	0.996005996001	1.0000000000000036e-12	6.088235294117647	LI7	LI
1075031	1085030	1080030.5	109	4.02442592550413	NA	0	1	0.996005996001	1.0000000000000036e-12	6.137614678899083	LI7	LI
1080031	1090030	1085030.5	98	4.02442592550413	23.148148148148145	0	1	0.996005996001	1.0000000000000036e-12	6.326530612244898	LI7	LI
1085031	1095030	1090030.5	110	2.408226314563974	23.148148148148145	0	1	0.996005996001	1.0000000000000036e-12	6.245454545454545	LI7	LI
1090031	1100030	1095030.5	102	4.02442592550413	27.320474074074085	0	1	0.996005996001	1.0000000000000036e-12	6.235294117647059	LI7	LI
1095031	1105030	1100030.5	94	5.052276625607386	NA	0	1	0.996005996001	1.0000000000000036e-12	6.297872340425532	LI7	LI
1100031	1110030	1105030.5	95	4.5620365871216215	NA	0	1	0.996005996001	1.0000000000000036e-12	6.315789473684211	LI7	LI
1105031	1115030	1110030.5	79	4.003973112921287	1	0	1	0.996005996001	1.0000000000000036e-12	6.291139240506329	LI7	LI
1110031	1120030	1115030.5	94	3.706806189373898	3.5450439410384775	0	1	0.996005996001	1.0000000000000036e-12	6.24468085106383	LI7	LI
1115031	1125030	1120030.5	97	3.640333333333334	7.5349219705192425	0	1	0.996005996001	1.0000000000000036e-12	6.298969072164948	LI7	LI
1120031	1130030	1125030.5	114	3.2051688371971325	8.556895020831904	0	1	0.996005996001	1.0000000000000036e-12	6.385964912280702	LI7	LI
1125031	1135030	1130030.5	161	3.1270738123258615	2.658782955778858	0	1	0.996005996001	1.0000000000000036e-12	6.341614906832298	LI7	LI
1130031	1140030	1135030.5	147	5.52685546875	0.04762993446121023	0	1	0.996005996001	1.0000000000000036e-12	6.292517006802721	LI7	LI
1135031	1145030	1140030.5	120	4.352605008905959	0.04762993446121023	0	1	0.996005996001	1.0000000000000036e-12	6.15	LI7	LI
1140031	1150030	1145030.5	107	5.052276625607386	NA	0	1	0.996005996001	1.0000000000000036e-12	6.140186915887851	LI7	LI
1145031	1155030	1150030.5	98	1.6488095238095237	1.7725219705192388	0	1	0.996005996001	1.0000000000000036e-12	5.6020408163265305	LI7	LI
1150031	1160030	1155030.5	97	2.9285235547592054	1.7725219705192388	0	1	0.996005996001	1.0000000000000036e-12	5.484536082474227	LI7	LI
1155031	1165030	1160030.5	98	4.5620365871216215	3.1203703703703694	0	1	0.996005996001	1.0000000000000036e-12	6.1020408163265305	LI7	LI
1160031	1170030	1165030.5	109	4.5620365871216215	405.00000000000006	0	1	0.996005996001	1.0000000000000036e-12	6.073394495412844	LI7	LI
1165031	1175030	1170030.5	123	4.941053002939348	405.00000000000006	0	1	0.996005996001	1.0000000000000036e-12	5.991869918699187	LI7	LI
1170031	1180030	1175030.5	108	5.594442732613491	NA	0	1	0.996005996001	1.0000000000000036e-12	6.083333333333333	LI7	LI
1175031	1185030	1180030.5	85	5.776909722222221	NA	0	1	0.996005996001	1.0000000000000036e-12	6.352941176470588	LI7	LI
1180031	1190030	1185030.5	59	4.452406249999999	NA	0	1	0.996005996001	1.0000000000000036e-12	6.440677966101695	LI7	LI
1185031	1195030	1190030.5	62	4.5067250858470835	0.5641679012345682	0	1	0.996005996001	1.0000000000000036e-12	6.032258064516129	LI7	LI
1190031	1200030	1195030.5	90	4.694366834035201	0.5641679012345682	0	1	0.996005996001	1.0000000000000036e-12	5.2555555555555555	LI7	LI
1195031	1205030	1200030.5	110	4.02442592550413	NA	0	1	0.996005996001	1.0000000000000036e-12	4.945454545454545	LI7	LI
1200031	1210030	1205030.5	132	4.02442592550413	NA	0	1	0.996005996001	1.0000000000000036e-12	5.636363636363637	LI7	LI
1205031	1215030	1210030.5	113	6.166215635249635	NA	0	1	0.996005996001	1.0000000000000036e-12	6.185840707964601	LI7	LI
1210031	1220030	1215030.5	72	4.060212962752065	NA	0	1	0.996005996001	1.0000000000000036e-12	6.291666666666667	LI7	LI
1215031	1225030	1220030.5	81	4.811427734375	NA	0	1	0.996005996001	1.0000000000000036e-12	6.382716049382716	LI7	LI
1220031	1230030	1225030.5	103	5.289566047178694	NA	0	1	0.996005996001	1.0000000000000036e-12	6.359223300970874	LI7	LI
1225031	1235030	1230030.5	89	4.412777835510925	NA	0	1	0.996005996001	1.0000000000000036e-12	6.269662921348314	LI7	LI
1230031	1240030	1235030.5	89	3.1165471331389702	1	0	1	0.996005996001	1.0000000000000036e-12	6.303370786516854	LI7	LI
1235031	1245030	1240030.5	111	4.5620365871216215	0.5	0	1	0.996005996001	1.0000000000000036e-12	6.171171171171171	LI7	LI
1240031	1250030	1245030.5	128	4.137982463972108	0	0	1	0.996005996001	1.0000000000000036e-12	6.1484375	LI7	LI
1245031	1255030	1250030.5	121	4.381133333333334	NA	0	1	0.996005996001	1.0000000000000036e-12	6.107438016528926	LI7	LI
1250031	1260030	1255030.5	131	5.257704861111111	NA	0	1	0.996005996001	1.0000000000000036e-12	6.0534351145038165	LI7	LI
1255031	1265030	1260030.5	110	4.7385	0.04762993446121023	0	1	0.996005996001	1.0000000000000036e-12	6.1909090909090905	LI7	LI
1260031	1270030	1265030.5	110	5.052276625607386	1.796336937749844	0	1	0.996005996001	1.0000000000000036e-12	6.327272727272727	LI7	LI
1265031	1275030	1270030.5	144	5.052276625607386	3.5450439410384775	0	1	0.996005996001	1.0000000000000036e-12	6.340277777777778	LI7	LI
1270031	1280030	1275030.5	138	4.222061471193416	NA	0	1	0.996005996001	1.0000000000000036e-12	6.391304347826087	LI7	LI
1275031	1285030	1280030.5	134	4.222061471193416	NA	0	1	0.996005996001	1.0000000000000036e-12	6.313432835820896	LI7	LI
1280031	1290030	1285030.5	100	5.208333333333334	NA	0	1	0.996005996001	1.0000000000000036e-12	6.27	LI7	LI
1285031	1295030	1290030.5	82	5.13030497947036	NA	0	1	0.996005996001	1.0000000000000036e-12	6.219512195121951	LI7	LI
1290031	1300030	1295030.5	104	4.694366834035202	NA	0	1	0.996005996001	1.0000000000000036e-12	6.201923076923077	LI7	LI
1295031	1305030	1300030.5	99	4.7385	156.25000000000003	0	1	0.996005996001	1.0000000000000036e-12	6.303030303030303	LI7	LI
1300031	1310030	1305030.5	83	4.7385	156.25000000000003	0	1	0.996005996001	1.0000000000000036e-12	6.337349397590361	LI7	LI
1305031	1315030	1310030.5	71	5.776909722222221	NA	0	1	0.996005996001	1.0000000000000036e-12	6.422535211267606	LI7	LI
1310031	1320030	1315030.5	66	5.460257864050458	NA	0	1	0.996005996001	1.0000000000000036e-12	6.363636363636363	LI7	LI
1315031	1325030	1320030.5	94	5.143606005878695	NA	0	1	0.996005996001	1.0000000000000036e-12	6.361702127659575	LI7	LI
1320031	1330030	1325030.5	105	3.640333333333334	NA	0	1	0.996005996001	1.0000000000000036e-12	6.304761904761905	LI7	LI
1325031	1335030	1330030.5	93	5.776909722222221	NA	0	1	0.996005996001	1.0000000000000036e-12	6.182795698924731	LI7	LI
1330031	1340030	1335030.5	79	4.807156606364504	NA	0	1	0.996005996001	1.0000000000000036e-12	6.177215189873418	LI7	LI
1335031	1345030	1340030.5	93	5.052276625607386	NA	0	1	0.996005996001	1.0000000000000036e-12	5.989247311827957	LI7	LI
1340031	1350030	1345030.5	102	5.052276625607386	NA	0	1	0.996005996001	1.0000000000000036e-12	6.029411764705882	LI7	LI
1345031	1355030	1350030.5	68	5.052276625607386	NA	0	1	0.996005996001	1.0000000000000036e-12	6.176470588235294	LI7	LI
1350031	1360030	1355030.5	55	5.950803084957528	NA	0	1	0.996005996001	1.0000000000000036e-12	6.472727272727273	LI7	LI
1355031	1365030	1360030.5	79	3.564466666666667	NA	0	1	0.996005996001	1.0000000000000036e-12	6.050632911392405	LI7	LI
1360031	1370030	1365030.5	72	4.5620365871216215	NA	0	1	0.996005996001	1.0000000000000036e-12	5.875	LI7	LI
1365031	1375030	1370030.5	54	5.776909722222221	NA	0	1	0.996005996001	1.0000000000000036e-12	6.444444444444445	LI7	LI
1370031	1380030	1375030.5	77	4.807156606364504	NA	0	1	0.996005996001	1.0000000000000036e-12	6.311688311688312	LI7	LI
1375031	1385030	1380030.5	104	5.052276625607386	NA	0	1	0.996005996001	1.0000000000000036e-12	6.173076923076923	LI7	LI
1380031	1390030	1385030.5	105	5.052276625607386	NA	0	1	0.996005996001	1.0000000000000036e-12	6.2	LI7	LI
1385031	1395030	1390030.5	101	4.5620365871216215	1	0	1	0.996005996001	1.0000000000000036e-12	6.316831683168317	LI7	LI
1390031	1400030	1395030.5	109	4.7385	1	0	1	0.996005996001	1.0000000000000036e-12	6.3119266055045875	LI7	LI
1395031	1405030	1400030.5	96	5.052276625607386	NA	0	1	0.996005996001	1.0000000000000036e-12	6.270833333333333	LI7	LI
1400031	1410030	1405030.5	83	5.052276625607386	59.588934613626	0	1	0.996005996001	1.0000000000000036e-12	6.156626506024097	LI7	LI
1405031	1415030	1410030.5	82	4.4408367153451485	59.588934613626	0	1	0.996005996001	1.0000000000000036e-12	5.963414634146342	LI7	LI
1410031	1420030	1415030.5	101	4.7385	NA	0	1	0.996005996001	1.0000000000000036e-12	6.03960396039604	LI7	LI
1415031	1425030	1420030.5	119	5.052276625607386	NA	0	1	0.996005996001	1.0000000000000036e-12	6.235294117647059	LI7	LI
1420031	1430030	1425030.5	115	5.052276625607386	NA	0	1	0.996005996001	1.0000000000000036e-12	6.234782608695652	LI7	LI
1425031	1435030	1430030.5	94	5.052276625607386	1	0	1	0.996005996001	1.0000000000000036e-12	6.202127659574468	LI7	LI
1430031	1440030	1435030.5	73	5.776909722222221	1	0	1	0.996005996001	1.0000000000000036e-12	6.342465753424658	LI7	LI
1435031	1445030	1440030.5	73	5.208333333333334	17.11379004166381	0	1	0.996005996001	1.0000000000000036e-12	6.383561643835616	LI7	LI
1440031	1450030	1445030.5	59	5.52685546875	17.11379004166381	0	1	0.996005996001	1.0000000000000036e-12	6.372881355932203	LI7	LI
1445031	1455030	1450030.5	61	5.110611151392601	NA	0	1	0.996005996001	1.0000000000000036e-12	6.213114754098361	LI7	LI
1450031	1460030	1455030.5	88	4.02442592550413	NA	0	1	0.996005996001	1.0000000000000036e-12	6.386363636363637	LI7	LI
1455031	1465030	1460030.5	106	4.6820804664723035	107.91946730681302	0	1	0.996005996001	1.0000000000000036e-12	6.415094339622642	LI7	LI
1460031	1470030	1465030.5	86	4.6820804664723035	107.91946730681302	0	1	0.996005996001	1.0000000000000036e-12	6.209302325581396	LI7	LI
1465031	1475030	1470030.5	74	5.776909722222221	NA	0	1	0.996005996001	1.0000000000000036e-12	6.108108108108108	LI7	LI
1470031	1480030	1475030.5	78	5.776909722222221	NA	0	1	0.996005996001	1.0000000000000036e-12	6.243589743589744	LI7	LI
1475031	1485030	1480030.5	78	5.052276625607386	NA	0	1	0.996005996001	1.0000000000000036e-12	6.153846153846154	LI7	LI
1480031	1490030	1485030.5	85	5.776909722222221	405.00000000000006	0	1	0.996005996001	1.0000000000000036e-12	6.188235294117647	LI7	LI
1485031	1495030	1490030.5	73	5.776909722222221	405.00000000000006	0	1	0.996005996001	1.0000000000000036e-12	6.178082191780822	LI7	LI
1490031	1500030	1495030.5	77	6.180438507248137	NA	0	1	0.996005996001	1.0000000000000036e-12	6.038961038961039	LI7	LI
1495031	1505030	1500030.5	75	6.694771547011662	NA	0	1	0.996005996001	1.0000000000000036e-12	6.2	LI7	LI
1500031	1510030	1505030.5	60	4.5620365871216215	1.5	0	1	0.996005996001	1.0000000000000036e-12	6.35	LI7	LI
1505031	1515030	1510030.5	66	5.651882595486111	2.5225219705192385	0	1	0.996005996001	1.0000000000000036e-12	6.409090909090909	LI7	LI
1510031	1520030	1515030.5	70	6.297376093294462	3.5450439410384775	0	1	0.996005996001	1.0000000000000036e-12	6.285714285714286	LI7	LI
1515031	1525030	1520030.5	68	6.180438507248137	NA	0	1	0.996005996001	1.0000000000000036e-12	5.955882352941177	LI7	LI
31	10030	5030.5	140	8.028494485611777	0	0	1	0.996005996001	1.0000000000000036e-12	7.378571428571429	LI8	LI
5031	15030	10030.5	118	7.86166254679362	0	0	1	0.996005996001	1.0000000000000036e-12	8.05084745762712	LI8	LI
10031	20030	15030.5	124	7.38897705078125	0	0	1	0.996005996001	1.0000000000000036e-12	7.975806451612903	LI8	LI
15031	25030	20030.5	89	7.773876190185547	0	0	1	0.996005996001	1.0000000000000036e-12	8.202247191011235	LI8	LI
20031	30030	25030.5	77	7.8277587890625	NA	0	1	0.996005996001	1.0000000000000036e-12	8.194805194805195	LI8	LI
25031	35030	30030.5	108	8.84542181069959	NA	0	1	0.996005996001	1.0000000000000036e-12	8.231481481481481	LI8	LI
30031	40030	35030.5	117	8.755393197016462	NA	0	1	0.996005996001	1.0000000000000036e-12	8.196581196581196	LI8	LI
35031	45030	40030.5	78	8.665364583333334	NA	0	1	0.996005996001	1.0000000000000036e-12	8.128205128205128	LI8	LI
40031	50030	45030.5	80	7.499073028564453	NA	0	1	0.996005996001	1.0000000000000036e-12	8.175	LI8	LI
45031	55030	50030.5	108	7.499073028564453	NA	0	1	0.996005996001	1.0000000000000036e-12	8.055555555555555	LI8	LI
50031	60030	55030.5	110	5.915885587899901	NA	0	1	0.996005996001	1.0000000000000036e-12	7.972727272727273	LI8	LI
55031	65030	60030.5	97	5.915885587899901	NA	0	1	0.996005996001	1.0000000000000036e-12	8.103092783505154	LI8	LI
60031	70030	65030.5	96	8.665364583333334	NA	0	1	0.996005996001	1.0000000000000036e-12	8.208333333333334	LI8	LI
65031	75030	70030.5	122	8.546674061213992	NA	0	1	0.996005996001	1.0000000000000036e-12	8.10655737704918	LI8	LI
70031	80030	75030.5	123	7.8277587890625	NA	0	1	0.996005996001	1.0000000000000036e-12	8.178861788617887	LI8	LI
75031	85030	80030.5	90	8.147185007731121	NA	0	1	0.996005996001	1.0000000000000036e-12	8.311111111111112	LI8	LI
80031	90030	85030.5	86	7.629005432128906	0	0	1	0.996005996001	1.0000000000000036e-12	8.151162790697674	LI8	LI
85031	95030	90030.5	106	3.8058134046011154	0	0	1	0.996005996001	1.0000000000000036e-12	7.933962264150943	LI8	LI
90031	100030	95030.5	129	NA	NA	0	1	0.996005996001	1.0000000000000036e-12	7.9147286821705425	LI8	LI
95031	105030	100030.5	164	1.4078208906240604	0	0	1	0.996005996001	1.0000000000000036e-12	7.987804878048781	LI8	LI
100031	110030	105030.5	134	3.8058134046011154	0	0	1	0.996005996001	1.0000000000000036e-12	8.067164179104477	LI8	LI
105031	115030	110030.5	88	4.06262892452278	0	0	1	0.996005996001	1.0000000000000036e-12	8.272727272727273	LI8	LI
110031	120030	115030.5	99	3.8058134046011154	0	0	1	0.996005996001	1.0000000000000036e-12	8.212121212121213	LI8	LI
115031	125030	120030.5	99	1.4078208906240604	0	0	1	0.996005996001	1.0000000000000036e-12	8.191919191919192	LI8	LI
120031	130030	125030.5	67	7.070250289351852	0	0	1	0.996005996001	1.0000000000000036e-12	8.26865671641791	LI8	LI
125031	135030	130030.5	88	5.451705868359249	0	0	1	0.996005996001	1.0000000000000036e-12	8.159090909090908	LI8	LI
130031	140030	135030.5	118	5.451705868359249	0	0	1	0.996005996001	1.0000000000000036e-12	8.025423728813559	LI8	LI
135031	145030	140030.5	96	8.336590299881045	NA	0	1	0.996005996001	1.0000000000000036e-12	8.0625	LI8	LI
140031	150030	145030.5	138	7.8277587890625	0	0	1	0.996005996001	1.0000000000000036e-12	8.173913043478262	LI8	LI
145031	155030	150030.5	214	7.316667295405885	0	0	1	0.996005996001	1.0000000000000036e-12	8.02803738317757	LI8	LI
150031	160030	155030.5	199	7.316667295405885	0	0	1	0.996005996001	1.0000000000000036e-12	8.115577889447236	LI8	LI
155031	165030	160030.5	131	8.759765625	0	0	1	0.996005996001	1.0000000000000036e-12	8.320610687022901	LI8	LI
160031	170030	165030.5	95	7.8232421875	0	0	1	0.996005996001	1.0000000000000036e-12	8.326315789473684	LI8	LI
165031	175030	170030.5	87	7.8187255859375	0	0	1	0.996005996001	1.0000000000000036e-12	8.172413793103448	LI8	LI
170031	180030	175030.5	81	7.244380906441469	0	0	1	0.996005996001	1.0000000000000036e-12	8.037037037037036	LI8	LI
175031	185030	180030.5	94	7.244380906441469	0	0	1	0.996005996001	1.0000000000000036e-12	8.127659574468085	LI8	LI
180031	190030	185030.5	112	7.719993591308594	0	0	1	0.996005996001	1.0000000000000036e-12	8.017857142857142	LI8	LI
185031	195030	190030.5	101	7.438343048095703	0	0	1	0.996005996001	1.0000000000000036e-12	8.118811881188119	LI8	LI
190031	200030	195030.5	80	6.186342592592593	0	0	1	0.996005996001	1.0000000000000036e-12	8.3625	LI8	LI
195031	205030	200030.5	113	8.849794238683128	0	0	1	0.996005996001	1.0000000000000036e-12	8.398230088495575	LI8	LI
200031	210030	205030.5	114	8.849794238683128	0	0	1	0.996005996001	1.0000000000000036e-12	8.421052631578947	LI8	LI
205031	215030	210030.5	91	6.805575801749272	NA	0	1	0.996005996001	1.0000000000000036e-12	8.31868131868132	LI8	LI
210031	220030	215030.5	103	6.805575801749272	NA	0	1	0.996005996001	1.0000000000000036e-12	8.145631067961165	LI8	LI
215031	225030	220030.5	109	8.141187628600823	0	0	1	0.996005996001	1.0000000000000036e-12	8	LI8	LI
220031	230030	225030.5	84	7.599574069427365	0	0	1	0.996005996001	1.0000000000000036e-12	8.011904761904763	LI8	LI
225031	235030	230030.5	51	7.057960510253906	0	0	1	0.996005996001	1.0000000000000036e-12	8.176470588235293	LI8	LI
230031	240030	235030.5	89	7.976144287659655	0	0	1	0.996005996001	1.0000000000000036e-12	8.213483146067416	LI8	LI
235031	245030	240030.5	105	7.719993591308594	0	0	1	0.996005996001	1.0000000000000036e-12	8.18095238095238	LI8	LI
240031	250030	245030.5	100	7.719993591308594	0	0	1	0.996005996001	1.0000000000000036e-12	8.16	LI8	LI
245031	255030	250030.5	99	8.84542181069959	NA	0	1	0.996005996001	1.0000000000000036e-12	8.282828282828282	LI8	LI
250031	260030	255030.5	98	8.84542181069959	NA	0	1	0.996005996001	1.0000000000000036e-12	8.306122448979592	LI8	LI
255031	265030	260030.5	104	6.437515815437432	NA	0	1	0.996005996001	1.0000000000000036e-12	8.211538461538462	LI8	LI
260031	270030	265030.5	87	6.437515815437432	NA	0	1	0.996005996001	1.0000000000000036e-12	8.172413793103448	LI8	LI
265031	275030	270030.5	80	NA	NA	0	1	0.996005996001	1.0000000000000036e-12	8.175	LI8	LI
270031	280030	275030.5	82	6.076857605923103	NA	0	1	0.996005996001	1.0000000000000036e-12	8.24390243902439	LI8	LI
275031	285030	280030.5	87	6.805575801749272	0	0	1	0.996005996001	1.0000000000000036e-12	8.149425287356323	LI8	LI
280031	290030	285030.5	86	6.805575801749272	0	0	1	0.996005996001	1.0000000000000036e-12	8.081395348837209	LI8	LI
285031	295030	290030.5	91	7.109202529365122	NA	0	1	0.996005996001	1.0000000000000036e-12	8.054945054945055	LI8	LI
290031	300030	295030.5	99	7.369140625	NA	0	1	0.996005996001	1.0000000000000036e-12	8.02020202020202	LI8	LI
295031	305030	300030.5	142	NA	NA	0	1	0.996005996001	1.0000000000000036e-12	8.105633802816902	LI8	LI
300031	310030	305030.5	134	NA	NA	0	1	0.996005996001	1.0000000000000036e-12	8.119402985074627	LI8	LI
305031	315030	310030.5	90	4.02442592550413	NA	0	1	0.996005996001	1.0000000000000036e-12	7.588888888888889	LI8	LI
310031	320030	315030.5	131	4.900667823863175	NA	0	1	0.996005996001	1.0000000000000036e-12	7.648854961832061	LI8	LI
315031	325030	320030.5	121	5.776909722222221	NA	0	1	0.996005996001	1.0000000000000036e-12	8.057851239669422	LI8	LI
320031	330030	325030.5	92	7.369140625	NA	0	1	0.996005996001	1.0000000000000036e-12	8.08695652173913	LI8	LI
325031	335030	330030.5	108	7.898562082047325	NA	0	1	0.996005996001	1.0000000000000036e-12	8.00925925925926	LI8	LI
330031	340030	335030.5	99	8.42798353909465	NA	0	1	0.996005996001	1.0000000000000036e-12	8.1010101010101	LI8	LI
335031	345030	340030.5	84	7.343482971191406	0	0	1	0.996005996001	1.0000000000000036e-12	8.107142857142858	LI8	LI
340031	350030	345030.5	67	6.13314692179362	0	0	1	0.996005996001	1.0000000000000036e-12	7.776119402985074	LI8	LI
345031	355030	350030.5	34	5.367594401041667	0	0	1	0.996005996001	1.0000000000000036e-12	7.029411764705882	LI8	LI
350031	360030	355030.5	8	5.651882595486111	0	0	0.5833333333333333	0.6461241922260802	1.461829668209877e-4	5.25	LI8	LI
355031	365030	360030.5	7	NA	NA	0	1	0.996005996001	1.0000000000000036e-12	3.142857142857143	LI8	LI
360031	370030	365030.5	13	5.653107317386832	0	0	1	0.996005996001	1.0000000000000036e-12	4.6923076923076925	LI8	LI
365031	375030	370030.5	54	5.6953125	0	0	1	0.996005996001	1.0000000000000036e-12	6.314814814814815	LI8	LI
370031	380030	375030.5	89	5.6953125	NA	0	1	0.996005996001	1.0000000000000036e-12	7.224719101123595	LI8	LI
375031	385030	380030.5	75	NA	NA	0	1	0.996005996001	1.0000000000000036e-12	8.213333333333333	LI8	LI
380031	390030	385030.5	67	7.262784696528932	0	0	1	0.996005996001	1.0000000000000036e-12	8.35820895522388	LI8	LI
385031	395030	390030.5	81	7.262784696528932	0	0	1	0.996005996001	1.0000000000000036e-12	8.25925925925926	LI8	LI
390031	400030	395030.5	81	6.297376093294462	NA	0	1	0.996005996001	1.0000000000000036e-12	8.185185185185185	LI8	LI
395031	405030	400030.5	80	6.297376093294462	NA	0	1	0.996005996001	1.0000000000000036e-12	8.1625	LI8	LI
400031	410030	405030.5	99	NA	NA	0	1	0.996005996001	1.0000000000000036e-12	8.232323232323232	LI8	LI
405031	415030	410030.5	87	8.84542181069959	NA	0	1	0.996005996001	1.0000000000000036e-12	8.32183908045977	LI8	LI
410031	420030	415030.5	67	8.665364583333334	NA	0	1	0.996005996001	1.0000000000000036e-12	8.029850746268657	LI8	LI
415031	425030	420030.5	78	8.665364583333334	0	0	1	0.996005996001	1.0000000000000036e-12	7.987179487179487	LI8	LI
420031	430030	425030.5	91	8.42798353909465	0	0	1	0.996005996001	1.0000000000000036e-12	8.296703296703297	LI8	LI
425031	435030	430030.5	96	8.42798353909465	NA	0	1	0.996005996001	1.0000000000000036e-12	8.4375	LI8	LI
430031	440030	435030.5	96	NA	NA	0	1	0.996005996001	1.0000000000000036e-12	8.302083333333334	LI8	LI
435031	445030	440030.5	93	8.84542181069959	0	0	1	0.996005996001	1.0000000000000036e-12	8.053763440860216	LI8	LI
440031	450030	445030.5	80	8.84542181069959	0	0	1	0.996005996001	1.0000000000000036e-12	8.075	LI8	LI
445031	455030	450030.5	75	NA	NA	0	1	0.996005996001	1.0000000000000036e-12	8.186666666666667	LI8	LI
450031	460030	455030.5	96	NA	NA	0	1	0.996005996001	1.0000000000000036e-12	8.0625	LI8	LI
455031	465030	460030.5	93	NA	NA	0	1	0.996005996001	1.0000000000000036e-12	8.064516129032258	LI8	LI
460031	470030	465030.5	97	NA	NA	0	1	0.996005996001	1.0000000000000036e-12	8.185567010309278	LI8	LI
465031	475030	470030.5	85	NA	NA	0	1	0.996005996001	1.0000000000000036e-12	8.211764705882352	LI8	LI
470031	480030	475030.5	61	7.057960510253906	0	0	1	0.996005996001	1.0000000000000036e-12	8.344262295081966	LI8	LI
475031	485030	480030.5	77	7.057960510253906	0	0	1	0.996005996001	1.0000000000000036e-12	8.402597402597403	LI8	LI
480031	490030	485030.5	54	NA	NA	0	1	0.996005996001	1.0000000000000036e-12	8.296296296296296	LI8	LI
485031	495030	490030.5	40	NA	NA	0	1	0.996005996001	1.0000000000000036e-12	8.3	LI8	LI
490031	500030	495030.5	54	NA	NA	0	1	0.996005996001	1.0000000000000036e-12	8.25925925925926	LI8	LI
495031	505030	500030.5	65	5.958238429300291	0	0	1	0.996005996001	1.0000000000000036e-12	8.2	LI8	LI
500031	510030	505030.5	74	5.958238429300291	0	0	1	0.996005996001	1.0000000000000036e-12	8.391891891891891	LI8	LI
505031	515030	510030.5	83	7.8187255859375	0	0	1	0.996005996001	1.0000000000000036e-12	8.19277108433735	LI8	LI
510031	520030	515030.5	77	7.8187255859375	0	0	1	0.996005996001	1.0000000000000036e-12	8	LI8	LI
515031	525030	520030.5	59	NA	NA	0	1	0.996005996001	1.0000000000000036e-12	8.23728813559322	LI8	LI
520031	530030	525030.5	71	NA	NA	0	1	0.996005996001	1.0000000000000036e-12	8.23943661971831	LI8	LI
525031	535030	530030.5	76	5.518186771137026	NA	0	1	0.996005996001	1.0000000000000036e-12	8.144736842105264	LI8	LI
530031	540030	535030.5	72	6.583967292274053	NA	0	1	0.996005996001	1.0000000000000036e-12	8.041666666666666	LI8	LI
535031	545030	540030.5	82	8.246561686197918	0	0	1	0.996005996001	1.0000000000000036e-12	8	LI8	LI
540031	550030	545030.5	97	8.755393197016462	0	0	1	0.996005996001	1.0000000000000036e-12	8.030927835051546	LI8	LI
545031	555030	550030.5	95	8.84542181069959	NA	0	1	0.996005996001	1.0000000000000036e-12	7.957894736842105	LI8	LI
550031	560030	555030.5	63	NA	NA	0	1	0.996005996001	1.0000000000000036e-12	7.904761904761905	LI8	LI
555031	565030	560030.5	46	7.742972024674278	0	0	1	0.996005996001	1.0000000000000036e-12	8.065217391304348	LI8	LI
560031	570030	565030.5	73	8.42798353909465	0	0	1	0.996005996001	1.0000000000000036e-12	8.205479452054794	LI8	LI
565031	575030	570030.5	109	8.606875321502057	0	0	1	0.996005996001	1.0000000000000036e-12	8.082568807339449	LI8	LI
570031	580030	575030.5	102	8.54296875	0	0	1	0.996005996001	1.0000000000000036e-12	7.950980392156863	LI8	LI
575031	585030	580030.5	67	8.300847308625901	0	0	1	0.996005996001	1.0000000000000036e-12	7.955223880597015	LI8	LI
580031	590030	585030.5	70	8.300847308625901	0	0	1	0.996005996001	1.0000000000000036e-12	8.071428571428571	LI8	LI
585031	595030	590030.5	79	NA	NA	0	1	0.996005996001	1.0000000000000036e-12	7.974683544303797	LI8	LI
590031	600030	595030.5	71	NA	NA	0	1	0.996005996001	1.0000000000000036e-12	8.056338028169014	LI8	LI
595031	605030	600030.5	86	NA	NA	0	1	0.996005996001	1.0000000000000036e-12	8.232558139534884	LI8	LI
600031	610030	605030.5	114	8.127871164078574	NA	0	1	0.996005996001	1.0000000000000036e-12	7.921052631578948	LI8	LI
605031	615030	610030.5	118	8.127871164078574	NA	0	1	0.996005996001	1.0000000000000036e-12	7.983050847457627	LI8	LI
610031	620030	615030.5	107	8.84542181069959	NA	0	1	0.996005996001	1.0000000000000036e-12	8.299065420560748	LI8	LI
615031	625030	620030.5	100	8.84542181069959	NA	0	1	0.996005996001	1.0000000000000036e-12	8.22	LI8	LI
620031	630030	625030.5	101	NA	NA	0	1	0.996005996001	1.0000000000000036e-12	8.297029702970297	LI8	LI
625031	635030	630030.5	112	6.805575801749272	NA	0	1	0.996005996001	1.0000000000000036e-12	8.303571428571429	LI8	LI
630031	640030	635030.5	79	7.316667295405885	NA	0	1	0.996005996001	1.0000000000000036e-12	8.189873417721518	LI8	LI
635031	645030	640030.5	41	7.8277587890625	NA	0	1	0.996005996001	1.0000000000000036e-12	8.268292682926829	LI8	LI
640031	650030	645030.5	57	NA	NA	0	1	0.996005996001	1.0000000000000036e-12	8.192982456140351	LI8	LI
645031	655030	650030.5	63	6.055411380512027	NA	0	1	0.996005996001	1.0000000000000036e-12	8.126984126984127	LI8	LI
650031	660030	655030.5	64	6.583967292274053	NA	0	1	0.996005996001	1.0000000000000036e-12	8	LI8	LI
655031	665030	660030.5	63	7.369140625	NA	0	1	0.996005996001	1.0000000000000036e-12	8	LI8	LI
660031	670030	665030.5	53	NA	NA	0	1	0.996005996001	1.0000000000000036e-12	8.18867924528302	LI8	LI
665031	675030	670030.5	35	NA	NA	0	1	0.996005996001	1.0000000000000036e-12	8.17142857142857	LI8	LI
670031	680030	675030.5	11	NA	NA	0	1	0.996005996001	1.0000000000000036e-12	7.545454545454546	LI8	LI
675031	685030	680030.5	9	NA	NA	0	1	0.996005996001	1.0000000000000036e-12	7	LI8	LI
680031	690030	685030.5	7	NA	NA	0	1	0.996005996001	1.0000000000000036e-12	7.428571428571429	LI8	LI
685031	695030	690030.5	0	NA	NA	NA	NA	NA	NA	NA	LI8	LI
690031	700030	695030.5	0	NA	NA	NA	NA	NA	NA	NA	LI8	LI
695031	705030	700030.5	0	NA	NA	NA	NA	NA	NA	NA	LI8	LI
700031	710030	705030.5	16	NA	NA	0	1	0.996005996001	1.0000000000000036e-12	8.0625	LI8	LI
705031	715030	710030.5	62	NA	NA	0	1	0.996005996001	1.0000000000000036e-12	8.129032258064516	LI8	LI
710031	720030	715030.5	107	8.665364583333334	NA	0	1	0.996005996001	1.0000000000000036e-12	8.05607476635514	LI8	LI
715031	725030	720030.5	99	8.665364583333334	NA	0	1	0.996005996001	1.0000000000000036e-12	8.05050505050505	LI8	LI
720031	730030	725030.5	77	NA	NA	0	1	0.996005996001	1.0000000000000036e-12	7.909090909090909	LI8	LI
725031	735030	730030.5	74	NA	NA	0	1	0.996005996001	1.0000000000000036e-12	7.945945945945946	LI8	LI
730031	740030	735030.5	66	8.300847308625901	0	0	1	0.996005996001	1.0000000000000036e-12	8.257575757575758	LI8	LI
735031	745030	740030.5	71	7.8277587890625	0	0	1	0.996005996001	1.0000000000000036e-12	8.211267605633802	LI8	LI
740031	750030	745030.5	77	8.84542181069959	0	0	1	0.996005996001	1.0000000000000036e-12	8.181818181818182	LI8	LI
745031	755030	750030.5	72	8.84542181069959	0	0	1	0.996005996001	1.0000000000000036e-12	8.291666666666666	LI8	LI
750031	760030	755030.5	75	7.728382110595703	0	0	1	0.996005996001	1.0000000000000036e-12	8.266666666666667	LI8	LI
755031	765030	760030.5	93	7.728382110595703	0	0	1	0.996005996001	1.0000000000000036e-12	8.129032258064516	LI8	LI
760031	770030	765030.5	92	7.8277587890625	NA	0	1	0.996005996001	1.0000000000000036e-12	8.08695652173913	LI8	LI
765031	775030	770030.5	102	7.316667295405885	NA	0	1	0.996005996001	1.0000000000000036e-12	7.931372549019608	LI8	LI
770031	780030	775030.5	98	6.805575801749272	NA	0	1	0.996005996001	1.0000000000000036e-12	8.010204081632653	LI8	LI
775031	785030	780030.5	58	NA	NA	0	1	0.996005996001	1.0000000000000036e-12	8.344827586206897	LI8	LI
780031	790030	785030.5	70	NA	NA	0	1	0.996005996001	1.0000000000000036e-12	8.042857142857143	LI8	LI
785031	795030	790030.5	87	7.728382110595703	0	0	1	0.996005996001	1.0000000000000036e-12	7.827586206896552	LI8	LI
790031	800030	795030.5	67	7.728382110595703	0	0	1	0.996005996001	1.0000000000000036e-12	7.895522388059701	LI8	LI
795031	805030	800030.5	70	6.297376093294462	NA	0	1	0.996005996001	1.0000000000000036e-12	7.9714285714285715	LI8	LI
800031	810030	805030.5	66	6.297376093294462	NA	0	1	0.996005996001	1.0000000000000036e-12	8	LI8	LI
805031	815030	810030.5	34	NA	NA	0	1	0.996005996001	1.0000000000000036e-12	7.970588235294118	LI8	LI
810031	820030	815030.5	91	7.369140625	0	0	1	0.996005996001	1.0000000000000036e-12	7.989010989010989	LI8	LI
815031	825030	820030.5	109	7.369140625	0	0	1	0.996005996001	1.0000000000000036e-12	8.091743119266056	LI8	LI
820031	830030	825030.5	62	7.8277587890625	0	0	1	0.996005996001	1.0000000000000036e-12	8.387096774193548	LI8	LI
825031	835030	830030.5	77	7.629005432128906	0	0	1	0.996005996001	1.0000000000000036e-12	8.2987012987013	LI8	LI
830031	840030	835030.5	78	7.629005432128906	NA	0	1	0.996005996001	1.0000000000000036e-12	8.23076923076923	LI8	LI
835031	845030	840030.5	84	6.676367756924199	NA	0	1	0.996005996001	1.0000000000000036e-12	7.880952380952381	LI8	LI
840031	850030	845030.5	91	6.583967292274053	NA	0	1	0.996005996001	1.0000000000000036e-12	7.6923076923076925	LI8	LI
845031	855030	850030.5	85	7.629005432128906	0	0	1	0.996005996001	1.0000000000000036e-12	7.964705882352941	LI8	LI
850031	860030	855030.5	94	7.629005432128906	0	0	1	0.996005996001	1.0000000000000036e-12	8.03191489361702	LI8	LI
855031	865030	860030.5	107	8.84542181069959	0	0	1	0.996005996001	1.0000000000000036e-12	8.018691588785046	LI8	LI
860031	870030	865030.5	118	8.84542181069959	0	0	1	0.996005996001	1.0000000000000036e-12	7.88135593220339	LI8	LI
865031	875030	870030.5	131	7.599574069427365	0	0	1	0.996005996001	1.0000000000000036e-12	7.885496183206107	LI8	LI
870031	880030	875030.5	100	7.599574069427365	0	0	1	0.996005996001	1.0000000000000036e-12	8.1	LI8	LI
875031	885030	880030.5	50	NA	NA	0	1	0.996005996001	1.0000000000000036e-12	7.8	LI8	LI
880031	890030	885030.5	29	NA	NA	0	1	0.996005996001	1.0000000000000036e-12	6.551724137931035	LI8	LI
885031	895030	890030.5	44	NA	NA	0	1	0.996005996001	1.0000000000000036e-12	7.659090909090909	LI8	LI
890031	900030	895030.5	66	NA	NA	0	1	0.996005996001	1.0000000000000036e-12	8.196969696969697	LI8	LI
895031	905030	900030.5	39	NA	NA	0	1	0.996005996001	1.0000000000000036e-12	7.051282051282051	LI8	LI
900031	910030	905030.5	26	NA	NA	0	1	0.996005996001	1.0000000000000036e-12	4.1923076923076925	LI8	LI
905031	915030	910030.5	55	NA	NA	0	1	0.996005996001	1.0000000000000036e-12	7.218181818181818	LI8	LI
910031	920030	915030.5	86	6.649964634773663	0	0	1	0.996005996001	1.0000000000000036e-12	8.174418604651162	LI8	LI
915031	925030	920030.5	88	6.649964634773663	0	0	1	0.996005996001	1.0000000000000036e-12	8.113636363636363	LI8	LI
920031	930030	925030.5	107	7.8277587890625	0	0	1	0.996005996001	1.0000000000000036e-12	8.018691588785046	LI8	LI
925031	935030	930030.5	119	7.8277587890625	0	0	1	0.996005996001	1.0000000000000036e-12	7.932773109243698	LI8	LI
930031	940030	935030.5	94	8.665364583333334	0	0	1	0.996005996001	1.0000000000000036e-12	8.095744680851064	LI8	LI
935031	945030	940030.5	97	7.290679852187789	0	0	1	0.996005996001	1.0000000000000036e-12	8.278350515463918	LI8	LI
940031	950030	945030.5	99	8.665364583333334	NA	0	1	0.996005996001	1.0000000000000036e-12	8.303030303030303	LI8	LI
945031	955030	950030.5	71	8.665364583333334	NA	0	1	0.996005996001	1.0000000000000036e-12	8.23943661971831	LI8	LI
950031	960030	955030.5	73	6.297376093294462	NA	0	1	0.996005996001	1.0000000000000036e-12	8.10958904109589	LI8	LI
955031	965030	960030.5	66	6.297376093294462	NA	0	1	0.996005996001	1.0000000000000036e-12	8.030303030303031	LI8	LI
960031	970030	965030.5	62	NA	NA	0	1	0.996005996001	1.0000000000000036e-12	8	LI8	LI
965031	975030	970030.5	57	NA	NA	0	1	0.996005996001	1.0000000000000036e-12	7.842105263157895	LI8	LI
970031	980030	975030.5	53	NA	NA	0	1	0.996005996001	1.0000000000000036e-12	7.981132075471698	LI8	LI
975031	985030	980030.5	81	7.8277587890625	NA	0	1	0.996005996001	1.0000000000000036e-12	8.11111111111111	LI8	LI
980031	990030	985030.5	65	7.8277587890625	NA	0	1	0.996005996001	1.0000000000000036e-12	8.092307692307692	LI8	LI
985031	995030	990030.5	67	8.028494485611777	NA	0	1	0.996005996001	1.0000000000000036e-12	8.014925373134329	LI8	LI
990031	1000030	995030.5	78	NA	NA	0	1	0.996005996001	1.0000000000000036e-12	8.08974358974359	LI8	LI
995031	1005030	1000030.5	84	7.789755814969286	0	0	1	0.996005996001	1.0000000000000036e-12	8.238095238095237	LI8	LI
1000031	1010030	1005030.5	112	7.789755814969286	0	0	1	0.996005996001	1.0000000000000036e-12	8.267857142857142	LI8	LI
1005031	1015030	1010030.5	116	7.885096530364865	0	0	1	0.996005996001	1.0000000000000036e-12	8.318965517241379	LI8	LI
1010031	1020030	1015030.5	123	7.885096530364865	0	0	1	0.996005996001	1.0000000000000036e-12	8.292682926829269	LI8	LI
1015031	1025030	1020030.5	92	NA	NA	0	1	0.996005996001	1.0000000000000036e-12	8.184782608695652	LI8	LI
1020031	1030030	1025030.5	59	6.667893490520823	0	0	1	0.996005996001	1.0000000000000036e-12	7.932203389830509	LI8	LI
1025031	1035030	1030030.5	64	6.530211179292375	0	0	1	0.996005996001	1.0000000000000036e-12	7.40625	LI8	LI
1030031	1040030	1035030.5	108	7.8277587890625	0	0	1	0.996005996001	1.0000000000000036e-12	7.62962962962963	LI8	LI
1035031	1045030	1040030.5	134	7.8277587890625	0	0	1	0.996005996001	1.0000000000000036e-12	8.074626865671641	LI8	LI
1040031	1050030	1045030.5	133	8.42798353909465	0	0	1	0.996005996001	1.0000000000000036e-12	8.218045112781954	LI8	LI
1045031	1055030	1050030.5	122	8.546674061213992	NA	0	1	0.996005996001	1.0000000000000036e-12	8.114754098360656	LI8	LI
1050031	1060030	1055030.5	95	7.8277587890625	0	0	1	0.996005996001	1.0000000000000036e-12	8.021052631578947	LI8	LI
1055031	1065030	1060030.5	94	7.8277587890625	0	0	1	0.996005996001	1.0000000000000036e-12	8.159574468085106	LI8	LI
1060031	1070030	1065030.5	71	7.8277587890625	0	0	1	0.996005996001	1.0000000000000036e-12	8.366197183098592	LI8	LI
1065031	1075030	1070030.5	68	6.805575801749272	NA	0	1	0.996005996001	1.0000000000000036e-12	8.367647058823529	LI8	LI
1070031	1080030	1075030.5	102	5.7425469490251455	0	0	1	0.996005996001	1.0000000000000036e-12	8.049019607843137	LI8	LI
1075031	1085030	1080030.5	109	7.15037372973881	0	0	1	0.996005996001	1.0000000000000036e-12	8.036697247706423	LI8	LI
1080031	1090030	1085030.5	98	7.290679852187789	0	0	1	0.996005996001	1.0000000000000036e-12	8.23469387755102	LI8	LI
1085031	1095030	1090030.5	110	6.768768221574344	0	0	1	0.996005996001	1.0000000000000036e-12	8.127272727272727	LI8	LI
1090031	1100030	1095030.5	102	6.768768221574344	0	0	1	0.996005996001	1.0000000000000036e-12	8.009803921568627	LI8	LI
1095031	1105030	1100030.5	94	8.665364583333334	NA	0	1	0.996005996001	1.0000000000000036e-12	8.095744680851064	LI8	LI
1100031	1110030	1105030.5	95	7.8277587890625	NA	0	1	0.996005996001	1.0000000000000036e-12	8.25263157894737	LI8	LI
1105031	1115030	1110030.5	79	7.8277587890625	NA	0	1	0.996005996001	1.0000000000000036e-12	8.379746835443038	LI8	LI
1110031	1120030	1115030.5	94	6.373533438376808	NA	0	1	0.996005996001	1.0000000000000036e-12	8.23404255319149	LI8	LI
1115031	1125030	1120030.5	97	8.42798353909465	NA	0	1	0.996005996001	1.0000000000000036e-12	8.309278350515465	LI8	LI
1120031	1130030	1125030.5	114	NA	NA	0	1	0.996005996001	1.0000000000000036e-12	8.157894736842104	LI8	LI
1125031	1135030	1130030.5	161	8.84542181069959	NA	0	1	0.996005996001	1.0000000000000036e-12	8.111801242236025	LI8	LI
1130031	1140030	1135030.5	147	8.84542181069959	NA	0	1	0.996005996001	1.0000000000000036e-12	8.244897959183673	LI8	LI
1135031	1145030	1140030.5	120	7.8277587890625	NA	0	1	0.996005996001	1.0000000000000036e-12	8.141666666666667	LI8	LI
1140031	1150030	1145030.5	107	7.8277587890625	NA	0	1	0.996005996001	1.0000000000000036e-12	8.009345794392523	LI8	LI
1145031	1155030	1150030.5	98	4.837619357638888	0	0	1	0.996005996001	1.0000000000000036e-12	7.540816326530612	LI8	LI
1150031	1160030	1155030.5	97	4.837619357638888	0	0	1	0.996005996001	1.0000000000000036e-12	7.453608247422681	LI8	LI
1155031	1165030	1160030.5	98	7.290679852187789	0	0	1	0.996005996001	1.0000000000000036e-12	7.969387755102041	LI8	LI
1160031	1170030	1165030.5	109	8.665364583333334	0	0	1	0.996005996001	1.0000000000000036e-12	8.256880733944953	LI8	LI
1165031	1175030	1170030.5	123	8.719650205761317	0	0	1	0.996005996001	1.0000000000000036e-12	8.284552845528456	LI8	LI
1170031	1180030	1175030.5	108	8.719650205761317	0	0	1	0.996005996001	1.0000000000000036e-12	8.11111111111111	LI8	LI
1175031	1185030	1180030.5	85	8.665364583333334	NA	0	1	0.996005996001	1.0000000000000036e-12	8.058823529411764	LI8	LI
1180031	1190030	1185030.5	59	NA	NA	0	1	0.996005996001	1.0000000000000036e-12	8.11864406779661	LI8	LI
1185031	1195030	1190030.5	62	6.297376093294462	NA	0	1	0.996005996001	1.0000000000000036e-12	8.17741935483871	LI8	LI
1190031	1200030	1195030.5	90	6.297376093294462	NA	0	1	0.996005996001	1.0000000000000036e-12	7.955555555555556	LI8	LI
1195031	1205030	1200030.5	110	6.495959197170932	0	0	1	0.996005996001	1.0000000000000036e-12	7.745454545454545	LI8	LI
1200031	1210030	1205030.5	132	7.069717721193416	0	0	1	0.996005996001	1.0000000000000036e-12	7.984848484848484	LI8	LI
1205031	1215030	1210030.5	113	7.444221653565458	0	0	1	0.996005996001	1.0000000000000036e-12	8.194690265486726	LI8	LI
1210031	1220030	1215030.5	72	6.64453125	0	0	1	0.996005996001	1.0000000000000036e-12	8.027777777777779	LI8	LI
1215031	1225030	1220030.5	81	6.64453125	0	0	1	0.996005996001	1.0000000000000036e-12	8.185185185185185	LI8	LI
1220031	1230030	1225030.5	103	8.7739358281893	0	0	1	0.996005996001	1.0000000000000036e-12	8.21359223300971	LI8	LI
1225031	1235030	1230030.5	89	8.7739358281893	0	0	1	0.996005996001	1.0000000000000036e-12	8.112359550561798	LI8	LI
1230031	1240030	1235030.5	89	7.8277587890625	0	0	1	0.996005996001	1.0000000000000036e-12	8.179775280898877	LI8	LI
1235031	1245030	1240030.5	111	7.728382110595703	0	0	1	0.996005996001	1.0000000000000036e-12	8.153153153153154	LI8	LI
1240031	1250030	1245030.5	128	8.84542181069959	NA	0	1	0.996005996001	1.0000000000000036e-12	8.09375	LI8	LI
1245031	1255030	1250030.5	121	8.84542181069959	NA	0	1	0.996005996001	1.0000000000000036e-12	8.057851239669422	LI8	LI
1250031	1260030	1255030.5	131	7.86166254679362	0	0	1	0.996005996001	1.0000000000000036e-12	8.17557251908397	LI8	LI
1255031	1265030	1260030.5	110	7.8187255859375	0	0	1	0.996005996001	1.0000000000000036e-12	8.181818181818182	LI8	LI
1260031	1270030	1265030.5	110	6.583967292274053	0	0	1	0.996005996001	1.0000000000000036e-12	8.054545454545455	LI8	LI
1265031	1275030	1270030.5	144	6.583967292274053	0	0	1	0.996005996001	1.0000000000000036e-12	8.041666666666666	LI8	LI
1270031	1280030	1275030.5	138	8.854166666666668	0	0	1	0.996005996001	1.0000000000000036e-12	8.130434782608695	LI8	LI
1275031	1285030	1280030.5	134	8.241586049397787	0	0	1	0.996005996001	1.0000000000000036e-12	8.149253731343284	LI8	LI
1280031	1290030	1285030.5	100	7.629005432128906	NA	0	1	0.996005996001	1.0000000000000036e-12	8.12	LI8	LI
1285031	1295030	1290030.5	82	NA	NA	0	1	0.996005996001	1.0000000000000036e-12	8.195121951219512	LI8	LI
1290031	1300030	1295030.5	104	8.755393197016462	NA	0	1	0.996005996001	1.0000000000000036e-12	8.173076923076923	LI8	LI
1295031	1305030	1300030.5	99	8.665364583333334	0	0	1	0.996005996001	1.0000000000000036e-12	8.171717171717171	LI8	LI
1300031	1310030	1305030.5	83	6.229619463316045	0	0	1	0.996005996001	1.0000000000000036e-12	8.19277108433735	LI8	LI
1305031	1315030	1310030.5	71	NA	NA	0	1	0.996005996001	1.0000000000000036e-12	8.112676056338028	LI8	LI
1310031	1320030	1315030.5	66	6.805575801749272	NA	0	1	0.996005996001	1.0000000000000036e-12	7.954545454545454	LI8	LI
1315031	1325030	1320030.5	94	7.316667295405885	0	0	1	0.996005996001	1.0000000000000036e-12	8.053191489361701	LI8	LI
1320031	1330030	1325030.5	105	8.600959683641975	0	0	1	0.996005996001	1.0000000000000036e-12	8.17142857142857	LI8	LI
1325031	1335030	1330030.5	93	7.616779670421961	NA	0	1	0.996005996001	1.0000000000000036e-12	8.03225806451613	LI8	LI
1330031	1340030	1335030.5	79	6.583967292274053	NA	0	1	0.996005996001	1.0000000000000036e-12	7.89873417721519	LI8	LI
1335031	1345030	1340030.5	93	6.583967292274053	0	0	1	0.996005996001	1.0000000000000036e-12	7.67741935483871	LI8	LI
1340031	1350030	1345030.5	102	7.629005432128906	0	0	1	0.996005996001	1.0000000000000036e-12	7.627450980392157	LI8	LI
1345031	1355030	1350030.5	68	7.59844970703125	NA	0	1	0.996005996001	1.0000000000000036e-12	7.882352941176471	LI8	LI
1350031	1360030	1355030.5	55	7.59844970703125	NA	0	1	0.996005996001	1.0000000000000036e-12	8.290909090909091	LI8	LI
1355031	1365030	1360030.5	79	5.776909722222221	NA	0	1	0.996005996001	1.0000000000000036e-12	8.126582278481013	LI8	LI
1360031	1370030	1365030.5	72	5.776909722222221	NA	0	1	0.996005996001	1.0000000000000036e-12	8.055555555555555	LI8	LI
1365031	1375030	1370030.5	54	NA	NA	0	1	0.996005996001	1.0000000000000036e-12	8.314814814814815	LI8	LI
1370031	1380030	1375030.5	77	8.246964709748948	0	0	1	0.996005996001	1.0000000000000036e-12	8.116883116883116	LI8	LI
1375031	1385030	1380030.5	104	7.719993591308594	0	0	1	0.996005996001	1.0000000000000036e-12	8.10576923076923	LI8	LI
1380031	1390030	1385030.5	105	7.5713989519970255	NA	0	1	0.996005996001	1.0000000000000036e-12	8.142857142857142	LI8	LI
1385031	1395030	1390030.5	101	8.755393197016462	NA	0	1	0.996005996001	1.0000000000000036e-12	8.168316831683168	LI8	LI
1390031	1400030	1395030.5	109	8.665364583333334	NA	0	1	0.996005996001	1.0000000000000036e-12	8.192660550458715	LI8	LI
1395031	1405030	1400030.5	96	8.336590299881045	NA	0	1	0.996005996001	1.0000000000000036e-12	8.03125	LI8	LI
1400031	1410030	1405030.5	83	8.84542181069959	NA	0	1	0.996005996001	1.0000000000000036e-12	7.831325301204819	LI8	LI
1405031	1415030	1410030.5	82	8.7739358281893	0	0	1	0.996005996001	1.0000000000000036e-12	7.890243902439025	LI8	LI
1410031	1420030	1415030.5	101	8.7739358281893	0	0	1	0.996005996001	1.0000000000000036e-12	8.108910891089108	LI8	LI
1415031	1425030	1420030.5	119	8.336590299881045	0	0	1	0.996005996001	1.0000000000000036e-12	8.193277310924369	LI8	LI
1420031	1430030	1425030.5	115	7.554702719062645	0	0	1	0.996005996001	1.0000000000000036e-12	8.121739130434783	LI8	LI
1425031	1435030	1430030.5	94	7.369140625	0	0	1	0.996005996001	1.0000000000000036e-12	8.053191489361701	LI8	LI
1430031	1440030	1435030.5	73	8.107281217849795	0	0	1	0.996005996001	1.0000000000000036e-12	8.013698630136986	LI8	LI
1435031	1445030	1440030.5	73	8.42798353909465	NA	0	1	0.996005996001	1.0000000000000036e-12	8.191780821917808	LI8	LI
1440031	1450030	1445030.5	59	8.64107510288066	0	0	1	0.996005996001	1.0000000000000036e-12	8.474576271186441	LI8	LI
1445031	1455030	1450030.5	61	8.854166666666668	0	0	1	0.996005996001	1.0000000000000036e-12	8.163934426229508	LI8	LI
1450031	1460030	1455030.5	88	NA	NA	0	1	0.996005996001	1.0000000000000036e-12	8.011363636363637	LI8	LI
1455031	1465030	1460030.5	106	NA	NA	0	1	0.996005996001	1.0000000000000036e-12	8.132075471698114	LI8	LI
1460031	1470030	1465030.5	86	7.8277587890625	NA	0	1	0.996005996001	1.0000000000000036e-12	8.046511627906977	LI8	LI
1465031	1475030	1470030.5	74	8.336590299881045	0	0	1	0.996005996001	1.0000000000000036e-12	8.04054054054054	LI8	LI
1470031	1480030	1475030.5	78	8.84542181069959	0	0	1	0.996005996001	1.0000000000000036e-12	8.282051282051283	LI8	LI
1475031	1485030	1480030.5	78	8.84542181069959	NA	0	1	0.996005996001	1.0000000000000036e-12	8.346153846153847	LI8	LI
1480031	1490030	1485030.5	85	8.84542181069959	NA	0	1	0.996005996001	1.0000000000000036e-12	8.2	LI8	LI
1485031	1495030	1490030.5	73	8.192679087320965	0	0	1	0.996005996001	1.0000000000000036e-12	8.136986301369863	LI8	LI
1490031	1500030	1495030.5	77	7.984473208831662	0	0	1	0.996005996001	1.0000000000000036e-12	8.324675324675324	LI8	LI
1495031	1505030	1500030.5	75	7.984473208831662	0	0	1	0.996005996001	1.0000000000000036e-12	8.253333333333334	LI8	LI
1500031	1510030	1505030.5	60	NA	NA	0	1	0.996005996001	1.0000000000000036e-12	8.2	LI8	LI
1505031	1515030	1510030.5	66	8.665364583333334	NA	0	1	0.996005996001	1.0000000000000036e-12	8.454545454545455	LI8	LI
1510031	1520030	1515030.5	70	7.8187255859375	0	0	1	0.996005996001	1.0000000000000036e-12	8.385714285714286	LI8	LI
1515031	1525030	1520030.5	68	7.369140625	0	0	1	0.996005996001	1.0000000000000036e-12	8.117647058823529	LI8	LI
31	10030	5030.5	140	15.784469604492188	0	0	1	0.996005996001	1.0000000000000036e-12	13.614285714285714	LI9	LI
5031	15030	10030.5	118	NA	NA	0	1	0.996005996001	1.0000000000000036e-12	16.322033898305083	LI9	LI
10031	20030	15030.5	124	14.687612148959941	0	0	1	0.996005996001	1.0000000000000036e-12	16.508064516129032	LI9	LI
15031	25030	20030.5	89	17.633586114326132	0	0	1	0.996005996001	1.0000000000000036e-12	17.224719101123597	LI9	LI
20031	30030	25030.5	77	16.85209527035309	0	0	1	0.996005996001	1.0000000000000036e-12	16.77922077922078	LI9	LI
25031	35030	30030.5	108	15.784469604492188	0	0	1	0.996005996001	1.0000000000000036e-12	16.962962962962962	LI9	LI
30031	40030	35030.5	117	NA	NA	0	1	0.996005996001	1.0000000000000036e-12	17.307692307692307	LI9	LI
35031	45030	40030.5	78	14.90438888888889	NA	0	1	0.996005996001	1.0000000000000036e-12	16.91025641025641	LI9	LI
40031	50030	45030.5	80	12.888074421905001	NA	0	1	0.996005996001	1.0000000000000036e-12	16.4375	LI9	LI
45031	55030	50030.5	108	10.871759954921112	NA	0	1	0.996005996001	1.0000000000000036e-12	16.99074074074074	LI9	LI
50031	60030	55030.5	110	13.897890852769677	NA	0	1	0.996005996001	1.0000000000000036e-12	17	LI9	LI
55031	65030	60030.5	97	15.049687054450251	NA	0	1	0.996005996001	1.0000000000000036e-12	16.88659793814433	LI9	LI
60031	70030	65030.5	96	16.201483256130825	NA	0	1	0.996005996001	1.0000000000000036e-12	17.197916666666668	LI9	LI
65031	75030	70030.5	122	NA	NA	0	1	0.996005996001	1.0000000000000036e-12	16.81967213114754	LI9	LI
70031	80030	75030.5	123	25.096965020576118	NA	0	1	0.996005996001	1.0000000000000036e-12	16.650406504065042	LI9	LI
75031	85030	80030.5	90	25.096965020576118	NA	0	1	0.996005996001	1.0000000000000036e-12	16.72222222222222	LI9	LI
80031	90030	85030.5	86	11.8818359375	NA	0	1	0.996005996001	1.0000000000000036e-12	17.27906976744186	LI9	LI
85031	95030	90030.5	106	11.8818359375	NA	0	1	0.996005996001	1.0000000000000036e-12	17.462264150943398	LI9	LI
90031	100030	95030.5	129	NA	NA	0	1	0.996005996001	1.0000000000000036e-12	17.13953488372093	LI9	LI
95031	105030	100030.5	164	17.69084362139918	NA	0	1	0.996005996001	1.0000000000000036e-12	16.926829268292682	LI9	LI
100031	110030	105030.5	134	17.69084362139918	NA	0	1	0.996005996001	1.0000000000000036e-12	16.940298507462686	LI9	LI
105031	115030	110030.5	88	16.296216670059025	0	0	1	0.996005996001	1.0000000000000036e-12	17.295454545454547	LI9	LI
110031	120030	115030.5	99	16.296216670059025	0	0	1	0.996005996001	1.0000000000000036e-12	17.262626262626263	LI9	LI
115031	125030	120030.5	99	NA	NA	0	1	0.996005996001	1.0000000000000036e-12	17.515151515151516	LI9	LI
120031	130030	125030.5	67	NA	NA	0	1	0.996005996001	1.0000000000000036e-12	17.597014925373134	LI9	LI
125031	135030	130030.5	88	NA	NA	0	1	0.996005996001	1.0000000000000036e-12	17.136363636363637	LI9	LI
130031	140030	135030.5	118	NA	NA	0	1	0.996005996001	1.0000000000000036e-12	17.33050847457627	LI9	LI
135031	145030	140030.5	96	NA	NA	0	1	0.996005996001	1.0000000000000036e-12	17.010416666666668	LI9	LI
140031	150030	145030.5	138	NA	NA	0	1	0.996005996001	1.0000000000000036e-12	17.07246376811594	LI9	LI
145031	155030	150030.5	214	NA	NA	0	1	0.996005996001	1.0000000000000036e-12	17.38317757009346	LI9	LI
150031	160030	155030.5	199	18.923795378335036	NA	0	1	0.996005996001	1.0000000000000036e-12	17.261306532663315	LI9	LI
155031	165030	160030.5	131	18.923795378335036	NA	0	1	0.996005996001	1.0000000000000036e-12	16.931297709923665	LI9	LI
160031	170030	165030.5	95	NA	NA	0	1	0.996005996001	1.0000000000000036e-12	17.189473684210526	LI9	LI
165031	175030	170030.5	87	NA	NA	0	1	0.996005996001	1.0000000000000036e-12	17.195402298850574	LI9	LI
170031	180030	175030.5	81	18.923795378335036	NA	0	1	0.996005996001	1.0000000000000036e-12	16.987654320987655	LI9	LI
175031	185030	180030.5	94	16.389011391791424	0	0	1	0.996005996001	1.0000000000000036e-12	16.872340425531913	LI9	LI
180031	190030	185030.5	112	13.854227405247814	0	0	1	0.996005996001	1.0000000000000036e-12	16.866071428571427	LI9	LI
185031	195030	190030.5	101	NA	NA	0	1	0.996005996001	1.0000000000000036e-12	17.316831683168317	LI9	LI
190031	200030	195030.5	80	18.548793669813385	NA	0	1	0.996005996001	1.0000000000000036e-12	17.4875	LI9	LI
195031	205030	200030.5	113	18.548793669813385	NA	0	1	0.996005996001	1.0000000000000036e-12	16.76991150442478	LI9	LI
200031	210030	205030.5	114	NA	NA	0	1	0.996005996001	1.0000000000000036e-12	16.587719298245613	LI9	LI
205031	215030	210030.5	91	12.88262744675399	44370.531250000015	0	1	0.996005996001	1.0000000000000036e-12	17.0989010989011	LI9	LI
210031	220030	215030.5	103	13.591875370224415	22185.265625000007	0	1	0.996005996001	1.0000000000000036e-12	17.300970873786408	LI9	LI
215031	225030	220030.5	109	13.591875370224415	11865.23437499999	0	1	0.996005996001	1.0000000000000036e-12	16.75229357798165	LI9	LI
220031	230030	225030.5	84	14.598670741159884	23730.46874999998	0	1	0.996005996001	1.0000000000000036e-12	16.547619047619047	LI9	LI
225031	235030	230030.5	51	18.362051683918935	NA	0	1	0.996005996001	1.0000000000000036e-12	17.823529411764707	LI9	LI
230031	240030	235030.5	89	19.27383057568728	NA	0	1	0.996005996001	1.0000000000000036e-12	17.573033707865168	LI9	LI
235031	245030	240030.5	105	20.185609467455627	NA	0	1	0.996005996001	1.0000000000000036e-12	17.085714285714285	LI9	LI
240031	250030	245030.5	100	13.312177870008682	0	0	1	0.996005996001	1.0000000000000036e-12	17.21	LI9	LI
245031	255030	250030.5	99	13.312177870008682	0	0	1	0.996005996001	1.0000000000000036e-12	17.262626262626263	LI9	LI
250031	260030	255030.5	98	8.42798353909465	NA	0	1	0.996005996001	1.0000000000000036e-12	17.214285714285715	LI9	LI
255031	265030	260030.5	104	8.42798353909465	NA	0	1	0.996005996001	1.0000000000000036e-12	17.26923076923077	LI9	LI
260031	270030	265030.5	87	15.208291654312177	NA	0	1	0.996005996001	1.0000000000000036e-12	17.17241379310345	LI9	LI
265031	275030	270030.5	80	15.208291654312177	NA	0	1	0.996005996001	1.0000000000000036e-12	17.4125	LI9	LI
270031	280030	275030.5	82	17.04846094780878	NA	0	1	0.996005996001	1.0000000000000036e-12	17.670731707317074	LI9	LI
275031	285030	280030.5	87	15.343280987525016	63.99999999999995	0	1	0.996005996001	1.0000000000000036e-12	17.32183908045977	LI9	LI
280031	290030	285030.5	86	13.638101027241254	63.99999999999995	0	1	0.996005996001	1.0000000000000036e-12	17.24418604651163	LI9	LI
285031	295030	290030.5	91	NA	NA	0	1	0.996005996001	1.0000000000000036e-12	17.296703296703296	LI9	LI
290031	300030	295030.5	99	8.665364583333334	NA	0	1	0.996005996001	1.0000000000000036e-12	16.91919191919192	LI9	LI
295031	305030	300030.5	142	11.8818359375	NA	0	1	0.996005996001	1.0000000000000036e-12	16.845070422535212	LI9	LI
300031	310030	305030.5	134	12.74649377049927	NA	0	1	0.996005996001	1.0000000000000036e-12	16.84328358208955	LI9	LI
305031	315030	310030.5	90	16.91518674944026	NA	0	1	0.996005996001	1.0000000000000036e-12	16.644444444444446	LI9	LI
310031	320030	315030.5	131	16.358600550165686	NA	0	1	0.996005996001	1.0000000000000036e-12	17.129770992366414	LI9	LI
315031	325030	320030.5	121	15.802014350891113	NA	0	1	0.996005996001	1.0000000000000036e-12	17.223140495867767	LI9	LI
320031	330030	325030.5	92	NA	NA	0	1	0.996005996001	1.0000000000000036e-12	16.67391304347826	LI9	LI
325031	335030	330030.5	108	NA	NA	0	1	0.996005996001	1.0000000000000036e-12	16.50925925925926	LI9	LI
330031	340030	335030.5	99	NA	NA	0	1	0.996005996001	1.0000000000000036e-12	16.88888888888889	LI9	LI
335031	345030	340030.5	84	18.923795378335036	NA	0	1	0.996005996001	1.0000000000000036e-12	17.261904761904763	LI9	LI
340031	350030	345030.5	67	18.923795378335036	NA	0	1	0.996005996001	1.0000000000000036e-12	17.029850746268657	LI9	LI
345031	355030	350030.5	34	NA	NA	0	1	0.996005996001	1.0000000000000036e-12	15.558823529411764	LI9	LI
350031	360030	355030.5	8	NA	NA	0	1	0.996005996001	1.0000000000000036e-12	8.5	LI9	LI
355031	365030	360030.5	7	NA	NA	0	1	0.996005996001	1.0000000000000036e-12	9.857142857142858	LI9	LI
360031	370030	365030.5	13	NA	NA	0	1	0.996005996001	1.0000000000000036e-12	9.23076923076923	LI9	LI
365031	375030	370030.5	54	17.20772029245856	NA	0	1	0.996005996001	1.0000000000000036e-12	12.962962962962964	LI9	LI
370031	380030	375030.5	89	17.878256981135973	NA	0	1	0.996005996001	1.0000000000000036e-12	15.460674157303371	LI9	LI
375031	385030	380030.5	75	15.358898625243643	NA	0	1	0.996005996001	1.0000000000000036e-12	17.093333333333334	LI9	LI
380031	390030	385030.5	67	12.169003580673904	NA	0	1	0.996005996001	1.0000000000000036e-12	16.91044776119403	LI9	LI
385031	395030	390030.5	81	18.705933809593237	NA	0	1	0.996005996001	1.0000000000000036e-12	17.382716049382715	LI9	LI
390031	400030	395030.5	81	13.659640371756435	0	0	1	0.996005996001	1.0000000000000036e-12	17.049382716049383	LI9	LI
395031	405030	400030.5	80	8.613346933919631	0	0	1	0.996005996001	1.0000000000000036e-12	17.175	LI9	LI
400031	410030	405030.5	99	NA	NA	0	1	0.996005996001	1.0000000000000036e-12	17.414141414141415	LI9	LI
405031	415030	410030.5	87	6.498781672759805	207.49382716049368	0	1	0.996005996001	1.0000000000000036e-12	17.06896551724138	LI9	LI
410031	420030	415030.5	67	6.498781672759805	207.49382716049368	0	1	0.996005996001	1.0000000000000036e-12	16.71641791044776	LI9	LI
415031	425030	420030.5	78	9.432731086659485	5032.843749999998	0	1	0.996005996001	1.0000000000000036e-12	16.78205128205128	LI9	LI
420031	430030	425030.5	91	9.432731086659485	5032.843749999998	0	1	0.996005996001	1.0000000000000036e-12	16.9010989010989	LI9	LI
425031	435030	430030.5	96	NA	NA	0	1	0.996005996001	1.0000000000000036e-12	17.010416666666668	LI9	LI
430031	440030	435030.5	96	NA	NA	0	1	0.996005996001	1.0000000000000036e-12	17.375	LI9	LI
435031	445030	440030.5	93	NA	NA	0	1	0.996005996001	1.0000000000000036e-12	16.956989247311828	LI9	LI
440031	450030	445030.5	80	10.415751624408898	1500.6250000000005	0	1	0.996005996001	1.0000000000000036e-12	16.8375	LI9	LI
445031	455030	450030.5	75	10.415751624408898	1500.6250000000005	0	1	0.996005996001	1.0000000000000036e-12	17.346666666666668	LI9	LI
450031	460030	455030.5	96	NA	NA	0	1	0.996005996001	1.0000000000000036e-12	17.510416666666668	LI9	LI
455031	465030	460030.5	93	16.91518674944026	NA	0	1	0.996005996001	1.0000000000000036e-12	17.376344086021504	LI9	LI
460031	470030	465030.5	97	16.91518674944026	NA	0	1	0.996005996001	1.0000000000000036e-12	16.938144329896907	LI9	LI
465031	475030	470030.5	85	NA	NA	0	1	0.996005996001	1.0000000000000036e-12	17.03529411764706	LI9	LI
470031	480030	475030.5	61	NA	NA	0	1	0.996005996001	1.0000000000000036e-12	17.442622950819672	LI9	LI
475031	485030	480030.5	77	NA	NA	0	1	0.996005996001	1.0000000000000036e-12	17.51948051948052	LI9	LI
480031	490030	485030.5	54	NA	NA	0	1	0.996005996001	1.0000000000000036e-12	17.35185185185185	LI9	LI
485031	495030	490030.5	40	NA	NA	0	1	0.996005996001	1.0000000000000036e-12	17.025	LI9	LI
490031	500030	495030.5	54	NA	NA	0	1	0.996005996001	1.0000000000000036e-12	16.925925925925927	LI9	LI
495031	505030	500030.5	65	NA	NA	0	1	0.996005996001	1.0000000000000036e-12	16.876923076923077	LI9	LI
500031	510030	505030.5	74	NA	NA	0	1	0.996005996001	1.0000000000000036e-12	17.283783783783782	LI9	LI
505031	515030	510030.5	83	NA	NA	0	1	0.996005996001	1.0000000000000036e-12	16.57831325301205	LI9	LI
510031	520030	515030.5	77	NA	NA	0	1	0.996005996001	1.0000000000000036e-12	16.545454545454547	LI9	LI
515031	525030	520030.5	59	NA	NA	0	1	0.996005996001	1.0000000000000036e-12	17.491525423728813	LI9	LI
520031	530030	525030.5	71	12.890447200728264	NA	0	1	0.996005996001	1.0000000000000036e-12	17.366197183098592	LI9	LI
525031	535030	530030.5	76	12.890447200728264	NA	0	1	0.996005996001	1.0000000000000036e-12	17	LI9	LI
530031	540030	535030.5	72	NA	NA	0	1	0.996005996001	1.0000000000000036e-12	16.48611111111111	LI9	LI
535031	545030	540030.5	82	14.90438888888889	NA	0	1	0.996005996001	1.0000000000000036e-12	16.524390243902438	LI9	LI
540031	550030	545030.5	97	12.190694444444446	NA	0	1	0.996005996001	1.0000000000000036e-12	16.670103092783506	LI9	LI
545031	555030	550030.5	95	10.174379977460557	NA	0	1	0.996005996001	1.0000000000000036e-12	16.347368421052632	LI9	LI
550031	560030	555030.5	63	10.871759954921112	NA	0	1	0.996005996001	1.0000000000000036e-12	16.333333333333332	LI9	LI
555031	565030	560030.5	46	NA	NA	0	1	0.996005996001	1.0000000000000036e-12	16.82608695652174	LI9	LI
560031	570030	565030.5	73	NA	NA	0	1	0.996005996001	1.0000000000000036e-12	16.986301369863014	LI9	LI
565031	575030	570030.5	109	12.367968038802912	0	0	1	0.996005996001	1.0000000000000036e-12	16.89908256880734	LI9	LI
570031	580030	575030.5	102	14.641577394121587	0	0	1	0.996005996001	1.0000000000000036e-12	16.80392156862745	LI9	LI
575031	585030	580030.5	67	15.406538801104968	NA	0	1	0.996005996001	1.0000000000000036e-12	16.940298507462686	LI9	LI
580031	590030	585030.5	70	13.897890852769677	NA	0	1	0.996005996001	1.0000000000000036e-12	16.82857142857143	LI9	LI
585031	595030	590030.5	79	NA	NA	0	1	0.996005996001	1.0000000000000036e-12	16.936708860759495	LI9	LI
590031	600030	595030.5	71	11.8818359375	NA	0	1	0.996005996001	1.0000000000000036e-12	17.309859154929576	LI9	LI
595031	605030	600030.5	86	19.311283696063715	NA	0	1	0.996005996001	1.0000000000000036e-12	17.38372093023256	LI9	LI
600031	610030	605030.5	114	26.74073145462743	NA	0	1	0.996005996001	1.0000000000000036e-12	16.666666666666668	LI9	LI
605031	615030	610030.5	118	11.571738737836814	NA	0	1	0.996005996001	1.0000000000000036e-12	16.635593220338983	LI9	LI
610031	620030	615030.5	107	11.571738737836814	NA	0	1	0.996005996001	1.0000000000000036e-12	17.327102803738317	LI9	LI
615031	625030	620030.5	100	NA	NA	0	1	0.996005996001	1.0000000000000036e-12	17.48	LI9	LI
620031	630030	625030.5	101	17.2424681310929	NA	0	1	0.996005996001	1.0000000000000036e-12	17.554455445544555	LI9	LI
625031	635030	630030.5	112	17.2424681310929	NA	0	1	0.996005996001	1.0000000000000036e-12	17.294642857142858	LI9	LI
630031	640030	635030.5	79	NA	NA	0	1	0.996005996001	1.0000000000000036e-12	16.89873417721519	LI9	LI
635031	645030	640030.5	41	NA	NA	0	1	0.996005996001	1.0000000000000036e-12	17.024390243902438	LI9	LI
640031	650030	645030.5	57	NA	NA	0	1	0.996005996001	1.0000000000000036e-12	17.280701754385966	LI9	LI
645031	655030	650030.5	63	NA	NA	0	1	0.996005996001	1.0000000000000036e-12	17.174603174603174	LI9	LI
650031	660030	655030.5	64	NA	NA	0	1	0.996005996001	1.0000000000000036e-12	16.765625	LI9	LI
655031	665030	660030.5	63	8.30981981700881	173.92961266139122	0	1	0.996005996001	1.0000000000000036e-12	16.873015873015873	LI9	LI
660031	670030	665030.5	53	8.30981981700881	173.92961266139122	0	1	0.996005996001	1.0000000000000036e-12	16.41509433962264	LI9	LI
665031	675030	670030.5	35	NA	NA	0	1	0.996005996001	1.0000000000000036e-12	15.628571428571428	LI9	LI
670031	680030	675030.5	11	NA	NA	0	1	0.996005996001	1.0000000000000036e-12	13.545454545454545	LI9	LI
675031	685030	680030.5	9	NA	NA	0	1	0.996005996001	1.0000000000000036e-12	4.666666666666667	LI9	LI
680031	690030	685030.5	7	NA	NA	0	1	0.996005996001	1.0000000000000036e-12	5	LI9	LI
685031	695030	690030.5	0	NA	NA	NA	NA	NA	NA	NA	LI9	LI
690031	700030	695030.5	0	NA	NA	NA	NA	NA	NA	NA	LI9	LI
695031	705030	700030.5	0	NA	NA	NA	NA	NA	NA	NA	LI9	LI
700031	710030	705030.5	16	NA	NA	0	1	0.996005996001	1.0000000000000036e-12	16.4375	LI9	LI
705031	715030	710030.5	62	19.70935711421973	0	0	1	0.996005996001	1.0000000000000036e-12	16.822580645161292	LI9	LI
710031	720030	715030.5	107	17.69084362139918	0	0	1	0.996005996001	1.0000000000000036e-12	17.35514018691589	LI9	LI
715031	725030	720030.5	99	14.296564974409783	NA	0	1	0.996005996001	1.0000000000000036e-12	17.404040404040405	LI9	LI
720031	730030	725030.5	77	15.910110473632812	NA	0	1	0.996005996001	1.0000000000000036e-12	16.948051948051948	LI9	LI
725031	735030	730030.5	74	17.308022141613023	NA	0	1	0.996005996001	1.0000000000000036e-12	17.054054054054053	LI9	LI
730031	740030	735030.5	66	18.668430050845608	0	0	1	0.996005996001	1.0000000000000036e-12	17.12121212121212	LI9	LI
735031	745030	740030.5	71	15.655517578125	0	0	1	0.996005996001	1.0000000000000036e-12	17.197183098591548	LI9	LI
740031	750030	745030.5	77	9.8598125	NA	0	1	0.996005996001	1.0000000000000036e-12	17.376623376623378	LI9	LI
745031	755030	750030.5	72	7.74643818737265	57.72971519999998	0	1	0.996005996001	1.0000000000000036e-12	17.22222222222222	LI9	LI
750031	760030	755030.5	75	8.803125343686325	57.72971519999998	0	1	0.996005996001	1.0000000000000036e-12	17.093333333333334	LI9	LI
755031	765030	760030.5	93	9.8598125	NA	0	1	0.996005996001	1.0000000000000036e-12	16.78494623655914	LI9	LI
760031	770030	765030.5	92	15.910110473632812	NA	0	1	0.996005996001	1.0000000000000036e-12	16.77173913043478	LI9	LI
765031	775030	770030.5	102	15.910110473632812	NA	0	1	0.996005996001	1.0000000000000036e-12	16.88235294117647	LI9	LI
770031	780030	775030.5	98	18.923795378335036	NA	0	1	0.996005996001	1.0000000000000036e-12	16.989795918367346	LI9	LI
775031	785030	780030.5	58	NA	NA	0	1	0.996005996001	1.0000000000000036e-12	17.344827586206897	LI9	LI
780031	790030	785030.5	70	NA	NA	0	1	0.996005996001	1.0000000000000036e-12	17.271428571428572	LI9	LI
785031	795030	790030.5	87	9.69530078125	NA	0	1	0.996005996001	1.0000000000000036e-12	17.057471264367816	LI9	LI
790031	800030	795030.5	67	9.69530078125	NA	0	1	0.996005996001	1.0000000000000036e-12	17.074626865671643	LI9	LI
795031	805030	800030.5	70	9.62126171875	0	0	1	0.996005996001	1.0000000000000036e-12	16.742857142857144	LI9	LI
800031	810030	805030.5	66	9.62126171875	0	0	1	0.996005996001	1.0000000000000036e-12	16.666666666666668	LI9	LI
805031	815030	810030.5	34	NA	NA	0	1	0.996005996001	1.0000000000000036e-12	17.235294117647058	LI9	LI
810031	820030	815030.5	91	11.502478780864198	0	0	1	0.996005996001	1.0000000000000036e-12	14.934065934065934	LI9	LI
815031	825030	820030.5	109	11.502478780864198	0	0	1	0.996005996001	1.0000000000000036e-12	15.412844036697248	LI9	LI
820031	830030	825030.5	62	NA	NA	0	1	0.996005996001	1.0000000000000036e-12	17.112903225806452	LI9	LI
825031	835030	830030.5	77	NA	NA	0	1	0.996005996001	1.0000000000000036e-12	17.363636363636363	LI9	LI
830031	840030	835030.5	78	13.41480141821366	NA	0	1	0.996005996001	1.0000000000000036e-12	17.243589743589745	LI9	LI
835031	845030	840030.5	84	11.050936490989132	0	0	1	0.996005996001	1.0000000000000036e-12	16.095238095238095	LI9	LI
840031	850030	845030.5	91	9.032796223958334	0	0	1	0.996005996001	1.0000000000000036e-12	16.857142857142858	LI9	LI
845031	855030	850030.5	85	NA	NA	0	1	0.996005996001	1.0000000000000036e-12	17.623529411764707	LI9	LI
850031	860030	855030.5	94	9.477	NA	0	1	0.996005996001	1.0000000000000036e-12	16.670212765957448	LI9	LI
855031	865030	860030.5	107	9.291057898183425	474.7633329741417	0	1	0.996005996001	1.0000000000000036e-12	16.953271028037385	LI9	LI
860031	870030	865030.5	118	12.372685185185185	114.24399999999997	0	1	0.996005996001	1.0000000000000036e-12	17.02542372881356	LI9	LI
865031	875030	870030.5	131	13.526899884259258	0	0	1	0.996005996001	1.0000000000000036e-12	16.64885496183206	LI9	LI
870031	880030	875030.5	100	11.8818359375	NA	0	1	0.996005996001	1.0000000000000036e-12	16.94	LI9	LI
875031	885030	880030.5	50	11.8818359375	NA	0	1	0.996005996001	1.0000000000000036e-12	16.96	LI9	LI
880031	890030	885030.5	29	NA	NA	0	1	0.996005996001	1.0000000000000036e-12	14.068965517241379	LI9	LI
885031	895030	890030.5	44	NA	NA	0	1	0.996005996001	1.0000000000000036e-12	15.545454545454545	LI9	LI
890031	900030	895030.5	66	9.432731086659485	2516.421874999999	0	1	0.996005996001	1.0000000000000036e-12	16.863636363636363	LI9	LI
895031	905030	900030.5	39	9.432731086659485	2516.421874999999	0	1	0.996005996001	1.0000000000000036e-12	14.76923076923077	LI9	LI
900031	910030	905030.5	26	NA	NA	0	1	0.996005996001	1.0000000000000036e-12	6.038461538461538	LI9	LI
905031	915030	910030.5	55	NA	NA	0	1	0.996005996001	1.0000000000000036e-12	13.054545454545455	LI9	LI
910031	920030	915030.5	86	NA	NA	0	1	0.996005996001	1.0000000000000036e-12	16.63953488372093	LI9	LI
915031	925030	920030.5	88	NA	NA	0	1	0.996005996001	1.0000000000000036e-12	17.022727272727273	LI9	LI
920031	930030	925030.5	107	NA	NA	0	1	0.996005996001	1.0000000000000036e-12	17.14018691588785	LI9	LI
925031	935030	930030.5	119	NA	NA	0	1	0.996005996001	1.0000000000000036e-12	16.764705882352942	LI9	LI
930031	940030	935030.5	94	NA	NA	0	1	0.996005996001	1.0000000000000036e-12	17.20212765957447	LI9	LI
935031	945030	940030.5	97	NA	NA	0	1	0.996005996001	1.0000000000000036e-12	17.54639175257732	LI9	LI
940031	950030	945030.5	99	7.481370338313898	NA	0	1	0.996005996001	1.0000000000000036e-12	17.1010101010101	LI9	LI
945031	955030	950030.5	71	7.481370338313898	NA	0	1	0.996005996001	1.0000000000000036e-12	16.985915492957748	LI9	LI
950031	960030	955030.5	73	NA	NA	0	1	0.996005996001	1.0000000000000036e-12	16.52054794520548	LI9	LI
955031	965030	960030.5	66	NA	NA	0	1	0.996005996001	1.0000000000000036e-12	16.59090909090909	LI9	LI
960031	970030	965030.5	62	17.919720936213995	NA	0	1	0.996005996001	1.0000000000000036e-12	17.322580645161292	LI9	LI
965031	975030	970030.5	57	17.919720936213995	NA	0	1	0.996005996001	1.0000000000000036e-12	16.56140350877193	LI9	LI
970031	980030	975030.5	53	NA	NA	0	1	0.996005996001	1.0000000000000036e-12	17.339622641509433	LI9	LI
975031	985030	980030.5	81	NA	NA	0	1	0.996005996001	1.0000000000000036e-12	17.382716049382715	LI9	LI
980031	990030	985030.5	65	15.545336723327637	0	0	1	0.996005996001	1.0000000000000036e-12	16.83076923076923	LI9	LI
985031	995030	990030.5	67	15.545336723327637	0	0	1	0.996005996001	1.0000000000000036e-12	16.925373134328357	LI9	LI
990031	1000030	995030.5	78	NA	NA	0	1	0.996005996001	1.0000000000000036e-12	16.346153846153847	LI9	LI
995031	1005030	1000030.5	84	NA	NA	0	1	0.996005996001	1.0000000000000036e-12	16.345238095238095	LI9	LI
1000031	1010030	1005030.5	112	NA	NA	0	1	0.996005996001	1.0000000000000036e-12	17.285714285714285	LI9	LI
1005031	1015030	1010030.5	116	NA	NA	0	1	0.996005996001	1.0000000000000036e-12	17.405172413793103	LI9	LI
1010031	1020030	1015030.5	123	11.392725274202439	NA	0	1	0.996005996001	1.0000000000000036e-12	17.24390243902439	LI9	LI
1015031	1025030	1020030.5	92	11.392725274202439	NA	0	1	0.996005996001	1.0000000000000036e-12	17.25	LI9	LI
1020031	1030030	1025030.5	59	15.760670371557818	1419856.9999999974	0	1	0.996005996001	1.0000000000000036e-12	16.915254237288135	LI9	LI
1025031	1035030	1030030.5	64	12.213017477445575	1419856.9999999974	0	1	0.996005996001	1.0000000000000036e-12	15.5625	LI9	LI
1030031	1040030	1035030.5	108	12.21985071700348	NA	0	1	0.996005996001	1.0000000000000036e-12	16	LI9	LI
1035031	1045030	1040030.5	134	14.692744227086084	NA	0	1	0.996005996001	1.0000000000000036e-12	16.597014925373134	LI9	LI
1040031	1050030	1045030.5	133	13.611151603498543	NA	0	1	0.996005996001	1.0000000000000036e-12	16.729323308270676	LI9	LI
1045031	1055030	1050030.5	122	15.09496135153507	0	0	1	0.996005996001	1.0000000000000036e-12	17.295081967213115	LI9	LI
1050031	1060030	1055030.5	95	15.09496135153507	0	0	1	0.996005996001	1.0000000000000036e-12	17.042105263157893	LI9	LI
1055031	1065030	1060030.5	94	14.749866373670287	0	0	1	0.996005996001	1.0000000000000036e-12	17.01063829787234	LI9	LI
1060031	1070030	1065030.5	71	15.910110473632812	NA	0	1	0.996005996001	1.0000000000000036e-12	17.746478873239436	LI9	LI
1065031	1075030	1070030.5	68	15.910110473632812	0.17485144457345803	0	1	0.996005996001	1.0000000000000036e-12	17.16176470588235	LI9	LI
1070031	1080030	1075030.5	102	14.90438888888889	0.08742572228672901	0	1	0.996005996001	1.0000000000000036e-12	16.901960784313726	LI9	LI
1075031	1085030	1080030.5	109	12.89601981975826	0	0	1	0.996005996001	1.0000000000000036e-12	16.94495412844037	LI9	LI
1080031	1090030	1085030.5	98	12.122994916209462	0	0	1	0.996005996001	1.0000000000000036e-12	16.96938775510204	LI9	LI
1085031	1095030	1090030.5	110	6.693386681400841	23.339014826666656	0	1	0.996005996001	1.0000000000000036e-12	17.20909090909091	LI9	LI
1090031	1100030	1095030.5	102	6.693386681400841	23.339014826666656	0	1	0.996005996001	1.0000000000000036e-12	17.215686274509803	LI9	LI
1095031	1105030	1100030.5	94	NA	NA	0	1	0.996005996001	1.0000000000000036e-12	17.01063829787234	LI9	LI
1100031	1110030	1105030.5	95	NA	NA	0	1	0.996005996001	1.0000000000000036e-12	17.231578947368423	LI9	LI
1105031	1115030	1110030.5	79	NA	NA	0	1	0.996005996001	1.0000000000000036e-12	17.70886075949367	LI9	LI
1110031	1120030	1115030.5	94	11.15830573737328	NA	0	1	0.996005996001	1.0000000000000036e-12	17.372340425531913	LI9	LI
1115031	1125030	1120030.5	97	11.15830573737328	NA	0	1	0.996005996001	1.0000000000000036e-12	17.391752577319586	LI9	LI
1120031	1130030	1125030.5	114	NA	NA	0	1	0.996005996001	1.0000000000000036e-12	17.385964912280702	LI9	LI
1125031	1135030	1130030.5	161	20.077391290491303	0	0	1	0.996005996001	1.0000000000000036e-12	17.285714285714285	LI9	LI
1130031	1140030	1135030.5	147	20.077391290491303	0	0	1	0.996005996001	1.0000000000000036e-12	17.428571428571427	LI9	LI
1135031	1145030	1140030.5	120	NA	NA	0	1	0.996005996001	1.0000000000000036e-12	17.241666666666667	LI9	LI
1140031	1150030	1145030.5	107	NA	NA	0	1	0.996005996001	1.0000000000000036e-12	16.83177570093458	LI9	LI
1145031	1155030	1150030.5	98	2.8476390113050654	NA	0	1	0.996005996001	1.0000000000000036e-12	15.979591836734693	LI9	LI
1150031	1160030	1155030.5	97	2.8476390113050654	NA	0	1	0.996005996001	1.0000000000000036e-12	16.38144329896907	LI9	LI
1155031	1165030	1160030.5	98	NA	NA	0	1	0.996005996001	1.0000000000000036e-12	17.163265306122447	LI9	LI
1160031	1170030	1165030.5	109	13.03223005622467	0	0	1	0.996005996001	1.0000000000000036e-12	16.68807339449541	LI9	LI
1165031	1175030	1170030.5	123	13.369173436963656	0	0	1	0.996005996001	1.0000000000000036e-12	16.56910569105691	LI9	LI
1170031	1180030	1175030.5	108	13.970589459302582	0	0	1	0.996005996001	1.0000000000000036e-12	16.935185185185187	LI9	LI
1175031	1185030	1180030.5	85	6.805575801749272	NA	0	1	0.996005996001	1.0000000000000036e-12	13.505882352941176	LI9	LI
1180031	1190030	1185030.5	59	6.805575801749272	NA	0	1	0.996005996001	1.0000000000000036e-12	8.94915254237288	LI9	LI
1185031	1195030	1190030.5	62	7.754972807913684	73.26705164718534	0	1	0.996005996001	1.0000000000000036e-12	9.85483870967742	LI9	LI
1190031	1200030	1195030.5	90	11.010197429869908	16420.63352582356	0	1	0.996005996001	1.0000000000000036e-12	13.977777777777778	LI9	LI
1195031	1205030	1200030.5	110	15.087766262729472	32767.999999999935	0	1	0.996005996001	1.0000000000000036e-12	17.045454545454547	LI9	LI
1200031	1210030	1205030.5	132	15.910110473632812	NA	0	1	0.996005996001	1.0000000000000036e-12	16.863636363636363	LI9	LI
1205031	1215030	1210030.5	113	NA	NA	0	1	0.996005996001	1.0000000000000036e-12	17.01769911504425	LI9	LI
1210031	1220030	1215030.5	72	11.980361416538067	32767.999999999935	0	1	0.996005996001	1.0000000000000036e-12	16.958333333333332	LI9	LI
1215031	1225030	1220030.5	81	9.69530078125	16412.86485759997	0	1	0.996005996001	1.0000000000000036e-12	17.19753086419753	LI9	LI
1220031	1230030	1225030.5	103	7.74643818737265	57.72971519999998	0	1	0.996005996001	1.0000000000000036e-12	17.300970873786408	LI9	LI
1225031	1235030	1230030.5	89	26.74073145462743	NA	0	1	0.996005996001	1.0000000000000036e-12	16.98876404494382	LI9	LI
1230031	1240030	1235030.5	89	26.74073145462743	NA	0	1	0.996005996001	1.0000000000000036e-12	16.8876404494382	LI9	LI
1235031	1245030	1240030.5	111	9.69530078125	NA	0	1	0.996005996001	1.0000000000000036e-12	16.65765765765766	LI9	LI
1240031	1250030	1245030.5	128	9.69530078125	NA	0	1	0.996005996001	1.0000000000000036e-12	16.7734375	LI9	LI
1245031	1255030	1250030.5	121	13.315542526843561	NA	0	1	0.996005996001	1.0000000000000036e-12	16.90082644628099	LI9	LI
1250031	1260030	1255030.5	131	13.897890852769677	NA	0	1	0.996005996001	1.0000000000000036e-12	17.068702290076335	LI9	LI
1255031	1265030	1260030.5	110	12.759922977355487	NA	0	1	0.996005996001	1.0000000000000036e-12	17.427272727272726	LI9	LI
1260031	1270030	1265030.5	110	13.832155933122188	NA	0	1	0.996005996001	1.0000000000000036e-12	17.645454545454545	LI9	LI
1265031	1275030	1270030.5	144	16.867983975079376	NA	0	1	0.996005996001	1.0000000000000036e-12	17.395833333333332	LI9	LI
1270031	1280030	1275030.5	138	8.904812499999998	0	0	1	0.996005996001	1.0000000000000036e-12	17.1231884057971	LI9	LI
1275031	1285030	1280030.5	134	8.904812499999998	0	0	1	0.996005996001	1.0000000000000036e-12	16.746268656716417	LI9	LI
1280031	1290030	1285030.5	100	5.260709214726675	61.52685095202102	0	1	0.996005996001	1.0000000000000036e-12	16.62	LI9	LI
1285031	1295030	1290030.5	82	5.260709214726675	61.52685095202102	0	1	0.996005996001	1.0000000000000036e-12	17.036585365853657	LI9	LI
1290031	1300030	1295030.5	104	10.871759954921112	NA	0	1	0.996005996001	1.0000000000000036e-12	17.240384615384617	LI9	LI
1295031	1305030	1300030.5	99	10.871759954921112	NA	0	1	0.996005996001	1.0000000000000036e-12	17.21212121212121	LI9	LI
1300031	1310030	1305030.5	83	NA	NA	0	1	0.996005996001	1.0000000000000036e-12	17.253012048192772	LI9	LI
1305031	1315030	1310030.5	71	NA	NA	0	1	0.996005996001	1.0000000000000036e-12	17.690140845070424	LI9	LI
1310031	1320030	1315030.5	66	11.374972000942323	307.3279999999997	0	1	0.996005996001	1.0000000000000036e-12	17.59090909090909	LI9	LI
1315031	1325030	1320030.5	94	11.374972000942323	307.3279999999997	0	1	0.996005996001	1.0000000000000036e-12	17.23404255319149	LI9	LI
1320031	1330030	1325030.5	105	NA	NA	0	1	0.996005996001	1.0000000000000036e-12	17.304761904761904	LI9	LI
1325031	1335030	1330030.5	93	11.374972000942323	307.3279999999997	0	1	0.996005996001	1.0000000000000036e-12	17.225806451612904	LI9	LI
1330031	1340030	1335030.5	79	11.374972000942323	307.3279999999997	0	1	0.996005996001	1.0000000000000036e-12	17.189873417721518	LI9	LI
1335031	1345030	1340030.5	93	12.115918936978355	0	0	1	0.996005996001	1.0000000000000036e-12	15.301075268817204	LI9	LI
1340031	1350030	1345030.5	102	12.399718116645754	0	0	1	0.996005996001	1.0000000000000036e-12	15.607843137254902	LI9	LI
1345031	1355030	1350030.5	68	13.90087890625	0	0	1	0.996005996001	1.0000000000000036e-12	17.485294117647058	LI9	LI
1350031	1360030	1355030.5	55	NA	NA	0	1	0.996005996001	1.0000000000000036e-12	17.490909090909092	LI9	LI
1355031	1365030	1360030.5	79	9.69530078125	NA	0	1	0.996005996001	1.0000000000000036e-12	17.20253164556962	LI9	LI
1360031	1370030	1365030.5	72	9.69530078125	NA	0	1	0.996005996001	1.0000000000000036e-12	16.944444444444443	LI9	LI
1365031	1375030	1370030.5	54	NA	NA	0	1	0.996005996001	1.0000000000000036e-12	17.51851851851852	LI9	LI
1370031	1380030	1375030.5	77	9.141820440992385	0	0	1	0.996005996001	1.0000000000000036e-12	16.961038961038962	LI9	LI
1375031	1385030	1380030.5	104	9.141820440992385	0	0	1	0.996005996001	1.0000000000000036e-12	16.26923076923077	LI9	LI
1380031	1390030	1385030.5	105	NA	NA	0	1	0.996005996001	1.0000000000000036e-12	16.485714285714284	LI9	LI
1385031	1395030	1390030.5	101	8.039226498756637	92.70122855478651	0	1	0.996005996001	1.0000000000000036e-12	17.168316831683168	LI9	LI
1390031	1400030	1395030.5	109	10.720361218069122	46.350614277393255	0	1	0.996005996001	1.0000000000000036e-12	17.229357798165136	LI9	LI
1395031	1405030	1400030.5	96	11.021689804998102	0	0	1	0.996005996001	1.0000000000000036e-12	17.21875	LI9	LI
1400031	1410030	1405030.5	83	25.096965020576118	NA	0	1	0.996005996001	1.0000000000000036e-12	17.228915662650603	LI9	LI
1405031	1415030	1410030.5	82	25.096965020576118	NA	0	1	0.996005996001	1.0000000000000036e-12	17.036585365853657	LI9	LI
1410031	1420030	1415030.5	101	NA	NA	0	1	0.996005996001	1.0000000000000036e-12	16.88118811881188	LI9	LI
1415031	1425030	1420030.5	119	NA	NA	0	1	0.996005996001	1.0000000000000036e-12	17	LI9	LI
1420031	1430030	1425030.5	115	NA	NA	0	1	0.996005996001	1.0000000000000036e-12	17.286956521739132	LI9	LI
1425031	1435030	1430030.5	94	NA	NA	0	1	0.996005996001	1.0000000000000036e-12	17.329787234042552	LI9	LI
1430031	1440030	1435030.5	73	17.69084362139918	NA	0	1	0.996005996001	1.0000000000000036e-12	17.136986301369863	LI9	LI
1435031	1445030	1440030.5	73	17.69084362139918	1626.7777777777771	0	1	0.996005996001	1.0000000000000036e-12	17.054794520547944	LI9	LI
1440031	1450030	1445030.5	59	14.575101750286045	1626.7777777777771	0	1	0.996005996001	1.0000000000000036e-12	17.16949152542373	LI9	LI
1445031	1455030	1450030.5	61	NA	NA	0	1	0.996005996001	1.0000000000000036e-12	17.229508196721312	LI9	LI
1450031	1460030	1455030.5	88	10.453914233773922	0.003737071102110532	0	1	0.996005996001	1.0000000000000036e-12	17.329545454545453	LI9	LI
1455031	1465030	1460030.5	106	10.453914233773922	0.003737071102110532	0	1	0.996005996001	1.0000000000000036e-12	17.00943396226415	LI9	LI
1460031	1470030	1465030.5	86	NA	NA	0	1	0.996005996001	1.0000000000000036e-12	16.86046511627907	LI9	LI
1465031	1475030	1470030.5	74	NA	NA	0	1	0.996005996001	1.0000000000000036e-12	17.31081081081081	LI9	LI
1470031	1480030	1475030.5	78	NA	NA	0	1	0.996005996001	1.0000000000000036e-12	17.21794871794872	LI9	LI
1475031	1485030	1480030.5	78	16.794092640786616	NA	0	1	0.996005996001	1.0000000000000036e-12	16.987179487179485	LI9	LI
1480031	1490030	1485030.5	85	16.794092640786616	NA	0	1	0.996005996001	1.0000000000000036e-12	16.823529411764707	LI9	LI
1485031	1495030	1490030.5	73	15.655517578125	NA	0	1	0.996005996001	1.0000000000000036e-12	16.534246575342465	LI9	LI
1490031	1500030	1495030.5	77	13.263638766523055	NA	0	1	0.996005996001	1.0000000000000036e-12	16.051948051948052	LI9	LI
1495031	1505030	1500030.5	75	10.871759954921112	NA	0	1	0.996005996001	1.0000000000000036e-12	16.453333333333333	LI9	LI
1500031	1510030	1505030.5	60	16.437351319204154	0	0	1	0.996005996001	1.0000000000000036e-12	16.966666666666665	LI9	LI
1505031	1515030	1510030.5	66	16.061747055007125	0	0	1	0.996005996001	1.0000000000000036e-12	16.727272727272727	LI9	LI
1510031	1520030	1515030.5	70	14.523950690122387	23730.46874999998	0	1	0.996005996001	1.0000000000000036e-12	16.385714285714286	LI9	LI
1515031	1525030	1520030.5	68	15.996582409140096	23730.46874999998	0	1	0.996005996001	1.0000000000000036e-12	16.16176470588235	LI9	LI
31	10030	5030.5	140	347.997914782956	0	0	1	0.996005996001	1.0000000000000036e-12	310.15714285714284	POOLED	AM
5031	15030	10030.5	118	350.997896806947	0	0	1	0.996005996001	1.0000000000000036e-12	337.8898305084746	POOLED	AM
10031	20030	15030.5	124	350.997896806947	0	0	1	0.996005996001	1.0000000000000036e-12	336.7096774193548	POOLED	AM
15031	25030	20030.5	89	351.997890814944	0	0	1	0.996005996001	1.0000000000000036e-12	342.9438202247191	POOLED	AM
20031	30030	25030.5	77	352.4978878189425	0	0	1	0.996005996001	1.0000000000000036e-12	343.2987012987013	POOLED	AM
25031	35030	30030.5	108	350.997896806947	0	0	1	0.996005996001	1.0000000000000036e-12	345.89814814814815	POOLED	AM
30031	40030	35030.5	117	351.997890814944	0	0	1	0.996005996001	1.0000000000000036e-12	347.9145299145299	POOLED	AM
35031	45030	40030.5	78	350.997896806947	0	0	1	0.996005996001	1.0000000000000036e-12	344.4102564102564	POOLED	AM
40031	50030	45030.5	80	350.4978998029485	0	0	1	0.996005996001	1.0000000000000036e-12	342.075	POOLED	AM
45031	55030	50030.5	108	352.997884822941	0	0	1	0.996005996001	1.0000000000000036e-12	346.75	POOLED	AM
50031	60030	55030.5	110	352.997884822941	0	0	1	0.996005996001	1.0000000000000036e-12	346.03636363636366	POOLED	AM
55031	65030	60030.5	97	352.9968217759981	0	0	1	0.996005996001	1.0000000000000036e-12	342.659793814433	POOLED	AM
60031	70030	65030.5	96	351.997890814944	9.933382235594836e-9	0	1	0.996005996001	1.0000000000000036e-12	343.8229166666667	POOLED	AM
65031	75030	70030.5	122	350.997896806947	9.933382235594836e-9	0	1	0.996005996001	1.0000000000000036e-12	344.11475409836066	POOLED	AM
70031	80030	75030.5	123	352.997884822941	9.486531567731964e-12	0	1	0.996005996001	1.0000000000000036e-12	346.3170731707317	POOLED	AM
75031	85030	80030.5	90	353.997878830938	9.068213742446893e-8	0	1	0.996005996001	1.0000000000000036e-12	348.25555555555553	POOLED	AM
80031	90030	85030.5	86	352.41093933188716	9.06726508929012e-8	0	1	0.996005996001	1.0000000000000036e-12	347.8720930232558	POOLED	AM
85031	95030	90030.5	106	352.8239878488303	0	0	1	0.996005996001	1.0000000000000036e-12	339.4622641509434	POOLED	AM
90031	100030	95030.5	129	350.997896806947	0	0	1	0.996005996001	1.0000000000000036e-12	333.2015503875969	POOLED	AM
95031	105030	100030.5	164	349.99790279895	0.0011660232750843966	0	1	0.996005996001	1.0000000000000036e-12	333.0609756097561	POOLED	AM
100031	110030	105030.5	134	348.997908790953	0.0023320465501687933	0	1	0.996005996001	1.0000000000000036e-12	336.5223880597015	POOLED	AM
105031	115030	110030.5	88	350.997896806947	0.24160959182277858	0	1	0.996005996001	1.0000000000000036e-12	345.21590909090907	POOLED	AM
110031	120030	115030.5	99	350.997896806947	9.343526677343342e-5	0	1	0.996005996001	1.0000000000000036e-12	346.85858585858585	POOLED	AM
115031	125030	120030.5	99	351.997890814944	1.8545354001830016e-7	0	1	0.996005996001	1.0000000000000036e-12	349.62626262626264	POOLED	AM
120031	130030	125030.5	67	352.9735671520637	0	0	1	0.996005996001	1.0000000000000036e-12	348.5970149253731	POOLED	AM
125031	135030	130030.5	88	350.997896806947	1.8826339092371194e-7	0	1	0.996005996001	1.0000000000000036e-12	346.25	POOLED	AM
130031	140030	135030.5	118	349.4979057949515	1.8826339092371194e-7	0	1	0.996005996001	1.0000000000000036e-12	339.5169491525424	POOLED	AM
135031	145030	140030.5	96	351.49789381094547	NA	0	1	0.996005996001	1.0000000000000036e-12	337.4583333333333	POOLED	AM
140031	150030	145030.5	138	353.997878830938	NA	0	1	0.996005996001	1.0000000000000036e-12	349.231884057971	POOLED	AM
145031	155030	150030.5	214	352.997884822941	0	0	1	0.996005996001	1.0000000000000036e-12	348.1682242990654	POOLED	AM
150031	160030	155030.5	199	351.997890814944	0	0	1	0.996005996001	1.0000000000000036e-12	345.70854271356785	POOLED	AM
155031	165030	160030.5	131	351.997890814944	0	0	1	0.996005996001	1.0000000000000036e-12	344.77862595419845	POOLED	AM
160031	170030	165030.5	95	352.997884822941	0	0	1	0.996005996001	1.0000000000000036e-12	343.77894736842103	POOLED	AM
165031	175030	170030.5	87	351.997890814944	0	0	1	0.996005996001	1.0000000000000036e-12	341.2298850574713	POOLED	AM
170031	180030	175030.5	81	352.4978878189425	0	0	1	0.996005996001	1.0000000000000036e-12	341.1604938271605	POOLED	AM
175031	185030	180030.5	94	348.997908790953	0	0	1	0.996005996001	1.0000000000000036e-12	337.25531914893617	POOLED	AM
180031	190030	185030.5	112	348.997908790953	0	0	1	0.996005996001	1.0000000000000036e-12	339.42857142857144	POOLED	AM
185031	195030	190030.5	101	350.997896806947	NA	0	1	0.996005996001	1.0000000000000036e-12	347.8712871287129	POOLED	AM
190031	200030	195030.5	80	352.997884822941	NA	0	1	0.996005996001	1.0000000000000036e-12	350.7125	POOLED	AM
195031	205030	200030.5	113	352.997884822941	0	0	1	0.996005996001	1.0000000000000036e-12	342.75221238938053	POOLED	AM
200031	210030	205030.5	114	352.997884822941	0	0	1	0.996005996001	1.0000000000000036e-12	339.7280701754386	POOLED	AM
205031	215030	210030.5	91	351.997890814944	0	0	1	0.996005996001	1.0000000000000036e-12	343.1868131868132	POOLED	AM
210031	220030	215030.5	103	350.997896806947	0	0	1	0.996005996001	1.0000000000000036e-12	346.93203883495147	POOLED	AM
215031	225030	220030.5	109	349.99790279895	3.964298964749575	0	1	0.996005996001	1.0000000000000036e-12	343.74311926605503	POOLED	AM
220031	230030	225030.5	84	350.4978998029485	7.92859792949915	0	1	0.996005996001	1.0000000000000036e-12	341.1547619047619	POOLED	AM
225031	235030	230030.5	51	353.99577068746476	NA	0	1	0.996005996001	1.0000000000000036e-12	350.05882352941177	POOLED	AM
230031	240030	235030.5	89	351.997890814944	0	0	1	0.996005996001	1.0000000000000036e-12	346.2134831460674	POOLED	AM
235031	245030	240030.5	105	350.997896806947	0	0	1	0.996005996001	1.0000000000000036e-12	343.64761904761906	POOLED	AM
240031	250030	245030.5	100	351.997890814944	0	0	1	0.996005996001	1.0000000000000036e-12	345.45	POOLED	AM
245031	255030	250030.5	99	352.997884822941	0	0	1	0.996005996001	1.0000000000000036e-12	346.77777777777777	POOLED	AM
250031	260030	255030.5	98	350.9941543973196	NA	0	1	0.996005996001	1.0000000000000036e-12	345.4183673469388	POOLED	AM
255031	265030	260030.5	104	349.99790279895	NA	0	1	0.996005996001	1.0000000000000036e-12	343.5480769230769	POOLED	AM
260031	270030	265030.5	87	349.99790279895	NA	0	1	0.996005996001	1.0000000000000036e-12	344.3448275862069	POOLED	AM
265031	275030	270030.5	80	351.48569461099123	0	0	1	0.996005996001	1.0000000000000036e-12	348.0625	POOLED	AM
270031	280030	275030.5	82	352.997884822941	0	0	1	0.996005996001	1.0000000000000036e-12	349.5975609756098	POOLED	AM
275031	285030	280030.5	87	349.9904125889794	0	0	1	0.996005996001	1.0000000000000036e-12	336.3333333333333	POOLED	AM
280031	290030	285030.5	86	349.9904125889794	1.3195624504448925e-7	0	1	0.996005996001	1.0000000000000036e-12	324.0813953488372	POOLED	AM
285031	295030	290030.5	91	351.49789381094547	5.199940369935924e-10	0	1	0.996005996001	1.0000000000000036e-12	331.0989010989011	POOLED	AM
290031	300030	295030.5	99	349.99790279895	8.20697421423861e-11	0	1	0.996005996001	1.0000000000000036e-12	335.75757575757575	POOLED	AM
295031	305030	300030.5	142	348.997908790953	8.20697421423861e-11	0	1	0.996005996001	1.0000000000000036e-12	340.6267605633803	POOLED	AM
300031	310030	305030.5	134	349.99790279895	NA	0	1	0.996005996001	1.0000000000000036e-12	345.2985074626866	POOLED	AM
305031	315030	310030.5	90	349.99790279895	NA	0	1	0.996005996001	1.0000000000000036e-12	328.14444444444445	POOLED	AM
310031	320030	315030.5	131	350.997896806947	NA	0	1	0.996005996001	1.0000000000000036e-12	333.7022900763359	POOLED	AM
315031	325030	320030.5	121	351.997890814944	3.004248948007329e-8	0	1	0.996005996001	1.0000000000000036e-12	338.46280991735534	POOLED	AM
320031	330030	325030.5	92	347.997914782956	1.1328033009132946e-10	0	1	0.996005996001	1.0000000000000036e-12	324.69565217391306	POOLED	AM
325031	335030	330030.5	108	348.997908790953	0	0	1	0.996005996001	1.0000000000000036e-12	329.81481481481484	POOLED	AM
330031	340030	335030.5	99	349.99790279895	0	0	1	0.996005996001	1.0000000000000036e-12	336.5050505050505	POOLED	AM
335031	345030	340030.5	84	349.99790279895	4.539070489969338e-10	0	1	0.996005996001	1.0000000000000036e-12	341.1309523809524	POOLED	AM
340031	350030	345030.5	67	345.997926766962	4.539070489969338e-10	0	1	0.996005996001	1.0000000000000036e-12	325.4029850746269	POOLED	AM
345031	355030	350030.5	34	339.49677331851797	0	0	1	0.996005996001	1.0000000000000036e-12	288.20588235294116	POOLED	AM
350031	360030	355030.5	8	284.99829227914506	0	0	0.9953216374269005	0.9950854273742646	2.7842603293605612e-12	222.375	POOLED	AM
355031	365030	360030.5	7	350.997896806947	0	0	1	0.996005996001	1.0000000000000036e-12	210	POOLED	AM
360031	370030	365030.5	13	287.4982772991375	0	0	1	0.996005996001	1.0000000000000036e-12	190.46153846153845	POOLED	AM
365031	375030	370030.5	54	340.997956726977	0	0	1	0.996005996001	1.0000000000000036e-12	223.40740740740742	POOLED	AM
370031	380030	375030.5	89	350.997896806947	NA	0	1	0.996005996001	1.0000000000000036e-12	276.80898876404495	POOLED	AM
375031	385030	380030.5	75	350.997896806947	NA	0	1	0.996005996001	1.0000000000000036e-12	336.70666666666665	POOLED	AM
380031	390030	385030.5	67	351.997890814944	NA	0	1	0.996005996001	1.0000000000000036e-12	347.2089552238806	POOLED	AM
385031	395030	390030.5	81	351.997890814944	NA	0	1	0.996005996001	1.0000000000000036e-12	349.0617283950617	POOLED	AM
390031	400030	395030.5	81	349.99790279895	0	0	1	0.996005996001	1.0000000000000036e-12	344.82716049382714	POOLED	AM
395031	405030	400030.5	80	350.4978998029485	0	0	1	0.996005996001	1.0000000000000036e-12	343.2375	POOLED	AM
400031	410030	405030.5	99	350.997896806947	NA	0	1	0.996005996001	1.0000000000000036e-12	343.6060606060606	POOLED	AM
405031	415030	410030.5	87	351.997890814944	0	0	1	0.996005996001	1.0000000000000036e-12	339.1034482758621	POOLED	AM
410031	420030	415030.5	67	350.997896806947	0	0	1	0.996005996001	1.0000000000000036e-12	332.7014925373134	POOLED	AM
415031	425030	420030.5	78	347.997914782956	5.3576821922288526e-8	0	1	0.996005996001	1.0000000000000036e-12	333.8974358974359	POOLED	AM
420031	430030	425030.5	91	350.4978998029485	5.3576821922288526e-8	0	1	0.996005996001	1.0000000000000036e-12	336.83516483516485	POOLED	AM
425031	435030	430030.5	96	351.49789381094547	NA	0	1	0.996005996001	1.0000000000000036e-12	339.7708333333333	POOLED	AM
430031	440030	435030.5	96	351.997890814944	NA	0	1	0.996005996001	1.0000000000000036e-12	346.3229166666667	POOLED	AM
435031	445030	440030.5	93	350.997896806947	0.1321373373773524	0	1	0.996005996001	1.0000000000000036e-12	339.6559139784946	POOLED	AM
440031	450030	445030.5	80	348.997908790953	0.1321373373773524	0	1	0.996005996001	1.0000000000000036e-12	335.525	POOLED	AM
445031	455030	450030.5	75	349.99790279895	1.4717088596385859	0	1	0.996005996001	1.0000000000000036e-12	343.16	POOLED	AM
450031	460030	455030.5	96	352.4968247719996	NA	0	1	0.996005996001	1.0000000000000036e-12	345.9895833333333	POOLED	AM
455031	465030	460030.5	93	352.997884822941	0	0	1	0.996005996001	1.0000000000000036e-12	340.0860215053763	POOLED	AM
460031	470030	465030.5	97	349.4979057949515	0	0	1	0.996005996001	1.0000000000000036e-12	337.9896907216495	POOLED	AM
465031	475030	470030.5	85	349.99790279895	NA	0	1	0.996005996001	1.0000000000000036e-12	344.4	POOLED	AM
470031	480030	475030.5	61	351.997890814944	0.2012478256519019	0	1	0.996005996001	1.0000000000000036e-12	348.3114754098361	POOLED	AM
475031	485030	480030.5	77	351.9957467028291	0.2012478256519019	0	1	0.996005996001	1.0000000000000036e-12	348.4415584415584	POOLED	AM
480031	490030	485030.5	54	350.4978998029485	NA	0	1	0.996005996001	1.0000000000000036e-12	345.72222222222223	POOLED	AM
485031	495030	490030.5	40	351.49789381094547	NA	0	1	0.996005996001	1.0000000000000036e-12	347.7	POOLED	AM
490031	500030	495030.5	54	351.49789381094547	NA	0	1	0.996005996001	1.0000000000000036e-12	347.14814814814815	POOLED	AM
495031	505030	500030.5	65	350.997896806947	0	0	1	0.996005996001	1.0000000000000036e-12	339.44615384615383	POOLED	AM
500031	510030	505030.5	74	349.9797757121572	0	0	1	0.996005996001	1.0000000000000036e-12	341.5135135135135	POOLED	AM
505031	515030	510030.5	83	349.99790279895	NA	0	1	0.996005996001	1.0000000000000036e-12	336.89156626506025	POOLED	AM
510031	520030	515030.5	77	352.997884822941	0	0	1	0.996005996001	1.0000000000000036e-12	336.7922077922078	POOLED	AM
515031	525030	520030.5	59	352.997884822941	0	0	1	0.996005996001	1.0000000000000036e-12	346.7118644067797	POOLED	AM
520031	530030	525030.5	71	349.99790279895	0	0	1	0.996005996001	1.0000000000000036e-12	330.5211267605634	POOLED	AM
525031	535030	530030.5	76	347.997914782956	0	0	1	0.996005996001	1.0000000000000036e-12	319.60526315789474	POOLED	AM
530031	540030	535030.5	72	350.5867675632636	0	0	1	0.996005996001	1.0000000000000036e-12	318.72222222222223	POOLED	AM
535031	545030	540030.5	82	351.997890814944	3.3481574819354423e-7	0	1	0.996005996001	1.0000000000000036e-12	319.9146341463415	POOLED	AM
540031	550030	545030.5	97	351.49789381094547	0	0	1	0.996005996001	1.0000000000000036e-12	331.2371134020619	POOLED	AM
545031	555030	550030.5	95	348.997908790953	0	0	1	0.996005996001	1.0000000000000036e-12	338.9157894736842	POOLED	AM
550031	560030	555030.5	63	350.997896806947	0	0	1	0.996005996001	1.0000000000000036e-12	341.1111111111111	POOLED	AM
555031	565030	560030.5	46	350.99573460820784	1.351150843780419e-8	0	1	0.996005996001	1.0000000000000036e-12	343.4130434782609	POOLED	AM
560031	570030	565030.5	73	349.99790279895	1.351150843780419e-8	0	1	0.996005996001	1.0000000000000036e-12	343.24657534246575	POOLED	AM
565031	575030	570030.5	109	347.997914782956	0	0	1	0.996005996001	1.0000000000000036e-12	336.8256880733945	POOLED	AM
570031	580030	575030.5	102	347.997914782956	0	0	1	0.996005996001	1.0000000000000036e-12	333.62745098039215	POOLED	AM
575031	585030	580030.5	67	348.997908790953	0	0	1	0.996005996001	1.0000000000000036e-12	337.64179104477614	POOLED	AM
580031	590030	585030.5	70	348.4979117869545	0	0	1	0.996005996001	1.0000000000000036e-12	335.2	POOLED	AM
585031	595030	590030.5	79	348.997908790953	0	0	1	0.996005996001	1.0000000000000036e-12	331.59493670886076	POOLED	AM
590031	600030	595030.5	71	351.997890814944	0	0	1	0.996005996001	1.0000000000000036e-12	335.6478873239437	POOLED	AM
595031	605030	600030.5	86	352.997884822941	0	0	1	0.996005996001	1.0000000000000036e-12	341.95348837209303	POOLED	AM
600031	610030	605030.5	114	348.4979117869545	0	0	1	0.996005996001	1.0000000000000036e-12	332.9824561403509	POOLED	AM
605031	615030	610030.5	118	345.997926766962	0	0	1	0.996005996001	1.0000000000000036e-12	335.2542372881356	POOLED	AM
610031	620030	615030.5	107	350.997896806947	0	0	1	0.996005996001	1.0000000000000036e-12	346.23364485981307	POOLED	AM
615031	625030	620030.5	100	351.997890814944	NA	0	1	0.996005996001	1.0000000000000036e-12	349.12	POOLED	AM
620031	630030	625030.5	101	352.997884822941	NA	0	1	0.996005996001	1.0000000000000036e-12	349.54455445544556	POOLED	AM
625031	635030	630030.5	112	351.97460347544353	0	0	1	0.996005996001	1.0000000000000036e-12	340.38392857142856	POOLED	AM
630031	640030	635030.5	79	350.997896806947	0	0	1	0.996005996001	1.0000000000000036e-12	336.7974683544304	POOLED	AM
635031	645030	640030.5	41	350.997896806947	0	0	1	0.996005996001	1.0000000000000036e-12	342.3170731707317	POOLED	AM
640031	650030	645030.5	57	349.99790279895	NA	0	1	0.996005996001	1.0000000000000036e-12	332.719298245614	POOLED	AM
645031	655030	650030.5	63	352.997884822941	5.1858621398108684e-8	0	1	0.996005996001	1.0000000000000036e-12	338.6825396825397	POOLED	AM
650031	660030	655030.5	64	350.997896806947	0	0	1	0.996005996001	1.0000000000000036e-12	338.484375	POOLED	AM
655031	665030	660030.5	63	349.99790279895	0	0	1	0.996005996001	1.0000000000000036e-12	335.3968253968254	POOLED	AM
660031	670030	665030.5	53	352.997884822941	40135.71346584102	0	1	0.996005996001	1.0000000000000036e-12	340.0566037735849	POOLED	AM
665031	675030	670030.5	35	349.99790279895	NA	0	1	0.996005996001	1.0000000000000036e-12	338.8	POOLED	AM
670031	680030	675030.5	11	349.99572244460643	NA	0	1	0.996005996001	1.0000000000000036e-12	287.27272727272725	POOLED	AM
675031	685030	680030.5	9	NA	NA	0	1	0.996005996001	1.0000000000000036e-12	32.666666666666664	POOLED	AM
680031	690030	685030.5	7	NA	NA	0	1	0.996005996001	1.0000000000000036e-12	35.142857142857146	POOLED	AM
685031	695030	690030.5	0	NA	NA	NA	NA	NA	NA	NA	POOLED	AM
690031	700030	695030.5	0	NA	NA	NA	NA	NA	NA	NA	POOLED	AM
695031	705030	700030.5	0	NA	NA	NA	NA	NA	NA	NA	POOLED	AM
700031	710030	705030.5	16	355.4978698429335	0	0	1	0.996005996001	1.0000000000000036e-12	319.25	POOLED	AM
705031	715030	710030.5	62	351.99789081494396	0	0	1	0.996005996001	1.0000000000000036e-12	334.96774193548384	POOLED	AM
710031	720030	715030.5	107	348.997908790953	0	0	1	0.996005996001	1.0000000000000036e-12	340.85981308411215	POOLED	AM
715031	725030	720030.5	99	347.997914782956	0	0	1	0.996005996001	1.0000000000000036e-12	340.32323232323233	POOLED	AM
720031	730030	725030.5	77	348.4979117869545	0	0	1	0.996005996001	1.0000000000000036e-12	342.7012987012987	POOLED	AM
725031	735030	730030.5	74	350.997896806947	0	0	1	0.996005996001	1.0000000000000036e-12	348.05405405405406	POOLED	AM
730031	740030	735030.5	66	350.997896806947	0	0	1	0.996005996001	1.0000000000000036e-12	344.969696969697	POOLED	AM
735031	745030	740030.5	71	350.997896806947	0	0	1	0.996005996001	1.0000000000000036e-12	343.22535211267603	POOLED	AM
740031	750030	745030.5	77	351.49789381094547	0	0	1	0.996005996001	1.0000000000000036e-12	343.1818181818182	POOLED	AM
745031	755030	750030.5	72	351.49789381094547	401084.7945762063	0	1	0.996005996001	1.0000000000000036e-12	336.59722222222223	POOLED	AM
750031	760030	755030.5	75	349.4979057949515	0	0	1	0.996005996001	1.0000000000000036e-12	335.06666666666666	POOLED	AM
755031	765030	760030.5	93	344.997932758965	0	0	1	0.996005996001	1.0000000000000036e-12	334.2903225806452	POOLED	AM
760031	770030	765030.5	92	344.997932758965	0	0	1	0.996005996001	1.0000000000000036e-12	330.45652173913044	POOLED	AM
765031	775030	770030.5	102	348.995710211433	0	0	1	0.996005996001	1.0000000000000036e-12	331.9901960784314	POOLED	AM
770031	780030	775030.5	98	348.995710211433	0	0	1	0.996005996001	1.0000000000000036e-12	335.1020408163265	POOLED	AM
775031	785030	780030.5	58	348.997908790953	NA	0	1	0.996005996001	1.0000000000000036e-12	340.2758620689655	POOLED	AM
780031	790030	785030.5	70	349.4979057949515	NA	0	1	0.996005996001	1.0000000000000036e-12	333.4428571428571	POOLED	AM
785031	795030	790030.5	87	348.997908790953	0	0	1	0.996005996001	1.0000000000000036e-12	329.2068965517241	POOLED	AM
790031	800030	795030.5	67	349.99790279895	0	0	1	0.996005996001	1.0000000000000036e-12	329.35820895522386	POOLED	AM
795031	805030	800030.5	70	348.997908790953	0	0	1	0.996005996001	1.0000000000000036e-12	327.4142857142857	POOLED	AM
800031	810030	805030.5	66	349.99790279895	0	0	1	0.996005996001	1.0000000000000036e-12	332.24242424242425	POOLED	AM
805031	815030	810030.5	34	352.997884822941	NA	0	1	0.996005996001	1.0000000000000036e-12	320.47058823529414	POOLED	AM
810031	820030	815030.5	91	346.997920774959	0	0	1	0.996005996001	1.0000000000000036e-12	313.85714285714283	POOLED	AM
815031	825030	820030.5	109	347.997914782956	0	0	1	0.996005996001	1.0000000000000036e-12	326.54128440366975	POOLED	AM
820031	830030	825030.5	62	350.997896806947	NA	0	1	0.996005996001	1.0000000000000036e-12	344.8709677419355	POOLED	AM
825031	835030	830030.5	77	350.997896806947	0	0	1	0.996005996001	1.0000000000000036e-12	341.2207792207792	POOLED	AM
830031	840030	835030.5	78	351.997890814944	0	0	1	0.996005996001	1.0000000000000036e-12	341.05128205128204	POOLED	AM
835031	845030	840030.5	84	349.4979057949515	0	0	1	0.996005996001	1.0000000000000036e-12	334.48809523809524	POOLED	AM
840031	850030	845030.5	91	350.997896806947	0	0	1	0.996005996001	1.0000000000000036e-12	339.6043956043956	POOLED	AM
845031	855030	850030.5	85	350.997896806947	8.171883682652532e-8	0	1	0.996005996001	1.0000000000000036e-12	343.4823529411765	POOLED	AM
850031	860030	855030.5	94	345.997926766962	0	0	1	0.996005996001	1.0000000000000036e-12	326.27659574468083	POOLED	AM
855031	865030	860030.5	107	347.4979177789575	0	0	1	0.996005996001	1.0000000000000036e-12	332.4766355140187	POOLED	AM
860031	870030	865030.5	118	346.997920774959	0	0	1	0.996005996001	1.0000000000000036e-12	338.02542372881356	POOLED	AM
865031	875030	870030.5	131	347.997914782956	0	0	1	0.996005996001	1.0000000000000036e-12	333.31297709923666	POOLED	AM
870031	880030	875030.5	100	351.997890814944	0.014152334115779402	0	1	0.996005996001	1.0000000000000036e-12	338.54	POOLED	AM
875031	885030	880030.5	50	352.9957587290552	3.1111576831623636e-7	0	1	0.996005996001	1.0000000000000036e-12	309.5	POOLED	AM
880031	890030	885030.5	29	351.997890814944	3.1111576831623636e-7	0	1	0.996005996001	1.0000000000000036e-12	243.89655172413794	POOLED	AM
885031	895030	890030.5	44	346.997920774959	NA	0	1	0.996005996001	1.0000000000000036e-12	319.34090909090907	POOLED	AM
890031	900030	895030.5	66	346.997920774959	0	0	1	0.996005996001	1.0000000000000036e-12	319.42424242424244	POOLED	AM
895031	905030	900030.5	39	342.997944742971	0	0	1	0.996005996001	1.0000000000000036e-12	255.28205128205127	POOLED	AM
900031	910030	905030.5	26	340.997956726977	3.573847937997007e-8	0	1	0.996005996001	1.0000000000000036e-12	160.6153846153846	POOLED	AM
905031	915030	910030.5	55	346.997920774959	1.8171262825563092e-8	0	1	0.996005996001	1.0000000000000036e-12	285.3272727272727	POOLED	AM
910031	920030	915030.5	86	348.997908790953	0	0	1	0.996005996001	1.0000000000000036e-12	334.8488372093023	POOLED	AM
915031	925030	920030.5	88	349.4968156177797	0	0	1	0.996005996001	1.0000000000000036e-12	338.8863636363636	POOLED	AM
920031	930030	925030.5	107	349.99790279895	0	0	1	0.996005996001	1.0000000000000036e-12	341.29906542056074	POOLED	AM
925031	935030	930030.5	119	349.99790279895	0	0	1	0.996005996001	1.0000000000000036e-12	340.453781512605	POOLED	AM
930031	940030	935030.5	94	351.997890814944	0	0	1	0.996005996001	1.0000000000000036e-12	344.5425531914894	POOLED	AM
935031	945030	940030.5	97	352.997884822941	NA	0	1	0.996005996001	1.0000000000000036e-12	345.680412371134	POOLED	AM
940031	950030	945030.5	99	350.997896806947	0	0	1	0.996005996001	1.0000000000000036e-12	343.3838383838384	POOLED	AM
945031	955030	950030.5	71	351.997890814944	0	0	1	0.996005996001	1.0000000000000036e-12	339.28169014084506	POOLED	AM
950031	960030	955030.5	73	349.99790279895	0	0	1	0.996005996001	1.0000000000000036e-12	328.16438356164383	POOLED	AM
955031	965030	960030.5	66	349.99790279895	NA	0	1	0.996005996001	1.0000000000000036e-12	315.1666666666667	POOLED	AM
960031	970030	965030.5	62	351.997890814944	NA	0	1	0.996005996001	1.0000000000000036e-12	303.83870967741933	POOLED	AM
965031	975030	970030.5	57	348.997908790953	NA	0	1	0.996005996001	1.0000000000000036e-12	289.280701754386	POOLED	AM
970031	980030	975030.5	53	350.997896806947	NA	0	1	0.996005996001	1.0000000000000036e-12	316.66037735849056	POOLED	AM
975031	985030	980030.5	81	350.997896806947	0	0	1	0.996005996001	1.0000000000000036e-12	337.9259259259259	POOLED	AM
980031	990030	985030.5	65	350.4978998029485	0	0	1	0.996005996001	1.0000000000000036e-12	333.03076923076924	POOLED	AM
985031	995030	990030.5	67	349.99790279895	0	0	1	0.996005996001	1.0000000000000036e-12	336.8805970149254	POOLED	AM
990031	1000030	995030.5	78	349.99790279895	0	0	1	0.996005996001	1.0000000000000036e-12	333.70512820512823	POOLED	AM
995031	1005030	1000030.5	84	346.997920774959	0	0	1	0.996005996001	1.0000000000000036e-12	329.48809523809524	POOLED	AM
1000031	1010030	1005030.5	112	348.997908790953	0	0	1	0.996005996001	1.0000000000000036e-12	337.88392857142856	POOLED	AM
1005031	1015030	1010030.5	116	351.99045492886466	NA	0	1	0.996005996001	1.0000000000000036e-12	346.13793103448273	POOLED	AM
1010031	1020030	1015030.5	123	351.997890814944	0	0	1	0.996005996001	1.0000000000000036e-12	346.9349593495935	POOLED	AM
1015031	1025030	1020030.5	92	350.997896806947	0	0	1	0.996005996001	1.0000000000000036e-12	343.5	POOLED	AM
1020031	1030030	1025030.5	59	350.997896806947	0.003089167325423131	0	1	0.996005996001	1.0000000000000036e-12	338.8135593220339	POOLED	AM
1025031	1035030	1030030.5	64	348.4979117869545	0.0015445836627115655	0	1	0.996005996001	1.0000000000000036e-12	296.984375	POOLED	AM
1030031	1040030	1035030.5	108	346.997920774959	0	0	1	0.996005996001	1.0000000000000036e-12	311.06481481481484	POOLED	AM
1035031	1045030	1040030.5	134	349.99790279895	0	0	1	0.996005996001	1.0000000000000036e-12	336.9925373134328	POOLED	AM
1040031	1050030	1045030.5	133	349.99790279895	0	0	1	0.996005996001	1.0000000000000036e-12	341.38345864661653	POOLED	AM
1045031	1055030	1050030.5	122	350.997896806947	0	0	1	0.996005996001	1.0000000000000036e-12	341.61475409836066	POOLED	AM
1050031	1060030	1055030.5	95	349.4968156177797	0	0	1	0.996005996001	1.0000000000000036e-12	335.86315789473684	POOLED	AM
1055031	1065030	1060030.5	94	350.98614531205044	0	0	1	0.996005996001	1.0000000000000036e-12	340.1914893617021	POOLED	AM
1060031	1070030	1065030.5	71	351.997890814944	0	0	1	0.996005996001	1.0000000000000036e-12	346.6619718309859	POOLED	AM
1065031	1075030	1070030.5	68	349.99790279895	0	0	1	0.996005996001	1.0000000000000036e-12	342.4852941176471	POOLED	AM
1070031	1080030	1075030.5	102	346.997920774959	0	0	1	0.996005996001	1.0000000000000036e-12	335.1862745098039	POOLED	AM
1075031	1085030	1080030.5	109	347.997914782956	0	0	1	0.996005996001	1.0000000000000036e-12	334.60550458715596	POOLED	AM
1080031	1090030	1085030.5	98	349.99790279895	0	0	1	0.996005996001	1.0000000000000036e-12	339.8775510204082	POOLED	AM
1085031	1095030	1090030.5	110	350.997896806947	1.335943204348705e-11	0	1	0.996005996001	1.0000000000000036e-12	341.0272727272727	POOLED	AM
1090031	1100030	1095030.5	102	350.4968187035789	1.335943204348705e-11	0	1	0.996005996001	1.0000000000000036e-12	342.48039215686276	POOLED	AM
1095031	1105030	1100030.5	94	350.9968157075774	NA	0	1	0.996005996001	1.0000000000000036e-12	345.78723404255317	POOLED	AM
1100031	1110030	1105030.5	95	351.997890814944	NA	0	1	0.996005996001	1.0000000000000036e-12	347.85263157894735	POOLED	AM
1105031	1115030	1110030.5	79	349.99790279895	NA	0	1	0.996005996001	1.0000000000000036e-12	349.54430379746833	POOLED	AM
1110031	1120030	1115030.5	94	349.99790279895	0	0	1	0.996005996001	1.0000000000000036e-12	343.7659574468085	POOLED	AM
1115031	1125030	1120030.5	97	351.997890814944	0	0	1	0.996005996001	1.0000000000000036e-12	343.36082474226805	POOLED	AM
1120031	1130030	1125030.5	114	350.997896806947	NA	0	1	0.996005996001	1.0000000000000036e-12	342.9736842105263	POOLED	AM
1125031	1135030	1130030.5	161	350.997896806947	2.0251737563222905e-8	0	1	0.996005996001	1.0000000000000036e-12	343.93167701863354	POOLED	AM
1130031	1140030	1135030.5	147	351.997890814944	2.0251737563222905e-8	0	1	0.996005996001	1.0000000000000036e-12	344.70068027210885	POOLED	AM
1135031	1145030	1140030.5	120	351.49789381094547	0.003808072041272177	0	1	0.996005996001	1.0000000000000036e-12	338.55	POOLED	AM
1140031	1150030	1145030.5	107	348.9858525507599	0.003808072041272177	0	1	0.996005996001	1.0000000000000036e-12	338.8878504672897	POOLED	AM
1145031	1155030	1150030.5	98	345.4979297629635	0	0	1	0.996005996001	1.0000000000000036e-12	325.5204081632653	POOLED	AM
1150031	1160030	1155030.5	97	349.99790279895	0	0	1	0.996005996001	1.0000000000000036e-12	320.9381443298969	POOLED	AM
1155031	1165030	1160030.5	98	348.997908790953	NA	0	1	0.996005996001	1.0000000000000036e-12	335.07142857142856	POOLED	AM
1160031	1170030	1165030.5	109	347.997914782956	0	0	1	0.996005996001	1.0000000000000036e-12	339.29357798165137	POOLED	AM
1165031	1175030	1170030.5	123	349.99790279895	0	0	1	0.996005996001	1.0000000000000036e-12	337.7560975609756	POOLED	AM
1170031	1180030	1175030.5	108	351.997890814944	0	0	1	0.996005996001	1.0000000000000036e-12	338.3796296296296	POOLED	AM
1175031	1185030	1180030.5	85	351.997890814944	1.1302505612953355e-6	0	1	0.996005996001	1.0000000000000036e-12	254.01176470588234	POOLED	AM
1180031	1190030	1185030.5	59	330.998016647007	1.1302505612953355e-6	0	1	0.996005996001	1.0000000000000036e-12	143.72881355932202	POOLED	AM
1185031	1195030	1190030.5	62	346.4979237709605	3.698493000968823	0	1	0.996005996001	1.0000000000000036e-12	158.16129032258064	POOLED	AM
1190031	1200030	1195030.5	90	347.997914782956	1.8492465013978452	0	1	0.996005996001	1.0000000000000036e-12	259.2888888888889	POOLED	AM
1195031	1205030	1200030.5	110	346.997920774959	1.8268677434615122e-9	0	1	0.996005996001	1.0000000000000036e-12	341.8090909090909	POOLED	AM
1200031	1210030	1205030.5	132	349.99790279895	0	0	1	0.996005996001	1.0000000000000036e-12	342.8333333333333	POOLED	AM
1205031	1215030	1210030.5	113	350.997896806947	0	0	1	0.996005996001	1.0000000000000036e-12	343.2654867256637	POOLED	AM
1210031	1220030	1215030.5	72	349.99682169958044	0	0	1	0.996005996001	1.0000000000000036e-12	342.59722222222223	POOLED	AM
1215031	1225030	1220030.5	81	350.997896806947	0	0	1	0.996005996001	1.0000000000000036e-12	343.8888888888889	POOLED	AM
1220031	1230030	1225030.5	103	348.997908790953	0	0	1	0.996005996001	1.0000000000000036e-12	343.3203883495146	POOLED	AM
1225031	1235030	1230030.5	89	348.997908790953	0	0	1	0.996005996001	1.0000000000000036e-12	342.12359550561797	POOLED	AM
1230031	1240030	1235030.5	89	348.997908790953	NA	0	1	0.996005996001	1.0000000000000036e-12	345.4831460674157	POOLED	AM
1235031	1245030	1240030.5	111	348.997908790953	3.185230604435676e-10	0	1	0.996005996001	1.0000000000000036e-12	343.0990990990991	POOLED	AM
1240031	1250030	1245030.5	128	348.997908790953	3.185230604435676e-10	0	1	0.996005996001	1.0000000000000036e-12	340.078125	POOLED	AM
1245031	1255030	1250030.5	121	350.997896806947	0	0	1	0.996005996001	1.0000000000000036e-12	339.5702479338843	POOLED	AM
1250031	1260030	1255030.5	131	350.997896806947	0	0	1	0.996005996001	1.0000000000000036e-12	341.48854961832063	POOLED	AM
1255031	1265030	1260030.5	110	352.4978878189425	0	0	1	0.996005996001	1.0000000000000036e-12	345.4818181818182	POOLED	AM
1260031	1270030	1265030.5	110	354.997872838935	0	0	1	0.996005996001	1.0000000000000036e-12	348.4909090909091	POOLED	AM
1265031	1275030	1270030.5	144	352.997884822941	0	0	1	0.996005996001	1.0000000000000036e-12	345.11805555555554	POOLED	AM
1270031	1280030	1275030.5	138	350.4978998029485	0	0	1	0.996005996001	1.0000000000000036e-12	344.1231884057971	POOLED	AM
1275031	1285030	1280030.5	134	348.997908790953	0	0	1	0.996005996001	1.0000000000000036e-12	341.14179104477614	POOLED	AM
1280031	1290030	1285030.5	100	348.997908790953	2.3516323274451916e-5	0	1	0.996005996001	1.0000000000000036e-12	337.19	POOLED	AM
1285031	1295030	1290030.5	82	351.997890814944	2.3516323274451916e-5	0	1	0.996005996001	1.0000000000000036e-12	343.1951219512195	POOLED	AM
1290031	1300030	1295030.5	104	351.997890814944	0	0	1	0.996005996001	1.0000000000000036e-12	343.4807692307692	POOLED	AM
1295031	1305030	1300030.5	99	350.997896806947	0	0	1	0.996005996001	1.0000000000000036e-12	342.3030303030303	POOLED	AM
1300031	1310030	1305030.5	83	350.997896806947	0	0	1	0.996005996001	1.0000000000000036e-12	346.56626506024094	POOLED	AM
1305031	1315030	1310030.5	71	352.997884822941	NA	0	1	0.996005996001	1.0000000000000036e-12	350.7042253521127	POOLED	AM
1310031	1320030	1315030.5	66	354.997872838935	55.102883344673316	0	1	0.996005996001	1.0000000000000036e-12	349.2121212121212	POOLED	AM
1315031	1325030	1320030.5	94	350.4978998029485	55.102883344673316	0	1	0.996005996001	1.0000000000000036e-12	346.06382978723406	POOLED	AM
1320031	1330030	1325030.5	105	351.997890814944	NA	0	1	0.996005996001	1.0000000000000036e-12	346.76190476190476	POOLED	AM
1325031	1335030	1330030.5	93	351.997890814944	28.965594876924744	0	1	0.996005996001	1.0000000000000036e-12	343.68817204301075	POOLED	AM
1330031	1340030	1335030.5	79	351.997890814944	0	0	1	0.996005996001	1.0000000000000036e-12	339.49367088607596	POOLED	AM
1335031	1345030	1340030.5	93	349.99790279895	0	0	1	0.996005996001	1.0000000000000036e-12	332.6236559139785	POOLED	AM
1340031	1350030	1345030.5	102	349.4979057949515	0	0	1	0.996005996001	1.0000000000000036e-12	335.7647058823529	POOLED	AM
1345031	1355030	1350030.5	68	352.997884822941	0	0	1	0.996005996001	1.0000000000000036e-12	346.11764705882354	POOLED	AM
1350031	1360030	1355030.5	55	353.997878830938	NA	0	1	0.996005996001	1.0000000000000036e-12	350.8363636363636	POOLED	AM
1355031	1365030	1360030.5	79	350.997896806947	0	0	1	0.996005996001	1.0000000000000036e-12	342.7848101265823	POOLED	AM
1360031	1370030	1365030.5	72	348.9968186137812	0	0	1	0.996005996001	1.0000000000000036e-12	338.375	POOLED	AM
1365031	1375030	1370030.5	54	353.997878830938	NA	0	1	0.996005996001	1.0000000000000036e-12	348.27777777777777	POOLED	AM
1370031	1380030	1375030.5	77	352.997884822941	0	0	1	0.996005996001	1.0000000000000036e-12	333.2597402597403	POOLED	AM
1375031	1385030	1380030.5	104	350.997896806947	0	0	1	0.996005996001	1.0000000000000036e-12	331.25961538461536	POOLED	AM
1380031	1390030	1385030.5	105	351.997890814944	0	0	1	0.996005996001	1.0000000000000036e-12	340.74285714285713	POOLED	AM
1385031	1395030	1390030.5	101	352.997884822941	10.48412789366648	0	1	0.996005996001	1.0000000000000036e-12	344.1980198019802	POOLED	AM
1390031	1400030	1395030.5	109	352.4978878189425	0	0	1	0.996005996001	1.0000000000000036e-12	343.64220183486236	POOLED	AM
1395031	1405030	1400030.5	96	350.997896806947	0	0	1	0.996005996001	1.0000000000000036e-12	343.5520833333333	POOLED	AM
1400031	1410030	1405030.5	83	349.99790279895	NA	0	1	0.996005996001	1.0000000000000036e-12	345.4096385542169	POOLED	AM
1405031	1415030	1410030.5	82	350.4978998029485	NA	0	1	0.996005996001	1.0000000000000036e-12	344.1707317073171	POOLED	AM
1410031	1420030	1415030.5	101	352.997884822941	3.531123164881194e-8	0	1	0.996005996001	1.0000000000000036e-12	344.3267326732673	POOLED	AM
1415031	1425030	1420030.5	119	352.997884822941	0	0	1	0.996005996001	1.0000000000000036e-12	345.0840336134454	POOLED	AM
1420031	1430030	1425030.5	115	350.997896806947	0	0	1	0.996005996001	1.0000000000000036e-12	341.4695652173913	POOLED	AM
1425031	1435030	1430030.5	94	351.997890814944	NA	0	1	0.996005996001	1.0000000000000036e-12	340.6914893617021	POOLED	AM
1430031	1440030	1435030.5	73	352.997884822941	NA	0	1	0.996005996001	1.0000000000000036e-12	341.3835616438356	POOLED	AM
1435031	1445030	1440030.5	73	352.997884822941	39.71084337349395	0	1	0.996005996001	1.0000000000000036e-12	342.52054794520546	POOLED	AM
1440031	1450030	1445030.5	59	353.99049301221385	39.71084337349395	0	1	0.996005996001	1.0000000000000036e-12	347.8135593220339	POOLED	AM
1445031	1455030	1450030.5	61	352.997884822941	1.1837107539702903e-7	0	1	0.996005996001	1.0000000000000036e-12	346.59016393442624	POOLED	AM
1450031	1460030	1455030.5	88	353.997878830938	3.1764396316131164e-9	0	1	0.996005996001	1.0000000000000036e-12	347.4431818181818	POOLED	AM
1455031	1465030	1460030.5	106	352.997884822941	1.5882198158065582e-9	0	1	0.996005996001	1.0000000000000036e-12	347.811320754717	POOLED	AM
1460031	1470030	1465030.5	86	351.49789381094547	NA	0	1	0.996005996001	1.0000000000000036e-12	346.6046511627907	POOLED	AM
1465031	1475030	1470030.5	74	353.997878830938	NA	0	1	0.996005996001	1.0000000000000036e-12	348.2567567567568	POOLED	AM
1470031	1480030	1475030.5	78	353.997878830938	NA	0	1	0.996005996001	1.0000000000000036e-12	347.29487179487177	POOLED	AM
1475031	1485030	1480030.5	78	349.99790279895	0	0	1	0.996005996001	1.0000000000000036e-12	337.9230769230769	POOLED	AM
1480031	1490030	1485030.5	85	349.99790279895	0	0	1	0.996005996001	1.0000000000000036e-12	339.5529411764706	POOLED	AM
1485031	1495030	1490030.5	73	350.997896806947	NA	0	1	0.996005996001	1.0000000000000036e-12	345.2328767123288	POOLED	AM
1490031	1500030	1495030.5	77	349.99790279895	0	0	1	0.996005996001	1.0000000000000036e-12	342.1168831168831	POOLED	AM
1495031	1505030	1500030.5	75	349.99790279895	0	0	1	0.996005996001	1.0000000000000036e-12	344.17333333333335	POOLED	AM
1500031	1510030	1505030.5	60	351.997890814944	0	0	1	0.996005996001	1.0000000000000036e-12	346.8833333333333	POOLED	AM
1505031	1515030	1510030.5	66	351.997890814944	0	0	1	0.996005996001	1.0000000000000036e-12	346.2121212121212	POOLED	AM
1510031	1520030	1515030.5	70	349.99790279895	0	0	1	0.996005996001	1.0000000000000036e-12	344.3857142857143	POOLED	AM
1515031	1525030	1520030.5	68	348.997908790953	0	0	1	0.996005996001	1.0000000000000036e-12	329.05882352941177	POOLED	AM
31	10030	5030.5	140	19.997084548104954	0	0	1	0.996005996001	1.0000000000000036e-12	20.75	AM1	AM
5031	15030	10030.5	118	15.502281613048932	0	0	1	0.996005996001	1.0000000000000036e-12	22.466101694915253	AM1	AM
10031	20030	15030.5	124	15.502281613048932	0	0	1	0.996005996001	1.0000000000000036e-12	22.233870967741936	AM1	AM
15031	25030	20030.5	89	15.012173652648926	0	0	1	0.996005996001	1.0000000000000036e-12	22.44943820224719	AM1	AM
20031	30030	25030.5	77	15.012173652648926	0	0	1	0.996005996001	1.0000000000000036e-12	22.636363636363637	AM1	AM
25031	35030	30030.5	108	NA	NA	0	1	0.996005996001	1.0000000000000036e-12	22.89814814814815	AM1	AM
30031	40030	35030.5	117	NA	NA	0	1	0.996005996001	1.0000000000000036e-12	22.957264957264957	AM1	AM
35031	45030	40030.5	78	NA	NA	0	1	0.996005996001	1.0000000000000036e-12	22.794871794871796	AM1	AM
40031	50030	45030.5	80	NA	NA	0	1	0.996005996001	1.0000000000000036e-12	22.625	AM1	AM
45031	55030	50030.5	108	23.939222547743057	NA	0	1	0.996005996001	1.0000000000000036e-12	22.88888888888889	AM1	AM
50031	60030	55030.5	110	18.14755988937892	0	0	1	0.996005996001	1.0000000000000036e-12	23.081818181818182	AM1	AM
55031	65030	60030.5	97	17.73914452802279	0	0	1	0.996005996001	1.0000000000000036e-12	22.824742268041238	AM1	AM
60031	70030	65030.5	96	NA	NA	0	1	0.996005996001	1.0000000000000036e-12	22.770833333333332	AM1	AM
65031	75030	70030.5	122	NA	NA	0	1	0.996005996001	1.0000000000000036e-12	22.87704918032787	AM1	AM
70031	80030	75030.5	123	NA	NA	0	1	0.996005996001	1.0000000000000036e-12	22.869918699186993	AM1	AM
75031	85030	80030.5	90	20.930818756073858	NA	0	1	0.996005996001	1.0000000000000036e-12	22.877777777777776	AM1	AM
80031	90030	85030.5	86	20.930818756073858	NA	0	1	0.996005996001	1.0000000000000036e-12	22.837209302325583	AM1	AM
85031	95030	90030.5	106	NA	NA	0	1	0.996005996001	1.0000000000000036e-12	21.849056603773583	AM1	AM
90031	100030	95030.5	129	NA	NA	0	1	0.996005996001	1.0000000000000036e-12	21.51937984496124	AM1	AM
95031	105030	100030.5	164	NA	NA	0	1	0.996005996001	1.0000000000000036e-12	21.804878048780488	AM1	AM
100031	110030	105030.5	134	NA	NA	0	1	0.996005996001	1.0000000000000036e-12	22.149253731343283	AM1	AM
105031	115030	110030.5	88	12.686579641796797	8.289464392576461e-4	0	1	0.996005996001	1.0000000000000036e-12	23.011363636363637	AM1	AM
110031	120030	115030.5	99	13.795270565847893	175.50041447321965	0	1	0.996005996001	1.0000000000000036e-12	23.01010101010101	AM1	AM
115031	125030	120030.5	99	14.90396148989899	351.00000000000006	0	1	0.996005996001	1.0000000000000036e-12	23.03030303030303	AM1	AM
120031	130030	125030.5	67	22.936657557327198	NA	0	1	0.996005996001	1.0000000000000036e-12	23.044776119402986	AM1	AM
125031	135030	130030.5	88	22.936657557327198	NA	0	1	0.996005996001	1.0000000000000036e-12	22.943181818181817	AM1	AM
130031	140030	135030.5	118	NA	NA	0	1	0.996005996001	1.0000000000000036e-12	22.033898305084747	AM1	AM
135031	145030	140030.5	96	NA	NA	0	1	0.996005996001	1.0000000000000036e-12	22.020833333333332	AM1	AM
140031	150030	145030.5	138	22.936657557327198	NA	0	1	0.996005996001	1.0000000000000036e-12	23.217391304347824	AM1	AM
145031	155030	150030.5	214	19.204983537116966	0	0	1	0.996005996001	1.0000000000000036e-12	23.08411214953271	AM1	AM
150031	160030	155030.5	199	15.473309516906738	0	0	1	0.996005996001	1.0000000000000036e-12	22.894472361809044	AM1	AM
155031	165030	160030.5	131	NA	NA	0	1	0.996005996001	1.0000000000000036e-12	22.72519083969466	AM1	AM
160031	170030	165030.5	95	NA	NA	0	1	0.996005996001	1.0000000000000036e-12	22.642105263157895	AM1	AM
165031	175030	170030.5	87	12.759922977355487	NA	0	1	0.996005996001	1.0000000000000036e-12	22.137931034482758	AM1	AM
170031	180030	175030.5	81	12.759922977355487	NA	0	1	0.996005996001	1.0000000000000036e-12	22.19753086419753	AM1	AM
175031	185030	180030.5	94	11.737134375555453	1809.525837813247	0	1	0.996005996001	1.0000000000000036e-12	22.319148936170212	AM1	AM
180031	190030	185030.5	112	11.737134375555453	1809.525837813247	0	1	0.996005996001	1.0000000000000036e-12	22.544642857142858	AM1	AM
185031	195030	190030.5	101	NA	NA	0	1	0.996005996001	1.0000000000000036e-12	23.06930693069307	AM1	AM
190031	200030	195030.5	80	NA	NA	0	1	0.996005996001	1.0000000000000036e-12	23.125	AM1	AM
195031	205030	200030.5	113	NA	NA	0	1	0.996005996001	1.0000000000000036e-12	22.460176991150444	AM1	AM
200031	210030	205030.5	114	21.853474904324756	NA	0	1	0.996005996001	1.0000000000000036e-12	22.140350877192983	AM1	AM
205031	215030	210030.5	91	21.853474904324756	NA	0	1	0.996005996001	1.0000000000000036e-12	22.582417582417584	AM1	AM
210031	220030	215030.5	103	NA	NA	0	1	0.996005996001	1.0000000000000036e-12	22.932038834951456	AM1	AM
215031	225030	220030.5	109	18.136643823172133	106858.93278463637	0	1	0.996005996001	1.0000000000000036e-12	22.853211009174313	AM1	AM
220031	230030	225030.5	84	19.180003254107355	106858.93278463637	0	1	0.996005996001	1.0000000000000036e-12	22.845238095238095	AM1	AM
225031	235030	230030.5	51	20.22336268504258	NA	0	1	0.996005996001	1.0000000000000036e-12	23.098039215686274	AM1	AM
230031	240030	235030.5	89	NA	NA	0	1	0.996005996001	1.0000000000000036e-12	22.831460674157302	AM1	AM
235031	245030	240030.5	105	NA	NA	0	1	0.996005996001	1.0000000000000036e-12	22.752380952380953	AM1	AM
240031	250030	245030.5	100	NA	NA	0	1	0.996005996001	1.0000000000000036e-12	23.01	AM1	AM
245031	255030	250030.5	99	NA	NA	0	1	0.996005996001	1.0000000000000036e-12	23.07070707070707	AM1	AM
250031	260030	255030.5	98	NA	NA	0	1	0.996005996001	1.0000000000000036e-12	22.908163265306122	AM1	AM
255031	265030	260030.5	104	21.853474904324756	NA	0	1	0.996005996001	1.0000000000000036e-12	22.701923076923077	AM1	AM
260031	270030	265030.5	87	21.853474904324756	NA	0	1	0.996005996001	1.0000000000000036e-12	22.57471264367816	AM1	AM
265031	275030	270030.5	80	18.451893365053053	0	0	1	0.996005996001	1.0000000000000036e-12	22.8625	AM1	AM
270031	280030	275030.5	82	18.451893365053053	0	0	1	0.996005996001	1.0000000000000036e-12	23.048780487804876	AM1	AM
275031	285030	280030.5	87	NA	NA	0	1	0.996005996001	1.0000000000000036e-12	21.839080459770116	AM1	AM
280031	290030	285030.5	86	NA	NA	0	1	0.996005996001	1.0000000000000036e-12	20.5	AM1	AM
285031	295030	290030.5	91	NA	NA	0	1	0.996005996001	1.0000000000000036e-12	21.36263736263736	AM1	AM
290031	300030	295030.5	99	NA	NA	0	1	0.996005996001	1.0000000000000036e-12	22.03030303030303	AM1	AM
295031	305030	300030.5	142	NA	NA	0	1	0.996005996001	1.0000000000000036e-12	22.211267605633804	AM1	AM
300031	310030	305030.5	134	NA	NA	0	1	0.996005996001	1.0000000000000036e-12	22.62686567164179	AM1	AM
305031	315030	310030.5	90	NA	NA	0	1	0.996005996001	1.0000000000000036e-12	20.955555555555556	AM1	AM
310031	320030	315030.5	131	NA	NA	0	1	0.996005996001	1.0000000000000036e-12	21.549618320610687	AM1	AM
315031	325030	320030.5	121	NA	NA	0	1	0.996005996001	1.0000000000000036e-12	22.049586776859503	AM1	AM
320031	330030	325030.5	92	NA	NA	0	1	0.996005996001	1.0000000000000036e-12	21.02173913043478	AM1	AM
325031	335030	330030.5	108	NA	NA	0	1	0.996005996001	1.0000000000000036e-12	21.935185185185187	AM1	AM
330031	340030	335030.5	99	NA	NA	0	1	0.996005996001	1.0000000000000036e-12	22.242424242424242	AM1	AM
335031	345030	340030.5	84	18.468449741028465	0	0	1	0.996005996001	1.0000000000000036e-12	22.345238095238095	AM1	AM
340031	350030	345030.5	67	18.468449741028465	0	0	1	0.996005996001	1.0000000000000036e-12	19.791044776119403	AM1	AM
345031	355030	350030.5	34	NA	NA	0	1	0.996005996001	1.0000000000000036e-12	15.764705882352942	AM1	AM
350031	360030	355030.5	8	18.159343309082892	0	0	1	0.996005996001	1.0000000000000036e-12	15.375	AM1	AM
355031	365030	360030.5	7	18.159343309082892	0	0	1	0.996005996001	1.0000000000000036e-12	12.857142857142858	AM1	AM
360031	370030	365030.5	13	NA	NA	0	1	0.996005996001	1.0000000000000036e-12	13.307692307692308	AM1	AM
365031	375030	370030.5	54	NA	NA	0	1	0.996005996001	1.0000000000000036e-12	11.574074074074074	AM1	AM
370031	380030	375030.5	89	NA	NA	0	1	0.996005996001	1.0000000000000036e-12	15.752808988764045	AM1	AM
375031	385030	380030.5	75	NA	NA	0	1	0.996005996001	1.0000000000000036e-12	21.906666666666666	AM1	AM
380031	390030	385030.5	67	NA	NA	0	1	0.996005996001	1.0000000000000036e-12	23.01492537313433	AM1	AM
385031	395030	390030.5	81	NA	NA	0	1	0.996005996001	1.0000000000000036e-12	23.14814814814815	AM1	AM
390031	400030	395030.5	81	20.65972222222222	0	0	1	0.996005996001	1.0000000000000036e-12	22.80246913580247	AM1	AM
395031	405030	400030.5	80	20.65972222222222	0	0	1	0.996005996001	1.0000000000000036e-12	22.7125	AM1	AM
400031	410030	405030.5	99	NA	NA	0	1	0.996005996001	1.0000000000000036e-12	22.737373737373737	AM1	AM
405031	415030	410030.5	87	18.402828400641493	0	0	1	0.996005996001	1.0000000000000036e-12	22.264367816091955	AM1	AM
410031	420030	415030.5	67	18.402828400641493	0	0	1	0.996005996001	1.0000000000000036e-12	21.865671641791046	AM1	AM
415031	425030	420030.5	78	NA	NA	0	1	0.996005996001	1.0000000000000036e-12	22.256410256410255	AM1	AM
420031	430030	425030.5	91	NA	NA	0	1	0.996005996001	1.0000000000000036e-12	22.626373626373628	AM1	AM
425031	435030	430030.5	96	NA	NA	0	1	0.996005996001	1.0000000000000036e-12	22.416666666666668	AM1	AM
430031	440030	435030.5	96	NA	NA	0	1	0.996005996001	1.0000000000000036e-12	22.760416666666668	AM1	AM
435031	445030	440030.5	93	18.548793669813385	NA	0	1	0.996005996001	1.0000000000000036e-12	22.193548387096776	AM1	AM
440031	450030	445030.5	80	18.53942034194787	NA	0	1	0.996005996001	1.0000000000000036e-12	21.5625	AM1	AM
445031	455030	450030.5	75	18.530047014082356	NA	0	1	0.996005996001	1.0000000000000036e-12	22.613333333333333	AM1	AM
450031	460030	455030.5	96	NA	NA	0	1	0.996005996001	1.0000000000000036e-12	23.041666666666668	AM1	AM
455031	465030	460030.5	93	NA	NA	0	1	0.996005996001	1.0000000000000036e-12	21.870967741935484	AM1	AM
460031	470030	465030.5	97	NA	NA	0	1	0.996005996001	1.0000000000000036e-12	21.835051546391753	AM1	AM
465031	475030	470030.5	85	NA	NA	0	1	0.996005996001	1.0000000000000036e-12	22.96470588235294	AM1	AM
470031	480030	475030.5	61	15.849534348808625	1.0902619263712418e-4	0	1	0.996005996001	1.0000000000000036e-12	22.918032786885245	AM1	AM
475031	485030	480030.5	77	15.849534348808625	1.0902619263712418e-4	0	1	0.996005996001	1.0000000000000036e-12	22.948051948051948	AM1	AM
480031	490030	485030.5	54	NA	NA	0	1	0.996005996001	1.0000000000000036e-12	23.01851851851852	AM1	AM
485031	495030	490030.5	40	NA	NA	0	1	0.996005996001	1.0000000000000036e-12	23.05	AM1	AM
490031	500030	495030.5	54	NA	NA	0	1	0.996005996001	1.0000000000000036e-12	22.85185185185185	AM1	AM
495031	505030	500030.5	65	NA	NA	0	1	0.996005996001	1.0000000000000036e-12	22.353846153846153	AM1	AM
500031	510030	505030.5	74	NA	NA	0	1	0.996005996001	1.0000000000000036e-12	22.64864864864865	AM1	AM
505031	515030	510030.5	83	NA	NA	0	1	0.996005996001	1.0000000000000036e-12	22.253012048192772	AM1	AM
510031	520030	515030.5	77	20.595141126854806	0	0	1	0.996005996001	1.0000000000000036e-12	22.064935064935064	AM1	AM
515031	525030	520030.5	59	19.3906015625	0	0	1	0.996005996001	1.0000000000000036e-12	22.593220338983052	AM1	AM
520031	530030	525030.5	71	15.062805236816406	0	0	1	0.996005996001	1.0000000000000036e-12	20.929577464788732	AM1	AM
525031	535030	530030.5	76	15.910110473632812	NA	0	1	0.996005996001	1.0000000000000036e-12	19.81578947368421	AM1	AM
530031	540030	535030.5	72	NA	NA	0	1	0.996005996001	1.0000000000000036e-12	19.65277777777778	AM1	AM
535031	545030	540030.5	82	NA	NA	0	1	0.996005996001	1.0000000000000036e-12	19.670731707317074	AM1	AM
540031	550030	545030.5	97	NA	NA	0	1	0.996005996001	1.0000000000000036e-12	21.175257731958762	AM1	AM
545031	555030	550030.5	95	15.614310009718173	0	0	1	0.996005996001	1.0000000000000036e-12	22.357894736842105	AM1	AM
550031	560030	555030.5	63	15.614310009718173	0	0	1	0.996005996001	1.0000000000000036e-12	22.61904761904762	AM1	AM
555031	565030	560030.5	46	NA	NA	0	1	0.996005996001	1.0000000000000036e-12	22.76086956521739	AM1	AM
560031	570030	565030.5	73	NA	NA	0	1	0.996005996001	1.0000000000000036e-12	22.561643835616437	AM1	AM
565031	575030	570030.5	109	14.634666666666668	NA	0	1	0.996005996001	1.0000000000000036e-12	21.96330275229358	AM1	AM
570031	580030	575030.5	102	14.634666666666668	NA	0	1	0.996005996001	1.0000000000000036e-12	21.862745098039216	AM1	AM
575031	585030	580030.5	67	14.344032845267161	0	0	1	0.996005996001	1.0000000000000036e-12	22.44776119402985	AM1	AM
580031	590030	585030.5	70	14.344032845267161	0	0	1	0.996005996001	1.0000000000000036e-12	22.17142857142857	AM1	AM
585031	595030	590030.5	79	18.923795378335036	NA	0	1	0.996005996001	1.0000000000000036e-12	21.696202531645568	AM1	AM
590031	600030	595030.5	71	18.421758157274517	NA	0	1	0.996005996001	1.0000000000000036e-12	21.760563380281692	AM1	AM
595031	605030	600030.5	86	15.339821956784741	NA	0	1	0.996005996001	1.0000000000000036e-12	22.58139534883721	AM1	AM
600031	610030	605030.5	114	11.815841466138298	NA	0	1	0.996005996001	1.0000000000000036e-12	22.12280701754386	AM1	AM
605031	615030	610030.5	118	10.871759954921112	NA	0	1	0.996005996001	1.0000000000000036e-12	22.110169491525422	AM1	AM
610031	620030	615030.5	107	NA	NA	0	1	0.996005996001	1.0000000000000036e-12	22.962616822429908	AM1	AM
615031	625030	620030.5	100	NA	NA	0	1	0.996005996001	1.0000000000000036e-12	23.14	AM1	AM
620031	630030	625030.5	101	NA	NA	0	1	0.996005996001	1.0000000000000036e-12	22.99009900990099	AM1	AM
625031	635030	630030.5	112	19.3906015625	0	0	1	0.996005996001	1.0000000000000036e-12	22.098214285714285	AM1	AM
630031	640030	635030.5	79	19.3906015625	0	0	1	0.996005996001	1.0000000000000036e-12	21.759493670886076	AM1	AM
635031	645030	640030.5	41	NA	NA	0	1	0.996005996001	1.0000000000000036e-12	22.658536585365855	AM1	AM
640031	650030	645030.5	57	NA	NA	0	1	0.996005996001	1.0000000000000036e-12	21.035087719298247	AM1	AM
645031	655030	650030.5	63	NA	NA	0	1	0.996005996001	1.0000000000000036e-12	21.428571428571427	AM1	AM
650031	660030	655030.5	64	15.159282877604166	0	0	1	0.996005996001	1.0000000000000036e-12	22.140625	AM1	AM
655031	665030	660030.5	63	15.637451171875	0	0	1	0.996005996001	1.0000000000000036e-12	22.063492063492063	AM1	AM
660031	670030	665030.5	53	15.840792655944824	0	0	1	0.996005996001	1.0000000000000036e-12	22.58490566037736	AM1	AM
665031	675030	670030.5	35	NA	NA	0	1	0.996005996001	1.0000000000000036e-12	22.514285714285716	AM1	AM
670031	680030	675030.5	11	NA	NA	0	1	0.996005996001	1.0000000000000036e-12	18.636363636363637	AM1	AM
675031	685030	680030.5	9	NA	NA	NA	NA	NA	NA	0	AM1	AM
680031	690030	685030.5	7	NA	NA	NA	NA	NA	NA	0	AM1	AM
685031	695030	690030.5	0	NA	NA	NA	NA	NA	NA	NA	AM1	AM
690031	700030	695030.5	0	NA	NA	NA	NA	NA	NA	NA	AM1	AM
695031	705030	700030.5	0	NA	NA	NA	NA	NA	NA	NA	AM1	AM
700031	710030	705030.5	16	NA	NA	0	1	0.996005996001	1.0000000000000036e-12	21.0625	AM1	AM
705031	715030	710030.5	62	42.129312440887325	10.097737643876343	0	1	0.996005996001	1.0000000000000036e-12	22.193548387096776	AM1	AM
710031	720030	715030.5	107	42.129312440887325	10.097737643876343	0	1	0.996005996001	1.0000000000000036e-12	22.49532710280374	AM1	AM
715031	725030	720030.5	99	9.69530078125	NA	0	1	0.996005996001	1.0000000000000036e-12	22.454545454545453	AM1	AM
720031	730030	725030.5	77	16.63695647232212	0	0	1	0.996005996001	1.0000000000000036e-12	22.545454545454547	AM1	AM
725031	735030	730030.5	74	21.74772954721544	0	0	1	0.996005996001	1.0000000000000036e-12	22.864864864864863	AM1	AM
730031	740030	735030.5	66	NA	NA	0	1	0.996005996001	1.0000000000000036e-12	22.96969696969697	AM1	AM
735031	745030	740030.5	71	NA	NA	0	1	0.996005996001	1.0000000000000036e-12	22.816901408450704	AM1	AM
740031	750030	745030.5	77	NA	NA	0	1	0.996005996001	1.0000000000000036e-12	22.662337662337663	AM1	AM
745031	755030	750030.5	72	NA	NA	0	1	0.996005996001	1.0000000000000036e-12	22.01388888888889	AM1	AM
750031	760030	755030.5	75	NA	NA	0	1	0.996005996001	1.0000000000000036e-12	22.133333333333333	AM1	AM
755031	765030	760030.5	93	16.91518674944026	NA	0	1	0.996005996001	1.0000000000000036e-12	22.301075268817204	AM1	AM
760031	770030	765030.5	92	16.91518674944026	0	0	1	0.996005996001	1.0000000000000036e-12	21.67391304347826	AM1	AM
765031	775030	770030.5	102	16.364901016991617	0	0	1	0.996005996001	1.0000000000000036e-12	21.666666666666668	AM1	AM
770031	780030	775030.5	98	NA	NA	0	1	0.996005996001	1.0000000000000036e-12	21.979591836734695	AM1	AM
775031	785030	780030.5	58	NA	NA	0	1	0.996005996001	1.0000000000000036e-12	22.46551724137931	AM1	AM
780031	790030	785030.5	70	NA	NA	0	1	0.996005996001	1.0000000000000036e-12	21.32857142857143	AM1	AM
785031	795030	790030.5	87	22.279823562196924	0	0	1	0.996005996001	1.0000000000000036e-12	21.275862068965516	AM1	AM
790031	800030	795030.5	67	22.279823562196924	0	0	1	0.996005996001	1.0000000000000036e-12	21.253731343283583	AM1	AM
795031	805030	800030.5	70	NA	NA	0	1	0.996005996001	1.0000000000000036e-12	20.37142857142857	AM1	AM
800031	810030	805030.5	66	NA	NA	0	1	0.996005996001	1.0000000000000036e-12	21.151515151515152	AM1	AM
805031	815030	810030.5	34	NA	NA	0	1	0.996005996001	1.0000000000000036e-12	20.41176470588235	AM1	AM
810031	820030	815030.5	91	15.631108527804194	362.6519994241082	0	1	0.996005996001	1.0000000000000036e-12	20.13186813186813	AM1	AM
815031	825030	820030.5	109	20.50242954324587	362.6519994241082	0	1	0.996005996001	1.0000000000000036e-12	21.24770642201835	AM1	AM
820031	830030	825030.5	62	22.936657557327198	NA	0	1	0.996005996001	1.0000000000000036e-12	22.983870967741936	AM1	AM
825031	835030	830030.5	77	11.8818359375	NA	0	1	0.996005996001	1.0000000000000036e-12	22.571428571428573	AM1	AM
830031	840030	835030.5	78	11.8818359375	NA	0	1	0.996005996001	1.0000000000000036e-12	22.525641025641026	AM1	AM
835031	845030	840030.5	84	NA	NA	0	1	0.996005996001	1.0000000000000036e-12	22.404761904761905	AM1	AM
840031	850030	845030.5	91	NA	NA	0	1	0.996005996001	1.0000000000000036e-12	22.63736263736264	AM1	AM
845031	855030	850030.5	85	NA	NA	0	1	0.996005996001	1.0000000000000036e-12	22.294117647058822	AM1	AM
850031	860030	855030.5	94	19.388660159604566	0	0	1	0.996005996001	1.0000000000000036e-12	20.78723404255319	AM1	AM
855031	865030	860030.5	107	19.388660159604566	0	0	1	0.996005996001	1.0000000000000036e-12	21.55140186915888	AM1	AM
860031	870030	865030.5	118	18.73625892987316	0	0	1	0.996005996001	1.0000000000000036e-12	22.161016949152543	AM1	AM
865031	875030	870030.5	131	18.73625892987316	0	0	1	0.996005996001	1.0000000000000036e-12	22.053435114503817	AM1	AM
870031	880030	875030.5	100	18.284266677623343	NA	0	1	0.996005996001	1.0000000000000036e-12	22.61	AM1	AM
875031	885030	880030.5	50	18.284266677623343	NA	0	1	0.996005996001	1.0000000000000036e-12	19.5	AM1	AM
880031	890030	885030.5	29	NA	NA	0	1	0.996005996001	1.0000000000000036e-12	14.03448275862069	AM1	AM
885031	895030	890030.5	44	NA	NA	0	1	0.996005996001	1.0000000000000036e-12	20.931818181818183	AM1	AM
890031	900030	895030.5	66	NA	NA	0	1	0.996005996001	1.0000000000000036e-12	21.03030303030303	AM1	AM
895031	905030	900030.5	39	6.297376093294462	NA	0	1	0.996005996001	1.0000000000000036e-12	15.974358974358974	AM1	AM
900031	910030	905030.5	26	6.297376093294462	NA	0	1	0.996005996001	1.0000000000000036e-12	8.76923076923077	AM1	AM
905031	915030	910030.5	55	22.936657557327198	NA	0	1	0.996005996001	1.0000000000000036e-12	18.345454545454544	AM1	AM
910031	920030	915030.5	86	19.38872510663601	0	0	1	0.996005996001	1.0000000000000036e-12	22.197674418604652	AM1	AM
915031	925030	920030.5	88	15.840792655944824	0	0	1	0.996005996001	1.0000000000000036e-12	22.386363636363637	AM1	AM
920031	930030	925030.5	107	NA	NA	0	1	0.996005996001	1.0000000000000036e-12	22.66355140186916	AM1	AM
925031	935030	930030.5	119	NA	NA	0	1	0.996005996001	1.0000000000000036e-12	22.831932773109244	AM1	AM
930031	940030	935030.5	94	NA	NA	0	1	0.996005996001	1.0000000000000036e-12	23.085106382978722	AM1	AM
935031	945030	940030.5	97	NA	NA	0	1	0.996005996001	1.0000000000000036e-12	23.04123711340206	AM1	AM
940031	950030	945030.5	99	NA	NA	0	1	0.996005996001	1.0000000000000036e-12	22.696969696969695	AM1	AM
945031	955030	950030.5	71	16.675758192550376	0	0	1	0.996005996001	1.0000000000000036e-12	22.422535211267604	AM1	AM
950031	960030	955030.5	73	16.675758192550376	0	0	1	0.996005996001	1.0000000000000036e-12	21.041095890410958	AM1	AM
955031	965030	960030.5	66	NA	NA	0	1	0.996005996001	1.0000000000000036e-12	19.575757575757574	AM1	AM
960031	970030	965030.5	62	NA	NA	0	1	0.996005996001	1.0000000000000036e-12	18.387096774193548	AM1	AM
965031	975030	970030.5	57	NA	NA	0	1	0.996005996001	1.0000000000000036e-12	17.05263157894737	AM1	AM
970031	980030	975030.5	53	NA	NA	0	1	0.996005996001	1.0000000000000036e-12	19.77358490566038	AM1	AM
975031	985030	980030.5	81	13.407407354682944	0	0	1	0.996005996001	1.0000000000000036e-12	21.419753086419753	AM1	AM
980031	990030	985030.5	65	15.658436187629537	0	0	1	0.996005996001	1.0000000000000036e-12	21.16923076923077	AM1	AM
985031	995030	990030.5	67	17.909465020576132	0	0	1	0.996005996001	1.0000000000000036e-12	21.746268656716417	AM1	AM
990031	1000030	995030.5	78	11.553819444444443	NA	0	1	0.996005996001	1.0000000000000036e-12	21.55128205128205	AM1	AM
995031	1005030	1000030.5	84	11.553819444444443	NA	0	1	0.996005996001	1.0000000000000036e-12	21.738095238095237	AM1	AM
1000031	1010030	1005030.5	112	NA	NA	0	1	0.996005996001	1.0000000000000036e-12	22.196428571428573	AM1	AM
1005031	1015030	1010030.5	116	NA	NA	0	1	0.996005996001	1.0000000000000036e-12	22.68103448275862	AM1	AM
1010031	1020030	1015030.5	123	NA	NA	0	1	0.996005996001	1.0000000000000036e-12	22.910569105691057	AM1	AM
1015031	1025030	1020030.5	92	NA	NA	0	1	0.996005996001	1.0000000000000036e-12	22.815217391304348	AM1	AM
1020031	1030030	1025030.5	59	20.8059456439878	NA	0	1	0.996005996001	1.0000000000000036e-12	22.35593220338983	AM1	AM
1025031	1035030	1030030.5	64	20.8059456439878	NA	0	1	0.996005996001	1.0000000000000036e-12	17.921875	AM1	AM
1030031	1040030	1035030.5	108	NA	NA	0	1	0.996005996001	1.0000000000000036e-12	19.324074074074073	AM1	AM
1035031	1045030	1040030.5	134	16.276836588541666	0	0	1	0.996005996001	1.0000000000000036e-12	21.97761194029851	AM1	AM
1040031	1050030	1045030.5	133	17.87255859375	0	0	1	0.996005996001	1.0000000000000036e-12	22.50375939849624	AM1	AM
1045031	1055030	1050030.5	122	20.675694581056497	NA	0	1	0.996005996001	1.0000000000000036e-12	22.12295081967213	AM1	AM
1050031	1060030	1055030.5	95	13.775802033983236	NA	0	1	0.996005996001	1.0000000000000036e-12	21.673684210526314	AM1	AM
1055031	1065030	1060030.5	94	13.775802033983236	NA	0	1	0.996005996001	1.0000000000000036e-12	22.54255319148936	AM1	AM
1060031	1070030	1065030.5	71	NA	NA	0	1	0.996005996001	1.0000000000000036e-12	22.971830985915492	AM1	AM
1065031	1075030	1070030.5	68	16.575885216959467	0	0	1	0.996005996001	1.0000000000000036e-12	22.735294117647058	AM1	AM
1070031	1080030	1075030.5	102	16.575885216959467	0	0	1	0.996005996001	1.0000000000000036e-12	22.04901960784314	AM1	AM
1075031	1085030	1080030.5	109	NA	NA	0	1	0.996005996001	1.0000000000000036e-12	22.110091743119266	AM1	AM
1080031	1090030	1085030.5	98	NA	NA	0	1	0.996005996001	1.0000000000000036e-12	22.53061224489796	AM1	AM
1085031	1095030	1090030.5	110	NA	NA	0	1	0.996005996001	1.0000000000000036e-12	22.354545454545455	AM1	AM
1090031	1100030	1095030.5	102	NA	NA	0	1	0.996005996001	1.0000000000000036e-12	22.529411764705884	AM1	AM
1095031	1105030	1100030.5	94	NA	NA	0	1	0.996005996001	1.0000000000000036e-12	22.9468085106383	AM1	AM
1100031	1110030	1105030.5	95	NA	NA	0	1	0.996005996001	1.0000000000000036e-12	23.126315789473683	AM1	AM
1105031	1115030	1110030.5	79	NA	NA	0	1	0.996005996001	1.0000000000000036e-12	23.189873417721518	AM1	AM
1110031	1120030	1115030.5	94	18.349572762549272	NA	0	1	0.996005996001	1.0000000000000036e-12	22.659574468085108	AM1	AM
1115031	1125030	1120030.5	97	18.349572762549272	NA	0	1	0.996005996001	1.0000000000000036e-12	22.649484536082475	AM1	AM
1120031	1130030	1125030.5	114	NA	NA	0	1	0.996005996001	1.0000000000000036e-12	22.68421052631579	AM1	AM
1125031	1135030	1130030.5	161	NA	NA	0	1	0.996005996001	1.0000000000000036e-12	22.763975155279503	AM1	AM
1130031	1140030	1135030.5	147	NA	NA	0	1	0.996005996001	1.0000000000000036e-12	22.687074829931973	AM1	AM
1135031	1145030	1140030.5	120	19.6628963594586	NA	0	1	0.996005996001	1.0000000000000036e-12	21.85	AM1	AM
1140031	1150030	1145030.5	107	19.6628963594586	NA	0	1	0.996005996001	1.0000000000000036e-12	22	AM1	AM
1145031	1155030	1150030.5	98	7.29915625	NA	0	1	0.996005996001	1.0000000000000036e-12	21.622448979591837	AM1	AM
1150031	1160030	1155030.5	97	7.29915625	NA	0	1	0.996005996001	1.0000000000000036e-12	21.02061855670103	AM1	AM
1155031	1165030	1160030.5	98	NA	NA	0	1	0.996005996001	1.0000000000000036e-12	21.632653061224488	AM1	AM
1160031	1170030	1165030.5	109	18.07468334429001	0	0	1	0.996005996001	1.0000000000000036e-12	22.128440366972477	AM1	AM
1165031	1175030	1170030.5	123	15.910110473632812	0	0	1	0.996005996001	1.0000000000000036e-12	21.617886178861788	AM1	AM
1170031	1180030	1175030.5	108	15.910110473632812	NA	0	1	0.996005996001	1.0000000000000036e-12	21.703703703703702	AM1	AM
1175031	1185030	1180030.5	85	NA	NA	0	1	0.996005996001	1.0000000000000036e-12	13.658823529411764	AM1	AM
1180031	1190030	1185030.5	59	NA	NA	0	1	0.996005996001	1.0000000000000036e-12	2.440677966101695	AM1	AM
1185031	1195030	1190030.5	62	NA	NA	0	1	0.996005996001	1.0000000000000036e-12	3.7419354838709675	AM1	AM
1190031	1200030	1195030.5	90	NA	NA	0	1	0.996005996001	1.0000000000000036e-12	13.911111111111111	AM1	AM
1195031	1205030	1200030.5	110	NA	NA	0	1	0.996005996001	1.0000000000000036e-12	22.318181818181817	AM1	AM
1200031	1210030	1205030.5	132	NA	NA	0	1	0.996005996001	1.0000000000000036e-12	22.507575757575758	AM1	AM
1205031	1215030	1210030.5	113	NA	NA	0	1	0.996005996001	1.0000000000000036e-12	22.672566371681416	AM1	AM
1210031	1220030	1215030.5	72	142.92444887844374	0	0	1	0.996005996001	1.0000000000000036e-12	22.77777777777778	AM1	AM
1215031	1225030	1220030.5	81	142.92444887844374	0	0	1	0.996005996001	1.0000000000000036e-12	22.71604938271605	AM1	AM
1220031	1230030	1225030.5	103	15.847761485098616	NA	0	1	0.996005996001	1.0000000000000036e-12	22.640776699029125	AM1	AM
1225031	1235030	1230030.5	89	15.847761485098616	NA	0	1	0.996005996001	1.0000000000000036e-12	22.617977528089888	AM1	AM
1230031	1240030	1235030.5	89	NA	NA	0	1	0.996005996001	1.0000000000000036e-12	22.831460674157302	AM1	AM
1235031	1245030	1240030.5	111	NA	NA	0	1	0.996005996001	1.0000000000000036e-12	22.61261261261261	AM1	AM
1240031	1250030	1245030.5	128	NA	NA	0	1	0.996005996001	1.0000000000000036e-12	22.375	AM1	AM
1245031	1255030	1250030.5	121	16.8180185474944	0	0	1	0.996005996001	1.0000000000000036e-12	22.272727272727273	AM1	AM
1250031	1260030	1255030.5	131	14.90438888888889	0	0	1	0.996005996001	1.0000000000000036e-12	22.328244274809162	AM1	AM
1255031	1265030	1260030.5	110	12.355352205504115	0	0	1	0.996005996001	1.0000000000000036e-12	22.563636363636363	AM1	AM
1260031	1270030	1265030.5	110	17.87255859375	0	0	1	0.996005996001	1.0000000000000036e-12	22.954545454545453	AM1	AM
1265031	1275030	1270030.5	144	19.50779507448582	0	0	1	0.996005996001	1.0000000000000036e-12	22.791666666666668	AM1	AM
1270031	1280030	1275030.5	138	16.592995464838186	0	0	1	0.996005996001	1.0000000000000036e-12	22.666666666666668	AM1	AM
1275031	1285030	1280030.5	134	16.592995464838186	0	0	1	0.996005996001	1.0000000000000036e-12	22.246268656716417	AM1	AM
1280031	1290030	1285030.5	100	20.930818756073858	NA	0	1	0.996005996001	1.0000000000000036e-12	21.66	AM1	AM
1285031	1295030	1290030.5	82	20.930818756073858	NA	0	1	0.996005996001	1.0000000000000036e-12	22.378048780487806	AM1	AM
1290031	1300030	1295030.5	104	NA	NA	0	1	0.996005996001	1.0000000000000036e-12	22.615384615384617	AM1	AM
1295031	1305030	1300030.5	99	NA	NA	0	1	0.996005996001	1.0000000000000036e-12	22.515151515151516	AM1	AM
1300031	1310030	1305030.5	83	NA	NA	0	1	0.996005996001	1.0000000000000036e-12	22.903614457831324	AM1	AM
1305031	1315030	1310030.5	71	NA	NA	0	1	0.996005996001	1.0000000000000036e-12	23.225352112676056	AM1	AM
1310031	1320030	1315030.5	66	19.6628963594586	1518666.2720000055	0	1	0.996005996001	1.0000000000000036e-12	23.257575757575758	AM1	AM
1315031	1325030	1320030.5	94	19.6628963594586	1518666.2720000055	0	1	0.996005996001	1.0000000000000036e-12	22.96808510638298	AM1	AM
1320031	1330030	1325030.5	105	NA	NA	0	1	0.996005996001	1.0000000000000036e-12	22.98095238095238	AM1	AM
1325031	1335030	1330030.5	93	NA	NA	0	1	0.996005996001	1.0000000000000036e-12	22.70967741935484	AM1	AM
1330031	1340030	1335030.5	79	NA	NA	0	1	0.996005996001	1.0000000000000036e-12	22.151898734177216	AM1	AM
1335031	1345030	1340030.5	93	NA	NA	0	1	0.996005996001	1.0000000000000036e-12	22.107526881720432	AM1	AM
1340031	1350030	1345030.5	102	NA	NA	0	1	0.996005996001	1.0000000000000036e-12	22.568627450980394	AM1	AM
1345031	1355030	1350030.5	68	NA	NA	0	1	0.996005996001	1.0000000000000036e-12	23.11764705882353	AM1	AM
1350031	1360030	1355030.5	55	23.939222547743057	NA	0	1	0.996005996001	1.0000000000000036e-12	23.10909090909091	AM1	AM
1355031	1365030	1360030.5	79	20.88320759588799	0	0	1	0.996005996001	1.0000000000000036e-12	22.481012658227847	AM1	AM
1360031	1370030	1365030.5	72	17.82719264403292	0	0	1	0.996005996001	1.0000000000000036e-12	22.305555555555557	AM1	AM
1365031	1375030	1370030.5	54	NA	NA	0	1	0.996005996001	1.0000000000000036e-12	23	AM1	AM
1370031	1380030	1375030.5	77	12.753213310793889	NA	0	1	0.996005996001	1.0000000000000036e-12	22.051948051948052	AM1	AM
1375031	1385030	1380030.5	104	15.145092122395834	0	0	1	0.996005996001	1.0000000000000036e-12	21.826923076923077	AM1	AM
1380031	1390030	1385030.5	105	17.7569580078125	0	0	1	0.996005996001	1.0000000000000036e-12	22.542857142857144	AM1	AM
1385031	1395030	1390030.5	101	20.675694581056497	1924935.9695999972	0	1	0.996005996001	1.0000000000000036e-12	22.96039603960396	AM1	AM
1390031	1400030	1395030.5	109	20.675694581056497	1924935.9695999972	0	1	0.996005996001	1.0000000000000036e-12	22.788990825688074	AM1	AM
1395031	1405030	1400030.5	96	NA	NA	0	1	0.996005996001	1.0000000000000036e-12	22.635416666666668	AM1	AM
1400031	1410030	1405030.5	83	NA	NA	0	1	0.996005996001	1.0000000000000036e-12	22.83132530120482	AM1	AM
1405031	1415030	1410030.5	82	NA	NA	0	1	0.996005996001	1.0000000000000036e-12	22.804878048780488	AM1	AM
1410031	1420030	1415030.5	101	NA	NA	0	1	0.996005996001	1.0000000000000036e-12	22.762376237623762	AM1	AM
1415031	1425030	1420030.5	119	NA	NA	0	1	0.996005996001	1.0000000000000036e-12	22.865546218487395	AM1	AM
1420031	1430030	1425030.5	115	NA	NA	0	1	0.996005996001	1.0000000000000036e-12	22.36521739130435	AM1	AM
1425031	1435030	1430030.5	94	NA	NA	0	1	0.996005996001	1.0000000000000036e-12	22.30851063829787	AM1	AM
1430031	1440030	1435030.5	73	NA	NA	0	1	0.996005996001	1.0000000000000036e-12	22.575342465753426	AM1	AM
1435031	1445030	1440030.5	73	NA	NA	0	1	0.996005996001	1.0000000000000036e-12	22.534246575342465	AM1	AM
1440031	1450030	1445030.5	59	NA	NA	0	1	0.996005996001	1.0000000000000036e-12	23.016949152542374	AM1	AM
1445031	1455030	1450030.5	61	NA	NA	0	1	0.996005996001	1.0000000000000036e-12	23.049180327868854	AM1	AM
1450031	1460030	1455030.5	88	408.32600308641975	0	0	1	0.996005996001	1.0000000000000036e-12	23.09090909090909	AM1	AM
1455031	1465030	1460030.5	106	408.32600308641975	0	0	1	0.996005996001	1.0000000000000036e-12	23.150943396226417	AM1	AM
1460031	1470030	1465030.5	86	NA	NA	0	1	0.996005996001	1.0000000000000036e-12	23.093023255813954	AM1	AM
1465031	1475030	1470030.5	74	NA	NA	0	1	0.996005996001	1.0000000000000036e-12	23.12162162162162	AM1	AM
1470031	1480030	1475030.5	78	NA	NA	0	1	0.996005996001	1.0000000000000036e-12	23.166666666666668	AM1	AM
1475031	1485030	1480030.5	78	NA	NA	0	1	0.996005996001	1.0000000000000036e-12	21.987179487179485	AM1	AM
1480031	1490030	1485030.5	85	NA	NA	0	1	0.996005996001	1.0000000000000036e-12	22.023529411764706	AM1	AM
1485031	1495030	1490030.5	73	21.22775300111091	NA	0	1	0.996005996001	1.0000000000000036e-12	22.89041095890411	AM1	AM
1490031	1500030	1495030.5	77	16.554794469305456	NA	0	1	0.996005996001	1.0000000000000036e-12	22.714285714285715	AM1	AM
1495031	1505030	1500030.5	75	11.8818359375	NA	0	1	0.996005996001	1.0000000000000036e-12	22.866666666666667	AM1	AM
1500031	1510030	1505030.5	60	NA	NA	0	1	0.996005996001	1.0000000000000036e-12	22.916666666666668	AM1	AM
1505031	1515030	1510030.5	66	22.936657557327198	NA	0	1	0.996005996001	1.0000000000000036e-12	22.984848484848484	AM1	AM
1510031	1520030	1515030.5	70	22.936657557327198	NA	0	1	0.996005996001	1.0000000000000036e-12	23.02857142857143	AM1	AM
1515031	1525030	1520030.5	68	NA	NA	0	1	0.996005996001	1.0000000000000036e-12	21.014705882352942	AM1	AM
31	10030	5030.5	140	33.07072472020174	0	0	1	0.996005996001	1.0000000000000036e-12	29.014285714285716	AM10	AM
5031	15030	10030.5	118	25.81591796875	0	0	1	0.996005996001	1.0000000000000036e-12	31.093220338983052	AM10	AM
10031	20030	15030.5	124	25.81591796875	0	0	1	0.996005996001	1.0000000000000036e-12	30.870967741935484	AM10	AM
15031	25030	20030.5	89	27.708454810495628	0	0	1	0.996005996001	1.0000000000000036e-12	31.43820224719101	AM10	AM
20031	30030	25030.5	77	27.708454810495628	0	0	1	0.996005996001	1.0000000000000036e-12	31.558441558441558	AM10	AM
25031	35030	30030.5	108	27.945304661458742	NA	0	1	0.996005996001	1.0000000000000036e-12	31.944444444444443	AM10	AM
30031	40030	35030.5	117	27.945304661458742	NA	0	1	0.996005996001	1.0000000000000036e-12	32.23076923076923	AM10	AM
35031	45030	40030.5	78	NA	NA	0	1	0.996005996001	1.0000000000000036e-12	31.96153846153846	AM10	AM
40031	50030	45030.5	80	13.897890852769677	NA	0	1	0.996005996001	1.0000000000000036e-12	31.6	AM10	AM
45031	55030	50030.5	108	13.897890852769677	NA	0	1	0.996005996001	1.0000000000000036e-12	31.935185185185187	AM10	AM
50031	60030	55030.5	110	27.315202477828265	0	0	1	0.996005996001	1.0000000000000036e-12	31.79090909090909	AM10	AM
55031	65030	60030.5	97	27.315202477828265	0	0	1	0.996005996001	1.0000000000000036e-12	31.65979381443299	AM10	AM
60031	70030	65030.5	96	27.280458677848998	0	0	1	0.996005996001	1.0000000000000036e-12	31.84375	AM10	AM
65031	75030	70030.5	122	NA	NA	0	1	0.996005996001	1.0000000000000036e-12	31.80327868852459	AM10	AM
70031	80030	75030.5	123	NA	NA	0	1	0.996005996001	1.0000000000000036e-12	32.08943089430894	AM10	AM
75031	85030	80030.5	90	29.951104166666664	NA	0	1	0.996005996001	1.0000000000000036e-12	32.3	AM10	AM
80031	90030	85030.5	86	25.44096146137026	NA	0	1	0.996005996001	1.0000000000000036e-12	32.13953488372093	AM10	AM
85031	95030	90030.5	106	20.930818756073858	NA	0	1	0.996005996001	1.0000000000000036e-12	31.30188679245283	AM10	AM
90031	100030	95030.5	129	NA	NA	0	1	0.996005996001	1.0000000000000036e-12	30.728682170542637	AM10	AM
95031	105030	100030.5	164	29.498192580440687	NA	0	1	0.996005996001	1.0000000000000036e-12	30.896341463414632	AM10	AM
100031	110030	105030.5	134	29.498192580440687	NA	0	1	0.996005996001	1.0000000000000036e-12	31.186567164179106	AM10	AM
105031	115030	110030.5	88	13.135389888879352	284.3479144439364	0	1	0.996005996001	1.0000000000000036e-12	31.625	AM10	AM
110031	120030	115030.5	99	13.135389888879352	284.3479144439364	0	1	0.996005996001	1.0000000000000036e-12	31.757575757575758	AM10	AM
115031	125030	120030.5	99	30.894609136358294	NA	0	1	0.996005996001	1.0000000000000036e-12	32.08080808080808	AM10	AM
120031	130030	125030.5	67	30.894609136358294	NA	0	1	0.996005996001	1.0000000000000036e-12	31.91044776119403	AM10	AM
125031	135030	130030.5	88	NA	NA	0	1	0.996005996001	1.0000000000000036e-12	31.738636363636363	AM10	AM
130031	140030	135030.5	118	NA	NA	0	1	0.996005996001	1.0000000000000036e-12	31.3135593220339	AM10	AM
135031	145030	140030.5	96	NA	NA	0	1	0.996005996001	1.0000000000000036e-12	31.197916666666668	AM10	AM
140031	150030	145030.5	138	NA	NA	0	1	0.996005996001	1.0000000000000036e-12	32.18115942028985	AM10	AM
145031	155030	150030.5	214	24.26365702187355	0	0	1	0.996005996001	1.0000000000000036e-12	32.070093457943926	AM10	AM
150031	160030	155030.5	199	24.26365702187355	0	0	1	0.996005996001	1.0000000000000036e-12	31.829145728643216	AM10	AM
155031	165030	160030.5	131	27.883725892003007	NA	0	1	0.996005996001	1.0000000000000036e-12	31.65648854961832	AM10	AM
160031	170030	165030.5	95	27.883725892003007	NA	0	1	0.996005996001	1.0000000000000036e-12	31.57894736842105	AM10	AM
165031	175030	170030.5	87	19.719625	NA	0	1	0.996005996001	1.0000000000000036e-12	31.49425287356322	AM10	AM
170031	180030	175030.5	81	19.719625	NA	0	1	0.996005996001	1.0000000000000036e-12	31.358024691358025	AM10	AM
175031	185030	180030.5	94	29.913924045138888	0	0	1	0.996005996001	1.0000000000000036e-12	30.882978723404257	AM10	AM
180031	190030	185030.5	112	29.913924045138888	0	0	1	0.996005996001	1.0000000000000036e-12	31.223214285714285	AM10	AM
185031	195030	190030.5	101	NA	NA	0	1	0.996005996001	1.0000000000000036e-12	32.039603960396036	AM10	AM
190031	200030	195030.5	80	NA	NA	0	1	0.996005996001	1.0000000000000036e-12	32.35	AM10	AM
195031	205030	200030.5	113	NA	NA	0	1	0.996005996001	1.0000000000000036e-12	31.76991150442478	AM10	AM
200031	210030	205030.5	114	NA	NA	0	1	0.996005996001	1.0000000000000036e-12	31.49122807017544	AM10	AM
205031	215030	210030.5	91	NA	NA	0	1	0.996005996001	1.0000000000000036e-12	31.846153846153847	AM10	AM
210031	220030	215030.5	103	32.825444527923864	NA	0	1	0.996005996001	1.0000000000000036e-12	32.19417475728155	AM10	AM
215031	225030	220030.5	109	27.890188547464298	9414.223251028809	0	1	0.996005996001	1.0000000000000036e-12	31.779816513761467	AM10	AM
220031	230030	225030.5	84	22.954932567004732	9414.223251028809	0	1	0.996005996001	1.0000000000000036e-12	31.595238095238095	AM10	AM
225031	235030	230030.5	51	NA	NA	0	1	0.996005996001	1.0000000000000036e-12	32.470588235294116	AM10	AM
230031	240030	235030.5	89	18.923795378335036	NA	0	1	0.996005996001	1.0000000000000036e-12	31.808988764044944	AM10	AM
235031	245030	240030.5	105	18.923795378335036	NA	0	1	0.996005996001	1.0000000000000036e-12	31.333333333333332	AM10	AM
240031	250030	245030.5	100	NA	NA	0	1	0.996005996001	1.0000000000000036e-12	31.39	AM10	AM
245031	255030	250030.5	99	NA	NA	0	1	0.996005996001	1.0000000000000036e-12	31.727272727272727	AM10	AM
250031	260030	255030.5	98	NA	NA	0	1	0.996005996001	1.0000000000000036e-12	32.03061224489796	AM10	AM
255031	265030	260030.5	104	NA	NA	0	1	0.996005996001	1.0000000000000036e-12	31.875	AM10	AM
260031	270030	265030.5	87	NA	NA	0	1	0.996005996001	1.0000000000000036e-12	31.885057471264368	AM10	AM
265031	275030	270030.5	80	30.036678443153974	0	0	1	0.996005996001	1.0000000000000036e-12	32.15	AM10	AM
270031	280030	275030.5	82	30.036678443153974	0	0	1	0.996005996001	1.0000000000000036e-12	32.28048780487805	AM10	AM
275031	285030	280030.5	87	27.68477477137619	0	0	1	0.996005996001	1.0000000000000036e-12	31.022988505747126	AM10	AM
280031	290030	285030.5	86	27.68477477137619	0	0	1	0.996005996001	1.0000000000000036e-12	29.790697674418606	AM10	AM
285031	295030	290030.5	91	14.634666666666668	NA	0	1	0.996005996001	1.0000000000000036e-12	30.604395604395606	AM10	AM
290031	300030	295030.5	99	14.634666666666668	NA	0	1	0.996005996001	1.0000000000000036e-12	30.949494949494948	AM10	AM
295031	305030	300030.5	142	NA	NA	0	1	0.996005996001	1.0000000000000036e-12	31.422535211267604	AM10	AM
300031	310030	305030.5	134	NA	NA	0	1	0.996005996001	1.0000000000000036e-12	31.992537313432837	AM10	AM
305031	315030	310030.5	90	NA	NA	0	1	0.996005996001	1.0000000000000036e-12	30.144444444444446	AM10	AM
310031	320030	315030.5	131	NA	NA	0	1	0.996005996001	1.0000000000000036e-12	30.671755725190838	AM10	AM
315031	325030	320030.5	121	NA	NA	0	1	0.996005996001	1.0000000000000036e-12	31.14876033057851	AM10	AM
320031	330030	325030.5	92	NA	NA	0	1	0.996005996001	1.0000000000000036e-12	29.27173913043478	AM10	AM
325031	335030	330030.5	108	21.933866688580014	NA	0	1	0.996005996001	1.0000000000000036e-12	30.14814814814815	AM10	AM
330031	340030	335030.5	99	25.5936111695383	NA	0	1	0.996005996001	1.0000000000000036e-12	31.050505050505052	AM10	AM
335031	345030	340030.5	84	30.85971672183256	0	0	1	0.996005996001	1.0000000000000036e-12	31.428571428571427	AM10	AM
340031	350030	345030.5	67	357.54432286042146	0	0	1	0.996005996001	1.0000000000000036e-12	30.34328358208955	AM10	AM
345031	355030	350030.5	34	18.362051683918935	0	0	1	0.996005996001	1.0000000000000036e-12	26.88235294117647	AM10	AM
350031	360030	355030.5	8	48.31364098619003	0	0	1	0.996005996001	1.0000000000000036e-12	20.375	AM10	AM
355031	365030	360030.5	7	78.26523028846113	0	0	1	0.996005996001	1.0000000000000036e-12	17	AM10	AM
360031	370030	365030.5	13	22.76793882787458	0	0	1	0.996005996001	1.0000000000000036e-12	16.153846153846153	AM10	AM
365031	375030	370030.5	54	22.76793882787458	0	0	1	0.996005996001	1.0000000000000036e-12	19.27777777777778	AM10	AM
370031	380030	375030.5	89	NA	NA	0	1	0.996005996001	1.0000000000000036e-12	24.629213483146067	AM10	AM
375031	385030	380030.5	75	NA	NA	0	1	0.996005996001	1.0000000000000036e-12	30.933333333333334	AM10	AM
380031	390030	385030.5	67	NA	NA	0	1	0.996005996001	1.0000000000000036e-12	32.08955223880597	AM10	AM
385031	395030	390030.5	81	NA	NA	0	1	0.996005996001	1.0000000000000036e-12	32.358024691358025	AM10	AM
390031	400030	395030.5	81	30.112403520568293	0	0	1	0.996005996001	1.0000000000000036e-12	32.04938271604938	AM10	AM
395031	405030	400030.5	80	30.112403520568293	0	0	1	0.996005996001	1.0000000000000036e-12	31.7	AM10	AM
400031	410030	405030.5	99	NA	NA	0	1	0.996005996001	1.0000000000000036e-12	31.474747474747474	AM10	AM
405031	415030	410030.5	87	18.923795378335036	0	0	1	0.996005996001	1.0000000000000036e-12	31.114942528735632	AM10	AM
410031	420030	415030.5	67	18.923795378335036	0	0	1	0.996005996001	1.0000000000000036e-12	30.582089552238806	AM10	AM
415031	425030	420030.5	78	NA	NA	0	1	0.996005996001	1.0000000000000036e-12	30.55128205128205	AM10	AM
420031	430030	425030.5	91	NA	NA	0	1	0.996005996001	1.0000000000000036e-12	30.791208791208792	AM10	AM
425031	435030	430030.5	96	NA	NA	0	1	0.996005996001	1.0000000000000036e-12	31.552083333333332	AM10	AM
430031	440030	435030.5	96	NA	NA	0	1	0.996005996001	1.0000000000000036e-12	32.3125	AM10	AM
435031	445030	440030.5	93	24.626415425864224	NA	0	1	0.996005996001	1.0000000000000036e-12	31.333333333333332	AM10	AM
440031	450030	445030.5	80	25.16654570163265	70655.16618075797	0	1	0.996005996001	1.0000000000000036e-12	31.175	AM10	AM
445031	455030	450030.5	75	25.70667597740108	70655.16618075797	0	1	0.996005996001	1.0000000000000036e-12	31.893333333333334	AM10	AM
450031	460030	455030.5	96	NA	NA	0	1	0.996005996001	1.0000000000000036e-12	31.90625	AM10	AM
455031	465030	460030.5	93	18.705933809593237	NA	0	1	0.996005996001	1.0000000000000036e-12	31.602150537634408	AM10	AM
460031	470030	465030.5	97	18.705933809593237	NA	0	1	0.996005996001	1.0000000000000036e-12	31.556701030927837	AM10	AM
465031	475030	470030.5	85	NA	NA	0	1	0.996005996001	1.0000000000000036e-12	31.929411764705883	AM10	AM
470031	480030	475030.5	61	23.65630277708272	NA	0	1	0.996005996001	1.0000000000000036e-12	32.24590163934426	AM10	AM
475031	485030	480030.5	77	23.65630277708272	NA	0	1	0.996005996001	1.0000000000000036e-12	32.246753246753244	AM10	AM
480031	490030	485030.5	54	NA	NA	0	1	0.996005996001	1.0000000000000036e-12	31.833333333333332	AM10	AM
485031	495030	490030.5	40	NA	NA	0	1	0.996005996001	1.0000000000000036e-12	32.125	AM10	AM
490031	500030	495030.5	54	NA	NA	0	1	0.996005996001	1.0000000000000036e-12	31.925925925925927	AM10	AM
495031	505030	500030.5	65	17.330729166666668	0	0	1	0.996005996001	1.0000000000000036e-12	30.876923076923077	AM10	AM
500031	510030	505030.5	74	25.143093838696885	0	0	1	0.996005996001	1.0000000000000036e-12	31.2972972972973	AM10	AM
505031	515030	510030.5	83	32.955458510727105	NA	0	1	0.996005996001	1.0000000000000036e-12	30.80722891566265	AM10	AM
510031	520030	515030.5	77	23.2597115879718	0	0	1	0.996005996001	1.0000000000000036e-12	30.818181818181817	AM10	AM
515031	525030	520030.5	59	22.7128041012575	0	0	1	0.996005996001	1.0000000000000036e-12	32	AM10	AM
520031	530030	525030.5	71	23.238237988128752	0	0	1	0.996005996001	1.0000000000000036e-12	30.211267605633804	AM10	AM
525031	535030	530030.5	76	24.3207763125	0	0	1	0.996005996001	1.0000000000000036e-12	29.17105263157895	AM10	AM
530031	540030	535030.5	72	24.87788075	0	0	1	0.996005996001	1.0000000000000036e-12	29.22222222222222	AM10	AM
535031	545030	540030.5	82	NA	NA	0	1	0.996005996001	1.0000000000000036e-12	29.414634146341463	AM10	AM
540031	550030	545030.5	97	NA	NA	0	1	0.996005996001	1.0000000000000036e-12	30.463917525773194	AM10	AM
545031	555030	550030.5	95	27.84010337184539	0	0	1	0.996005996001	1.0000000000000036e-12	31.568421052631578	AM10	AM
550031	560030	555030.5	63	27.84010337184539	0	0	1	0.996005996001	1.0000000000000036e-12	31.952380952380953	AM10	AM
555031	565030	560030.5	46	13.335836621515796	0.012037553516569101	0	1	0.996005996001	1.0000000000000036e-12	31.543478260869566	AM10	AM
560031	570030	565030.5	73	13.335836621515796	0.012037553516569101	0	1	0.996005996001	1.0000000000000036e-12	31.671232876712327	AM10	AM
565031	575030	570030.5	109	23.98820955952561	0	0	1	0.996005996001	1.0000000000000036e-12	31.027522935779817	AM10	AM
570031	580030	575030.5	102	23.98820955952561	0	0	1	0.996005996001	1.0000000000000036e-12	30.705882352941178	AM10	AM
575031	585030	580030.5	67	238.45698130002967	0	0	1	0.996005996001	1.0000000000000036e-12	31.104477611940297	AM10	AM
580031	590030	585030.5	70	21.687940223516154	0	0	1	0.996005996001	1.0000000000000036e-12	30.457142857142856	AM10	AM
585031	595030	590030.5	79	20.42914765928693	NA	0	1	0.996005996001	1.0000000000000036e-12	29.873417721518987	AM10	AM
590031	600030	595030.5	71	22.84969605036698	0	0	1	0.996005996001	1.0000000000000036e-12	30.47887323943662	AM10	AM
595031	605030	600030.5	86	23.24834502312573	0	0	1	0.996005996001	1.0000000000000036e-12	31.5	AM10	AM
600031	610030	605030.5	114	32.26003303417914	0	0	1	0.996005996001	1.0000000000000036e-12	30.535087719298247	AM10	AM
605031	615030	610030.5	118	32.60774577245312	NA	0	1	0.996005996001	1.0000000000000036e-12	30.796610169491526	AM10	AM
610031	620030	615030.5	107	NA	NA	0	1	0.996005996001	1.0000000000000036e-12	31.91588785046729	AM10	AM
615031	625030	620030.5	100	30.952647192104997	NA	0	1	0.996005996001	1.0000000000000036e-12	32.06	AM10	AM
620031	630030	625030.5	101	30.952647192104997	NA	0	1	0.996005996001	1.0000000000000036e-12	32.10891089108911	AM10	AM
625031	635030	630030.5	112	NA	NA	0	1	0.996005996001	1.0000000000000036e-12	30.982142857142858	AM10	AM
630031	640030	635030.5	79	NA	NA	0	1	0.996005996001	1.0000000000000036e-12	30.50632911392405	AM10	AM
635031	645030	640030.5	41	NA	NA	0	1	0.996005996001	1.0000000000000036e-12	31.5609756097561	AM10	AM
640031	650030	645030.5	57	NA	NA	0	1	0.996005996001	1.0000000000000036e-12	31	AM10	AM
645031	655030	650030.5	63	NA	NA	0	1	0.996005996001	1.0000000000000036e-12	31.444444444444443	AM10	AM
650031	660030	655030.5	64	25.643634781340495	0	0	1	0.996005996001	1.0000000000000036e-12	31	AM10	AM
655031	665030	660030.5	63	24.38575425121519	0	0	1	0.996005996001	1.0000000000000036e-12	30.634920634920636	AM10	AM
660031	670030	665030.5	53	23.600201581700215	51887.94523939616	0	1	0.996005996001	1.0000000000000036e-12	31.339622641509433	AM10	AM
665031	675030	670030.5	35	NA	NA	0	1	0.996005996001	1.0000000000000036e-12	31.2	AM10	AM
670031	680030	675030.5	11	NA	NA	0	1	0.996005996001	1.0000000000000036e-12	25.818181818181817	AM10	AM
675031	685030	680030.5	9	NA	NA	NA	NA	NA	NA	1.4444444444444444	AM10	AM
680031	690030	685030.5	7	NA	NA	NA	NA	NA	NA	1.5714285714285714	AM10	AM
685031	695030	690030.5	0	NA	NA	NA	NA	NA	NA	NA	AM10	AM
690031	700030	695030.5	0	NA	NA	NA	NA	NA	NA	NA	AM10	AM
695031	705030	700030.5	0	NA	NA	NA	NA	NA	NA	NA	AM10	AM
700031	710030	705030.5	16	17.52613610789609	0	0	1	0.996005996001	1.0000000000000036e-12	28.875	AM10	AM
705031	715030	710030.5	62	24.192926414864324	0	0	1	0.996005996001	1.0000000000000036e-12	30.919354838709676	AM10	AM
710031	720030	715030.5	107	24.8917560500838	NA	0	1	0.996005996001	1.0000000000000036e-12	31.49532710280374	AM10	AM
715031	725030	720030.5	99	20.907639757877966	0	0	1	0.996005996001	1.0000000000000036e-12	31.32323232323232	AM10	AM
720031	730030	725030.5	77	27.197894690456508	0	0	1	0.996005996001	1.0000000000000036e-12	31.571428571428573	AM10	AM
725031	735030	730030.5	74	31.504305243492126	0	0	1	0.996005996001	1.0000000000000036e-12	32.054054054054056	AM10	AM
730031	740030	735030.5	66	NA	NA	0	1	0.996005996001	1.0000000000000036e-12	31.696969696969695	AM10	AM
735031	745030	740030.5	71	24.589753750124252	NA	0	1	0.996005996001	1.0000000000000036e-12	31.746478873239436	AM10	AM
740031	750030	745030.5	77	24.589753750124252	NA	0	1	0.996005996001	1.0000000000000036e-12	31.675324675324674	AM10	AM
745031	755030	750030.5	72	33.90363069359989	NA	0	1	0.996005996001	1.0000000000000036e-12	30.76388888888889	AM10	AM
750031	760030	755030.5	75	33.90363069359989	NA	0	1	0.996005996001	1.0000000000000036e-12	30.72	AM10	AM
755031	765030	760030.5	93	17.874839660644533	NA	0	1	0.996005996001	1.0000000000000036e-12	30.516129032258064	AM10	AM
760031	770030	765030.5	92	19.839568847656253	0	0	1	0.996005996001	1.0000000000000036e-12	29.97826086956522	AM10	AM
765031	775030	770030.5	102	23.60266335206759	0	0	1	0.996005996001	1.0000000000000036e-12	30.205882352941178	AM10	AM
770031	780030	775030.5	98	20.416727405247816	0	0	1	0.996005996001	1.0000000000000036e-12	30.591836734693878	AM10	AM
775031	785030	780030.5	58	NA	NA	0	1	0.996005996001	1.0000000000000036e-12	31.29310344827586	AM10	AM
780031	790030	785030.5	70	NA	NA	0	1	0.996005996001	1.0000000000000036e-12	30.47142857142857	AM10	AM
785031	795030	790030.5	87	28.881544958792897	0	0	1	0.996005996001	1.0000000000000036e-12	30.022988505747126	AM10	AM
790031	800030	795030.5	67	28.881544958792897	0	0	1	0.996005996001	1.0000000000000036e-12	30.313432835820894	AM10	AM
795031	805030	800030.5	70	NA	NA	0	1	0.996005996001	1.0000000000000036e-12	30.47142857142857	AM10	AM
800031	810030	805030.5	66	NA	NA	0	1	0.996005996001	1.0000000000000036e-12	30.666666666666668	AM10	AM
805031	815030	810030.5	34	NA	NA	0	1	0.996005996001	1.0000000000000036e-12	29.147058823529413	AM10	AM
810031	820030	815030.5	91	19.56939697265625	0	0	1	0.996005996001	1.0000000000000036e-12	29.164835164835164	AM10	AM
815031	825030	820030.5	109	19.56939697265625	0	0	1	0.996005996001	1.0000000000000036e-12	30.30275229357798	AM10	AM
820031	830030	825030.5	62	NA	NA	0	1	0.996005996001	1.0000000000000036e-12	31.741935483870968	AM10	AM
825031	835030	830030.5	77	18.362051683918935	0	0	1	0.996005996001	1.0000000000000036e-12	31.051948051948052	AM10	AM
830031	840030	835030.5	78	18.362051683918935	0	0	1	0.996005996001	1.0000000000000036e-12	31.307692307692307	AM10	AM
835031	845030	840030.5	84	20.208116625905383	0	0	1	0.996005996001	1.0000000000000036e-12	30.988095238095237	AM10	AM
840031	850030	845030.5	91	20.208116625905383	0	0	1	0.996005996001	1.0000000000000036e-12	31.153846153846153	AM10	AM
845031	855030	850030.5	85	NA	NA	0	1	0.996005996001	1.0000000000000036e-12	31.67058823529412	AM10	AM
850031	860030	855030.5	94	19.719625	0	0	1	0.996005996001	1.0000000000000036e-12	30.170212765957448	AM10	AM
855031	865030	860030.5	107	24.705293491720155	0	0	1	0.996005996001	1.0000000000000036e-12	30.542056074766354	AM10	AM
860031	870030	865030.5	118	30.08481808352618	0	0	1	0.996005996001	1.0000000000000036e-12	30.805084745762713	AM10	AM
865031	875030	870030.5	131	29.913924045138888	0	0	1	0.996005996001	1.0000000000000036e-12	30.282442748091604	AM10	AM
870031	880030	875030.5	100	25.44154192031202	0	0	1	0.996005996001	1.0000000000000036e-12	31.07	AM10	AM
875031	885030	880030.5	50	25.44154192031202	0	0	1	0.996005996001	1.0000000000000036e-12	28.34	AM10	AM
880031	890030	885030.5	29	NA	NA	0	1	0.996005996001	1.0000000000000036e-12	22.275862068965516	AM10	AM
885031	895030	890030.5	44	NA	NA	0	1	0.996005996001	1.0000000000000036e-12	29.772727272727273	AM10	AM
890031	900030	895030.5	66	NA	NA	0	1	0.996005996001	1.0000000000000036e-12	29.333333333333332	AM10	AM
895031	905030	900030.5	39	15.651512765600067	0	0	1	0.996005996001	1.0000000000000036e-12	23.564102564102566	AM10	AM
900031	910030	905030.5	26	25.943776314292215	0	0	1	0.996005996001	1.0000000000000036e-12	13.692307692307692	AM10	AM
905031	915030	910030.5	55	25.943776314292215	NA	0	1	0.996005996001	1.0000000000000036e-12	25.836363636363636	AM10	AM
910031	920030	915030.5	86	18.73625892987316	0	0	1	0.996005996001	1.0000000000000036e-12	30.906976744186046	AM10	AM
915031	925030	920030.5	88	18.73625892987316	0	0	1	0.996005996001	1.0000000000000036e-12	31.045454545454547	AM10	AM
920031	930030	925030.5	107	NA	NA	0	1	0.996005996001	1.0000000000000036e-12	31.373831775700936	AM10	AM
925031	935030	930030.5	119	23.86516571044922	NA	0	1	0.996005996001	1.0000000000000036e-12	31.310924369747898	AM10	AM
930031	940030	935030.5	94	23.86516571044922	NA	0	1	0.996005996001	1.0000000000000036e-12	31.638297872340427	AM10	AM
935031	945030	940030.5	97	NA	NA	0	1	0.996005996001	1.0000000000000036e-12	31.7319587628866	AM10	AM
940031	950030	945030.5	99	NA	NA	0	1	0.996005996001	1.0000000000000036e-12	31.626262626262626	AM10	AM
945031	955030	950030.5	71	30.48361770092297	0	0	1	0.996005996001	1.0000000000000036e-12	31.408450704225352	AM10	AM
950031	960030	955030.5	73	30.48361770092297	0	0	1	0.996005996001	1.0000000000000036e-12	30.301369863013697	AM10	AM
955031	965030	960030.5	66	NA	NA	0	1	0.996005996001	1.0000000000000036e-12	28.636363636363637	AM10	AM
960031	970030	965030.5	62	31.820220947265625	NA	0	1	0.996005996001	1.0000000000000036e-12	27.338709677419356	AM10	AM
965031	975030	970030.5	57	31.820220947265625	NA	0	1	0.996005996001	1.0000000000000036e-12	26.157894736842106	AM10	AM
970031	980030	975030.5	53	NA	NA	0	1	0.996005996001	1.0000000000000036e-12	28.92452830188679	AM10	AM
975031	985030	980030.5	81	29.379231692168737	0	0	1	0.996005996001	1.0000000000000036e-12	31.160493827160494	AM10	AM
980031	990030	985030.5	65	28.930488642420766	0	0	1	0.996005996001	1.0000000000000036e-12	30.53846153846154	AM10	AM
985031	995030	990030.5	67	28.930488642420766	0	0	1	0.996005996001	1.0000000000000036e-12	31.044776119402986	AM10	AM
990031	1000030	995030.5	78	19.644510986328125	0	0	1	0.996005996001	1.0000000000000036e-12	31.192307692307693	AM10	AM
995031	1005030	1000030.5	84	20.325221878036928	0	0	1	0.996005996001	1.0000000000000036e-12	30.55952380952381	AM10	AM
1000031	1010030	1005030.5	112	26.01522041763363	NA	0	1	0.996005996001	1.0000000000000036e-12	31.035714285714285	AM10	AM
1005031	1015030	1010030.5	116	NA	NA	0	1	0.996005996001	1.0000000000000036e-12	31.870689655172413	AM10	AM
1010031	1020030	1015030.5	123	NA	NA	0	1	0.996005996001	1.0000000000000036e-12	32.02439024390244	AM10	AM
1015031	1025030	1020030.5	92	NA	NA	0	1	0.996005996001	1.0000000000000036e-12	31.695652173913043	AM10	AM
1020031	1030030	1025030.5	59	31.906222589332387	NA	0	1	0.996005996001	1.0000000000000036e-12	31.11864406779661	AM10	AM
1025031	1035030	1030030.5	64	31.906222589332387	NA	0	1	0.996005996001	1.0000000000000036e-12	27.4375	AM10	AM
1030031	1040030	1035030.5	108	NA	NA	0	1	0.996005996001	1.0000000000000036e-12	28.63888888888889	AM10	AM
1035031	1045030	1040030.5	134	26.856893666600158	0	0	1	0.996005996001	1.0000000000000036e-12	30.992537313432837	AM10	AM
1040031	1050030	1045030.5	133	28.485813233645146	0	0	1	0.996005996001	1.0000000000000036e-12	31.428571428571427	AM10	AM
1045031	1055030	1050030.5	122	30.219954537049624	NA	0	1	0.996005996001	1.0000000000000036e-12	31.59016393442623	AM10	AM
1050031	1060030	1055030.5	95	21.267453244723075	0	0	1	0.996005996001	1.0000000000000036e-12	30.978947368421053	AM10	AM
1055031	1065030	1060030.5	94	18.923795378335036	0	0	1	0.996005996001	1.0000000000000036e-12	31.351063829787233	AM10	AM
1060031	1070030	1065030.5	71	NA	NA	0	1	0.996005996001	1.0000000000000036e-12	32.08450704225352	AM10	AM
1065031	1075030	1070030.5	68	23.306775410970054	0	0	1	0.996005996001	1.0000000000000036e-12	31.514705882352942	AM10	AM
1070031	1080030	1075030.5	102	23.306775410970054	0	0	1	0.996005996001	1.0000000000000036e-12	31.00980392156863	AM10	AM
1075031	1085030	1080030.5	109	NA	NA	0	1	0.996005996001	1.0000000000000036e-12	30.69724770642202	AM10	AM
1080031	1090030	1085030.5	98	31.385742934444593	NA	0	1	0.996005996001	1.0000000000000036e-12	31.285714285714285	AM10	AM
1085031	1095030	1090030.5	110	21.319238209355586	0.0010553681801376035	0	1	0.996005996001	1.0000000000000036e-12	31.545454545454547	AM10	AM
1090031	1100030	1095030.5	102	21.319238209355586	0.0010553681801376035	0	1	0.996005996001	1.0000000000000036e-12	31.53921568627451	AM10	AM
1095031	1105030	1100030.5	94	31.9540958404541	NA	0	1	0.996005996001	1.0000000000000036e-12	31.93617021276596	AM10	AM
1100031	1110030	1105030.5	95	33.95674263433747	NA	0	1	0.996005996001	1.0000000000000036e-12	32.09473684210526	AM10	AM
1105031	1115030	1110030.5	79	33.95674263433747	NA	0	1	0.996005996001	1.0000000000000036e-12	32.278481012658226	AM10	AM
1110031	1120030	1115030.5	94	15.655517578125	NA	0	1	0.996005996001	1.0000000000000036e-12	31.659574468085108	AM10	AM
1115031	1125030	1120030.5	97	15.655517578125	NA	0	1	0.996005996001	1.0000000000000036e-12	31.536082474226806	AM10	AM
1120031	1130030	1125030.5	114	NA	NA	0	1	0.996005996001	1.0000000000000036e-12	31.50877192982456	AM10	AM
1125031	1135030	1130030.5	161	25.441047062895134	NA	0	1	0.996005996001	1.0000000000000036e-12	31.67080745341615	AM10	AM
1130031	1140030	1135030.5	147	25.441047062895134	NA	0	1	0.996005996001	1.0000000000000036e-12	31.755102040816325	AM10	AM
1135031	1145030	1140030.5	120	26.608609195515534	NA	0	1	0.996005996001	1.0000000000000036e-12	31.158333333333335	AM10	AM
1140031	1150030	1145030.5	107	26.608609195515534	NA	0	1	0.996005996001	1.0000000000000036e-12	31.1588785046729	AM10	AM
1145031	1155030	1150030.5	98	20.58821140063168	0	0	1	0.996005996001	1.0000000000000036e-12	29.775510204081634	AM10	AM
1150031	1160030	1155030.5	97	20.58821140063168	0	0	1	0.996005996001	1.0000000000000036e-12	29.22680412371134	AM10	AM
1155031	1165030	1160030.5	98	NA	NA	0	1	0.996005996001	1.0000000000000036e-12	30.632653061224488	AM10	AM
1160031	1170030	1165030.5	109	25.17172209262631	0	0	1	0.996005996001	1.0000000000000036e-12	31.256880733944953	AM10	AM
1165031	1175030	1170030.5	123	25.684093023145955	0	0	1	0.996005996001	1.0000000000000036e-12	31.097560975609756	AM10	AM
1170031	1180030	1175030.5	108	26.1964639536656	0	0	1	0.996005996001	1.0000000000000036e-12	30.99074074074074	AM10	AM
1175031	1185030	1180030.5	85	NA	NA	0	1	0.996005996001	1.0000000000000036e-12	19.823529411764707	AM10	AM
1180031	1190030	1185030.5	59	NA	NA	0	1	0.996005996001	1.0000000000000036e-12	5.745762711864407	AM10	AM
1185031	1195030	1190030.5	62	18.27013649870914	37436.415716139556	0	1	0.996005996001	1.0000000000000036e-12	7.870967741935484	AM10	AM
1190031	1200030	1195030.5	90	18.27013649870914	37436.415716139556	0	1	0.996005996001	1.0000000000000036e-12	20.788888888888888	AM10	AM
1195031	1205030	1200030.5	110	NA	NA	0	1	0.996005996001	1.0000000000000036e-12	31.272727272727273	AM10	AM
1200031	1210030	1205030.5	132	27.78110073965418	0	0	1	0.996005996001	1.0000000000000036e-12	31.651515151515152	AM10	AM
1205031	1215030	1210030.5	113	27.78110073965418	0	0	1	0.996005996001	1.0000000000000036e-12	31.734513274336283	AM10	AM
1210031	1220030	1215030.5	72	376.20878029980634	0	0	1	0.996005996001	1.0000000000000036e-12	31.694444444444443	AM10	AM
1215031	1225030	1220030.5	81	27.507976161833692	0	0	1	0.996005996001	1.0000000000000036e-12	31.753086419753085	AM10	AM
1220031	1230030	1225030.5	103	24.962156536256824	0	0	1	0.996005996001	1.0000000000000036e-12	31.533980582524272	AM10	AM
1225031	1235030	1230030.5	89	22.775183968444253	0	0	1	0.996005996001	1.0000000000000036e-12	31.617977528089888	AM10	AM
1230031	1240030	1235030.5	89	NA	NA	0	1	0.996005996001	1.0000000000000036e-12	32.03370786516854	AM10	AM
1235031	1245030	1240030.5	111	26.1964639536656	0	0	1	0.996005996001	1.0000000000000036e-12	31.774774774774773	AM10	AM
1240031	1250030	1245030.5	128	26.1964639536656	0	0	1	0.996005996001	1.0000000000000036e-12	31.46875	AM10	AM
1245031	1255030	1250030.5	121	23.4832763671875	0	0	1	0.996005996001	1.0000000000000036e-12	31.223140495867767	AM10	AM
1250031	1260030	1255030.5	131	22.267193739149306	0	0	1	0.996005996001	1.0000000000000036e-12	31.244274809160306	AM10	AM
1255031	1265030	1260030.5	110	29.08447265625	0	0	1	0.996005996001	1.0000000000000036e-12	31.772727272727273	AM10	AM
1260031	1270030	1265030.5	110	29.08447265625	0	0	1	0.996005996001	1.0000000000000036e-12	32.11818181818182	AM10	AM
1265031	1275030	1270030.5	144	28.85045047844315	0	0	1	0.996005996001	1.0000000000000036e-12	31.819444444444443	AM10	AM
1270031	1280030	1275030.5	138	25.776148843810002	NA	0	1	0.996005996001	1.0000000000000036e-12	31.942028985507246	AM10	AM
1275031	1285030	1280030.5	134	25.776148843810002	NA	0	1	0.996005996001	1.0000000000000036e-12	31.708955223880597	AM10	AM
1280031	1290030	1285030.5	100	18.784477430555558	1344.0000000000016	0	1	0.996005996001	1.0000000000000036e-12	31.41	AM10	AM
1285031	1295030	1290030.5	82	18.784477430555558	1344.0000000000016	0	1	0.996005996001	1.0000000000000036e-12	32.01219512195122	AM10	AM
1290031	1300030	1295030.5	104	22.754006739541385	NA	0	1	0.996005996001	1.0000000000000036e-12	31.548076923076923	AM10	AM
1295031	1305030	1300030.5	99	22.754006739541385	NA	0	1	0.996005996001	1.0000000000000036e-12	31.434343434343436	AM10	AM
1300031	1310030	1305030.5	83	NA	NA	0	1	0.996005996001	1.0000000000000036e-12	32.25301204819277	AM10	AM
1305031	1315030	1310030.5	71	NA	NA	0	1	0.996005996001	1.0000000000000036e-12	32.563380281690144	AM10	AM
1310031	1320030	1315030.5	66	26.973423615705112	122246.09876543209	0	1	0.996005996001	1.0000000000000036e-12	32.28787878787879	AM10	AM
1315031	1325030	1320030.5	94	26.973423615705112	122246.09876543209	0	1	0.996005996001	1.0000000000000036e-12	31.95744680851064	AM10	AM
1320031	1330030	1325030.5	105	NA	NA	0	1	0.996005996001	1.0000000000000036e-12	31.923809523809524	AM10	AM
1325031	1335030	1330030.5	93	25.904365267336484	102442.66666666656	0	1	0.996005996001	1.0000000000000036e-12	31.602150537634408	AM10	AM
1330031	1340030	1335030.5	79	17.82275390625	51221.33333333328	0	1	0.996005996001	1.0000000000000036e-12	31.29113924050633	AM10	AM
1335031	1345030	1340030.5	93	17.82275390625	0	0	1	0.996005996001	1.0000000000000036e-12	30.86021505376344	AM10	AM
1340031	1350030	1345030.5	102	26.8641975308642	0	0	1	0.996005996001	1.0000000000000036e-12	31.019607843137255	AM10	AM
1345031	1355030	1350030.5	68	NA	NA	0	1	0.996005996001	1.0000000000000036e-12	31.691176470588236	AM10	AM
1350031	1360030	1355030.5	55	NA	NA	0	1	0.996005996001	1.0000000000000036e-12	32.38181818181818	AM10	AM
1355031	1365030	1360030.5	79	18.19893820269576	0	0	1	0.996005996001	1.0000000000000036e-12	31.569620253164558	AM10	AM
1360031	1370030	1365030.5	72	18.19893820269576	0	0	1	0.996005996001	1.0000000000000036e-12	31.041666666666668	AM10	AM
1365031	1375030	1370030.5	54	NA	NA	0	1	0.996005996001	1.0000000000000036e-12	32.074074074074076	AM10	AM
1370031	1380030	1375030.5	77	19.839568847656253	NA	0	1	0.996005996001	1.0000000000000036e-12	30.4025974025974	AM10	AM
1375031	1385030	1380030.5	104	24.640427001953128	0	0	1	0.996005996001	1.0000000000000036e-12	30.365384615384617	AM10	AM
1380031	1390030	1385030.5	105	29.80877777777778	0	0	1	0.996005996001	1.0000000000000036e-12	31.323809523809523	AM10	AM
1385031	1395030	1390030.5	101	27.340793900034075	71755.01745387062	0	1	0.996005996001	1.0000000000000036e-12	31.495049504950494	AM10	AM
1390031	1400030	1395030.5	109	23.786978663709856	35877.50872693531	0	1	0.996005996001	1.0000000000000036e-12	31.568807339449542	AM10	AM
1395031	1405030	1400030.5	96	24.115151649216944	0	0	1	0.996005996001	1.0000000000000036e-12	31.739583333333332	AM10	AM
1400031	1410030	1405030.5	83	NA	NA	0	1	0.996005996001	1.0000000000000036e-12	32.096385542168676	AM10	AM
1405031	1415030	1410030.5	82	NA	NA	0	1	0.996005996001	1.0000000000000036e-12	32	AM10	AM
1410031	1420030	1415030.5	101	NA	NA	0	1	0.996005996001	1.0000000000000036e-12	31.712871287128714	AM10	AM
1415031	1425030	1420030.5	119	NA	NA	0	1	0.996005996001	1.0000000000000036e-12	31.6218487394958	AM10	AM
1420031	1430030	1425030.5	115	NA	NA	0	1	0.996005996001	1.0000000000000036e-12	31.42608695652174	AM10	AM
1425031	1435030	1430030.5	94	NA	NA	0	1	0.996005996001	1.0000000000000036e-12	31.393617021276597	AM10	AM
1430031	1440030	1435030.5	73	NA	NA	0	1	0.996005996001	1.0000000000000036e-12	31.34246575342466	AM10	AM
1435031	1445030	1440030.5	73	28.631438678957053	4338314.432098782	0	1	0.996005996001	1.0000000000000036e-12	31.493150684931507	AM10	AM
1440031	1450030	1445030.5	59	28.631438678957053	4338314.432098782	0	1	0.996005996001	1.0000000000000036e-12	32.03389830508475	AM10	AM
1445031	1455030	1450030.5	61	NA	NA	0	1	0.996005996001	1.0000000000000036e-12	31.901639344262296	AM10	AM
1450031	1460030	1455030.5	88	377.02439008579813	3.2112865490050694e-6	0	1	0.996005996001	1.0000000000000036e-12	32	AM10	AM
1455031	1465030	1460030.5	106	377.02439008579813	3.2112865490050694e-6	0	1	0.996005996001	1.0000000000000036e-12	32.14150943396226	AM10	AM
1460031	1470030	1465030.5	86	NA	NA	0	1	0.996005996001	1.0000000000000036e-12	31.976744186046513	AM10	AM
1465031	1475030	1470030.5	74	31.89779818058014	NA	0	1	0.996005996001	1.0000000000000036e-12	31.756756756756758	AM10	AM
1470031	1480030	1475030.5	78	31.89779818058014	NA	0	1	0.996005996001	1.0000000000000036e-12	31.858974358974358	AM10	AM
1475031	1485030	1480030.5	78	NA	NA	0	1	0.996005996001	1.0000000000000036e-12	31.08974358974359	AM10	AM
1480031	1490030	1485030.5	85	NA	NA	0	1	0.996005996001	1.0000000000000036e-12	31.305882352941175	AM10	AM
1485031	1495030	1490030.5	73	NA	NA	0	1	0.996005996001	1.0000000000000036e-12	32.082191780821915	AM10	AM
1490031	1500030	1495030.5	77	20.90498587827988	0	0	1	0.996005996001	1.0000000000000036e-12	31.805194805194805	AM10	AM
1495031	1505030	1500030.5	75	20.90498587827988	0	0	1	0.996005996001	1.0000000000000036e-12	31.88	AM10	AM
1500031	1510030	1505030.5	60	19.184920410156252	0	0	1	0.996005996001	1.0000000000000036e-12	32.166666666666664	AM10	AM
1505031	1515030	1510030.5	66	24.471818274992273	0	0	1	0.996005996001	1.0000000000000036e-12	32.015151515151516	AM10	AM
1510031	1520030	1515030.5	70	29.758716139828294	NA	0	1	0.996005996001	1.0000000000000036e-12	31.65714285714286	AM10	AM
1515031	1525030	1520030.5	68	32.955458510727105	NA	0	1	0.996005996001	1.0000000000000036e-12	30.294117647058822	AM10	AM
31	10030	5030.5	140	46.37451472881302	0	0	1	0.996005996001	1.0000000000000036e-12	41.378571428571426	AM11	AM
5031	15030	10030.5	118	38.28721385039509	0	0	1	0.996005996001	1.0000000000000036e-12	44.41525423728814	AM11	AM
10031	20030	15030.5	124	38.28721385039509	0	0	1	0.996005996001	1.0000000000000036e-12	44.306451612903224	AM11	AM
15031	25030	20030.5	89	39.673852722167965	0	0	1	0.996005996001	1.0000000000000036e-12	45.157303370786515	AM11	AM
20031	30030	25030.5	77	42.801034197759265	0	0	1	0.996005996001	1.0000000000000036e-12	45.22077922077922	AM11	AM
25031	35030	30030.5	108	45.928215673350564	NA	0	1	0.996005996001	1.0000000000000036e-12	45.30555555555556	AM11	AM
30031	40030	35030.5	117	NA	NA	0	1	0.996005996001	1.0000000000000036e-12	45.427350427350426	AM11	AM
35031	45030	40030.5	78	NA	NA	0	1	0.996005996001	1.0000000000000036e-12	45.1025641025641	AM11	AM
40031	50030	45030.5	80	30.81467557315968	NA	0	1	0.996005996001	1.0000000000000036e-12	44.95	AM11	AM
45031	55030	50030.5	108	30.81467557315968	NA	0	1	0.996005996001	1.0000000000000036e-12	45.648148148148145	AM11	AM
50031	60030	55030.5	110	40.310116312097776	0	0	1	0.996005996001	1.0000000000000036e-12	45.61818181818182	AM11	AM
55031	65030	60030.5	97	38.781093536640874	0	0	1	0.996005996001	1.0000000000000036e-12	45.09278350515464	AM11	AM
60031	70030	65030.5	96	25.943776314292215	NA	0	1	0.996005996001	1.0000000000000036e-12	44.96875	AM11	AM
65031	75030	70030.5	122	NA	NA	0	1	0.996005996001	1.0000000000000036e-12	45.07377049180328	AM11	AM
70031	80030	75030.5	123	NA	NA	0	1	0.996005996001	1.0000000000000036e-12	45.63414634146341	AM11	AM
75031	85030	80030.5	90	36.37585984527601	3.569941095971916e-5	0	1	0.996005996001	1.0000000000000036e-12	46	AM11	AM
80031	90030	85030.5	86	36.37585984527601	3.569941095971916e-5	0	1	0.996005996001	1.0000000000000036e-12	45.63953488372093	AM11	AM
85031	95030	90030.5	106	27.947695540269677	NA	0	1	0.996005996001	1.0000000000000036e-12	44.283018867924525	AM11	AM
90031	100030	95030.5	129	36.91050532746203	NA	0	1	0.996005996001	1.0000000000000036e-12	43.55038759689923	AM11	AM
95031	105030	100030.5	164	45.873315114654396	NA	0	1	0.996005996001	1.0000000000000036e-12	43.59756097560975	AM11	AM
100031	110030	105030.5	134	NA	NA	0	1	0.996005996001	1.0000000000000036e-12	44.07462686567164	AM11	AM
105031	115030	110030.5	88	23.2299317720514	0.004163994453333337	0	1	0.996005996001	1.0000000000000036e-12	45.46590909090909	AM11	AM
110031	120030	115030.5	99	91.09747033651512	0.08329961777892782	0	1	0.996005996001	1.0000000000000036e-12	45.81818181818182	AM11	AM
115031	125030	120030.5	99	158.96500890097883	0.1624352411045223	0	1	0.996005996001	1.0000000000000036e-12	46.03030303030303	AM11	AM
120031	130030	125030.5	67	NA	NA	0	1	0.996005996001	1.0000000000000036e-12	45.74626865671642	AM11	AM
125031	135030	130030.5	88	NA	NA	0	1	0.996005996001	1.0000000000000036e-12	45.61363636363637	AM11	AM
130031	140030	135030.5	118	NA	NA	0	1	0.996005996001	1.0000000000000036e-12	44.49152542372882	AM11	AM
135031	145030	140030.5	96	46.807534706002045	NA	0	1	0.996005996001	1.0000000000000036e-12	44.239583333333336	AM11	AM
140031	150030	145030.5	138	47.34298990074408	NA	0	1	0.996005996001	1.0000000000000036e-12	46	AM11	AM
145031	155030	150030.5	214	33.34825971911256	0	0	1	0.996005996001	1.0000000000000036e-12	45.532710280373834	AM11	AM
150031	160030	155030.5	199	31.899594148792126	0	0	1	0.996005996001	1.0000000000000036e-12	45.24120603015076	AM11	AM
155031	165030	160030.5	131	NA	NA	0	1	0.996005996001	1.0000000000000036e-12	45.31297709923664	AM11	AM
160031	170030	165030.5	95	36.45615615412173	NA	0	1	0.996005996001	1.0000000000000036e-12	44.83157894736842	AM11	AM
165031	175030	170030.5	87	32.88322304919025	0	0	1	0.996005996001	1.0000000000000036e-12	44.6551724137931	AM11	AM
170031	180030	175030.5	81	32.88322304919025	0	0	1	0.996005996001	1.0000000000000036e-12	44.93827160493827	AM11	AM
175031	185030	180030.5	94	32.01167466493513	4.3682869257594615e-5	0	1	0.996005996001	1.0000000000000036e-12	44.287234042553195	AM11	AM
180031	190030	185030.5	112	32.01167466493513	4.3682869257594615e-5	0	1	0.996005996001	1.0000000000000036e-12	44.392857142857146	AM11	AM
185031	195030	190030.5	101	45.90110887207315	NA	0	1	0.996005996001	1.0000000000000036e-12	45.524752475247524	AM11	AM
190031	200030	195030.5	80	45.90110887207315	NA	0	1	0.996005996001	1.0000000000000036e-12	46.0375	AM11	AM
195031	205030	200030.5	113	34.861271366746315	NA	0	1	0.996005996001	1.0000000000000036e-12	44.92920353982301	AM11	AM
200031	210030	205030.5	114	34.861271366746315	NA	0	1	0.996005996001	1.0000000000000036e-12	44.53508771929825	AM11	AM
205031	215030	210030.5	91	NA	NA	0	1	0.996005996001	1.0000000000000036e-12	45.26373626373626	AM11	AM
210031	220030	215030.5	103	NA	NA	0	1	0.996005996001	1.0000000000000036e-12	45.689320388349515	AM11	AM
215031	225030	220030.5	109	41.569867461908466	NA	0	1	0.996005996001	1.0000000000000036e-12	45.137614678899084	AM11	AM
220031	230030	225030.5	84	41.569867461908466	NA	0	1	0.996005996001	1.0000000000000036e-12	44.833333333333336	AM11	AM
225031	235030	230030.5	51	NA	NA	0	1	0.996005996001	1.0000000000000036e-12	45.90196078431372	AM11	AM
230031	240030	235030.5	89	NA	NA	0	1	0.996005996001	1.0000000000000036e-12	45.1123595505618	AM11	AM
235031	245030	240030.5	105	NA	NA	0	1	0.996005996001	1.0000000000000036e-12	44.76190476190476	AM11	AM
240031	250030	245030.5	100	NA	NA	0	1	0.996005996001	1.0000000000000036e-12	44.93	AM11	AM
245031	255030	250030.5	99	46.40086406141054	NA	0	1	0.996005996001	1.0000000000000036e-12	45.303030303030305	AM11	AM
250031	260030	255030.5	98	46.40086406141054	NA	0	1	0.996005996001	1.0000000000000036e-12	45.57142857142857	AM11	AM
255031	265030	260030.5	104	NA	NA	0	1	0.996005996001	1.0000000000000036e-12	45.25961538461539	AM11	AM
260031	270030	265030.5	87	NA	NA	0	1	0.996005996001	1.0000000000000036e-12	45.4367816091954	AM11	AM
265031	275030	270030.5	80	1014.6740551327445	0	0	1	0.996005996001	1.0000000000000036e-12	46.0625	AM11	AM
270031	280030	275030.5	82	1014.6740551327445	0	0	1	0.996005996001	1.0000000000000036e-12	46.09756097560975	AM11	AM
275031	285030	280030.5	87	39.854953125	NA	0	1	0.996005996001	1.0000000000000036e-12	44.04597701149425	AM11	AM
280031	290030	285030.5	86	39.854953125	NA	0	1	0.996005996001	1.0000000000000036e-12	42.151162790697676	AM11	AM
285031	295030	290030.5	91	27.52710804887431	0	0	1	0.996005996001	1.0000000000000036e-12	42.83516483516483	AM11	AM
290031	300030	295030.5	99	27.947695540269677	0	0	1	0.996005996001	1.0000000000000036e-12	43.666666666666664	AM11	AM
295031	305030	300030.5	142	27.947695540269677	NA	0	1	0.996005996001	1.0000000000000036e-12	44.74647887323944	AM11	AM
300031	310030	305030.5	134	NA	NA	0	1	0.996005996001	1.0000000000000036e-12	45.44776119402985	AM11	AM
305031	315030	310030.5	90	NA	NA	0	1	0.996005996001	1.0000000000000036e-12	42.733333333333334	AM11	AM
310031	320030	315030.5	131	NA	NA	0	1	0.996005996001	1.0000000000000036e-12	43.595419847328245	AM11	AM
315031	325030	320030.5	121	NA	NA	0	1	0.996005996001	1.0000000000000036e-12	44.34710743801653	AM11	AM
320031	330030	325030.5	92	41.96485007693554	NA	0	1	0.996005996001	1.0000000000000036e-12	42.119565217391305	AM11	AM
325031	335030	330030.5	108	41.96485007693554	NA	0	1	0.996005996001	1.0000000000000036e-12	43.083333333333336	AM11	AM
330031	340030	335030.5	99	NA	NA	0	1	0.996005996001	1.0000000000000036e-12	44.2020202020202	AM11	AM
335031	345030	340030.5	84	1007.5260455713693	0	0	1	0.996005996001	1.0000000000000036e-12	44.464285714285715	AM11	AM
340031	350030	345030.5	67	1007.5260455713693	0	0	1	0.996005996001	1.0000000000000036e-12	41.850746268656714	AM11	AM
345031	355030	350030.5	34	32.33016111528508	0	0	1	0.996005996001	1.0000000000000036e-12	37.470588235294116	AM11	AM
350031	360030	355030.5	8	183.99924453034367	0	0	1	0.996005996001	1.0000000000000036e-12	31.875	AM11	AM
355031	365030	360030.5	7	335.66832794540227	0	0	1	0.996005996001	1.0000000000000036e-12	24.285714285714285	AM11	AM
360031	370030	365030.5	13	27.324835581138256	0	0	1	0.996005996001	1.0000000000000036e-12	23.692307692307693	AM11	AM
365031	375030	370030.5	54	27.324835581138256	0	0	1	0.996005996001	1.0000000000000036e-12	26.38888888888889	AM11	AM
370031	380030	375030.5	89	NA	NA	0	1	0.996005996001	1.0000000000000036e-12	34.651685393258425	AM11	AM
375031	385030	380030.5	75	47.96918233235677	NA	0	1	0.996005996001	1.0000000000000036e-12	44.49333333333333	AM11	AM
380031	390030	385030.5	67	47.96918233235677	NA	0	1	0.996005996001	1.0000000000000036e-12	45.865671641791046	AM11	AM
385031	395030	390030.5	81	44.713166666666666	NA	0	1	0.996005996001	1.0000000000000036e-12	46.03703703703704	AM11	AM
390031	400030	395030.5	81	40.90537700314672	0	0	1	0.996005996001	1.0000000000000036e-12	45.45679012345679	AM11	AM
395031	405030	400030.5	80	37.09758733962677	0	0	1	0.996005996001	1.0000000000000036e-12	45.125	AM11	AM
400031	410030	405030.5	99	NA	NA	0	1	0.996005996001	1.0000000000000036e-12	45.13131313131313	AM11	AM
405031	415030	410030.5	87	38.77467020639065	0	0	1	0.996005996001	1.0000000000000036e-12	44.6551724137931	AM11	AM
410031	420030	415030.5	67	43.64570971918142	0	0	1	0.996005996001	1.0000000000000036e-12	43.35820895522388	AM11	AM
415031	425030	420030.5	78	45.967861967822806	NA	0	1	0.996005996001	1.0000000000000036e-12	43.62820512820513	AM11	AM
420031	430030	425030.5	91	NA	NA	0	1	0.996005996001	1.0000000000000036e-12	44.38461538461539	AM11	AM
425031	435030	430030.5	96	NA	NA	0	1	0.996005996001	1.0000000000000036e-12	44.614583333333336	AM11	AM
430031	440030	435030.5	96	NA	NA	0	1	0.996005996001	1.0000000000000036e-12	45.46875	AM11	AM
435031	445030	440030.5	93	39.450115084546255	0	0	1	0.996005996001	1.0000000000000036e-12	44.494623655913976	AM11	AM
440031	450030	445030.5	80	35.29602793297717	0	0	1	0.996005996001	1.0000000000000036e-12	43.85	AM11	AM
445031	455030	450030.5	75	33.58923333333334	NA	0	1	0.996005996001	1.0000000000000036e-12	44.906666666666666	AM11	AM
450031	460030	455030.5	96	NA	NA	0	1	0.996005996001	1.0000000000000036e-12	45.354166666666664	AM11	AM
455031	465030	460030.5	93	NA	NA	0	1	0.996005996001	1.0000000000000036e-12	44.333333333333336	AM11	AM
460031	470030	465030.5	97	42.96565475366949	NA	0	1	0.996005996001	1.0000000000000036e-12	44.04123711340206	AM11	AM
465031	475030	470030.5	85	42.96565475366949	NA	0	1	0.996005996001	1.0000000000000036e-12	45.31764705882353	AM11	AM
470031	480030	475030.5	61	44.50499605882027	0	0	1	0.996005996001	1.0000000000000036e-12	45.91803278688525	AM11	AM
475031	485030	480030.5	77	44.50499605882027	0	0	1	0.996005996001	1.0000000000000036e-12	45.63636363636363	AM11	AM
480031	490030	485030.5	54	NA	NA	0	1	0.996005996001	1.0000000000000036e-12	45.27777777777778	AM11	AM
485031	495030	490030.5	40	NA	NA	0	1	0.996005996001	1.0000000000000036e-12	45.925	AM11	AM
490031	500030	495030.5	54	NA	NA	0	1	0.996005996001	1.0000000000000036e-12	45.77777777777778	AM11	AM
495031	505030	500030.5	65	23.939222547743057	NA	0	1	0.996005996001	1.0000000000000036e-12	44.50769230769231	AM11	AM
500031	510030	505030.5	74	23.939222547743057	NA	0	1	0.996005996001	1.0000000000000036e-12	44.851351351351354	AM11	AM
505031	515030	510030.5	83	22.936657557327198	NA	0	1	0.996005996001	1.0000000000000036e-12	44.433734939759034	AM11	AM
510031	520030	515030.5	77	39.37308341459786	0	0	1	0.996005996001	1.0000000000000036e-12	44.311688311688314	AM11	AM
515031	525030	520030.5	59	37.091008179602134	0	0	1	0.996005996001	1.0000000000000036e-12	45.271186440677965	AM11	AM
520031	530030	525030.5	71	34.7447271319242	0	0	1	0.996005996001	1.0000000000000036e-12	42.42253521126761	AM11	AM
525031	535030	530030.5	76	31.148165599945337	0	0	1	0.996005996001	1.0000000000000036e-12	40.78947368421053	AM11	AM
530031	540030	535030.5	72	27.551604067966473	0	0	1	0.996005996001	1.0000000000000036e-12	41.09722222222222	AM11	AM
535031	545030	540030.5	82	NA	NA	0	1	0.996005996001	1.0000000000000036e-12	41.1219512195122	AM11	AM
540031	550030	545030.5	97	NA	NA	0	1	0.996005996001	1.0000000000000036e-12	42.91752577319588	AM11	AM
545031	555030	550030.5	95	38.168173791171554	0	0	1	0.996005996001	1.0000000000000036e-12	44.54736842105263	AM11	AM
550031	560030	555030.5	63	38.168173791171554	0	0	1	0.996005996001	1.0000000000000036e-12	45.03174603174603	AM11	AM
555031	565030	560030.5	46	NA	NA	0	1	0.996005996001	1.0000000000000036e-12	44.95652173913044	AM11	AM
560031	570030	565030.5	73	NA	NA	0	1	0.996005996001	1.0000000000000036e-12	45.21917808219178	AM11	AM
565031	575030	570030.5	109	32.601144108074365	0	0	1	0.996005996001	1.0000000000000036e-12	44.37614678899082	AM11	AM
570031	580030	575030.5	102	32.601144108074365	0	0	1	0.996005996001	1.0000000000000036e-12	43.6764705882353	AM11	AM
575031	585030	580030.5	67	351.0978878427204	0	0	1	0.996005996001	1.0000000000000036e-12	44.17910447761194	AM11	AM
580031	590030	585030.5	70	351.0978878427204	0	0	1	0.996005996001	1.0000000000000036e-12	44.05714285714286	AM11	AM
585031	595030	590030.5	79	35.908833821614586	NA	0	1	0.996005996001	1.0000000000000036e-12	43.392405063291136	AM11	AM
590031	600030	595030.5	71	36.798371933405335	0	0	1	0.996005996001	1.0000000000000036e-12	43.70422535211268	AM11	AM
595031	605030	600030.5	86	28.94945723481898	0	0	1	0.996005996001	1.0000000000000036e-12	44.76744186046512	AM11	AM
600031	610030	605030.5	114	28.928788577201814	0	0	1	0.996005996001	1.0000000000000036e-12	43.59649122807018	AM11	AM
605031	615030	610030.5	118	29.334988133199708	NA	0	1	0.996005996001	1.0000000000000036e-12	43.95762711864407	AM11	AM
610031	620030	615030.5	107	NA	NA	0	1	0.996005996001	1.0000000000000036e-12	45.61682242990654	AM11	AM
615031	625030	620030.5	100	NA	NA	0	1	0.996005996001	1.0000000000000036e-12	45.95	AM11	AM
620031	630030	625030.5	101	NA	NA	0	1	0.996005996001	1.0000000000000036e-12	45.93069306930693	AM11	AM
625031	635030	630030.5	112	32.73005330943735	0	0	1	0.996005996001	1.0000000000000036e-12	44.517857142857146	AM11	AM
630031	640030	635030.5	79	32.73005330943735	0	0	1	0.996005996001	1.0000000000000036e-12	43.936708860759495	AM11	AM
635031	645030	640030.5	41	NA	NA	0	1	0.996005996001	1.0000000000000036e-12	44.90243902439025	AM11	AM
640031	650030	645030.5	57	45.967861967822806	NA	0	1	0.996005996001	1.0000000000000036e-12	43.19298245614035	AM11	AM
645031	655030	650030.5	63	45.967861967822806	NA	0	1	0.996005996001	1.0000000000000036e-12	44.22222222222222	AM11	AM
650031	660030	655030.5	64	33.727376687699305	0	0	1	0.996005996001	1.0000000000000036e-12	44.640625	AM11	AM
655031	665030	660030.5	63	33.656666666666666	0	0	1	0.996005996001	1.0000000000000036e-12	44.03174603174603	AM11	AM
660031	670030	665030.5	53	30.946619033813477	0	0	1	0.996005996001	1.0000000000000036e-12	44.528301886792455	AM11	AM
665031	675030	670030.5	35	46.96853599395124	NA	0	1	0.996005996001	1.0000000000000036e-12	44.65714285714286	AM11	AM
670031	680030	675030.5	11	46.96853599395124	NA	0	1	0.996005996001	1.0000000000000036e-12	37.72727272727273	AM11	AM
675031	685030	680030.5	9	NA	NA	NA	NA	NA	NA	0	AM11	AM
680031	690030	685030.5	7	NA	NA	NA	NA	NA	NA	0	AM11	AM
685031	695030	690030.5	0	NA	NA	NA	NA	NA	NA	NA	AM11	AM
690031	700030	695030.5	0	NA	NA	NA	NA	NA	NA	NA	AM11	AM
695031	705030	700030.5	0	NA	NA	NA	NA	NA	NA	NA	AM11	AM
700031	710030	705030.5	16	27.883725892003007	NA	0	1	0.996005996001	1.0000000000000036e-12	41.75	AM11	AM
705031	715030	710030.5	62	23.58136187588459	NA	0	1	0.996005996001	1.0000000000000036e-12	43.854838709677416	AM11	AM
710031	720030	715030.5	107	19.101396619050604	NA	0	1	0.996005996001	1.0000000000000036e-12	44.52336448598131	AM11	AM
715031	725030	720030.5	99	23.362776595417518	0	0	1	0.996005996001	1.0000000000000036e-12	44.42424242424242	AM11	AM
720031	730030	725030.5	77	37.62584796581032	0	0	1	0.996005996001	1.0000000000000036e-12	45.01298701298701	AM11	AM
725031	735030	730030.5	74	40.65716226415516	0	0	1	0.996005996001	1.0000000000000036e-12	45.945945945945944	AM11	AM
730031	740030	735030.5	66	NA	NA	0	1	0.996005996001	1.0000000000000036e-12	45.45454545454545	AM11	AM
735031	745030	740030.5	71	30.81467557315968	NA	0	1	0.996005996001	1.0000000000000036e-12	45.12676056338028	AM11	AM
740031	750030	745030.5	77	30.81467557315968	NA	0	1	0.996005996001	1.0000000000000036e-12	45.03896103896104	AM11	AM
745031	755030	750030.5	72	27.947695540269677	NA	0	1	0.996005996001	1.0000000000000036e-12	43.81944444444444	AM11	AM
750031	760030	755030.5	75	27.947695540269677	NA	0	1	0.996005996001	1.0000000000000036e-12	43.76	AM11	AM
755031	765030	760030.5	93	34.02787900874635	0	0	1	0.996005996001	1.0000000000000036e-12	43.903225806451616	AM11	AM
760031	770030	765030.5	92	33.254824431902605	0	0	1	0.996005996001	1.0000000000000036e-12	43.28260869565217	AM11	AM
765031	775030	770030.5	102	32.101918188351725	0	0	1	0.996005996001	1.0000000000000036e-12	43.1078431372549	AM11	AM
770031	780030	775030.5	98	26.05521585909669	0	0	1	0.996005996001	1.0000000000000036e-12	43.39795918367347	AM11	AM
775031	785030	780030.5	58	30.85971672183256	NA	0	1	0.996005996001	1.0000000000000036e-12	44.3448275862069	AM11	AM
780031	790030	785030.5	70	47.93114376068115	NA	0	1	0.996005996001	1.0000000000000036e-12	43.8	AM11	AM
785031	795030	790030.5	87	45.3233840020327	0	0	1	0.996005996001	1.0000000000000036e-12	43.229885057471265	AM11	AM
790031	800030	795030.5	67	42.715624243384234	0	0	1	0.996005996001	1.0000000000000036e-12	43.134328358208954	AM11	AM
795031	805030	800030.5	70	19.997084548104954	0	0	1	0.996005996001	1.0000000000000036e-12	42.82857142857143	AM11	AM
800031	810030	805030.5	66	33.983133440230866	0	0	1	0.996005996001	1.0000000000000036e-12	43.333333333333336	AM11	AM
805031	815030	810030.5	34	47.96918233235677	NA	0	1	0.996005996001	1.0000000000000036e-12	41.55882352941177	AM11	AM
810031	820030	815030.5	91	31.679943457068035	0	0	1	0.996005996001	1.0000000000000036e-12	41.285714285714285	AM11	AM
815031	825030	820030.5	109	38.08611379321364	0	0	1	0.996005996001	1.0000000000000036e-12	42.972477064220186	AM11	AM
820031	830030	825030.5	62	46.298021374678626	NA	0	1	0.996005996001	1.0000000000000036e-12	45.08064516129032	AM11	AM
825031	835030	830030.5	77	26.788599298887366	NA	0	1	0.996005996001	1.0000000000000036e-12	44.48051948051948	AM11	AM
830031	840030	835030.5	78	26.788599298887366	NA	0	1	0.996005996001	1.0000000000000036e-12	44.56410256410256	AM11	AM
835031	845030	840030.5	84	33.95674263433747	NA	0	1	0.996005996001	1.0000000000000036e-12	43.904761904761905	AM11	AM
840031	850030	845030.5	91	33.95674263433747	NA	0	1	0.996005996001	1.0000000000000036e-12	44.54945054945055	AM11	AM
845031	855030	850030.5	85	42.89489670632747	NA	0	1	0.996005996001	1.0000000000000036e-12	45.07058823529412	AM11	AM
850031	860030	855030.5	94	31.446881482427578	0	0	1	0.996005996001	1.0000000000000036e-12	42.62765957446808	AM11	AM
855031	865030	860030.5	107	31.446881482427578	0	0	1	0.996005996001	1.0000000000000036e-12	43.598130841121495	AM11	AM
860031	870030	865030.5	118	43.85288330811831	0	0	1	0.996005996001	1.0000000000000036e-12	44.355932203389834	AM11	AM
865031	875030	870030.5	131	45.744212664987835	0	0	1	0.996005996001	1.0000000000000036e-12	43.55725190839695	AM11	AM
870031	880030	875030.5	100	42.366564680742066	0	0	1	0.996005996001	1.0000000000000036e-12	44.51	AM11	AM
875031	885030	880030.5	50	37.09758733962677	0	0	1	0.996005996001	1.0000000000000036e-12	39.86	AM11	AM
880031	890030	885030.5	29	NA	NA	0	1	0.996005996001	1.0000000000000036e-12	30.20689655172414	AM11	AM
885031	895030	890030.5	44	45.873315114654396	NA	0	1	0.996005996001	1.0000000000000036e-12	41.31818181818182	AM11	AM
890031	900030	895030.5	66	45.873315114654396	NA	0	1	0.996005996001	1.0000000000000036e-12	41.24242424242424	AM11	AM
895031	905030	900030.5	39	15.13994942459875	0	0	1	0.996005996001	1.0000000000000036e-12	32.58974358974359	AM11	AM
900031	910030	905030.5	26	15.13994942459875	0	0	1	0.996005996001	1.0000000000000036e-12	20.346153846153847	AM11	AM
905031	915030	910030.5	55	NA	NA	0	1	0.996005996001	1.0000000000000036e-12	37.27272727272727	AM11	AM
910031	920030	915030.5	86	28.55288292749805	0	0	1	0.996005996001	1.0000000000000036e-12	43.848837209302324	AM11	AM
915031	925030	920030.5	88	28.55288292749805	0	0	1	0.996005996001	1.0000000000000036e-12	44.42045454545455	AM11	AM
920031	930030	925030.5	107	NA	NA	0	1	0.996005996001	1.0000000000000036e-12	44.8411214953271	AM11	AM
925031	935030	930030.5	119	27.947695540269677	NA	0	1	0.996005996001	1.0000000000000036e-12	44.865546218487395	AM11	AM
930031	940030	935030.5	94	27.947695540269677	NA	0	1	0.996005996001	1.0000000000000036e-12	45.1063829787234	AM11	AM
935031	945030	940030.5	97	NA	NA	0	1	0.996005996001	1.0000000000000036e-12	45.30927835051546	AM11	AM
940031	950030	945030.5	99	NA	NA	0	1	0.996005996001	1.0000000000000036e-12	45.38383838383838	AM11	AM
945031	955030	950030.5	71	37.90921515974515	0	0	1	0.996005996001	1.0000000000000036e-12	44.901408450704224	AM11	AM
950031	960030	955030.5	73	37.90921515974515	0	0	1	0.996005996001	1.0000000000000036e-12	43.3013698630137	AM11	AM
955031	965030	960030.5	66	NA	NA	0	1	0.996005996001	1.0000000000000036e-12	41.03030303030303	AM11	AM
960031	970030	965030.5	62	NA	NA	0	1	0.996005996001	1.0000000000000036e-12	38.91935483870968	AM11	AM
965031	975030	970030.5	57	NA	NA	0	1	0.996005996001	1.0000000000000036e-12	36.73684210526316	AM11	AM
970031	980030	975030.5	53	NA	NA	0	1	0.996005996001	1.0000000000000036e-12	40.943396226415096	AM11	AM
975031	985030	980030.5	81	39.793924564748096	0	0	1	0.996005996001	1.0000000000000036e-12	44.148148148148145	AM11	AM
980031	990030	985030.5	65	42.34192100420404	0	0	1	0.996005996001	1.0000000000000036e-12	43.53846153846154	AM11	AM
985031	995030	990030.5	67	42.34192100420404	0	0	1	0.996005996001	1.0000000000000036e-12	44.298507462686565	AM11	AM
990031	1000030	995030.5	78	25.66212026520539	0	0	1	0.996005996001	1.0000000000000036e-12	43.93589743589744	AM11	AM
995031	1005030	1000030.5	84	25.768625584959604	0	0	1	0.996005996001	1.0000000000000036e-12	43.11904761904762	AM11	AM
1000031	1010030	1005030.5	112	25.875130904713817	NA	0	1	0.996005996001	1.0000000000000036e-12	44.267857142857146	AM11	AM
1005031	1015030	1010030.5	116	NA	NA	0	1	0.996005996001	1.0000000000000036e-12	45.66379310344828	AM11	AM
1010031	1020030	1015030.5	123	40.43105699702777	0	0	1	0.996005996001	1.0000000000000036e-12	45.67479674796748	AM11	AM
1015031	1025030	1020030.5	92	33.93240380670542	0	0	1	0.996005996001	1.0000000000000036e-12	45.16304347826087	AM11	AM
1020031	1030030	1025030.5	59	22.936657557327198	NA	0	1	0.996005996001	1.0000000000000036e-12	44.6271186440678	AM11	AM
1025031	1035030	1030030.5	64	39.9631220703125	NA	0	1	0.996005996001	1.0000000000000036e-12	38.390625	AM11	AM
1030031	1040030	1035030.5	108	33.955408805291086	NA	0	1	0.996005996001	1.0000000000000036e-12	40.379629629629626	AM11	AM
1035031	1045030	1040030.5	134	39.52581788875629	0	0	1	0.996005996001	1.0000000000000036e-12	43.985074626865675	AM11	AM
1040031	1050030	1045030.5	133	42.68010615201321	0	0	1	0.996005996001	1.0000000000000036e-12	44.69172932330827	AM11	AM
1045031	1055030	1050030.5	122	42.68560896721331	NA	0	1	0.996005996001	1.0000000000000036e-12	45.07377049180328	AM11	AM
1050031	1060030	1055030.5	95	25.340314625857935	0	0	1	0.996005996001	1.0000000000000036e-12	43.83157894736842	AM11	AM
1055031	1065030	1060030.5	94	25.340314625857935	0	0	1	0.996005996001	1.0000000000000036e-12	44.37234042553192	AM11	AM
1060031	1070030	1065030.5	71	22.936657557327198	NA	0	1	0.996005996001	1.0000000000000036e-12	45.54929577464789	AM11	AM
1065031	1075030	1070030.5	68	28.565964676698517	0	0	1	0.996005996001	1.0000000000000036e-12	44.6764705882353	AM11	AM
1070031	1080030	1075030.5	102	34.8705	0	0	1	0.996005996001	1.0000000000000036e-12	43.90196078431372	AM11	AM
1075031	1085030	1080030.5	109	34.95795481049563	NA	0	1	0.996005996001	1.0000000000000036e-12	43.89908256880734	AM11	AM
1080031	1090030	1085030.5	98	NA	NA	0	1	0.996005996001	1.0000000000000036e-12	44.734693877551024	AM11	AM
1085031	1095030	1090030.5	110	27.551604067966473	0	0	1	0.996005996001	1.0000000000000036e-12	44.72727272727273	AM11	AM
1090031	1100030	1095030.5	102	27.551604067966473	0	0	1	0.996005996001	1.0000000000000036e-12	44.85294117647059	AM11	AM
1095031	1105030	1100030.5	94	45.873315114654396	NA	0	1	0.996005996001	1.0000000000000036e-12	45.58510638297872	AM11	AM
1100031	1110030	1105030.5	95	45.873315114654396	NA	0	1	0.996005996001	1.0000000000000036e-12	45.71578947368421	AM11	AM
1105031	1115030	1110030.5	79	NA	NA	0	1	0.996005996001	1.0000000000000036e-12	45.91139240506329	AM11	AM
1110031	1120030	1115030.5	94	25.78089440145653	NA	0	1	0.996005996001	1.0000000000000036e-12	45.170212765957444	AM11	AM
1115031	1125030	1120030.5	97	27.865999284061594	NA	0	1	0.996005996001	1.0000000000000036e-12	44.876288659793815	AM11	AM
1120031	1130030	1125030.5	114	29.951104166666664	NA	0	1	0.996005996001	1.0000000000000036e-12	44.80701754385965	AM11	AM
1125031	1135030	1130030.5	161	NA	NA	0	1	0.996005996001	1.0000000000000036e-12	45	AM11	AM
1130031	1140030	1135030.5	147	NA	NA	0	1	0.996005996001	1.0000000000000036e-12	45.224489795918366	AM11	AM
1135031	1145030	1140030.5	120	NA	NA	0	1	0.996005996001	1.0000000000000036e-12	44.61666666666667	AM11	AM
1140031	1150030	1145030.5	107	45.967861967822806	NA	0	1	0.996005996001	1.0000000000000036e-12	44.654205607476634	AM11	AM
1145031	1155030	1150030.5	98	38.391268770491244	NA	0	1	0.996005996001	1.0000000000000036e-12	42.94897959183673	AM11	AM
1150031	1160030	1155030.5	97	30.81467557315968	NA	0	1	0.996005996001	1.0000000000000036e-12	42.08247422680412	AM11	AM
1155031	1165030	1160030.5	98	NA	NA	0	1	0.996005996001	1.0000000000000036e-12	43.734693877551024	AM11	AM
1160031	1170030	1165030.5	109	34.68567082725948	0	0	1	0.996005996001	1.0000000000000036e-12	44.477064220183486	AM11	AM
1165031	1175030	1170030.5	123	32.75017320020958	0	0	1	0.996005996001	1.0000000000000036e-12	44.048780487804876	AM11	AM
1170031	1180030	1175030.5	108	39.346560334322895	NA	0	1	0.996005996001	1.0000000000000036e-12	44.138888888888886	AM11	AM
1175031	1185030	1180030.5	85	47.878445095486114	NA	0	1	0.996005996001	1.0000000000000036e-12	26.223529411764705	AM11	AM
1180031	1190030	1185030.5	59	NA	NA	0	1	0.996005996001	1.0000000000000036e-12	3.0508474576271185	AM11	AM
1185031	1195030	1190030.5	62	NA	NA	0	1	0.996005996001	1.0000000000000036e-12	6.5	AM11	AM
1190031	1200030	1195030.5	90	42.62327903944435	0	0	1	0.996005996001	1.0000000000000036e-12	27.533333333333335	AM11	AM
1195031	1205030	1200030.5	110	42.62327903944435	0	0	1	0.996005996001	1.0000000000000036e-12	44.57272727272727	AM11	AM
1200031	1210030	1205030.5	132	29.56005069378861	0	0	1	0.996005996001	1.0000000000000036e-12	44.88636363636363	AM11	AM
1205031	1215030	1210030.5	113	29.56005069378861	0	0	1	0.996005996001	1.0000000000000036e-12	45.08849557522124	AM11	AM
1210031	1220030	1215030.5	72	462.86798278108273	0	0	1	0.996005996001	1.0000000000000036e-12	45.30555555555556	AM11	AM
1215031	1225030	1220030.5	81	462.86798278108273	0	0	1	0.996005996001	1.0000000000000036e-12	45.54320987654321	AM11	AM
1220031	1230030	1225030.5	103	32.16108365420737	0	0	1	0.996005996001	1.0000000000000036e-12	45.18446601941748	AM11	AM
1225031	1235030	1230030.5	89	32.16108365420737	0	0	1	0.996005996001	1.0000000000000036e-12	44.8876404494382	AM11	AM
1230031	1240030	1235030.5	89	NA	NA	0	1	0.996005996001	1.0000000000000036e-12	45.46067415730337	AM11	AM
1235031	1245030	1240030.5	111	30.894609136358294	NA	0	1	0.996005996001	1.0000000000000036e-12	45.14414414414414	AM11	AM
1240031	1250030	1245030.5	128	30.894609136358294	NA	0	1	0.996005996001	1.0000000000000036e-12	44.8515625	AM11	AM
1245031	1255030	1250030.5	121	23.763671875	0	0	1	0.996005996001	1.0000000000000036e-12	44.51239669421488	AM11	AM
1250031	1260030	1255030.5	131	23.763671875	0	0	1	0.996005996001	1.0000000000000036e-12	44.7557251908397	AM11	AM
1255031	1265030	1260030.5	110	1014.6740551327445	0	0	1	0.996005996001	1.0000000000000036e-12	45.49090909090909	AM11	AM
1260031	1270030	1265030.5	110	43.37588044703231	0	0	1	0.996005996001	1.0000000000000036e-12	45.663636363636364	AM11	AM
1265031	1275030	1270030.5	144	42.55887073857932	0	0	1	0.996005996001	1.0000000000000036e-12	45.104166666666664	AM11	AM
1270031	1280030	1275030.5	138	43.08615492421592	0	0	1	0.996005996001	1.0000000000000036e-12	45.03623188405797	AM11	AM
1275031	1285030	1280030.5	134	43.08615492421592	0	0	1	0.996005996001	1.0000000000000036e-12	44.843283582089555	AM11	AM
1280031	1290030	1285030.5	100	34.2509883494201	0	0	1	0.996005996001	1.0000000000000036e-12	44.18	AM11	AM
1285031	1295030	1290030.5	82	34.2509883494201	0	0	1	0.996005996001	1.0000000000000036e-12	44.86585365853659	AM11	AM
1290031	1300030	1295030.5	104	NA	NA	0	1	0.996005996001	1.0000000000000036e-12	45.02884615384615	AM11	AM
1295031	1305030	1300030.5	99	NA	NA	0	1	0.996005996001	1.0000000000000036e-12	44.878787878787875	AM11	AM
1300031	1310030	1305030.5	83	NA	NA	0	1	0.996005996001	1.0000000000000036e-12	45.40963855421687	AM11	AM
1305031	1315030	1310030.5	71	NA	NA	0	1	0.996005996001	1.0000000000000036e-12	46	AM11	AM
1310031	1320030	1315030.5	66	39.36287036464424	1772711.6296296343	0	1	0.996005996001	1.0000000000000036e-12	45.92424242424242	AM11	AM
1315031	1325030	1320030.5	94	39.36287036464424	1772711.6296296343	0	1	0.996005996001	1.0000000000000036e-12	45.62765957446808	AM11	AM
1320031	1330030	1325030.5	105	NA	NA	0	1	0.996005996001	1.0000000000000036e-12	45.733333333333334	AM11	AM
1325031	1335030	1330030.5	93	37.397975433623785	113140.8212890624	0	1	0.996005996001	1.0000000000000036e-12	45.26881720430107	AM11	AM
1330031	1340030	1335030.5	79	31.6423394242183	56570.4106445312	0	1	0.996005996001	1.0000000000000036e-12	44.46835443037975	AM11	AM
1335031	1345030	1340030.5	93	37.86473313746081	0	0	1	0.996005996001	1.0000000000000036e-12	43.73118279569893	AM11	AM
1340031	1350030	1345030.5	102	42.416634565706026	0	0	1	0.996005996001	1.0000000000000036e-12	44.15686274509804	AM11	AM
1345031	1355030	1350030.5	68	NA	NA	0	1	0.996005996001	1.0000000000000036e-12	45.23529411764706	AM11	AM
1350031	1360030	1355030.5	55	NA	NA	0	1	0.996005996001	1.0000000000000036e-12	46.10909090909091	AM11	AM
1355031	1365030	1360030.5	79	36.71701106980337	0	0	1	0.996005996001	1.0000000000000036e-12	45.12658227848101	AM11	AM
1360031	1370030	1365030.5	72	36.71701106980337	0	0	1	0.996005996001	1.0000000000000036e-12	44.486111111111114	AM11	AM
1365031	1375030	1370030.5	54	NA	NA	0	1	0.996005996001	1.0000000000000036e-12	45.74074074074074	AM11	AM
1370031	1380030	1375030.5	77	23.34255395492111	NA	0	1	0.996005996001	1.0000000000000036e-12	43.23376623376623	AM11	AM
1375031	1385030	1380030.5	104	30.293547906249998	0	0	1	0.996005996001	1.0000000000000036e-12	43.17307692307692	AM11	AM
1380031	1390030	1385030.5	105	39.324249267578125	0	0	1	0.996005996001	1.0000000000000036e-12	44.838095238095235	AM11	AM
1385031	1395030	1390030.5	101	30.827060546022775	25355.253760000018	0	1	0.996005996001	1.0000000000000036e-12	45.34653465346535	AM11	AM
1390031	1400030	1395030.5	109	29.80877777777778	25355.253760000018	0	1	0.996005996001	1.0000000000000036e-12	45.091743119266056	AM11	AM
1395031	1405030	1400030.5	96	29.80877777777778	NA	0	1	0.996005996001	1.0000000000000036e-12	44.84375	AM11	AM
1400031	1410030	1405030.5	83	NA	NA	0	1	0.996005996001	1.0000000000000036e-12	45.25301204819277	AM11	AM
1405031	1415030	1410030.5	82	NA	NA	0	1	0.996005996001	1.0000000000000036e-12	45.09756097560975	AM11	AM
1410031	1420030	1415030.5	101	46.02787851184615	NA	0	1	0.996005996001	1.0000000000000036e-12	45.306930693069305	AM11	AM
1415031	1425030	1420030.5	119	46.02787851184615	NA	0	1	0.996005996001	1.0000000000000036e-12	45.54621848739496	AM11	AM
1420031	1430030	1425030.5	115	NA	NA	0	1	0.996005996001	1.0000000000000036e-12	44.82608695652174	AM11	AM
1425031	1435030	1430030.5	94	NA	NA	0	1	0.996005996001	1.0000000000000036e-12	44.53191489361702	AM11	AM
1430031	1440030	1435030.5	73	NA	NA	0	1	0.996005996001	1.0000000000000036e-12	44.63013698630137	AM11	AM
1435031	1445030	1440030.5	73	36.576100367369534	51991.46535137116	0	1	0.996005996001	1.0000000000000036e-12	44.83561643835616	AM11	AM
1440031	1450030	1445030.5	59	41.752905277359815	51991.46535137116	0	1	0.996005996001	1.0000000000000036e-12	45.559322033898304	AM11	AM
1445031	1455030	1450030.5	61	46.9297101873501	NA	0	1	0.996005996001	1.0000000000000036e-12	45.42622950819672	AM11	AM
1450031	1460030	1455030.5	88	1109.1545920806382	0	0	1	0.996005996001	1.0000000000000036e-12	45.73863636363637	AM11	AM
1455031	1465030	1460030.5	106	1109.1545920806382	0	0	1	0.996005996001	1.0000000000000036e-12	45.9811320754717	AM11	AM
1460031	1470030	1465030.5	86	NA	NA	0	1	0.996005996001	1.0000000000000036e-12	45.68604651162791	AM11	AM
1465031	1475030	1470030.5	74	NA	NA	0	1	0.996005996001	1.0000000000000036e-12	45.71621621621622	AM11	AM
1470031	1480030	1475030.5	78	NA	NA	0	1	0.996005996001	1.0000000000000036e-12	45.61538461538461	AM11	AM
1475031	1485030	1480030.5	78	NA	NA	0	1	0.996005996001	1.0000000000000036e-12	44.34615384615385	AM11	AM
1480031	1490030	1485030.5	85	NA	NA	0	1	0.996005996001	1.0000000000000036e-12	44.63529411764706	AM11	AM
1485031	1495030	1490030.5	73	NA	NA	0	1	0.996005996001	1.0000000000000036e-12	45.45205479452055	AM11	AM
1490031	1500030	1495030.5	77	22.922007619056252	0	0	1	0.996005996001	1.0000000000000036e-12	45.116883116883116	AM11	AM
1495031	1505030	1500030.5	75	22.922007619056252	0	0	1	0.996005996001	1.0000000000000036e-12	45.24	AM11	AM
1500031	1510030	1505030.5	60	31.89779818058014	NA	0	1	0.996005996001	1.0000000000000036e-12	45.53333333333333	AM11	AM
1505031	1515030	1510030.5	66	36.61858541944726	NA	0	1	0.996005996001	1.0000000000000036e-12	45.60606060606061	AM11	AM
1510031	1520030	1515030.5	70	41.339372658314375	NA	0	1	0.996005996001	1.0000000000000036e-12	45.31428571428572	AM11	AM
1515031	1525030	1520030.5	68	46.96853599395124	NA	0	1	0.996005996001	1.0000000000000036e-12	42.794117647058826	AM11	AM
31	10030	5030.5	140	NA	NA	NA	NA	NA	NA	2.45	AM12	AM
5031	15030	10030.5	118	NA	NA	NA	NA	NA	NA	2.3559322033898304	AM12	AM
10031	20030	15030.5	124	NA	NA	NA	NA	NA	NA	2.379032258064516	AM12	AM
15031	25030	20030.5	89	NA	NA	NA	NA	NA	NA	2.5842696629213484	AM12	AM
20031	30030	25030.5	77	NA	NA	NA	NA	NA	NA	2.5844155844155843	AM12	AM
25031	35030	30030.5	108	NA	NA	NA	NA	NA	NA	2.564814814814815	AM12	AM
30031	40030	35030.5	117	NA	NA	NA	NA	NA	NA	2.452991452991453	AM12	AM
35031	45030	40030.5	78	NA	NA	NA	NA	NA	NA	2.3333333333333335	AM12	AM
40031	50030	45030.5	80	NA	NA	NA	NA	NA	NA	2.475	AM12	AM
45031	55030	50030.5	108	NA	NA	NA	NA	NA	NA	2.509259259259259	AM12	AM
50031	60030	55030.5	110	NA	NA	NA	NA	NA	NA	2.481818181818182	AM12	AM
55031	65030	60030.5	97	NA	NA	NA	NA	NA	NA	2.515463917525773	AM12	AM
60031	70030	65030.5	96	NA	NA	NA	NA	NA	NA	2.46875	AM12	AM
65031	75030	70030.5	122	NA	NA	NA	NA	NA	NA	2.278688524590164	AM12	AM
70031	80030	75030.5	123	NA	NA	NA	NA	NA	NA	2.3333333333333335	AM12	AM
75031	85030	80030.5	90	NA	NA	NA	NA	NA	NA	2.5	AM12	AM
80031	90030	85030.5	86	NA	NA	NA	NA	NA	NA	2.488372093023256	AM12	AM
85031	95030	90030.5	106	NA	NA	NA	NA	NA	NA	2.5283018867924527	AM12	AM
90031	100030	95030.5	129	NA	NA	NA	NA	NA	NA	2.387596899224806	AM12	AM
95031	105030	100030.5	164	NA	NA	NA	NA	NA	NA	2.3841463414634148	AM12	AM
100031	110030	105030.5	134	NA	NA	NA	NA	NA	NA	2.5	AM12	AM
105031	115030	110030.5	88	NA	NA	NA	NA	NA	NA	2.534090909090909	AM12	AM
110031	120030	115030.5	99	NA	NA	NA	NA	NA	NA	2.5555555555555554	AM12	AM
115031	125030	120030.5	99	NA	NA	NA	NA	NA	NA	2.6262626262626263	AM12	AM
120031	130030	125030.5	67	NA	NA	NA	NA	NA	NA	2.6865671641791047	AM12	AM
125031	135030	130030.5	88	NA	NA	NA	NA	NA	NA	2.534090909090909	AM12	AM
130031	140030	135030.5	118	NA	NA	NA	NA	NA	NA	2.5762711864406778	AM12	AM
135031	145030	140030.5	96	NA	NA	NA	NA	NA	NA	2.5104166666666665	AM12	AM
140031	150030	145030.5	138	NA	NA	NA	NA	NA	NA	2.427536231884058	AM12	AM
145031	155030	150030.5	214	NA	NA	NA	NA	NA	NA	2.2990654205607477	AM12	AM
150031	160030	155030.5	199	NA	NA	NA	NA	NA	NA	2.336683417085427	AM12	AM
155031	165030	160030.5	131	NA	NA	NA	NA	NA	NA	2.6030534351145036	AM12	AM
160031	170030	165030.5	95	NA	NA	NA	NA	NA	NA	2.6210526315789475	AM12	AM
165031	175030	170030.5	87	NA	NA	NA	NA	NA	NA	2.5517241379310347	AM12	AM
170031	180030	175030.5	81	NA	NA	NA	NA	NA	NA	2.567901234567901	AM12	AM
175031	185030	180030.5	94	NA	NA	NA	NA	NA	NA	2.5	AM12	AM
180031	190030	185030.5	112	NA	NA	NA	NA	NA	NA	2.4017857142857144	AM12	AM
185031	195030	190030.5	101	NA	NA	NA	NA	NA	NA	2.5445544554455446	AM12	AM
190031	200030	195030.5	80	NA	NA	NA	NA	NA	NA	2.4875	AM12	AM
195031	205030	200030.5	113	NA	NA	NA	NA	NA	NA	2.4867256637168142	AM12	AM
200031	210030	205030.5	114	NA	NA	NA	NA	NA	NA	2.5526315789473686	AM12	AM
205031	215030	210030.5	91	NA	NA	NA	NA	NA	NA	2.4725274725274726	AM12	AM
210031	220030	215030.5	103	NA	NA	NA	NA	NA	NA	2.5145631067961167	AM12	AM
215031	225030	220030.5	109	NA	NA	NA	NA	NA	NA	2.614678899082569	AM12	AM
220031	230030	225030.5	84	NA	NA	NA	NA	NA	NA	2.6547619047619047	AM12	AM
225031	235030	230030.5	51	NA	NA	NA	NA	NA	NA	2.5686274509803924	AM12	AM
230031	240030	235030.5	89	NA	NA	NA	NA	NA	NA	2.3707865168539324	AM12	AM
235031	245030	240030.5	105	NA	NA	NA	NA	NA	NA	2.342857142857143	AM12	AM
240031	250030	245030.5	100	NA	NA	NA	NA	NA	NA	2.49	AM12	AM
245031	255030	250030.5	99	NA	NA	NA	NA	NA	NA	2.5353535353535355	AM12	AM
250031	260030	255030.5	98	NA	NA	NA	NA	NA	NA	2.4693877551020407	AM12	AM
255031	265030	260030.5	104	NA	NA	NA	NA	NA	NA	2.4615384615384617	AM12	AM
260031	270030	265030.5	87	NA	NA	NA	NA	NA	NA	2.4942528735632186	AM12	AM
265031	275030	270030.5	80	NA	NA	NA	NA	NA	NA	2.575	AM12	AM
270031	280030	275030.5	82	NA	NA	NA	NA	NA	NA	2.548780487804878	AM12	AM
275031	285030	280030.5	87	NA	NA	NA	NA	NA	NA	2.471264367816092	AM12	AM
280031	290030	285030.5	86	NA	NA	NA	NA	NA	NA	2.5813953488372094	AM12	AM
285031	295030	290030.5	91	NA	NA	NA	NA	NA	NA	2.4835164835164836	AM12	AM
290031	300030	295030.5	99	NA	NA	NA	NA	NA	NA	2.323232323232323	AM12	AM
295031	305030	300030.5	142	NA	NA	NA	NA	NA	NA	2.443661971830986	AM12	AM
300031	310030	305030.5	134	NA	NA	NA	NA	NA	NA	2.4776119402985075	AM12	AM
305031	315030	310030.5	90	NA	NA	NA	NA	NA	NA	2.477777777777778	AM12	AM
310031	320030	315030.5	131	NA	NA	NA	NA	NA	NA	2.5343511450381677	AM12	AM
315031	325030	320030.5	121	NA	NA	NA	NA	NA	NA	2.5454545454545454	AM12	AM
320031	330030	325030.5	92	NA	NA	NA	NA	NA	NA	2.5543478260869565	AM12	AM
325031	335030	330030.5	108	NA	NA	NA	NA	NA	NA	2.4722222222222223	AM12	AM
330031	340030	335030.5	99	NA	NA	NA	NA	NA	NA	2.414141414141414	AM12	AM
335031	345030	340030.5	84	NA	NA	NA	NA	NA	NA	2.511904761904762	AM12	AM
340031	350030	345030.5	67	NA	NA	NA	NA	NA	NA	2.611940298507463	AM12	AM
345031	355030	350030.5	34	NA	NA	NA	NA	NA	NA	2.5294117647058822	AM12	AM
350031	360030	355030.5	8	NA	NA	NA	NA	NA	NA	1.875	AM12	AM
355031	365030	360030.5	7	NA	NA	NA	NA	NA	NA	1.4285714285714286	AM12	AM
360031	370030	365030.5	13	NA	NA	NA	NA	NA	NA	1.6153846153846154	AM12	AM
365031	375030	370030.5	54	NA	NA	NA	NA	NA	NA	2.0925925925925926	AM12	AM
370031	380030	375030.5	89	NA	NA	NA	NA	NA	NA	2.168539325842697	AM12	AM
375031	385030	380030.5	75	NA	NA	NA	NA	NA	NA	2.36	AM12	AM
380031	390030	385030.5	67	NA	NA	NA	NA	NA	NA	2.5671641791044775	AM12	AM
385031	395030	390030.5	81	NA	NA	NA	NA	NA	NA	2.5555555555555554	AM12	AM
390031	400030	395030.5	81	NA	NA	NA	NA	NA	NA	2.5308641975308643	AM12	AM
395031	405030	400030.5	80	NA	NA	NA	NA	NA	NA	2.4375	AM12	AM
400031	410030	405030.5	99	NA	NA	NA	NA	NA	NA	2.4545454545454546	AM12	AM
405031	415030	410030.5	87	NA	NA	NA	NA	NA	NA	2.4597701149425286	AM12	AM
410031	420030	415030.5	67	NA	NA	NA	NA	NA	NA	2.4328358208955225	AM12	AM
415031	425030	420030.5	78	NA	NA	NA	NA	NA	NA	2.5256410256410255	AM12	AM
420031	430030	425030.5	91	NA	NA	NA	NA	NA	NA	2.5714285714285716	AM12	AM
425031	435030	430030.5	96	NA	NA	NA	NA	NA	NA	2.5104166666666665	AM12	AM
430031	440030	435030.5	96	NA	NA	NA	NA	NA	NA	2.40625	AM12	AM
435031	445030	440030.5	93	NA	NA	NA	NA	NA	NA	2.5268817204301075	AM12	AM
440031	450030	445030.5	80	NA	NA	NA	NA	NA	NA	2.8	AM12	AM
445031	455030	450030.5	75	NA	NA	NA	NA	NA	NA	2.76	AM12	AM
450031	460030	455030.5	96	NA	NA	NA	NA	NA	NA	2.5104166666666665	AM12	AM
455031	465030	460030.5	93	NA	NA	NA	NA	NA	NA	2.3978494623655915	AM12	AM
460031	470030	465030.5	97	NA	NA	NA	NA	NA	NA	2.4329896907216493	AM12	AM
465031	475030	470030.5	85	NA	NA	NA	NA	NA	NA	2.4941176470588236	AM12	AM
470031	480030	475030.5	61	NA	NA	NA	NA	NA	NA	2.5245901639344264	AM12	AM
475031	485030	480030.5	77	NA	NA	NA	NA	NA	NA	2.5324675324675323	AM12	AM
480031	490030	485030.5	54	NA	NA	NA	NA	NA	NA	2.462962962962963	AM12	AM
485031	495030	490030.5	40	NA	NA	NA	NA	NA	NA	2.4	AM12	AM
490031	500030	495030.5	54	NA	NA	NA	NA	NA	NA	2.4814814814814814	AM12	AM
495031	505030	500030.5	65	NA	NA	NA	NA	NA	NA	2.4923076923076923	AM12	AM
500031	510030	505030.5	74	NA	NA	NA	NA	NA	NA	2.472972972972973	AM12	AM
505031	515030	510030.5	83	NA	NA	NA	NA	NA	NA	2.433734939759036	AM12	AM
510031	520030	515030.5	77	NA	NA	NA	NA	NA	NA	2.4935064935064934	AM12	AM
515031	525030	520030.5	59	NA	NA	NA	NA	NA	NA	2.5254237288135593	AM12	AM
520031	530030	525030.5	71	NA	NA	NA	NA	NA	NA	2.3661971830985915	AM12	AM
525031	535030	530030.5	76	NA	NA	NA	NA	NA	NA	2.3157894736842106	AM12	AM
530031	540030	535030.5	72	NA	NA	NA	NA	NA	NA	2.4583333333333335	AM12	AM
535031	545030	540030.5	82	NA	NA	NA	NA	NA	NA	2.4390243902439024	AM12	AM
540031	550030	545030.5	97	NA	NA	NA	NA	NA	NA	2.4742268041237114	AM12	AM
545031	555030	550030.5	95	NA	NA	NA	NA	NA	NA	2.536842105263158	AM12	AM
550031	560030	555030.5	63	NA	NA	NA	NA	NA	NA	2.4126984126984126	AM12	AM
555031	565030	560030.5	46	NA	NA	NA	NA	NA	NA	2.369565217391304	AM12	AM
560031	570030	565030.5	73	NA	NA	NA	NA	NA	NA	2.4657534246575343	AM12	AM
565031	575030	570030.5	109	NA	NA	NA	NA	NA	NA	2.5045871559633026	AM12	AM
570031	580030	575030.5	102	NA	NA	NA	NA	NA	NA	2.4019607843137254	AM12	AM
575031	585030	580030.5	67	NA	NA	NA	NA	NA	NA	2.3134328358208953	AM12	AM
580031	590030	585030.5	70	NA	NA	NA	NA	NA	NA	2.342857142857143	AM12	AM
585031	595030	590030.5	79	NA	NA	NA	NA	NA	NA	2.4050632911392404	AM12	AM
590031	600030	595030.5	71	NA	NA	NA	NA	NA	NA	2.492957746478873	AM12	AM
595031	605030	600030.5	86	NA	NA	NA	NA	NA	NA	2.5697674418604652	AM12	AM
600031	610030	605030.5	114	NA	NA	NA	NA	NA	NA	2.5964912280701755	AM12	AM
605031	615030	610030.5	118	NA	NA	NA	NA	NA	NA	2.4745762711864407	AM12	AM
610031	620030	615030.5	107	NA	NA	NA	NA	NA	NA	2.364485981308411	AM12	AM
615031	625030	620030.5	100	NA	NA	NA	NA	NA	NA	2.31	AM12	AM
620031	630030	625030.5	101	NA	NA	NA	NA	NA	NA	2.4752475247524752	AM12	AM
625031	635030	630030.5	112	NA	NA	NA	NA	NA	NA	2.5714285714285716	AM12	AM
630031	640030	635030.5	79	NA	NA	NA	NA	NA	NA	2.5063291139240507	AM12	AM
635031	645030	640030.5	41	NA	NA	NA	NA	NA	NA	2.3902439024390243	AM12	AM
640031	650030	645030.5	57	NA	NA	NA	NA	NA	NA	2.4210526315789473	AM12	AM
645031	655030	650030.5	63	NA	NA	NA	NA	NA	NA	2.5714285714285716	AM12	AM
650031	660030	655030.5	64	NA	NA	NA	NA	NA	NA	2.5	AM12	AM
655031	665030	660030.5	63	NA	NA	NA	NA	NA	NA	2.4285714285714284	AM12	AM
660031	670030	665030.5	53	NA	NA	NA	NA	NA	NA	2.339622641509434	AM12	AM
665031	675030	670030.5	35	NA	NA	NA	NA	NA	NA	2.2285714285714286	AM12	AM
670031	680030	675030.5	11	NA	NA	NA	NA	NA	NA	1.9090909090909092	AM12	AM
675031	685030	680030.5	9	NA	NA	NA	NA	NA	NA	0	AM12	AM
680031	690030	685030.5	7	NA	NA	NA	NA	NA	NA	0	AM12	AM
685031	695030	690030.5	0	NA	NA	NA	NA	NA	NA	NA	AM12	AM
690031	700030	695030.5	0	NA	NA	NA	NA	NA	NA	NA	AM12	AM
695031	705030	700030.5	0	NA	NA	NA	NA	NA	NA	NA	AM12	AM
700031	710030	705030.5	16	NA	NA	NA	NA	NA	NA	2.875	AM12	AM
705031	715030	710030.5	62	NA	NA	NA	NA	NA	NA	2.693548387096774	AM12	AM
710031	720030	715030.5	107	NA	NA	NA	NA	NA	NA	2.439252336448598	AM12	AM
715031	725030	720030.5	99	NA	NA	NA	NA	NA	NA	2.3434343434343434	AM12	AM
720031	730030	725030.5	77	NA	NA	NA	NA	NA	NA	2.4285714285714284	AM12	AM
725031	735030	730030.5	74	NA	NA	NA	NA	NA	NA	2.5405405405405403	AM12	AM
730031	740030	735030.5	66	NA	NA	NA	NA	NA	NA	2.621212121212121	AM12	AM
735031	745030	740030.5	71	NA	NA	NA	NA	NA	NA	2.535211267605634	AM12	AM
740031	750030	745030.5	77	NA	NA	NA	NA	NA	NA	2.5064935064935066	AM12	AM
745031	755030	750030.5	72	NA	NA	NA	NA	NA	NA	2.5555555555555554	AM12	AM
750031	760030	755030.5	75	NA	NA	NA	NA	NA	NA	2.506666666666667	AM12	AM
755031	765030	760030.5	93	NA	NA	NA	NA	NA	NA	2.5053763440860215	AM12	AM
760031	770030	765030.5	92	NA	NA	NA	NA	NA	NA	2.5217391304347827	AM12	AM
765031	775030	770030.5	102	NA	NA	NA	NA	NA	NA	2.4411764705882355	AM12	AM
770031	780030	775030.5	98	NA	NA	NA	NA	NA	NA	2.520408163265306	AM12	AM
775031	785030	780030.5	58	NA	NA	NA	NA	NA	NA	2.6551724137931036	AM12	AM
780031	790030	785030.5	70	NA	NA	NA	NA	NA	NA	2.4714285714285715	AM12	AM
785031	795030	790030.5	87	NA	NA	NA	NA	NA	NA	2.4482758620689653	AM12	AM
790031	800030	795030.5	67	NA	NA	NA	NA	NA	NA	2.417910447761194	AM12	AM
795031	805030	800030.5	70	NA	NA	NA	NA	NA	NA	2.442857142857143	AM12	AM
800031	810030	805030.5	66	NA	NA	NA	NA	NA	NA	2.5303030303030303	AM12	AM
805031	815030	810030.5	34	NA	NA	NA	NA	NA	NA	2.4411764705882355	AM12	AM
810031	820030	815030.5	91	NA	NA	NA	NA	NA	NA	2.4725274725274726	AM12	AM
815031	825030	820030.5	109	NA	NA	NA	NA	NA	NA	2.4954128440366974	AM12	AM
820031	830030	825030.5	62	NA	NA	NA	NA	NA	NA	2.564516129032258	AM12	AM
825031	835030	830030.5	77	NA	NA	NA	NA	NA	NA	2.4415584415584415	AM12	AM
830031	840030	835030.5	78	NA	NA	NA	NA	NA	NA	2.2564102564102564	AM12	AM
835031	845030	840030.5	84	NA	NA	NA	NA	NA	NA	2.2857142857142856	AM12	AM
840031	850030	845030.5	91	NA	NA	NA	NA	NA	NA	2.4395604395604398	AM12	AM
845031	855030	850030.5	85	NA	NA	NA	NA	NA	NA	2.5058823529411764	AM12	AM
850031	860030	855030.5	94	NA	NA	NA	NA	NA	NA	2.4574468085106385	AM12	AM
855031	865030	860030.5	107	NA	NA	NA	NA	NA	NA	2.4299065420560746	AM12	AM
860031	870030	865030.5	118	NA	NA	NA	NA	NA	NA	2.3983050847457625	AM12	AM
865031	875030	870030.5	131	NA	NA	NA	NA	NA	NA	2.3053435114503817	AM12	AM
870031	880030	875030.5	100	NA	NA	NA	NA	NA	NA	2.28	AM12	AM
875031	885030	880030.5	50	NA	NA	NA	NA	NA	NA	2.4	AM12	AM
880031	890030	885030.5	29	NA	NA	NA	NA	NA	NA	2.0344827586206895	AM12	AM
885031	895030	890030.5	44	NA	NA	NA	NA	NA	NA	2.272727272727273	AM12	AM
890031	900030	895030.5	66	NA	NA	NA	NA	NA	NA	2.4242424242424243	AM12	AM
895031	905030	900030.5	39	NA	NA	NA	NA	NA	NA	1.9743589743589745	AM12	AM
900031	910030	905030.5	26	NA	NA	NA	NA	NA	NA	1.2692307692307692	AM12	AM
905031	915030	910030.5	55	NA	NA	NA	NA	NA	NA	2.2545454545454544	AM12	AM
910031	920030	915030.5	86	NA	NA	NA	NA	NA	NA	2.546511627906977	AM12	AM
915031	925030	920030.5	88	NA	NA	NA	NA	NA	NA	2.4886363636363638	AM12	AM
920031	930030	925030.5	107	NA	NA	NA	NA	NA	NA	2.439252336448598	AM12	AM
925031	935030	930030.5	119	NA	NA	NA	NA	NA	NA	2.3865546218487395	AM12	AM
930031	940030	935030.5	94	NA	NA	NA	NA	NA	NA	2.3404255319148937	AM12	AM
935031	945030	940030.5	97	NA	NA	NA	NA	NA	NA	2.443298969072165	AM12	AM
940031	950030	945030.5	99	NA	NA	NA	NA	NA	NA	2.474747474747475	AM12	AM
945031	955030	950030.5	71	NA	NA	NA	NA	NA	NA	2.3380281690140845	AM12	AM
950031	960030	955030.5	73	NA	NA	NA	NA	NA	NA	2.4383561643835616	AM12	AM
955031	965030	960030.5	66	NA	NA	NA	NA	NA	NA	2.5454545454545454	AM12	AM
960031	970030	965030.5	62	NA	NA	NA	NA	NA	NA	2.564516129032258	AM12	AM
965031	975030	970030.5	57	NA	NA	NA	NA	NA	NA	2.543859649122807	AM12	AM
970031	980030	975030.5	53	NA	NA	NA	NA	NA	NA	2.358490566037736	AM12	AM
975031	985030	980030.5	81	NA	NA	NA	NA	NA	NA	2.345679012345679	AM12	AM
980031	990030	985030.5	65	NA	NA	NA	NA	NA	NA	2.4307692307692306	AM12	AM
985031	995030	990030.5	67	NA	NA	NA	NA	NA	NA	2.5970149253731343	AM12	AM
990031	1000030	995030.5	78	NA	NA	NA	NA	NA	NA	2.5384615384615383	AM12	AM
995031	1005030	1000030.5	84	NA	NA	NA	NA	NA	NA	2.4285714285714284	AM12	AM
1000031	1010030	1005030.5	112	NA	NA	NA	NA	NA	NA	2.5	AM12	AM
1005031	1015030	1010030.5	116	NA	NA	NA	NA	NA	NA	2.5	AM12	AM
1010031	1020030	1015030.5	123	NA	NA	NA	NA	NA	NA	2.3902439024390243	AM12	AM
1015031	1025030	1020030.5	92	NA	NA	NA	NA	NA	NA	2.391304347826087	AM12	AM
1020031	1030030	1025030.5	59	NA	NA	NA	NA	NA	NA	2.4237288135593222	AM12	AM
1025031	1035030	1030030.5	64	NA	NA	NA	NA	NA	NA	2.28125	AM12	AM
1030031	1040030	1035030.5	108	NA	NA	NA	NA	NA	NA	2.3518518518518516	AM12	AM
1035031	1045030	1040030.5	134	NA	NA	NA	NA	NA	NA	2.41044776119403	AM12	AM
1040031	1050030	1045030.5	133	NA	NA	NA	NA	NA	NA	2.4511278195488724	AM12	AM
1045031	1055030	1050030.5	122	NA	NA	NA	NA	NA	NA	2.4918032786885247	AM12	AM
1050031	1060030	1055030.5	95	NA	NA	NA	NA	NA	NA	2.526315789473684	AM12	AM
1055031	1065030	1060030.5	94	NA	NA	NA	NA	NA	NA	2.4361702127659575	AM12	AM
1060031	1070030	1065030.5	71	NA	NA	NA	NA	NA	NA	2.352112676056338	AM12	AM
1065031	1075030	1070030.5	68	NA	NA	NA	NA	NA	NA	2.411764705882353	AM12	AM
1070031	1080030	1075030.5	102	NA	NA	NA	NA	NA	NA	2.372549019607843	AM12	AM
1075031	1085030	1080030.5	109	NA	NA	NA	NA	NA	NA	2.293577981651376	AM12	AM
1080031	1090030	1085030.5	98	NA	NA	NA	NA	NA	NA	2.326530612244898	AM12	AM
1085031	1095030	1090030.5	110	NA	NA	NA	NA	NA	NA	2.463636363636364	AM12	AM
1090031	1100030	1095030.5	102	NA	NA	NA	NA	NA	NA	2.4901960784313726	AM12	AM
1095031	1105030	1100030.5	94	NA	NA	NA	NA	NA	NA	2.4574468085106385	AM12	AM
1100031	1110030	1105030.5	95	NA	NA	NA	NA	NA	NA	2.4526315789473685	AM12	AM
1105031	1115030	1110030.5	79	NA	NA	NA	NA	NA	NA	2.4936708860759493	AM12	AM
1110031	1120030	1115030.5	94	NA	NA	NA	NA	NA	NA	2.5425531914893615	AM12	AM
1115031	1125030	1120030.5	97	NA	NA	NA	NA	NA	NA	2.515463917525773	AM12	AM
1120031	1130030	1125030.5	114	NA	NA	NA	NA	NA	NA	2.491228070175439	AM12	AM
1125031	1135030	1130030.5	161	NA	NA	NA	NA	NA	NA	2.5093167701863353	AM12	AM
1130031	1140030	1135030.5	147	NA	NA	NA	NA	NA	NA	2.3877551020408165	AM12	AM
1135031	1145030	1140030.5	120	NA	NA	NA	NA	NA	NA	2.3333333333333335	AM12	AM
1140031	1150030	1145030.5	107	NA	NA	NA	NA	NA	NA	2.4485981308411215	AM12	AM
1145031	1155030	1150030.5	98	NA	NA	NA	NA	NA	NA	2.36734693877551	AM12	AM
1150031	1160030	1155030.5	97	NA	NA	NA	NA	NA	NA	2.4536082474226806	AM12	AM
1155031	1165030	1160030.5	98	NA	NA	NA	NA	NA	NA	2.510204081632653	AM12	AM
1160031	1170030	1165030.5	109	NA	NA	NA	NA	NA	NA	2.4403669724770642	AM12	AM
1165031	1175030	1170030.5	123	NA	NA	NA	NA	NA	NA	2.4796747967479673	AM12	AM
1170031	1180030	1175030.5	108	NA	NA	NA	NA	NA	NA	2.435185185185185	AM12	AM
1175031	1185030	1180030.5	85	NA	NA	NA	NA	NA	NA	1.388235294117647	AM12	AM
1180031	1190030	1185030.5	59	NA	NA	NA	NA	NA	NA	0.1864406779661017	AM12	AM
1185031	1195030	1190030.5	62	NA	NA	NA	NA	NA	NA	0.5161290322580645	AM12	AM
1190031	1200030	1195030.5	90	NA	NA	NA	NA	NA	NA	1.6888888888888889	AM12	AM
1195031	1205030	1200030.5	110	NA	NA	NA	NA	NA	NA	2.5636363636363635	AM12	AM
1200031	1210030	1205030.5	132	NA	NA	NA	NA	NA	NA	2.5606060606060606	AM12	AM
1205031	1215030	1210030.5	113	NA	NA	NA	NA	NA	NA	2.47787610619469	AM12	AM
1210031	1220030	1215030.5	72	NA	NA	NA	NA	NA	NA	2.4305555555555554	AM12	AM
1215031	1225030	1220030.5	81	NA	NA	NA	NA	NA	NA	2.345679012345679	AM12	AM
1220031	1230030	1225030.5	103	NA	NA	NA	NA	NA	NA	2.3300970873786406	AM12	AM
1225031	1235030	1230030.5	89	NA	NA	NA	NA	NA	NA	2.550561797752809	AM12	AM
1230031	1240030	1235030.5	89	NA	NA	NA	NA	NA	NA	2.7191011235955056	AM12	AM
1235031	1245030	1240030.5	111	NA	NA	NA	NA	NA	NA	2.5405405405405403	AM12	AM
1240031	1250030	1245030.5	128	NA	NA	NA	NA	NA	NA	2.4453125	AM12	AM
1245031	1255030	1250030.5	121	NA	NA	NA	NA	NA	NA	2.43801652892562	AM12	AM
1250031	1260030	1255030.5	131	NA	NA	NA	NA	NA	NA	2.4580152671755724	AM12	AM
1255031	1265030	1260030.5	110	NA	NA	NA	NA	NA	NA	2.463636363636364	AM12	AM
1260031	1270030	1265030.5	110	NA	NA	NA	NA	NA	NA	2.418181818181818	AM12	AM
1265031	1275030	1270030.5	144	NA	NA	NA	NA	NA	NA	2.548611111111111	AM12	AM
1270031	1280030	1275030.5	138	NA	NA	NA	NA	NA	NA	2.5144927536231885	AM12	AM
1275031	1285030	1280030.5	134	NA	NA	NA	NA	NA	NA	2.3358208955223883	AM12	AM
1280031	1290030	1285030.5	100	NA	NA	NA	NA	NA	NA	2.37	AM12	AM
1285031	1295030	1290030.5	82	NA	NA	NA	NA	NA	NA	2.6219512195121952	AM12	AM
1290031	1300030	1295030.5	104	NA	NA	NA	NA	NA	NA	2.625	AM12	AM
1295031	1305030	1300030.5	99	NA	NA	NA	NA	NA	NA	2.525252525252525	AM12	AM
1300031	1310030	1305030.5	83	NA	NA	NA	NA	NA	NA	2.433734939759036	AM12	AM
1305031	1315030	1310030.5	71	NA	NA	NA	NA	NA	NA	2.436619718309859	AM12	AM
1310031	1320030	1315030.5	66	NA	NA	NA	NA	NA	NA	2.4545454545454546	AM12	AM
1315031	1325030	1320030.5	94	NA	NA	NA	NA	NA	NA	2.4468085106382977	AM12	AM
1320031	1330030	1325030.5	105	NA	NA	NA	NA	NA	NA	2.4571428571428573	AM12	AM
1325031	1335030	1330030.5	93	NA	NA	NA	NA	NA	NA	2.4946236559139785	AM12	AM
1330031	1340030	1335030.5	79	NA	NA	NA	NA	NA	NA	2.481012658227848	AM12	AM
1335031	1345030	1340030.5	93	NA	NA	NA	NA	NA	NA	2.3763440860215055	AM12	AM
1340031	1350030	1345030.5	102	NA	NA	NA	NA	NA	NA	2.411764705882353	AM12	AM
1345031	1355030	1350030.5	68	NA	NA	NA	NA	NA	NA	2.5441176470588234	AM12	AM
1350031	1360030	1355030.5	55	NA	NA	NA	NA	NA	NA	2.618181818181818	AM12	AM
1355031	1365030	1360030.5	79	NA	NA	NA	NA	NA	NA	2.5949367088607596	AM12	AM
1360031	1370030	1365030.5	72	NA	NA	NA	NA	NA	NA	2.5694444444444446	AM12	AM
1365031	1375030	1370030.5	54	NA	NA	NA	NA	NA	NA	2.5185185185185186	AM12	AM
1370031	1380030	1375030.5	77	NA	NA	NA	NA	NA	NA	2.5714285714285716	AM12	AM
1375031	1385030	1380030.5	104	NA	NA	NA	NA	NA	NA	2.6153846153846154	AM12	AM
1380031	1390030	1385030.5	105	NA	NA	NA	NA	NA	NA	2.6	AM12	AM
1385031	1395030	1390030.5	101	NA	NA	NA	NA	NA	NA	2.5445544554455446	AM12	AM
1390031	1400030	1395030.5	109	NA	NA	NA	NA	NA	NA	2.4862385321100917	AM12	AM
1395031	1405030	1400030.5	96	NA	NA	NA	NA	NA	NA	2.4375	AM12	AM
1400031	1410030	1405030.5	83	NA	NA	NA	NA	NA	NA	2.4457831325301207	AM12	AM
1405031	1415030	1410030.5	82	NA	NA	NA	NA	NA	NA	2.3658536585365852	AM12	AM
1410031	1420030	1415030.5	101	NA	NA	NA	NA	NA	NA	2.514851485148515	AM12	AM
1415031	1425030	1420030.5	119	NA	NA	NA	NA	NA	NA	2.672268907563025	AM12	AM
1420031	1430030	1425030.5	115	NA	NA	NA	NA	NA	NA	2.5304347826086957	AM12	AM
1425031	1435030	1430030.5	94	NA	NA	NA	NA	NA	NA	2.478723404255319	AM12	AM
1430031	1440030	1435030.5	73	NA	NA	NA	NA	NA	NA	2.5205479452054793	AM12	AM
1435031	1445030	1440030.5	73	NA	NA	NA	NA	NA	NA	2.493150684931507	AM12	AM
1440031	1450030	1445030.5	59	NA	NA	NA	NA	NA	NA	2.5762711864406778	AM12	AM
1445031	1455030	1450030.5	61	NA	NA	NA	NA	NA	NA	2.540983606557377	AM12	AM
1450031	1460030	1455030.5	88	NA	NA	NA	NA	NA	NA	2.5454545454545454	AM12	AM
1455031	1465030	1460030.5	106	NA	NA	NA	NA	NA	NA	2.4716981132075473	AM12	AM
1460031	1470030	1465030.5	86	NA	NA	NA	NA	NA	NA	2.4767441860465116	AM12	AM
1465031	1475030	1470030.5	74	NA	NA	NA	NA	NA	NA	2.6216216216216215	AM12	AM
1470031	1480030	1475030.5	78	NA	NA	NA	NA	NA	NA	2.5128205128205128	AM12	AM
1475031	1485030	1480030.5	78	NA	NA	NA	NA	NA	NA	2.5256410256410255	AM12	AM
1480031	1490030	1485030.5	85	NA	NA	NA	NA	NA	NA	2.447058823529412	AM12	AM
1485031	1495030	1490030.5	73	NA	NA	NA	NA	NA	NA	2.3698630136986303	AM12	AM
1490031	1500030	1495030.5	77	NA	NA	NA	NA	NA	NA	2.5844155844155843	AM12	AM
1495031	1505030	1500030.5	75	NA	NA	NA	NA	NA	NA	2.6533333333333333	AM12	AM
1500031	1510030	1505030.5	60	NA	NA	NA	NA	NA	NA	2.6	AM12	AM
1505031	1515030	1510030.5	66	NA	NA	NA	NA	NA	NA	2.4393939393939394	AM12	AM
1510031	1520030	1515030.5	70	NA	NA	NA	NA	NA	NA	2.4714285714285715	AM12	AM
1515031	1525030	1520030.5	68	NA	NA	NA	NA	NA	NA	2.6323529411764706	AM12	AM
31	10030	5030.5	140	1226.4514490041581	0	0	1	0.996005996001	1.0000000000000036e-12	52.292857142857144	AM2	AM
5031	15030	10030.5	118	58.290835573461486	NA	0	1	0.996005996001	1.0000000000000036e-12	59.90677966101695	AM2	AM
10031	20030	15030.5	124	58.290835573461486	NA	0	1	0.996005996001	1.0000000000000036e-12	60.12096774193548	AM2	AM
15031	25030	20030.5	89	NA	NA	0	1	0.996005996001	1.0000000000000036e-12	60.53932584269663	AM2	AM
20031	30030	25030.5	77	NA	NA	0	1	0.996005996001	1.0000000000000036e-12	60.44155844155844	AM2	AM
25031	35030	30030.5	108	NA	NA	0	1	0.996005996001	1.0000000000000036e-12	60.907407407407405	AM2	AM
30031	40030	35030.5	117	NA	NA	0	1	0.996005996001	1.0000000000000036e-12	61.12820512820513	AM2	AM
35031	45030	40030.5	78	62.976441678964356	NA	0	1	0.996005996001	1.0000000000000036e-12	61.17948717948718	AM2	AM
40031	50030	45030.5	80	62.976441678964356	NA	0	1	0.996005996001	1.0000000000000036e-12	60.45	AM2	AM
45031	55030	50030.5	108	NA	NA	0	1	0.996005996001	1.0000000000000036e-12	60.629629629629626	AM2	AM
50031	60030	55030.5	110	NA	NA	0	1	0.996005996001	1.0000000000000036e-12	60.06363636363636	AM2	AM
55031	65030	60030.5	97	61.905294384209995	NA	0	1	0.996005996001	1.0000000000000036e-12	59.7319587628866	AM2	AM
60031	70030	65030.5	96	61.905294384209995	NA	0	1	0.996005996001	1.0000000000000036e-12	60.65625	AM2	AM
65031	75030	70030.5	122	NA	NA	0	1	0.996005996001	1.0000000000000036e-12	60.60655737704918	AM2	AM
70031	80030	75030.5	123	NA	NA	0	1	0.996005996001	1.0000000000000036e-12	61.03252032520325	AM2	AM
75031	85030	80030.5	90	NA	NA	0	1	0.996005996001	1.0000000000000036e-12	61.13333333333333	AM2	AM
80031	90030	85030.5	86	60.97567775496628	NA	0	1	0.996005996001	1.0000000000000036e-12	61.093023255813954	AM2	AM
85031	95030	90030.5	106	60.94968270385993	NA	0	1	0.996005996001	1.0000000000000036e-12	58.91509433962264	AM2	AM
90031	100030	95030.5	129	61.41449101848178	NA	0	1	0.996005996001	1.0000000000000036e-12	58.325581395348834	AM2	AM
95031	105030	100030.5	164	138.67823786069383	2.9051010063985867	0	1	0.996005996001	1.0000000000000036e-12	59.65243902439025	AM2	AM
100031	110030	105030.5	134	138.71362357387062	2.9051010063985867	0	1	0.996005996001	1.0000000000000036e-12	60.03731343283582	AM2	AM
105031	115030	110030.5	88	61.97606581056358	3.3219370817091103	0	1	0.996005996001	1.0000000000000036e-12	60.64772727272727	AM2	AM
110031	120030	115030.5	99	145.73860479075142	3.3219370817091103	0	1	0.996005996001	1.0000000000000036e-12	60.666666666666664	AM2	AM
115031	125030	120030.5	99	61.905294384209995	NA	0	1	0.996005996001	1.0000000000000036e-12	61.01010101010101	AM2	AM
120031	130030	125030.5	67	61.905294384209995	NA	0	1	0.996005996001	1.0000000000000036e-12	61.53731343283582	AM2	AM
125031	135030	130030.5	88	NA	NA	0	1	0.996005996001	1.0000000000000036e-12	61.23863636363637	AM2	AM
130031	140030	135030.5	118	NA	NA	0	1	0.996005996001	1.0000000000000036e-12	60.432203389830505	AM2	AM
135031	145030	140030.5	96	55.97353209559493	NA	0	1	0.996005996001	1.0000000000000036e-12	60.385416666666664	AM2	AM
140031	150030	145030.5	138	55.97353209559493	NA	0	1	0.996005996001	1.0000000000000036e-12	61.27536231884058	AM2	AM
145031	155030	150030.5	214	NA	NA	0	1	0.996005996001	1.0000000000000036e-12	60.981308411214954	AM2	AM
150031	160030	155030.5	199	NA	NA	0	1	0.996005996001	1.0000000000000036e-12	60.834170854271356	AM2	AM
155031	165030	160030.5	131	NA	NA	0	1	0.996005996001	1.0000000000000036e-12	60.93893129770992	AM2	AM
160031	170030	165030.5	95	NA	NA	0	1	0.996005996001	1.0000000000000036e-12	60.873684210526314	AM2	AM
165031	175030	170030.5	87	NA	NA	0	1	0.996005996001	1.0000000000000036e-12	60.839080459770116	AM2	AM
170031	180030	175030.5	81	NA	NA	0	1	0.996005996001	1.0000000000000036e-12	60.77777777777778	AM2	AM
175031	185030	180030.5	94	NA	NA	0	1	0.996005996001	1.0000000000000036e-12	60.62765957446808	AM2	AM
180031	190030	185030.5	112	60.92368765275358	NA	0	1	0.996005996001	1.0000000000000036e-12	60.61607142857143	AM2	AM
185031	195030	190030.5	101	60.92368765275358	NA	0	1	0.996005996001	1.0000000000000036e-12	60.851485148514854	AM2	AM
190031	200030	195030.5	80	NA	NA	0	1	0.996005996001	1.0000000000000036e-12	60.75	AM2	AM
195031	205030	200030.5	113	NA	NA	0	1	0.996005996001	1.0000000000000036e-12	59.902654867256636	AM2	AM
200031	210030	205030.5	114	61.97606581056358	NA	0	1	0.996005996001	1.0000000000000036e-12	59.64035087719298	AM2	AM
205031	215030	210030.5	91	61.97606581056358	NA	0	1	0.996005996001	1.0000000000000036e-12	60.120879120879124	AM2	AM
210031	220030	215030.5	103	59.93343250824762	NA	0	1	0.996005996001	1.0000000000000036e-12	60.9126213592233	AM2	AM
215031	225030	220030.5	109	60.94557496346061	0.15236015851242204	0	1	0.996005996001	1.0000000000000036e-12	60.69724770642202	AM2	AM
220031	230030	225030.5	84	181.8410858036281	0.15236015851242204	0	1	0.996005996001	1.0000000000000036e-12	60.357142857142854	AM2	AM
225031	235030	230030.5	51	60.97567775496628	NA	0	1	0.996005996001	1.0000000000000036e-12	61.03921568627451	AM2	AM
230031	240030	235030.5	89	60.06542581480235	NA	0	1	0.996005996001	1.0000000000000036e-12	60.8876404494382	AM2	AM
235031	245030	240030.5	105	60.06542581480235	NA	0	1	0.996005996001	1.0000000000000036e-12	60.838095238095235	AM2	AM
240031	250030	245030.5	100	NA	NA	0	1	0.996005996001	1.0000000000000036e-12	61.12	AM2	AM
245031	255030	250030.5	99	NA	NA	0	1	0.996005996001	1.0000000000000036e-12	61.09090909090909	AM2	AM
250031	260030	255030.5	98	NA	NA	0	1	0.996005996001	1.0000000000000036e-12	60.795918367346935	AM2	AM
255031	265030	260030.5	104	NA	NA	0	1	0.996005996001	1.0000000000000036e-12	60.82692307692308	AM2	AM
260031	270030	265030.5	87	NA	NA	0	1	0.996005996001	1.0000000000000036e-12	60.724137931034484	AM2	AM
265031	275030	270030.5	80	52.97141809559014	NA	0	1	0.996005996001	1.0000000000000036e-12	60.5125	AM2	AM
270031	280030	275030.5	82	52.97141809559014	NA	0	1	0.996005996001	1.0000000000000036e-12	60.69512195121951	AM2	AM
275031	285030	280030.5	87	59.97527690972221	NA	0	1	0.996005996001	1.0000000000000036e-12	59.367816091954026	AM2	AM
280031	290030	285030.5	86	59.97527690972221	NA	0	1	0.996005996001	1.0000000000000036e-12	58.2093023255814	AM2	AM
285031	295030	290030.5	91	53.68434406439935	NA	0	1	0.996005996001	1.0000000000000036e-12	59.21978021978022	AM2	AM
290031	300030	295030.5	99	57.794819224304675	NA	0	1	0.996005996001	1.0000000000000036e-12	60.282828282828284	AM2	AM
295031	305030	300030.5	142	61.905294384209995	NA	0	1	0.996005996001	1.0000000000000036e-12	60.82394366197183	AM2	AM
300031	310030	305030.5	134	NA	NA	0	1	0.996005996001	1.0000000000000036e-12	60.97014925373134	AM2	AM
305031	315030	310030.5	90	58.974862632012034	NA	0	1	0.996005996001	1.0000000000000036e-12	59.63333333333333	AM2	AM
310031	320030	315030.5	131	58.974862632012034	NA	0	1	0.996005996001	1.0000000000000036e-12	59.76335877862596	AM2	AM
315031	325030	320030.5	121	56.36995084426628	NA	0	1	0.996005996001	1.0000000000000036e-12	60.1900826446281	AM2	AM
320031	330030	325030.5	92	57.01286841222091	NA	0	1	0.996005996001	1.0000000000000036e-12	58.608695652173914	AM2	AM
325031	335030	330030.5	108	59.31573186757091	NA	0	1	0.996005996001	1.0000000000000036e-12	57.898148148148145	AM2	AM
330031	340030	335030.5	99	60.97567775496628	NA	0	1	0.996005996001	1.0000000000000036e-12	59.111111111111114	AM2	AM
335031	345030	340030.5	84	46.1347748860736	0	0	1	0.996005996001	1.0000000000000036e-12	60.5	AM2	AM
340031	350030	345030.5	67	46.1347748860736	0	0	1	0.996005996001	1.0000000000000036e-12	59.8955223880597	AM2	AM
345031	355030	350030.5	34	NA	NA	0	1	0.996005996001	1.0000000000000036e-12	52.64705882352941	AM2	AM
350031	360030	355030.5	8	NA	NA	0	1	0.996005996001	1.0000000000000036e-12	22.625	AM2	AM
355031	365030	360030.5	7	NA	NA	0	1	0.996005996001	1.0000000000000036e-12	36.57142857142857	AM2	AM
360031	370030	365030.5	13	NA	NA	0	1	0.996005996001	1.0000000000000036e-12	24	AM2	AM
365031	375030	370030.5	54	58.44700710822246	NA	0	1	0.996005996001	1.0000000000000036e-12	45.27777777777778	AM2	AM
370031	380030	375030.5	89	58.44700710822246	NA	0	1	0.996005996001	1.0000000000000036e-12	54.146067415730336	AM2	AM
375031	385030	380030.5	75	NA	NA	0	1	0.996005996001	1.0000000000000036e-12	59.24	AM2	AM
380031	390030	385030.5	67	NA	NA	0	1	0.996005996001	1.0000000000000036e-12	60.507462686567166	AM2	AM
385031	395030	390030.5	81	NA	NA	0	1	0.996005996001	1.0000000000000036e-12	60.46913580246913	AM2	AM
390031	400030	395030.5	81	33.92844955003801	NA	0	1	0.996005996001	1.0000000000000036e-12	60.111111111111114	AM2	AM
395031	405030	400030.5	80	33.92844955003801	NA	0	1	0.996005996001	1.0000000000000036e-12	60.1375	AM2	AM
400031	410030	405030.5	99	NA	NA	0	1	0.996005996001	1.0000000000000036e-12	60.878787878787875	AM2	AM
405031	415030	410030.5	87	33.95674263433747	0.04670358383867311	0	1	0.996005996001	1.0000000000000036e-12	60.05747126436781	AM2	AM
410031	420030	415030.5	67	33.95674263433747	0.04670358383867311	0	1	0.996005996001	1.0000000000000036e-12	59.223880597014926	AM2	AM
415031	425030	420030.5	78	NA	NA	0	1	0.996005996001	1.0000000000000036e-12	60.01282051282051	AM2	AM
420031	430030	425030.5	91	NA	NA	0	1	0.996005996001	1.0000000000000036e-12	60.1978021978022	AM2	AM
425031	435030	430030.5	96	NA	NA	0	1	0.996005996001	1.0000000000000036e-12	60.302083333333336	AM2	AM
430031	440030	435030.5	96	62.976441678964356	NA	0	1	0.996005996001	1.0000000000000036e-12	60.5625	AM2	AM
435031	445030	440030.5	93	57.058824830968966	40.80604274967732	0	1	0.996005996001	1.0000000000000036e-12	60.236559139784944	AM2	AM
440031	450030	445030.5	80	57.058824830968966	20.420479769289713	0	1	0.996005996001	1.0000000000000036e-12	60.2625	AM2	AM
445031	455030	450030.5	75	775.8775432990461	0.034916788902108455	0	1	0.996005996001	1.0000000000000036e-12	60.626666666666665	AM2	AM
450031	460030	455030.5	96	NA	NA	0	1	0.996005996001	1.0000000000000036e-12	60.697916666666664	AM2	AM
455031	465030	460030.5	93	NA	NA	0	1	0.996005996001	1.0000000000000036e-12	61.01075268817204	AM2	AM
460031	470030	465030.5	97	NA	NA	0	1	0.996005996001	1.0000000000000036e-12	60.76288659793814	AM2	AM
465031	475030	470030.5	85	62.906765528080726	NA	0	1	0.996005996001	1.0000000000000036e-12	60.71764705882353	AM2	AM
470031	480030	475030.5	61	62.906765528080726	28.639517877877218	0	1	0.996005996001	1.0000000000000036e-12	61.14754098360656	AM2	AM
475031	485030	480030.5	77	60.92368765275358	28.639517877877218	0	1	0.996005996001	1.0000000000000036e-12	61.44155844155844	AM2	AM
480031	490030	485030.5	54	58.7072180558074	NA	0	1	0.996005996001	1.0000000000000036e-12	61.31481481481482	AM2	AM
485031	495030	490030.5	40	62.976441678964356	NA	0	1	0.996005996001	1.0000000000000036e-12	60.825	AM2	AM
490031	500030	495030.5	54	62.976441678964356	NA	0	1	0.996005996001	1.0000000000000036e-12	61	AM2	AM
495031	505030	500030.5	65	NA	NA	0	1	0.996005996001	1.0000000000000036e-12	60.50769230769231	AM2	AM
500031	510030	505030.5	74	NA	NA	0	1	0.996005996001	1.0000000000000036e-12	60.027027027027025	AM2	AM
505031	515030	510030.5	83	59.97527690972221	NA	0	1	0.996005996001	1.0000000000000036e-12	59.69879518072289	AM2	AM
510031	520030	515030.5	77	59.97527690972221	13.505473585303708	0	1	0.996005996001	1.0000000000000036e-12	60.246753246753244	AM2	AM
515031	525030	520030.5	59	59.47505599508739	13.505473585303708	0	1	0.996005996001	1.0000000000000036e-12	61.49152542372882	AM2	AM
520031	530030	525030.5	71	59.47505599508739	NA	0	1	0.996005996001	1.0000000000000036e-12	61.2112676056338	AM2	AM
525031	535030	530030.5	76	25.355092926789368	0	0	1	0.996005996001	1.0000000000000036e-12	60.421052631578945	AM2	AM
530031	540030	535030.5	72	41.46768718947787	0	0	1	0.996005996001	1.0000000000000036e-12	60.166666666666664	AM2	AM
535031	545030	540030.5	82	57.58028145216637	0	0	1	0.996005996001	1.0000000000000036e-12	60.51219512195122	AM2	AM
540031	550030	545030.5	97	NA	NA	0	1	0.996005996001	1.0000000000000036e-12	60.4639175257732	AM2	AM
545031	555030	550030.5	95	55.688212691190856	0	0	1	0.996005996001	1.0000000000000036e-12	59.757894736842104	AM2	AM
550031	560030	555030.5	63	55.688212691190856	0	0	1	0.996005996001	1.0000000000000036e-12	59.714285714285715	AM2	AM
555031	565030	560030.5	46	59.97527690972221	NA	0	1	0.996005996001	1.0000000000000036e-12	60.52173913043478	AM2	AM
560031	570030	565030.5	73	60.9756713601429	NA	0	1	0.996005996001	1.0000000000000036e-12	60.32876712328767	AM2	AM
565031	575030	570030.5	109	33.90363069359989	0	0	1	0.996005996001	1.0000000000000036e-12	59.678899082568805	AM2	AM
570031	580030	575030.5	102	33.90363069359989	0	0	1	0.996005996001	1.0000000000000036e-12	58.931372549019606	AM2	AM
575031	585030	580030.5	67	53.972332643259115	NA	0	1	0.996005996001	1.0000000000000036e-12	59.04477611940298	AM2	AM
580031	590030	585030.5	70	48.969802654506196	NA	0	1	0.996005996001	1.0000000000000036e-12	60.41428571428571	AM2	AM
585031	595030	590030.5	79	NA	NA	0	1	0.996005996001	1.0000000000000036e-12	60.77215189873418	AM2	AM
590031	600030	595030.5	71	NA	NA	0	1	0.996005996001	1.0000000000000036e-12	60.605633802816904	AM2	AM
595031	605030	600030.5	86	NA	NA	0	1	0.996005996001	1.0000000000000036e-12	60.45348837209303	AM2	AM
600031	610030	605030.5	114	48.233963360257476	NA	0	1	0.996005996001	1.0000000000000036e-12	59.92982456140351	AM2	AM
605031	615030	610030.5	118	48.233963360257476	NA	0	1	0.996005996001	1.0000000000000036e-12	60.440677966101696	AM2	AM
610031	620030	615030.5	107	NA	NA	0	1	0.996005996001	1.0000000000000036e-12	60.925233644859816	AM2	AM
615031	625030	620030.5	100	NA	NA	0	1	0.996005996001	1.0000000000000036e-12	60.94	AM2	AM
620031	630030	625030.5	101	NA	NA	0	1	0.996005996001	1.0000000000000036e-12	61.23762376237624	AM2	AM
625031	635030	630030.5	112	NA	NA	0	1	0.996005996001	1.0000000000000036e-12	60.794642857142854	AM2	AM
630031	640030	635030.5	79	62.976441678964356	NA	0	1	0.996005996001	1.0000000000000036e-12	60.74683544303797	AM2	AM
635031	645030	640030.5	41	62.976441678964356	NA	0	1	0.996005996001	1.0000000000000036e-12	61.02439024390244	AM2	AM
640031	650030	645030.5	57	NA	NA	0	1	0.996005996001	1.0000000000000036e-12	60.87719298245614	AM2	AM
645031	655030	650030.5	63	NA	NA	0	1	0.996005996001	1.0000000000000036e-12	61.15873015873016	AM2	AM
650031	660030	655030.5	64	59.97527690972221	NA	0	1	0.996005996001	1.0000000000000036e-12	60.328125	AM2	AM
655031	665030	660030.5	63	56.129568715400694	537824.0000000006	0	1	0.996005996001	1.0000000000000036e-12	60.15873015873016	AM2	AM
660031	670030	665030.5	53	52.283860521079184	537824.0000000006	0	1	0.996005996001	1.0000000000000036e-12	60.43396226415094	AM2	AM
665031	675030	670030.5	35	NA	NA	0	1	0.996005996001	1.0000000000000036e-12	60.285714285714285	AM2	AM
670031	680030	675030.5	11	NA	NA	0	1	0.996005996001	1.0000000000000036e-12	51.18181818181818	AM2	AM
675031	685030	680030.5	9	NA	NA	0	1	0.996005996001	1.0000000000000036e-12	5	AM2	AM
680031	690030	685030.5	7	NA	NA	0	1	0.996005996001	1.0000000000000036e-12	5.428571428571429	AM2	AM
685031	695030	690030.5	0	NA	NA	NA	NA	NA	NA	NA	AM2	AM
690031	700030	695030.5	0	NA	NA	NA	NA	NA	NA	NA	AM2	AM
695031	705030	700030.5	0	NA	NA	NA	NA	NA	NA	NA	AM2	AM
700031	710030	705030.5	16	NA	NA	0	1	0.996005996001	1.0000000000000036e-12	56.5625	AM2	AM
705031	715030	710030.5	62	38.17222217800351	9.004495360128369e-4	0	1	0.996005996001	1.0000000000000036e-12	59	AM2	AM
710031	720030	715030.5	107	48.04612808743104	9.004495360128369e-4	0	1	0.996005996001	1.0000000000000036e-12	60.018691588785046	AM2	AM
715031	725030	720030.5	99	57.447012490969506	NA	0	1	0.996005996001	1.0000000000000036e-12	60.121212121212125	AM2	AM
720031	730030	725030.5	77	57.338450078045575	NA	0	1	0.996005996001	1.0000000000000036e-12	60.23376623376623	AM2	AM
725031	735030	730030.5	74	57.70290917101072	NA	0	1	0.996005996001	1.0000000000000036e-12	60.62162162162162	AM2	AM
730031	740030	735030.5	66	54.61862483782198	NA	0	1	0.996005996001	1.0000000000000036e-12	60.378787878787875	AM2	AM
735031	745030	740030.5	71	54.61862483782198	NA	0	1	0.996005996001	1.0000000000000036e-12	59.929577464788736	AM2	AM
740031	750030	745030.5	77	NA	NA	0	1	0.996005996001	1.0000000000000036e-12	59.922077922077925	AM2	AM
745031	755030	750030.5	72	NA	NA	0	1	0.996005996001	1.0000000000000036e-12	60.25	AM2	AM
750031	760030	755030.5	75	NA	NA	0	1	0.996005996001	1.0000000000000036e-12	60.373333333333335	AM2	AM
755031	765030	760030.5	93	NA	NA	0	1	0.996005996001	1.0000000000000036e-12	59.924731182795696	AM2	AM
760031	770030	765030.5	92	NA	NA	0	1	0.996005996001	1.0000000000000036e-12	59.98913043478261	AM2	AM
765031	775030	770030.5	102	NA	NA	0	1	0.996005996001	1.0000000000000036e-12	60.1764705882353	AM2	AM
770031	780030	775030.5	98	NA	NA	0	1	0.996005996001	1.0000000000000036e-12	60.183673469387756	AM2	AM
775031	785030	780030.5	58	NA	NA	0	1	0.996005996001	1.0000000000000036e-12	60.62068965517241	AM2	AM
780031	790030	785030.5	70	NA	NA	0	1	0.996005996001	1.0000000000000036e-12	61.08571428571429	AM2	AM
785031	795030	790030.5	87	NA	NA	0	1	0.996005996001	1.0000000000000036e-12	60.14942528735632	AM2	AM
790031	800030	795030.5	67	NA	NA	0	1	0.996005996001	1.0000000000000036e-12	59.67164179104478	AM2	AM
795031	805030	800030.5	70	NA	NA	0	1	0.996005996001	1.0000000000000036e-12	60.01428571428571	AM2	AM
800031	810030	805030.5	66	NA	NA	0	1	0.996005996001	1.0000000000000036e-12	60.13636363636363	AM2	AM
805031	815030	810030.5	34	NA	NA	0	1	0.996005996001	1.0000000000000036e-12	57.35294117647059	AM2	AM
810031	820030	815030.5	91	NA	NA	0	1	0.996005996001	1.0000000000000036e-12	56.73626373626374	AM2	AM
815031	825030	820030.5	109	NA	NA	0	1	0.996005996001	1.0000000000000036e-12	58.41284403669725	AM2	AM
820031	830030	825030.5	62	60.92368765275358	NA	0	1	0.996005996001	1.0000000000000036e-12	59.95161290322581	AM2	AM
825031	835030	830030.5	77	60.92368765275358	NA	0	1	0.996005996001	1.0000000000000036e-12	60.09090909090909	AM2	AM
830031	840030	835030.5	78	NA	NA	0	1	0.996005996001	1.0000000000000036e-12	60.56410256410256	AM2	AM
835031	845030	840030.5	84	NA	NA	0	1	0.996005996001	1.0000000000000036e-12	60.01190476190476	AM2	AM
840031	850030	845030.5	91	NA	NA	0	1	0.996005996001	1.0000000000000036e-12	60.16483516483517	AM2	AM
845031	855030	850030.5	85	NA	NA	0	1	0.996005996001	1.0000000000000036e-12	60.78823529411765	AM2	AM
850031	860030	855030.5	94	23.939222547743057	NA	0	1	0.996005996001	1.0000000000000036e-12	59.819148936170215	AM2	AM
855031	865030	860030.5	107	23.939222547743057	NA	0	1	0.996005996001	1.0000000000000036e-12	59.94392523364486	AM2	AM
860031	870030	865030.5	118	62.476253744763966	NA	0	1	0.996005996001	1.0000000000000036e-12	60.29661016949152	AM2	AM
865031	875030	870030.5	131	61.97606581056358	NA	0	1	0.996005996001	1.0000000000000036e-12	59.83969465648855	AM2	AM
870031	880030	875030.5	100	44.30017623585523	112.15699810363864	0	1	0.996005996001	1.0000000000000036e-12	59.82	AM2	AM
875031	885030	880030.5	50	46.78782590309027	56.0785096251854	0	1	0.996005996001	1.0000000000000036e-12	57.44	AM2	AM
880031	890030	885030.5	29	54.882133791027314	2.1146732146266614e-5	0	1	0.996005996001	1.0000000000000036e-12	45.689655172413794	AM2	AM
885031	895030	890030.5	44	61.97606581056358	NA	0	1	0.996005996001	1.0000000000000036e-12	53.90909090909091	AM2	AM
890031	900030	895030.5	66	61.97606581056358	NA	0	1	0.996005996001	1.0000000000000036e-12	55.71212121212121	AM2	AM
895031	905030	900030.5	39	NA	NA	0	1	0.996005996001	1.0000000000000036e-12	44.666666666666664	AM2	AM
900031	910030	905030.5	26	53.31814125412891	NA	0	1	0.996005996001	1.0000000000000036e-12	32.53846153846154	AM2	AM
905031	915030	910030.5	55	53.31814125412891	NA	0	1	0.996005996001	1.0000000000000036e-12	52.69090909090909	AM2	AM
910031	920030	915030.5	86	744.9157553113934	0	0	1	0.996005996001	1.0000000000000036e-12	59.52325581395349	AM2	AM
915031	925030	920030.5	88	398.2991167958513	1.406432404320611e-5	0	1	0.996005996001	1.0000000000000036e-12	59.90909090909091	AM2	AM
920031	930030	925030.5	107	51.682478280309326	2.812864808641222e-5	0	1	0.996005996001	1.0000000000000036e-12	60.532710280373834	AM2	AM
925031	935030	930030.5	119	NA	NA	0	1	0.996005996001	1.0000000000000036e-12	60.23529411764706	AM2	AM
930031	940030	935030.5	94	62.976441678964356	NA	0	1	0.996005996001	1.0000000000000036e-12	60.680851063829785	AM2	AM
935031	945030	940030.5	97	62.976441678964356	NA	0	1	0.996005996001	1.0000000000000036e-12	61.02061855670103	AM2	AM
940031	950030	945030.5	99	61.97606581056358	NA	0	1	0.996005996001	1.0000000000000036e-12	60.56565656565657	AM2	AM
945031	955030	950030.5	71	39.461660239274956	NA	0	1	0.996005996001	1.0000000000000036e-12	59.2112676056338	AM2	AM
950031	960030	955030.5	73	39.461660239274956	NA	0	1	0.996005996001	1.0000000000000036e-12	57.73972602739726	AM2	AM
955031	965030	960030.5	66	57.92003399685858	NA	0	1	0.996005996001	1.0000000000000036e-12	57.57575757575758	AM2	AM
960031	970030	965030.5	62	NA	NA	0	1	0.996005996001	1.0000000000000036e-12	58.806451612903224	AM2	AM
965031	975030	970030.5	57	NA	NA	0	1	0.996005996001	1.0000000000000036e-12	57.421052631578945	AM2	AM
970031	980030	975030.5	53	NA	NA	0	1	0.996005996001	1.0000000000000036e-12	58.81132075471698	AM2	AM
975031	985030	980030.5	81	NA	NA	0	1	0.996005996001	1.0000000000000036e-12	61.160493827160494	AM2	AM
980031	990030	985030.5	65	NA	NA	0	1	0.996005996001	1.0000000000000036e-12	60.323076923076925	AM2	AM
985031	995030	990030.5	67	NA	NA	0	1	0.996005996001	1.0000000000000036e-12	60.059701492537314	AM2	AM
990031	1000030	995030.5	78	NA	NA	0	1	0.996005996001	1.0000000000000036e-12	59.44871794871795	AM2	AM
995031	1005030	1000030.5	84	52.972052852354636	NA	0	1	0.996005996001	1.0000000000000036e-12	59.11904761904762	AM2	AM
1000031	1010030	1005030.5	112	52.972052852354636	NA	0	1	0.996005996001	1.0000000000000036e-12	60.339285714285715	AM2	AM
1005031	1015030	1010030.5	116	NA	NA	0	1	0.996005996001	1.0000000000000036e-12	60.88793103448276	AM2	AM
1010031	1020030	1015030.5	123	NA	NA	0	1	0.996005996001	1.0000000000000036e-12	60.926829268292686	AM2	AM
1015031	1025030	1020030.5	92	NA	NA	0	1	0.996005996001	1.0000000000000036e-12	60.47826086956522	AM2	AM
1020031	1030030	1025030.5	59	243.82314430740527	3.3160242551031103	0	1	0.996005996001	1.0000000000000036e-12	59.69491525423729	AM2	AM
1025031	1035030	1030030.5	64	243.82314430740527	3.3160242551031103	0	1	0.996005996001	1.0000000000000036e-12	54.984375	AM2	AM
1030031	1040030	1035030.5	108	58.99265931297351	1.9919398527712102e-7	0	1	0.996005996001	1.0000000000000036e-12	57.27777777777778	AM2	AM
1035031	1045030	1040030.5	134	58.99265931297351	1.9919398527712102e-7	0	1	0.996005996001	1.0000000000000036e-12	60.134328358208954	AM2	AM
1040031	1050030	1045030.5	133	209.88566050080564	0.5339916149775185	0	1	0.996005996001	1.0000000000000036e-12	60.34586466165413	AM2	AM
1045031	1055030	1050030.5	122	209.88566050080564	0.5339916149775185	0	1	0.996005996001	1.0000000000000036e-12	60.74590163934426	AM2	AM
1050031	1060030	1055030.5	95	NA	NA	0	1	0.996005996001	1.0000000000000036e-12	60.421052631578945	AM2	AM
1055031	1065030	1060030.5	94	59.9225073509052	NA	0	1	0.996005996001	1.0000000000000036e-12	60.297872340425535	AM2	AM
1060031	1070030	1065030.5	71	59.9225073509052	NA	0	1	0.996005996001	1.0000000000000036e-12	60.61971830985915	AM2	AM
1065031	1075030	1070030.5	68	NA	NA	0	1	0.996005996001	1.0000000000000036e-12	60.60294117647059	AM2	AM
1070031	1080030	1075030.5	102	57.92003399685858	NA	0	1	0.996005996001	1.0000000000000036e-12	60.372549019607845	AM2	AM
1075031	1085030	1080030.5	109	57.92003399685858	NA	0	1	0.996005996001	1.0000000000000036e-12	60.04587155963303	AM2	AM
1080031	1090030	1085030.5	98	NA	NA	0	1	0.996005996001	1.0000000000000036e-12	59.8469387755102	AM2	AM
1085031	1095030	1090030.5	110	62.9472751154033	NA	0	1	0.996005996001	1.0000000000000036e-12	60.45454545454545	AM2	AM
1090031	1100030	1095030.5	102	62.9472751154033	NA	0	1	0.996005996001	1.0000000000000036e-12	60.77450980392157	AM2	AM
1095031	1105030	1100030.5	94	NA	NA	0	1	0.996005996001	1.0000000000000036e-12	60.691489361702125	AM2	AM
1100031	1110030	1105030.5	95	61.97606581056358	NA	0	1	0.996005996001	1.0000000000000036e-12	60.82105263157895	AM2	AM
1105031	1115030	1110030.5	79	61.97606581056358	NA	0	1	0.996005996001	1.0000000000000036e-12	60.87341772151899	AM2	AM
1110031	1120030	1115030.5	94	NA	NA	0	1	0.996005996001	1.0000000000000036e-12	60.734042553191486	AM2	AM
1115031	1125030	1120030.5	97	NA	NA	0	1	0.996005996001	1.0000000000000036e-12	60.95876288659794	AM2	AM
1120031	1130030	1125030.5	114	NA	NA	0	1	0.996005996001	1.0000000000000036e-12	61.01754385964912	AM2	AM
1125031	1135030	1130030.5	161	55.36121890274388	NA	0	1	0.996005996001	1.0000000000000036e-12	60.6583850931677	AM2	AM
1130031	1140030	1135030.5	147	55.36121890274388	NA	0	1	0.996005996001	1.0000000000000036e-12	60.85034013605442	AM2	AM
1135031	1145030	1140030.5	120	223.12888357325906	0.32070150161808664	0	1	0.996005996001	1.0000000000000036e-12	61.09166666666667	AM2	AM
1140031	1150030	1145030.5	107	223.12888357325906	0.32070150161808664	0	1	0.996005996001	1.0000000000000036e-12	60.728971962616825	AM2	AM
1145031	1155030	1150030.5	98	NA	NA	0	1	0.996005996001	1.0000000000000036e-12	56.95918367346939	AM2	AM
1150031	1160030	1155030.5	97	62.906765528080726	NA	0	1	0.996005996001	1.0000000000000036e-12	57.1958762886598	AM2	AM
1155031	1165030	1160030.5	98	61.09913877831772	NA	0	1	0.996005996001	1.0000000000000036e-12	61.11224489795919	AM2	AM
1160031	1170030	1165030.5	109	60.59840320638236	NA	0	1	0.996005996001	1.0000000000000036e-12	60.85321100917431	AM2	AM
1165031	1175030	1170030.5	123	61.97606581056358	NA	0	1	0.996005996001	1.0000000000000036e-12	60.63414634146341	AM2	AM
1170031	1180030	1175030.5	108	62.476253744763966	NA	0	1	0.996005996001	1.0000000000000036e-12	60.833333333333336	AM2	AM
1175031	1185030	1180030.5	85	31.604028701782227	0	0	1	0.996005996001	1.0000000000000036e-12	51.411764705882355	AM2	AM
1180031	1190030	1185030.5	59	33.781564810639054	0	0	1	0.996005996001	1.0000000000000036e-12	39.94915254237288	AM2	AM
1185031	1195030	1190030.5	62	62.476253744763966	0.5313661595192406	0	1	0.996005996001	1.0000000000000036e-12	42.75806451612903	AM2	AM
1190031	1200030	1195030.5	90	62.476253744763966	0.5313661595192406	0	1	0.996005996001	1.0000000000000036e-12	53.166666666666664	AM2	AM
1195031	1205030	1200030.5	110	61.940108882974805	NA	0	1	0.996005996001	1.0000000000000036e-12	60.92727272727273	AM2	AM
1200031	1210030	1205030.5	132	62.476253744763966	NA	0	1	0.996005996001	1.0000000000000036e-12	60.734848484848484	AM2	AM
1205031	1215030	1210030.5	113	61.97606581056358	NA	0	1	0.996005996001	1.0000000000000036e-12	60.716814159292035	AM2	AM
1210031	1220030	1215030.5	72	30.1512233415436	0	0	1	0.996005996001	1.0000000000000036e-12	59.833333333333336	AM2	AM
1215031	1225030	1220030.5	81	30.868349894892756	0	0	1	0.996005996001	1.0000000000000036e-12	59.96296296296296	AM2	AM
1220031	1230030	1225030.5	103	341.34825772542234	0.1541419658545655	0	1	0.996005996001	1.0000000000000036e-12	60.58252427184466	AM2	AM
1225031	1235030	1230030.5	89	NA	NA	0	1	0.996005996001	1.0000000000000036e-12	60.58426966292135	AM2	AM
1230031	1240030	1235030.5	89	NA	NA	0	1	0.996005996001	1.0000000000000036e-12	60.831460674157306	AM2	AM
1235031	1245030	1240030.5	111	NA	NA	0	1	0.996005996001	1.0000000000000036e-12	60.21621621621622	AM2	AM
1240031	1250030	1245030.5	128	62.976441678964356	NA	0	1	0.996005996001	1.0000000000000036e-12	60.09375	AM2	AM
1245031	1255030	1250030.5	121	60.47543795708643	NA	0	1	0.996005996001	1.0000000000000036e-12	60.53719008264463	AM2	AM
1250031	1260030	1255030.5	131	57.33645367705416	NA	0	1	0.996005996001	1.0000000000000036e-12	60.82442748091603	AM2	AM
1255031	1265030	1260030.5	110	41.0267830228446	0	0	1	0.996005996001	1.0000000000000036e-12	60.872727272727275	AM2	AM
1260031	1270030	1265030.5	110	43.96642341871713	0	0	1	0.996005996001	1.0000000000000036e-12	60.481818181818184	AM2	AM
1265031	1275030	1270030.5	144	44.96714269326996	NA	0	1	0.996005996001	1.0000000000000036e-12	60.625	AM2	AM
1270031	1280030	1275030.5	138	NA	NA	0	1	0.996005996001	1.0000000000000036e-12	60.666666666666664	AM2	AM
1275031	1285030	1280030.5	134	NA	NA	0	1	0.996005996001	1.0000000000000036e-12	60.46268656716418	AM2	AM
1280031	1290030	1285030.5	100	NA	NA	0	1	0.996005996001	1.0000000000000036e-12	60.71	AM2	AM
1285031	1295030	1290030.5	82	61.97606581056358	NA	0	1	0.996005996001	1.0000000000000036e-12	60.90243902439025	AM2	AM
1290031	1300030	1295030.5	104	61.97606581056358	NA	0	1	0.996005996001	1.0000000000000036e-12	60.57692307692308	AM2	AM
1295031	1305030	1300030.5	99	40.96400679763788	NA	0	1	0.996005996001	1.0000000000000036e-12	60.303030303030305	AM2	AM
1300031	1310030	1305030.5	83	40.96400679763788	NA	0	1	0.996005996001	1.0000000000000036e-12	60.66265060240964	AM2	AM
1305031	1315030	1310030.5	71	NA	NA	0	1	0.996005996001	1.0000000000000036e-12	61.309859154929576	AM2	AM
1310031	1320030	1315030.5	66	173.09128845739806	0.22839283631820081	0	1	0.996005996001	1.0000000000000036e-12	61.196969696969695	AM2	AM
1315031	1325030	1320030.5	94	173.09128845739806	0.22839283631820081	0	1	0.996005996001	1.0000000000000036e-12	60.702127659574465	AM2	AM
1320031	1330030	1325030.5	105	NA	NA	0	1	0.996005996001	1.0000000000000036e-12	60.74285714285714	AM2	AM
1325031	1335030	1330030.5	93	146.51276846389106	0.2943012855970548	0	1	0.996005996001	1.0000000000000036e-12	60.55913978494624	AM2	AM
1330031	1340030	1335030.5	79	60.97567775496628	0.2943012855970548	0	1	0.996005996001	1.0000000000000036e-12	59.936708860759495	AM2	AM
1335031	1345030	1340030.5	93	56.654993097572536	0	0	1	0.996005996001	1.0000000000000036e-12	59.376344086021504	AM2	AM
1340031	1350030	1345030.5	102	59.315529454068056	0	0	1	0.996005996001	1.0000000000000036e-12	59.970588235294116	AM2	AM
1345031	1355030	1350030.5	68	60.97567775496628	NA	0	1	0.996005996001	1.0000000000000036e-12	60.75	AM2	AM
1350031	1360030	1355030.5	55	60.97567775496628	NA	0	1	0.996005996001	1.0000000000000036e-12	60.92727272727273	AM2	AM
1355031	1365030	1360030.5	79	NA	NA	0	1	0.996005996001	1.0000000000000036e-12	60.18987341772152	AM2	AM
1360031	1370030	1365030.5	72	NA	NA	0	1	0.996005996001	1.0000000000000036e-12	60.09722222222222	AM2	AM
1365031	1375030	1370030.5	54	NA	NA	0	1	0.996005996001	1.0000000000000036e-12	61.46296296296296	AM2	AM
1370031	1380030	1375030.5	77	61.97606581056358	NA	0	1	0.996005996001	1.0000000000000036e-12	59.883116883116884	AM2	AM
1375031	1385030	1380030.5	104	61.97606581056358	NA	0	1	0.996005996001	1.0000000000000036e-12	59.54807692307692	AM2	AM
1380031	1390030	1385030.5	105	58.290835573461486	NA	0	1	0.996005996001	1.0000000000000036e-12	60.22857142857143	AM2	AM
1385031	1395030	1390030.5	101	61.94643852497923	0.28906861151776814	0	1	0.996005996001	1.0000000000000036e-12	60.62376237623762	AM2	AM
1390031	1400030	1395030.5	109	61.94643852497923	0.28906861151776814	0	1	0.996005996001	1.0000000000000036e-12	60.908256880733944	AM2	AM
1395031	1405030	1400030.5	96	59.97527690972221	NA	0	1	0.996005996001	1.0000000000000036e-12	60.989583333333336	AM2	AM
1400031	1410030	1405030.5	83	NA	NA	0	1	0.996005996001	1.0000000000000036e-12	60.54216867469879	AM2	AM
1405031	1415030	1410030.5	82	NA	NA	0	1	0.996005996001	1.0000000000000036e-12	60.19512195121951	AM2	AM
1410031	1420030	1415030.5	101	61.905294384209995	NA	0	1	0.996005996001	1.0000000000000036e-12	60.801980198019805	AM2	AM
1415031	1425030	1420030.5	119	61.905294384209995	NA	0	1	0.996005996001	1.0000000000000036e-12	60.94957983193277	AM2	AM
1420031	1430030	1425030.5	115	NA	NA	0	1	0.996005996001	1.0000000000000036e-12	60.51304347826087	AM2	AM
1425031	1435030	1430030.5	94	NA	NA	0	1	0.996005996001	1.0000000000000036e-12	60.54255319148936	AM2	AM
1430031	1440030	1435030.5	73	61.475871782764926	NA	0	1	0.996005996001	1.0000000000000036e-12	60.726027397260275	AM2	AM
1435031	1445030	1440030.5	73	61.97606581056358	0.2877628353422974	0	1	0.996005996001	1.0000000000000036e-12	60.71232876712329	AM2	AM
1440031	1450030	1445030.5	59	222.28220589590603	0.2877628353422974	0	1	0.996005996001	1.0000000000000036e-12	60.67796610169491	AM2	AM
1445031	1455030	1450030.5	61	NA	NA	0	1	0.996005996001	1.0000000000000036e-12	60.42622950819672	AM2	AM
1450031	1460030	1455030.5	88	27.68477477137619	0	0	1	0.996005996001	1.0000000000000036e-12	60.5	AM2	AM
1455031	1465030	1460030.5	106	27.68477477137619	0	0	1	0.996005996001	1.0000000000000036e-12	60.4811320754717	AM2	AM
1460031	1470030	1465030.5	86	NA	NA	0	1	0.996005996001	1.0000000000000036e-12	60.5	AM2	AM
1465031	1475030	1470030.5	74	62.976441678964356	NA	0	1	0.996005996001	1.0000000000000036e-12	60.74324324324324	AM2	AM
1470031	1480030	1475030.5	78	62.476253744763966	NA	0	1	0.996005996001	1.0000000000000036e-12	60.69230769230769	AM2	AM
1475031	1485030	1480030.5	78	61.97606581056358	NA	0	1	0.996005996001	1.0000000000000036e-12	59.67948717948718	AM2	AM
1480031	1490030	1485030.5	85	NA	NA	0	1	0.996005996001	1.0000000000000036e-12	59.8	AM2	AM
1485031	1495030	1490030.5	73	62.976441678964356	NA	0	1	0.996005996001	1.0000000000000036e-12	60.397260273972606	AM2	AM
1490031	1500030	1495030.5	77	62.976441678964356	NA	0	1	0.996005996001	1.0000000000000036e-12	60.20779220779221	AM2	AM
1495031	1505030	1500030.5	75	62.976441678964356	NA	0	1	0.996005996001	1.0000000000000036e-12	60.693333333333335	AM2	AM
1500031	1510030	1505030.5	60	62.976441678964356	NA	0	1	0.996005996001	1.0000000000000036e-12	61.333333333333336	AM2	AM
1505031	1515030	1510030.5	66	51.416680061293555	3.0513047898018356e-4	0	1	0.996005996001	1.0000000000000036e-12	61.166666666666664	AM2	AM
1510031	1520030	1515030.5	70	51.416680061293555	3.0513047898018356e-4	0	1	0.996005996001	1.0000000000000036e-12	60.885714285714286	AM2	AM
1515031	1525030	1520030.5	68	NA	NA	0	1	0.996005996001	1.0000000000000036e-12	59.529411764705884	AM2	AM
31	10030	5030.5	140	16.390865910594343	0	0	1	0.996005996001	1.0000000000000036e-12	16.95	AM3	AM
5031	15030	10030.5	118	15.473309516906738	0	0	1	0.996005996001	1.0000000000000036e-12	18.516949152542374	AM3	AM
10031	20030	15030.5	124	15.767528285956931	0	0	1	0.996005996001	1.0000000000000036e-12	18.29032258064516	AM3	AM
15031	25030	20030.5	89	15.754114348248082	NA	0	1	0.996005996001	1.0000000000000036e-12	18.629213483146067	AM3	AM
20031	30030	25030.5	77	12.584433318161128	NA	0	1	0.996005996001	1.0000000000000036e-12	18.844155844155843	AM3	AM
25031	35030	30030.5	108	17.370844767451338	NA	0	1	0.996005996001	1.0000000000000036e-12	19.064814814814813	AM3	AM
30031	40030	35030.5	117	17.370844767451338	NA	0	1	0.996005996001	1.0000000000000036e-12	19.196581196581196	AM3	AM
35031	45030	40030.5	78	NA	NA	0	1	0.996005996001	1.0000000000000036e-12	19.128205128205128	AM3	AM
40031	50030	45030.5	80	13.167934584548107	0	0	1	0.996005996001	1.0000000000000036e-12	19.0875	AM3	AM
45031	55030	50030.5	108	13.167934584548107	0	0	1	0.996005996001	1.0000000000000036e-12	19.175925925925927	AM3	AM
50031	60030	55030.5	110	14.634666666666668	0	0	1	0.996005996001	1.0000000000000036e-12	18.954545454545453	AM3	AM
55031	65030	60030.5	97	14.634666666666668	0	0	1	0.996005996001	1.0000000000000036e-12	18.77319587628866	AM3	AM
60031	70030	65030.5	96	18.213400896306986	NA	0	1	0.996005996001	1.0000000000000036e-12	18.895833333333332	AM3	AM
65031	75030	70030.5	122	18.018077401278493	NA	0	1	0.996005996001	1.0000000000000036e-12	18.983606557377048	AM3	AM
70031	80030	75030.5	123	17.919720936213995	NA	0	1	0.996005996001	1.0000000000000036e-12	19.130081300813007	AM3	AM
75031	85030	80030.5	90	17.919720936213995	NA	0	1	0.996005996001	1.0000000000000036e-12	19.18888888888889	AM3	AM
80031	90030	85030.5	86	17.20772029245856	NA	0	1	0.996005996001	1.0000000000000036e-12	19.069767441860463	AM3	AM
85031	95030	90030.5	106	NA	NA	0	1	0.996005996001	1.0000000000000036e-12	18.632075471698112	AM3	AM
90031	100030	95030.5	129	18.705933809593237	NA	0	1	0.996005996001	1.0000000000000036e-12	18.06201550387597	AM3	AM
95031	105030	100030.5	164	16.482788928303936	NA	0	1	0.996005996001	1.0000000000000036e-12	17.75	AM3	AM
100031	110030	105030.5	134	14.259644047014637	NA	0	1	0.996005996001	1.0000000000000036e-12	18.03731343283582	AM3	AM
105031	115030	110030.5	88	7.716965663580247	0.0022446689113355778	0	1	0.996005996001	1.0000000000000036e-12	19.022727272727273	AM3	AM
110031	120030	115030.5	99	7.716965663580247	0.0022446689113355778	0	1	0.996005996001	1.0000000000000036e-12	19.151515151515152	AM3	AM
115031	125030	120030.5	99	NA	NA	0	1	0.996005996001	1.0000000000000036e-12	19.22222222222222	AM3	AM
120031	130030	125030.5	67	NA	NA	0	1	0.996005996001	1.0000000000000036e-12	19.19402985074627	AM3	AM
125031	135030	130030.5	88	NA	NA	0	1	0.996005996001	1.0000000000000036e-12	19.125	AM3	AM
130031	140030	135030.5	118	NA	NA	0	1	0.996005996001	1.0000000000000036e-12	18.71186440677966	AM3	AM
135031	145030	140030.5	96	NA	NA	0	1	0.996005996001	1.0000000000000036e-12	18.541666666666668	AM3	AM
140031	150030	145030.5	138	NA	NA	0	1	0.996005996001	1.0000000000000036e-12	19.26086956521739	AM3	AM
145031	155030	150030.5	214	14.442274305555557	0	0	1	0.996005996001	1.0000000000000036e-12	19.19158878504673	AM3	AM
150031	160030	155030.5	199	16.91518674944026	0	0	1	0.996005996001	1.0000000000000036e-12	18.949748743718594	AM3	AM
155031	165030	160030.5	131	18.705933809593237	NA	0	1	0.996005996001	1.0000000000000036e-12	18.916030534351144	AM3	AM
160031	170030	165030.5	95	18.459667352950113	NA	0	1	0.996005996001	1.0000000000000036e-12	18.94736842105263	AM3	AM
165031	175030	170030.5	87	18.213400896306986	NA	0	1	0.996005996001	1.0000000000000036e-12	18.689655172413794	AM3	AM
170031	180030	175030.5	81	NA	NA	0	1	0.996005996001	1.0000000000000036e-12	18.74074074074074	AM3	AM
175031	185030	180030.5	94	15.910110473632812	NA	0	1	0.996005996001	1.0000000000000036e-12	18.48936170212766	AM3	AM
180031	190030	185030.5	112	15.910110473632812	NA	0	1	0.996005996001	1.0000000000000036e-12	18.758928571428573	AM3	AM
185031	195030	190030.5	101	19.9274765625	NA	0	1	0.996005996001	1.0000000000000036e-12	19.366336633663366	AM3	AM
190031	200030	195030.5	80	19.9274765625	NA	0	1	0.996005996001	1.0000000000000036e-12	19.4625	AM3	AM
195031	205030	200030.5	113	NA	NA	0	1	0.996005996001	1.0000000000000036e-12	18.787610619469028	AM3	AM
200031	210030	205030.5	114	NA	NA	0	1	0.996005996001	1.0000000000000036e-12	18.640350877192983	AM3	AM
205031	215030	210030.5	91	NA	NA	0	1	0.996005996001	1.0000000000000036e-12	19.043956043956044	AM3	AM
210031	220030	215030.5	103	NA	NA	0	1	0.996005996001	1.0000000000000036e-12	19.174757281553397	AM3	AM
215031	225030	220030.5	109	13.291039946608123	3524.276986099928	0	1	0.996005996001	1.0000000000000036e-12	19	AM3	AM
220031	230030	225030.5	84	13.291039946608123	3524.276986099928	0	1	0.996005996001	1.0000000000000036e-12	18.892857142857142	AM3	AM
225031	235030	230030.5	51	NA	NA	0	1	0.996005996001	1.0000000000000036e-12	19.313725490196077	AM3	AM
230031	240030	235030.5	89	NA	NA	0	1	0.996005996001	1.0000000000000036e-12	19.146067415730336	AM3	AM
235031	245030	240030.5	105	16.794092640786616	NA	0	1	0.996005996001	1.0000000000000036e-12	19.01904761904762	AM3	AM
240031	250030	245030.5	100	17.356906788500304	NA	0	1	0.996005996001	1.0000000000000036e-12	19.01	AM3	AM
245031	255030	250030.5	99	17.919720936213995	NA	0	1	0.996005996001	1.0000000000000036e-12	19.21212121212121	AM3	AM
250031	260030	255030.5	98	NA	NA	0	1	0.996005996001	1.0000000000000036e-12	19.214285714285715	AM3	AM
255031	265030	260030.5	104	15.194605712364918	NA	0	1	0.996005996001	1.0000000000000036e-12	18.971153846153847	AM3	AM
260031	270030	265030.5	87	15.194605712364918	NA	0	1	0.996005996001	1.0000000000000036e-12	18.96551724137931	AM3	AM
265031	275030	270030.5	80	17.75287603254197	0	0	1	0.996005996001	1.0000000000000036e-12	19.225	AM3	AM
270031	280030	275030.5	82	18.59056531564368	0	0	1	0.996005996001	1.0000000000000036e-12	19.402439024390244	AM3	AM
275031	285030	280030.5	87	16.805161349241065	NA	0	1	0.996005996001	1.0000000000000036e-12	18.482758620689655	AM3	AM
280031	290030	285030.5	86	14.90438888888889	NA	0	1	0.996005996001	1.0000000000000036e-12	17.406976744186046	AM3	AM
285031	295030	290030.5	91	9.69530078125	NA	0	1	0.996005996001	1.0000000000000036e-12	17.846153846153847	AM3	AM
290031	300030	295030.5	99	9.69530078125	NA	0	1	0.996005996001	1.0000000000000036e-12	18.2020202020202	AM3	AM
295031	305030	300030.5	142	NA	NA	0	1	0.996005996001	1.0000000000000036e-12	18.58450704225352	AM3	AM
300031	310030	305030.5	134	NA	NA	0	1	0.996005996001	1.0000000000000036e-12	19.05223880597015	AM3	AM
305031	315030	310030.5	90	NA	NA	0	1	0.996005996001	1.0000000000000036e-12	17.866666666666667	AM3	AM
310031	320030	315030.5	131	NA	NA	0	1	0.996005996001	1.0000000000000036e-12	18.18320610687023	AM3	AM
315031	325030	320030.5	121	23.94877457348943	0.195833617922273	0	1	0.996005996001	1.0000000000000036e-12	18.611570247933884	AM3	AM
320031	330030	325030.5	92	21.327354191541332	0.195833617922273	0	1	0.996005996001	1.0000000000000036e-12	17.804347826086957	AM3	AM
325031	335030	330030.5	108	18.705933809593237	NA	0	1	0.996005996001	1.0000000000000036e-12	18.02777777777778	AM3	AM
330031	340030	335030.5	99	NA	NA	0	1	0.996005996001	1.0000000000000036e-12	18.333333333333332	AM3	AM
335031	345030	340030.5	84	15.746902334734248	0	0	1	0.996005996001	1.0000000000000036e-12	18.75	AM3	AM
340031	350030	345030.5	67	14.722532115781373	0	0	1	0.996005996001	1.0000000000000036e-12	17.52238805970149	AM3	AM
345031	355030	350030.5	34	11.8818359375	NA	0	1	0.996005996001	1.0000000000000036e-12	15.088235294117647	AM3	AM
350031	360030	355030.5	8	8.165311973905723	0	0	1	0.996005996001	1.0000000000000036e-12	12.625	AM3	AM
355031	365030	360030.5	7	8.165311973905723	0	0	1	0.996005996001	1.0000000000000036e-12	10.714285714285714	AM3	AM
360031	370030	365030.5	13	13.407407354682944	0	0	1	0.996005996001	1.0000000000000036e-12	10.846153846153847	AM3	AM
365031	375030	370030.5	54	13.407407354682944	0	0	1	0.996005996001	1.0000000000000036e-12	11.055555555555555	AM3	AM
370031	380030	375030.5	89	NA	NA	0	1	0.996005996001	1.0000000000000036e-12	14.325842696629213	AM3	AM
375031	385030	380030.5	75	NA	NA	0	1	0.996005996001	1.0000000000000036e-12	18.506666666666668	AM3	AM
380031	390030	385030.5	67	NA	NA	0	1	0.996005996001	1.0000000000000036e-12	19.104477611940297	AM3	AM
385031	395030	390030.5	81	NA	NA	0	1	0.996005996001	1.0000000000000036e-12	19.17283950617284	AM3	AM
390031	400030	395030.5	81	15.012173652648926	0	0	1	0.996005996001	1.0000000000000036e-12	18.962962962962962	AM3	AM
395031	405030	400030.5	80	15.012173652648926	0	0	1	0.996005996001	1.0000000000000036e-12	18.8	AM3	AM
400031	410030	405030.5	99	18.923795378335036	NA	0	1	0.996005996001	1.0000000000000036e-12	18.8989898989899	AM3	AM
405031	415030	410030.5	87	16.592661414126802	0	0	1	0.996005996001	1.0000000000000036e-12	18.770114942528735	AM3	AM
410031	420030	415030.5	67	15.637451171875	0	0	1	0.996005996001	1.0000000000000036e-12	18.34328358208955	AM3	AM
415031	425030	420030.5	78	NA	NA	0	1	0.996005996001	1.0000000000000036e-12	18.46153846153846	AM3	AM
420031	430030	425030.5	91	NA	NA	0	1	0.996005996001	1.0000000000000036e-12	18.64835164835165	AM3	AM
425031	435030	430030.5	96	NA	NA	0	1	0.996005996001	1.0000000000000036e-12	18.614583333333332	AM3	AM
430031	440030	435030.5	96	NA	NA	0	1	0.996005996001	1.0000000000000036e-12	19	AM3	AM
435031	445030	440030.5	93	7.12856656754499	0.002752705020982453	0	1	0.996005996001	1.0000000000000036e-12	18.462365591397848	AM3	AM
440031	450030	445030.5	80	8.839669853878481	569.3644380809055	0	1	0.996005996001	1.0000000000000036e-12	17.9875	AM3	AM
445031	455030	450030.5	75	13.88173261610676	1138.72612345679	0	1	0.996005996001	1.0000000000000036e-12	18.6	AM3	AM
450031	460030	455030.5	96	NA	NA	0	1	0.996005996001	1.0000000000000036e-12	19	AM3	AM
455031	465030	460030.5	93	NA	NA	0	1	0.996005996001	1.0000000000000036e-12	18.677419354838708	AM3	AM
460031	470030	465030.5	97	NA	NA	0	1	0.996005996001	1.0000000000000036e-12	18.52577319587629	AM3	AM
465031	475030	470030.5	85	NA	NA	0	1	0.996005996001	1.0000000000000036e-12	19	AM3	AM
470031	480030	475030.5	61	6.999436863380625	0.03808596444581987	0	1	0.996005996001	1.0000000000000036e-12	19.18032786885246	AM3	AM
475031	485030	480030.5	77	6.999436863380625	0.03808596444581987	0	1	0.996005996001	1.0000000000000036e-12	19.22077922077922	AM3	AM
480031	490030	485030.5	54	NA	NA	0	1	0.996005996001	1.0000000000000036e-12	19.11111111111111	AM3	AM
485031	495030	490030.5	40	NA	NA	0	1	0.996005996001	1.0000000000000036e-12	19.05	AM3	AM
490031	500030	495030.5	54	19.9274765625	NA	0	1	0.996005996001	1.0000000000000036e-12	19.11111111111111	AM3	AM
495031	505030	500030.5	65	15.90465625	NA	0	1	0.996005996001	1.0000000000000036e-12	18.584615384615386	AM3	AM
500031	510030	505030.5	74	15.80073046875	NA	0	1	0.996005996001	1.0000000000000036e-12	18.64864864864865	AM3	AM
505031	515030	510030.5	83	19.21277940479662	NA	0	1	0.996005996001	1.0000000000000036e-12	18.481927710843372	AM3	AM
510031	520030	515030.5	77	17.296326279796617	0	0	1	0.996005996001	1.0000000000000036e-12	18.493506493506494	AM3	AM
515031	525030	520030.5	59	16.392881052182986	0	0	1	0.996005996001	1.0000000000000036e-12	19.06779661016949	AM3	AM
520031	530030	525030.5	71	15.398467103567823	0	0	1	0.996005996001	1.0000000000000036e-12	17.929577464788732	AM3	AM
525031	535030	530030.5	76	10.720361218069122	NA	0	1	0.996005996001	1.0000000000000036e-12	17.013157894736842	AM3	AM
530031	540030	535030.5	72	8.248635470145672	NA	0	1	0.996005996001	1.0000000000000036e-12	16.84722222222222	AM3	AM
535031	545030	540030.5	82	NA	NA	0	1	0.996005996001	1.0000000000000036e-12	17.01219512195122	AM3	AM
540031	550030	545030.5	97	18.831579061269863	NA	0	1	0.996005996001	1.0000000000000036e-12	18.123711340206185	AM3	AM
545031	555030	550030.5	95	13.957218750000001	0	0	1	0.996005996001	1.0000000000000036e-12	18.768421052631577	AM3	AM
550031	560030	555030.5	63	13.876388478270773	0	0	1	0.996005996001	1.0000000000000036e-12	18.77777777777778	AM3	AM
555031	565030	560030.5	46	18.213400896306986	NA	0	1	0.996005996001	1.0000000000000036e-12	19.17391304347826	AM3	AM
560031	570030	565030.5	73	18.213400896306986	NA	0	1	0.996005996001	1.0000000000000036e-12	19.123287671232877	AM3	AM
565031	575030	570030.5	109	9.591885897977711	NA	0	1	0.996005996001	1.0000000000000036e-12	18.541284403669724	AM3	AM
570031	580030	575030.5	102	9.591885897977711	NA	0	1	0.996005996001	1.0000000000000036e-12	18.392156862745097	AM3	AM
575031	585030	580030.5	67	10.059427734375	0	0	1	0.996005996001	1.0000000000000036e-12	18.791044776119403	AM3	AM
580031	590030	585030.5	70	10.059427734375	0	0	1	0.996005996001	1.0000000000000036e-12	18.52857142857143	AM3	AM
585031	595030	590030.5	79	NA	NA	0	1	0.996005996001	1.0000000000000036e-12	18.31645569620253	AM3	AM
590031	600030	595030.5	71	17.330729166666668	0	0	1	0.996005996001	1.0000000000000036e-12	18.633802816901408	AM3	AM
595031	605030	600030.5	86	13.513014973958335	0	0	1	0.996005996001	1.0000000000000036e-12	18.74418604651163	AM3	AM
600031	610030	605030.5	114	10.871759954921112	NA	0	1	0.996005996001	1.0000000000000036e-12	18.24561403508772	AM3	AM
605031	615030	610030.5	118	14.897777666628073	NA	0	1	0.996005996001	1.0000000000000036e-12	18.440677966101696	AM3	AM
610031	620030	615030.5	107	15.760670371557818	NA	0	1	0.996005996001	1.0000000000000036e-12	19.05607476635514	AM3	AM
615031	625030	620030.5	100	15.760670371557818	NA	0	1	0.996005996001	1.0000000000000036e-12	19.29	AM3	AM
620031	630030	625030.5	101	19.9274765625	NA	0	1	0.996005996001	1.0000000000000036e-12	19.207920792079207	AM3	AM
625031	635030	630030.5	112	18.923795378335036	NA	0	1	0.996005996001	1.0000000000000036e-12	18.642857142857142	AM3	AM
630031	640030	635030.5	79	16.410843115552357	NA	0	1	0.996005996001	1.0000000000000036e-12	18.49367088607595	AM3	AM
635031	645030	640030.5	41	NA	NA	0	1	0.996005996001	1.0000000000000036e-12	18.878048780487806	AM3	AM
640031	650030	645030.5	57	NA	NA	0	1	0.996005996001	1.0000000000000036e-12	17.92982456140351	AM3	AM
645031	655030	650030.5	63	NA	NA	0	1	0.996005996001	1.0000000000000036e-12	18.333333333333332	AM3	AM
650031	660030	655030.5	64	11.371454413351422	0	0	1	0.996005996001	1.0000000000000036e-12	18.734375	AM3	AM
655031	665030	660030.5	63	12.680999658625396	0	0	1	0.996005996001	1.0000000000000036e-12	18.523809523809526	AM3	AM
660031	670030	665030.5	53	13.3169902670308	6875.000000000007	0	1	0.996005996001	1.0000000000000036e-12	18.92452830188679	AM3	AM
665031	675030	670030.5	35	NA	NA	0	1	0.996005996001	1.0000000000000036e-12	19.17142857142857	AM3	AM
670031	680030	675030.5	11	NA	NA	0	1	0.996005996001	1.0000000000000036e-12	16.272727272727273	AM3	AM
675031	685030	680030.5	9	NA	NA	NA	NA	NA	NA	2	AM3	AM
680031	690030	685030.5	7	NA	NA	NA	NA	NA	NA	2.2857142857142856	AM3	AM
685031	695030	690030.5	0	NA	NA	NA	NA	NA	NA	NA	AM3	AM
690031	700030	695030.5	0	NA	NA	NA	NA	NA	NA	NA	AM3	AM
695031	705030	700030.5	0	NA	NA	NA	NA	NA	NA	NA	AM3	AM
700031	710030	705030.5	16	NA	NA	0	1	0.996005996001	1.0000000000000036e-12	17.5	AM3	AM
705031	715030	710030.5	62	15.910110473632812	NA	0	1	0.996005996001	1.0000000000000036e-12	18.338709677419356	AM3	AM
710031	720030	715030.5	107	14.400278837180538	NA	0	1	0.996005996001	1.0000000000000036e-12	18.700934579439252	AM3	AM
715031	725030	720030.5	99	12.386141569114132	NA	0	1	0.996005996001	1.0000000000000036e-12	18.636363636363637	AM3	AM
720031	730030	725030.5	77	15.012173652648926	0	0	1	0.996005996001	1.0000000000000036e-12	18.818181818181817	AM3	AM
725031	735030	730030.5	74	16.948585675919887	0	0	1	0.996005996001	1.0000000000000036e-12	19.243243243243242	AM3	AM
730031	740030	735030.5	66	NA	NA	0	1	0.996005996001	1.0000000000000036e-12	19.09090909090909	AM3	AM
735031	745030	740030.5	71	NA	NA	0	1	0.996005996001	1.0000000000000036e-12	18.91549295774648	AM3	AM
740031	750030	745030.5	77	NA	NA	0	1	0.996005996001	1.0000000000000036e-12	18.974025974025974	AM3	AM
745031	755030	750030.5	72	18.705933809593233	NA	0	1	0.996005996001	1.0000000000000036e-12	18.63888888888889	AM3	AM
750031	760030	755030.5	75	18.705933809593233	NA	0	1	0.996005996001	1.0000000000000036e-12	18.293333333333333	AM3	AM
755031	765030	760030.5	93	NA	NA	0	1	0.996005996001	1.0000000000000036e-12	18.311827956989248	AM3	AM
760031	770030	765030.5	92	15.40803282784513	0	0	1	0.996005996001	1.0000000000000036e-12	18.130434782608695	AM3	AM
765031	775030	770030.5	102	13.90087890625	0	0	1	0.996005996001	1.0000000000000036e-12	18.333333333333332	AM3	AM
770031	780030	775030.5	98	6.805575801749272	NA	0	1	0.996005996001	1.0000000000000036e-12	18.6734693877551	AM3	AM
775031	785030	780030.5	58	NA	NA	0	1	0.996005996001	1.0000000000000036e-12	18.948275862068964	AM3	AM
780031	790030	785030.5	70	NA	NA	0	1	0.996005996001	1.0000000000000036e-12	18.02857142857143	AM3	AM
785031	795030	790030.5	87	12.765395638939463	0	0	1	0.996005996001	1.0000000000000036e-12	17.71264367816092	AM3	AM
790031	800030	795030.5	67	12.765395638939463	0	0	1	0.996005996001	1.0000000000000036e-12	17.746268656716417	AM3	AM
795031	805030	800030.5	70	19.9274765625	NA	0	1	0.996005996001	1.0000000000000036e-12	17.585714285714285	AM3	AM
800031	810030	805030.5	66	19.9274765625	NA	0	1	0.996005996001	1.0000000000000036e-12	17.954545454545453	AM3	AM
805031	815030	810030.5	34	NA	NA	0	1	0.996005996001	1.0000000000000036e-12	17.235294117647058	AM3	AM
810031	820030	815030.5	91	9.984457175056349	0	0	1	0.996005996001	1.0000000000000036e-12	16.967032967032967	AM3	AM
815031	825030	820030.5	109	9.984457175056349	0	0	1	0.996005996001	1.0000000000000036e-12	17.761467889908257	AM3	AM
820031	830030	825030.5	62	NA	NA	0	1	0.996005996001	1.0000000000000036e-12	19.193548387096776	AM3	AM
825031	835030	830030.5	77	17.919720936213995	NA	0	1	0.996005996001	1.0000000000000036e-12	19.025974025974026	AM3	AM
830031	840030	835030.5	78	17.919720936213995	NA	0	1	0.996005996001	1.0000000000000036e-12	18.82051282051282	AM3	AM
835031	845030	840030.5	84	15.953171810699589	0	0	1	0.996005996001	1.0000000000000036e-12	18.428571428571427	AM3	AM
840031	850030	845030.5	91	15.953171810699589	0	0	1	0.996005996001	1.0000000000000036e-12	18.692307692307693	AM3	AM
845031	855030	850030.5	85	NA	NA	0	1	0.996005996001	1.0000000000000036e-12	18.870588235294118	AM3	AM
850031	860030	855030.5	94	14.57332979694816	0	0	1	0.996005996001	1.0000000000000036e-12	17.74468085106383	AM3	AM
855031	865030	860030.5	107	16.13208670917367	0	0	1	0.996005996001	1.0000000000000036e-12	18.08411214953271	AM3	AM
860031	870030	865030.5	118	18.62736373970331	0	0	1	0.996005996001	1.0000000000000036e-12	18.56779661016949	AM3	AM
865031	875030	870030.5	131	18.705933809593233	0	0	1	0.996005996001	1.0000000000000036e-12	18.328244274809162	AM3	AM
870031	880030	875030.5	100	12.352406349495048	0.020412305559228287	0	1	0.996005996001	1.0000000000000036e-12	18.61	AM3	AM
875031	885030	880030.5	50	15.88671875	0.020412305559228287	0	1	0.996005996001	1.0000000000000036e-12	16.66	AM3	AM
880031	890030	885030.5	29	18.831579061269863	NA	0	1	0.996005996001	1.0000000000000036e-12	12.517241379310345	AM3	AM
885031	895030	890030.5	44	NA	NA	0	1	0.996005996001	1.0000000000000036e-12	17.40909090909091	AM3	AM
890031	900030	895030.5	66	NA	NA	0	1	0.996005996001	1.0000000000000036e-12	17.62121212121212	AM3	AM
895031	905030	900030.5	39	6.805575801749272	NA	0	1	0.996005996001	1.0000000000000036e-12	13.794871794871796	AM3	AM
900031	910030	905030.5	26	6.805575801749272	NA	0	1	0.996005996001	1.0000000000000036e-12	8.346153846153847	AM3	AM
905031	915030	910030.5	55	19.9274765625	NA	0	1	0.996005996001	1.0000000000000036e-12	15.636363636363637	AM3	AM
910031	920030	915030.5	86	16.40671716580849	0	0	1	0.996005996001	1.0000000000000036e-12	18.476744186046513	AM3	AM
915031	925030	920030.5	88	12.88595776911698	0	0	1	0.996005996001	1.0000000000000036e-12	18.806818181818183	AM3	AM
920031	930030	925030.5	107	NA	NA	0	1	0.996005996001	1.0000000000000036e-12	18.710280373831775	AM3	AM
925031	935030	930030.5	119	NA	NA	0	1	0.996005996001	1.0000000000000036e-12	18.613445378151262	AM3	AM
930031	940030	935030.5	94	NA	NA	0	1	0.996005996001	1.0000000000000036e-12	18.96808510638298	AM3	AM
935031	945030	940030.5	97	19.719625	NA	0	1	0.996005996001	1.0000000000000036e-12	19.082474226804123	AM3	AM
940031	950030	945030.5	99	17.814867736816407	NA	0	1	0.996005996001	1.0000000000000036e-12	18.91919191919192	AM3	AM
945031	955030	950030.5	71	15.584060668945312	0	0	1	0.996005996001	1.0000000000000036e-12	18.704225352112676	AM3	AM
950031	960030	955030.5	73	15.258010864257812	0	0	1	0.996005996001	1.0000000000000036e-12	18.095890410958905	AM3	AM
955031	965030	960030.5	66	NA	NA	0	1	0.996005996001	1.0000000000000036e-12	17.136363636363637	AM3	AM
960031	970030	965030.5	62	NA	NA	0	1	0.996005996001	1.0000000000000036e-12	16.096774193548388	AM3	AM
965031	975030	970030.5	57	NA	NA	0	1	0.996005996001	1.0000000000000036e-12	15.157894736842104	AM3	AM
970031	980030	975030.5	53	19.9274765625	NA	0	1	0.996005996001	1.0000000000000036e-12	17.09433962264151	AM3	AM
975031	985030	980030.5	81	19.9274765625	NA	0	1	0.996005996001	1.0000000000000036e-12	18.40740740740741	AM3	AM
980031	990030	985030.5	65	19.184920410156252	0	0	1	0.996005996001	1.0000000000000036e-12	18.26153846153846	AM3	AM
985031	995030	990030.5	67	19.184920410156252	0	0	1	0.996005996001	1.0000000000000036e-12	18.62686567164179	AM3	AM
990031	1000030	995030.5	78	14.252466715494794	NA	0	1	0.996005996001	1.0000000000000036e-12	18.423076923076923	AM3	AM
995031	1005030	1000030.5	84	14.252466715494794	NA	0	1	0.996005996001	1.0000000000000036e-12	18.25	AM3	AM
1000031	1010030	1005030.5	112	NA	NA	0	1	0.996005996001	1.0000000000000036e-12	18.553571428571427	AM3	AM
1005031	1015030	1010030.5	116	NA	NA	0	1	0.996005996001	1.0000000000000036e-12	19.086206896551722	AM3	AM
1010031	1020030	1015030.5	123	NA	NA	0	1	0.996005996001	1.0000000000000036e-12	19.089430894308943	AM3	AM
1015031	1025030	1020030.5	92	NA	NA	0	1	0.996005996001	1.0000000000000036e-12	18.77173913043478	AM3	AM
1020031	1030030	1025030.5	59	15.98760730957341	NA	0	1	0.996005996001	1.0000000000000036e-12	18.627118644067796	AM3	AM
1025031	1035030	1030030.5	64	15.98760730957341	NA	0	1	0.996005996001	1.0000000000000036e-12	15.671875	AM3	AM
1030031	1040030	1035030.5	108	NA	NA	0	1	0.996005996001	1.0000000000000036e-12	16.712962962962962	AM3	AM
1035031	1045030	1040030.5	134	17.20772029245856	0	0	1	0.996005996001	1.0000000000000036e-12	18.44776119402985	AM3	AM
1040031	1050030	1045030.5	133	17.007654925386618	0	0	1	0.996005996001	1.0000000000000036e-12	18.586466165413533	AM3	AM
1045031	1055030	1050030.5	122	14.752602690644672	NA	0	1	0.996005996001	1.0000000000000036e-12	18.647540983606557	AM3	AM
1050031	1060030	1055030.5	95	13.167934584548107	0	0	1	0.996005996001	1.0000000000000036e-12	18.347368421052632	AM3	AM
1055031	1065030	1060030.5	94	13.167934584548107	0	0	1	0.996005996001	1.0000000000000036e-12	18.585106382978722	AM3	AM
1060031	1070030	1065030.5	71	NA	NA	0	1	0.996005996001	1.0000000000000036e-12	19.014084507042252	AM3	AM
1065031	1075030	1070030.5	68	12.338789984034563	0	0	1	0.996005996001	1.0000000000000036e-12	18.897058823529413	AM3	AM
1070031	1080030	1075030.5	102	12.338789984034563	0	0	1	0.996005996001	1.0000000000000036e-12	18.42156862745098	AM3	AM
1075031	1085030	1080030.5	109	NA	NA	0	1	0.996005996001	1.0000000000000036e-12	18.458715596330276	AM3	AM
1080031	1090030	1085030.5	98	19.9274765625	NA	0	1	0.996005996001	1.0000000000000036e-12	18.775510204081634	AM3	AM
1085031	1095030	1090030.5	110	18.705933809593237	NA	0	1	0.996005996001	1.0000000000000036e-12	18.654545454545456	AM3	AM
1090031	1100030	1095030.5	102	18.013002861262805	NA	0	1	0.996005996001	1.0000000000000036e-12	18.745098039215687	AM3	AM
1095031	1105030	1100030.5	94	17.69084362139918	NA	0	1	0.996005996001	1.0000000000000036e-12	19.117021276595743	AM3	AM
1100031	1110030	1105030.5	95	17.69084362139918	NA	0	1	0.996005996001	1.0000000000000036e-12	19.294736842105262	AM3	AM
1105031	1115030	1110030.5	79	NA	NA	0	1	0.996005996001	1.0000000000000036e-12	19.21518987341772	AM3	AM
1110031	1120030	1115030.5	94	11.553819444444443	NA	0	1	0.996005996001	1.0000000000000036e-12	18.893617021276597	AM3	AM
1115031	1125030	1120030.5	97	11.553819444444443	NA	0	1	0.996005996001	1.0000000000000036e-12	18.989690721649485	AM3	AM
1120031	1130030	1125030.5	114	17.69084362139918	NA	0	1	0.996005996001	1.0000000000000036e-12	19.017543859649123	AM3	AM
1125031	1135030	1130030.5	161	50.17875514403293	1	0	1	0.996005996001	1.0000000000000036e-12	19.055900621118013	AM3	AM
1130031	1140030	1135030.5	147	82.66666666666667	1	0	1	0.996005996001	1.0000000000000036e-12	19.006802721088434	AM3	AM
1135031	1145030	1140030.5	120	15.77698438753651	2.3256416213413526e-5	0	1	0.996005996001	1.0000000000000036e-12	18.491666666666667	AM3	AM
1140031	1150030	1145030.5	107	17.304281724403186	2.3256416213413526e-5	0	1	0.996005996001	1.0000000000000036e-12	18.7196261682243	AM3	AM
1145031	1155030	1150030.5	98	16.91518674944026	NA	0	1	0.996005996001	1.0000000000000036e-12	17.897959183673468	AM3	AM
1150031	1160030	1155030.5	97	14.39851134347013	NA	0	1	0.996005996001	1.0000000000000036e-12	17.4020618556701	AM3	AM
1155031	1165030	1160030.5	98	NA	NA	0	1	0.996005996001	1.0000000000000036e-12	18.357142857142858	AM3	AM
1160031	1170030	1165030.5	109	12.961099755879282	0	0	1	0.996005996001	1.0000000000000036e-12	18.458715596330276	AM3	AM
1165031	1175030	1170030.5	123	12.961099755879282	0	0	1	0.996005996001	1.0000000000000036e-12	18.235772357723576	AM3	AM
1170031	1180030	1175030.5	108	19.9274765625	NA	0	1	0.996005996001	1.0000000000000036e-12	18.435185185185187	AM3	AM
1175031	1185030	1180030.5	85	19.9274765625	NA	0	1	0.996005996001	1.0000000000000036e-12	12.729411764705882	AM3	AM
1180031	1190030	1185030.5	59	NA	NA	0	1	0.996005996001	1.0000000000000036e-12	5.0508474576271185	AM3	AM
1185031	1195030	1190030.5	62	4.504942063028289	73.7973760932944	0	1	0.996005996001	1.0000000000000036e-12	5.854838709677419	AM3	AM
1190031	1200030	1195030.5	90	4.504942063028289	73.7973760932944	0	1	0.996005996001	1.0000000000000036e-12	12.933333333333334	AM3	AM
1195031	1205030	1200030.5	110	NA	NA	0	1	0.996005996001	1.0000000000000036e-12	18.927272727272726	AM3	AM
1200031	1210030	1205030.5	132	NA	NA	0	1	0.996005996001	1.0000000000000036e-12	19.068181818181817	AM3	AM
1205031	1215030	1210030.5	113	19.9274765625	NA	0	1	0.996005996001	1.0000000000000036e-12	18.964601769911503	AM3	AM
1210031	1220030	1215030.5	72	18.780531338413066	0	0	1	0.996005996001	1.0000000000000036e-12	18.916666666666668	AM3	AM
1215031	1225030	1220030.5	81	17.035873603841225	0	0	1	0.996005996001	1.0000000000000036e-12	18.987654320987655	AM3	AM
1220031	1230030	1225030.5	103	11.806960774928093	0.05501782430369101	0	1	0.996005996001	1.0000000000000036e-12	18.737864077669904	AM3	AM
1225031	1235030	1230030.5	89	15.293884873546618	NA	0	1	0.996005996001	1.0000000000000036e-12	18.707865168539325	AM3	AM
1230031	1240030	1235030.5	89	19.425635970417517	NA	0	1	0.996005996001	1.0000000000000036e-12	19.078651685393258	AM3	AM
1235031	1245030	1240030.5	111	18.923795378335036	NA	0	1	0.996005996001	1.0000000000000036e-12	18.873873873873872	AM3	AM
1240031	1250030	1245030.5	128	NA	NA	0	1	0.996005996001	1.0000000000000036e-12	18.703125	AM3	AM
1245031	1255030	1250030.5	121	14.681114583333333	0	0	1	0.996005996001	1.0000000000000036e-12	18.65289256198347	AM3	AM
1250031	1260030	1255030.5	131	13.785780892030798	0	0	1	0.996005996001	1.0000000000000036e-12	18.717557251908396	AM3	AM
1255031	1265030	1260030.5	110	15.530052839320248	0	0	1	0.996005996001	1.0000000000000036e-12	18.954545454545453	AM3	AM
1260031	1270030	1265030.5	110	18.021108535831118	0	0	1	0.996005996001	1.0000000000000036e-12	19.12727272727273	AM3	AM
1265031	1275030	1270030.5	144	17.87255859375	0	0	1	0.996005996001	1.0000000000000036e-12	18.95138888888889	AM3	AM
1270031	1280030	1275030.5	138	16.857993938276003	0	0	1	0.996005996001	1.0000000000000036e-12	18.840579710144926	AM3	AM
1275031	1285030	1280030.5	134	16.857993938276003	0	0	1	0.996005996001	1.0000000000000036e-12	18.567164179104477	AM3	AM
1280031	1290030	1285030.5	100	10.146181393470293	NA	0	1	0.996005996001	1.0000000000000036e-12	18.22	AM3	AM
1285031	1295030	1290030.5	82	10.146181393470293	NA	0	1	0.996005996001	1.0000000000000036e-12	18.76829268292683	AM3	AM
1290031	1300030	1295030.5	104	NA	NA	0	1	0.996005996001	1.0000000000000036e-12	19.048076923076923	AM3	AM
1295031	1305030	1300030.5	99	NA	NA	0	1	0.996005996001	1.0000000000000036e-12	18.95959595959596	AM3	AM
1300031	1310030	1305030.5	83	NA	NA	0	1	0.996005996001	1.0000000000000036e-12	19.180722891566266	AM3	AM
1305031	1315030	1310030.5	71	NA	NA	0	1	0.996005996001	1.0000000000000036e-12	19.338028169014084	AM3	AM
1310031	1320030	1315030.5	66	12.075339226881104	NA	0	1	0.996005996001	1.0000000000000036e-12	19.045454545454547	AM3	AM
1315031	1325030	1320030.5	94	12.075339226881104	NA	0	1	0.996005996001	1.0000000000000036e-12	19.03191489361702	AM3	AM
1320031	1330030	1325030.5	105	NA	NA	0	1	0.996005996001	1.0000000000000036e-12	19.095238095238095	AM3	AM
1325031	1335030	1330030.5	93	16.296216670059025	NA	0	1	0.996005996001	1.0000000000000036e-12	18.913978494623656	AM3	AM
1330031	1340030	1335030.5	79	12.570819240379308	NA	0	1	0.996005996001	1.0000000000000036e-12	18.70886075949367	AM3	AM
1335031	1345030	1340030.5	93	14.90438888888889	0	0	1	0.996005996001	1.0000000000000036e-12	18.408602150537636	AM3	AM
1340031	1350030	1345030.5	102	15.702746630608704	0	0	1	0.996005996001	1.0000000000000036e-12	18.774509803921568	AM3	AM
1345031	1355030	1350030.5	68	NA	NA	0	1	0.996005996001	1.0000000000000036e-12	19.33823529411765	AM3	AM
1350031	1360030	1355030.5	55	NA	NA	0	1	0.996005996001	1.0000000000000036e-12	19.345454545454544	AM3	AM
1355031	1365030	1360030.5	79	16.547705573524055	0	0	1	0.996005996001	1.0000000000000036e-12	18.78481012658228	AM3	AM
1360031	1370030	1365030.5	72	16.547705573524055	0	0	1	0.996005996001	1.0000000000000036e-12	18.5	AM3	AM
1365031	1375030	1370030.5	54	18.923795378335036	NA	0	1	0.996005996001	1.0000000000000036e-12	19.14814814814815	AM3	AM
1370031	1380030	1375030.5	77	18.923795378335036	NA	0	1	0.996005996001	1.0000000000000036e-12	18.38961038961039	AM3	AM
1375031	1385030	1380030.5	104	14.359086051384839	0	0	1	0.996005996001	1.0000000000000036e-12	18.326923076923077	AM3	AM
1380031	1390030	1385030.5	105	14.359086051384839	0	0	1	0.996005996001	1.0000000000000036e-12	18.866666666666667	AM3	AM
1385031	1395030	1390030.5	101	13.320071664322393	7170.214383249891	0	1	0.996005996001	1.0000000000000036e-12	18.92079207920792	AM3	AM
1390031	1400030	1395030.5	109	13.320071664322393	7170.214383249891	0	1	0.996005996001	1.0000000000000036e-12	18.853211009174313	AM3	AM
1395031	1405030	1400030.5	96	NA	NA	0	1	0.996005996001	1.0000000000000036e-12	18.833333333333332	AM3	AM
1400031	1410030	1405030.5	83	NA	NA	0	1	0.996005996001	1.0000000000000036e-12	19.08433734939759	AM3	AM
1405031	1415030	1410030.5	82	NA	NA	0	1	0.996005996001	1.0000000000000036e-12	19.23170731707317	AM3	AM
1410031	1420030	1415030.5	101	NA	NA	0	1	0.996005996001	1.0000000000000036e-12	19.04950495049505	AM3	AM
1415031	1425030	1420030.5	119	NA	NA	0	1	0.996005996001	1.0000000000000036e-12	19.050420168067227	AM3	AM
1420031	1430030	1425030.5	115	NA	NA	0	1	0.996005996001	1.0000000000000036e-12	18.843478260869563	AM3	AM
1425031	1435030	1430030.5	94	NA	NA	0	1	0.996005996001	1.0000000000000036e-12	18.77659574468085	AM3	AM
1430031	1440030	1435030.5	73	NA	NA	0	1	0.996005996001	1.0000000000000036e-12	18.945205479452056	AM3	AM
1435031	1445030	1440030.5	73	17.601184680314674	NA	0	1	0.996005996001	1.0000000000000036e-12	18.91780821917808	AM3	AM
1440031	1450030	1445030.5	59	17.601184680314674	NA	0	1	0.996005996001	1.0000000000000036e-12	19.271186440677965	AM3	AM
1445031	1455030	1450030.5	61	NA	NA	0	1	0.996005996001	1.0000000000000036e-12	19.278688524590162	AM3	AM
1450031	1460030	1455030.5	88	15.504733848814245	0	0	1	0.996005996001	1.0000000000000036e-12	19.204545454545453	AM3	AM
1455031	1465030	1460030.5	106	15.504733848814245	0	0	1	0.996005996001	1.0000000000000036e-12	19.264150943396228	AM3	AM
1460031	1470030	1465030.5	86	NA	NA	0	1	0.996005996001	1.0000000000000036e-12	19.22093023255814	AM3	AM
1465031	1475030	1470030.5	74	18.923795378335036	NA	0	1	0.996005996001	1.0000000000000036e-12	19.216216216216218	AM3	AM
1470031	1480030	1475030.5	78	18.923795378335036	NA	0	1	0.996005996001	1.0000000000000036e-12	19.128205128205128	AM3	AM
1475031	1485030	1480030.5	78	NA	NA	0	1	0.996005996001	1.0000000000000036e-12	18.71794871794872	AM3	AM
1480031	1490030	1485030.5	85	NA	NA	0	1	0.996005996001	1.0000000000000036e-12	18.847058823529412	AM3	AM
1485031	1495030	1490030.5	73	NA	NA	0	1	0.996005996001	1.0000000000000036e-12	19.054794520547944	AM3	AM
1490031	1500030	1495030.5	77	NA	NA	0	1	0.996005996001	1.0000000000000036e-12	18.92207792207792	AM3	AM
1495031	1505030	1500030.5	75	NA	NA	0	1	0.996005996001	1.0000000000000036e-12	19	AM3	AM
1500031	1510030	1505030.5	60	NA	NA	0	1	0.996005996001	1.0000000000000036e-12	19.033333333333335	AM3	AM
1505031	1515030	1510030.5	66	27.82552338658973	0.42637192915814	0	1	0.996005996001	1.0000000000000036e-12	19	AM3	AM
1510031	1520030	1515030.5	70	27.82552338658973	0.42637192915814	0	1	0.996005996001	1.0000000000000036e-12	19.02857142857143	AM3	AM
1515031	1525030	1520030.5	68	NA	NA	0	1	0.996005996001	1.0000000000000036e-12	18.11764705882353	AM3	AM
31	10030	5030.5	140	11.390625	0	0	1	0.996005996001	1.0000000000000036e-12	13.507142857142858	AM4	AM
5031	15030	10030.5	118	13.167934584548107	0	0	1	0.996005996001	1.0000000000000036e-12	15.322033898305085	AM4	AM
10031	20030	15030.5	124	13.167934584548107	0	0	1	0.996005996001	1.0000000000000036e-12	15.161290322580646	AM4	AM
15031	25030	20030.5	89	14.442274305555557	0	0	1	0.996005996001	1.0000000000000036e-12	15.51685393258427	AM4	AM
20031	30030	25030.5	77	14.725972129721683	0	0	1	0.996005996001	1.0000000000000036e-12	15.480519480519481	AM4	AM
25031	35030	30030.5	108	13.611151603498543	NA	0	1	0.996005996001	1.0000000000000036e-12	15.657407407407407	AM4	AM
30031	40030	35030.5	117	NA	NA	0	1	0.996005996001	1.0000000000000036e-12	15.863247863247864	AM4	AM
35031	45030	40030.5	78	NA	NA	0	1	0.996005996001	1.0000000000000036e-12	15.576923076923077	AM4	AM
40031	50030	45030.5	80	7.8277587890625	NA	0	1	0.996005996001	1.0000000000000036e-12	15.2875	AM4	AM
45031	55030	50030.5	108	7.8277587890625	NA	0	1	0.996005996001	1.0000000000000036e-12	15.74074074074074	AM4	AM
50031	60030	55030.5	110	14.712192708333333	0	0	1	0.996005996001	1.0000000000000036e-12	15.89090909090909	AM4	AM
55031	65030	60030.5	97	14.712192708333333	0	0	1	0.996005996001	1.0000000000000036e-12	15.597938144329897	AM4	AM
60031	70030	65030.5	96	6.5866942662779415	117.18750000000003	0	1	0.996005996001	1.0000000000000036e-12	15.614583333333334	AM4	AM
65031	75030	70030.5	122	6.5866942662779415	117.18750000000003	0	1	0.996005996001	1.0000000000000036e-12	15.532786885245901	AM4	AM
70031	80030	75030.5	123	14.749096290220344	NA	0	1	0.996005996001	1.0000000000000036e-12	15.463414634146341	AM4	AM
75031	85030	80030.5	90	14.749096290220344	NA	0	1	0.996005996001	1.0000000000000036e-12	15.61111111111111	AM4	AM
80031	90030	85030.5	86	NA	NA	0	1	0.996005996001	1.0000000000000036e-12	15.720930232558139	AM4	AM
85031	95030	90030.5	106	13.604668511284721	NA	0	1	0.996005996001	1.0000000000000036e-12	15.471698113207546	AM4	AM
90031	100030	95030.5	129	13.604668511284721	NA	0	1	0.996005996001	1.0000000000000036e-12	15.30232558139535	AM4	AM
95031	105030	100030.5	164	NA	NA	0	1	0.996005996001	1.0000000000000036e-12	15.195121951219512	AM4	AM
100031	110030	105030.5	134	NA	NA	0	1	0.996005996001	1.0000000000000036e-12	15.343283582089553	AM4	AM
105031	115030	110030.5	88	NA	NA	0	1	0.996005996001	1.0000000000000036e-12	15.75	AM4	AM
110031	120030	115030.5	99	13.73642622010031	759375	0	1	0.996005996001	1.0000000000000036e-12	15.818181818181818	AM4	AM
115031	125030	120030.5	99	13.73642622010031	759375	0	1	0.996005996001	1.0000000000000036e-12	16	AM4	AM
120031	130030	125030.5	67	NA	NA	0	1	0.996005996001	1.0000000000000036e-12	15.761194029850746	AM4	AM
125031	135030	130030.5	88	13.73642622010031	759375	0	1	0.996005996001	1.0000000000000036e-12	15.5	AM4	AM
130031	140030	135030.5	118	13.73642622010031	759375	0	1	0.996005996001	1.0000000000000036e-12	15.457627118644067	AM4	AM
135031	145030	140030.5	96	NA	NA	0	1	0.996005996001	1.0000000000000036e-12	15.34375	AM4	AM
140031	150030	145030.5	138	NA	NA	0	1	0.996005996001	1.0000000000000036e-12	15.876811594202898	AM4	AM
145031	155030	150030.5	214	11.200121575061043	NA	0	1	0.996005996001	1.0000000000000036e-12	15.92056074766355	AM4	AM
150031	160030	155030.5	199	11.200121575061043	NA	0	1	0.996005996001	1.0000000000000036e-12	15.768844221105528	AM4	AM
155031	165030	160030.5	131	NA	NA	0	1	0.996005996001	1.0000000000000036e-12	15.702290076335878	AM4	AM
160031	170030	165030.5	95	NA	NA	0	1	0.996005996001	1.0000000000000036e-12	15.715789473684211	AM4	AM
165031	175030	170030.5	87	9.8598125	NA	0	1	0.996005996001	1.0000000000000036e-12	15.64367816091954	AM4	AM
170031	180030	175030.5	81	13.33638404170059	NA	0	1	0.996005996001	1.0000000000000036e-12	15.518518518518519	AM4	AM
175031	185030	180030.5	94	14.277296883497465	NA	0	1	0.996005996001	1.0000000000000036e-12	15.24468085106383	AM4	AM
180031	190030	185030.5	112	11.74163818359375	NA	0	1	0.996005996001	1.0000000000000036e-12	15.392857142857142	AM4	AM
185031	195030	190030.5	101	NA	NA	0	1	0.996005996001	1.0000000000000036e-12	15.92079207920792	AM4	AM
190031	200030	195030.5	80	NA	NA	0	1	0.996005996001	1.0000000000000036e-12	16.2	AM4	AM
195031	205030	200030.5	113	NA	NA	0	1	0.996005996001	1.0000000000000036e-12	15.646017699115044	AM4	AM
200031	210030	205030.5	114	NA	NA	0	1	0.996005996001	1.0000000000000036e-12	15.421052631578947	AM4	AM
205031	215030	210030.5	91	13.897890852769677	NA	0	1	0.996005996001	1.0000000000000036e-12	15.725274725274724	AM4	AM
210031	220030	215030.5	103	13.897890852769677	NA	0	1	0.996005996001	1.0000000000000036e-12	15.805825242718447	AM4	AM
215031	225030	220030.5	109	14.749096290220344	1048575.9999999992	0	1	0.996005996001	1.0000000000000036e-12	15.614678899082568	AM4	AM
220031	230030	225030.5	84	14.749096290220344	1048575.9999999992	0	1	0.996005996001	1.0000000000000036e-12	15.5	AM4	AM
225031	235030	230030.5	51	NA	NA	0	1	0.996005996001	1.0000000000000036e-12	15.882352941176471	AM4	AM
230031	240030	235030.5	89	NA	NA	0	1	0.996005996001	1.0000000000000036e-12	15.820224719101123	AM4	AM
235031	245030	240030.5	105	NA	NA	0	1	0.996005996001	1.0000000000000036e-12	15.59047619047619	AM4	AM
240031	250030	245030.5	100	12.890447200728264	NA	0	1	0.996005996001	1.0000000000000036e-12	15.74	AM4	AM
245031	255030	250030.5	99	12.890447200728264	NA	0	1	0.996005996001	1.0000000000000036e-12	15.777777777777779	AM4	AM
250031	260030	255030.5	98	NA	NA	0	1	0.996005996001	1.0000000000000036e-12	15.428571428571429	AM4	AM
255031	265030	260030.5	104	NA	NA	0	1	0.996005996001	1.0000000000000036e-12	15.365384615384615	AM4	AM
260031	270030	265030.5	87	NA	NA	0	1	0.996005996001	1.0000000000000036e-12	15.505747126436782	AM4	AM
265031	275030	270030.5	80	15.88671875	0	0	1	0.996005996001	1.0000000000000036e-12	15.8625	AM4	AM
270031	280030	275030.5	82	15.88671875	0	0	1	0.996005996001	1.0000000000000036e-12	16.20731707317073	AM4	AM
275031	285030	280030.5	87	12.734728754144733	1048575.9999999992	0	1	0.996005996001	1.0000000000000036e-12	15.597701149425287	AM4	AM
280031	290030	285030.5	86	12.734728754144733	1048575.9999999992	0	1	0.996005996001	1.0000000000000036e-12	15.279069767441861	AM4	AM
285031	295030	290030.5	91	12.759922977355487	NA	0	1	0.996005996001	1.0000000000000036e-12	15.494505494505495	AM4	AM
290031	300030	295030.5	99	12.759922977355487	NA	0	1	0.996005996001	1.0000000000000036e-12	15.282828282828282	AM4	AM
295031	305030	300030.5	142	16.91518674944026	NA	0	1	0.996005996001	1.0000000000000036e-12	15.619718309859154	AM4	AM
300031	310030	305030.5	134	16.91518674944026	NA	0	1	0.996005996001	1.0000000000000036e-12	15.880597014925373	AM4	AM
305031	315030	310030.5	90	NA	NA	0	1	0.996005996001	1.0000000000000036e-12	15.144444444444444	AM4	AM
310031	320030	315030.5	131	NA	NA	0	1	0.996005996001	1.0000000000000036e-12	15.251908396946565	AM4	AM
315031	325030	320030.5	121	NA	NA	0	1	0.996005996001	1.0000000000000036e-12	15.388429752066116	AM4	AM
320031	330030	325030.5	92	5.559714962063694	0.36595031245237003	0	1	0.996005996001	1.0000000000000036e-12	14.826086956521738	AM4	AM
325031	335030	330030.5	108	5.559714962063694	0.36595031245237003	0	1	0.996005996001	1.0000000000000036e-12	14.944444444444445	AM4	AM
330031	340030	335030.5	99	NA	NA	0	1	0.996005996001	1.0000000000000036e-12	15.272727272727273	AM4	AM
335031	345030	340030.5	84	12.357170401869947	42941.19280000001	0	1	0.996005996001	1.0000000000000036e-12	15.30952380952381	AM4	AM
340031	350030	345030.5	67	12.357170401869947	42941.19280000001	0	1	0.996005996001	1.0000000000000036e-12	15	AM4	AM
345031	355030	350030.5	34	7.629005432128906	NA	0	1	0.996005996001	1.0000000000000036e-12	14.382352941176471	AM4	AM
350031	360030	355030.5	8	7.721385336507956	0	0	1	0.996005996001	1.0000000000000036e-12	11.375	AM4	AM
355031	365030	360030.5	7	7.813765240887006	0	0	1	0.996005996001	1.0000000000000036e-12	10.571428571428571	AM4	AM
360031	370030	365030.5	13	10.871759954921112	NA	0	1	0.996005996001	1.0000000000000036e-12	9.384615384615385	AM4	AM
365031	375030	370030.5	54	10.871759954921112	NA	0	1	0.996005996001	1.0000000000000036e-12	12.222222222222221	AM4	AM
370031	380030	375030.5	89	NA	NA	0	1	0.996005996001	1.0000000000000036e-12	14.112359550561798	AM4	AM
375031	385030	380030.5	75	NA	NA	0	1	0.996005996001	1.0000000000000036e-12	15.533333333333333	AM4	AM
380031	390030	385030.5	67	NA	NA	0	1	0.996005996001	1.0000000000000036e-12	15.64179104477612	AM4	AM
385031	395030	390030.5	81	NA	NA	0	1	0.996005996001	1.0000000000000036e-12	15.864197530864198	AM4	AM
390031	400030	395030.5	81	12.114388939462906	0	0	1	0.996005996001	1.0000000000000036e-12	15.555555555555555	AM4	AM
395031	405030	400030.5	80	12.114388939462906	0	0	1	0.996005996001	1.0000000000000036e-12	15.6375	AM4	AM
400031	410030	405030.5	99	NA	NA	0	1	0.996005996001	1.0000000000000036e-12	15.727272727272727	AM4	AM
405031	415030	410030.5	87	13.795558206541543	0	0	1	0.996005996001	1.0000000000000036e-12	15.367816091954023	AM4	AM
410031	420030	415030.5	67	13.795558206541543	0	0	1	0.996005996001	1.0000000000000036e-12	15.014925373134329	AM4	AM
415031	425030	420030.5	78	7.395743094775794	214.22353260457447	0	1	0.996005996001	1.0000000000000036e-12	15.14102564102564	AM4	AM
420031	430030	425030.5	91	7.395743094775794	214.22353260457447	0	1	0.996005996001	1.0000000000000036e-12	15.054945054945055	AM4	AM
425031	435030	430030.5	96	NA	NA	0	1	0.996005996001	1.0000000000000036e-12	15.260416666666666	AM4	AM
430031	440030	435030.5	96	NA	NA	0	1	0.996005996001	1.0000000000000036e-12	15.729166666666666	AM4	AM
435031	445030	440030.5	93	NA	NA	0	1	0.996005996001	1.0000000000000036e-12	15.344086021505376	AM4	AM
440031	450030	445030.5	80	17.723453443877553	0	0	1	0.996005996001	1.0000000000000036e-12	15.325	AM4	AM
445031	455030	450030.5	75	17.723453443877553	0	0	1	0.996005996001	1.0000000000000036e-12	15.573333333333334	AM4	AM
450031	460030	455030.5	96	NA	NA	0	1	0.996005996001	1.0000000000000036e-12	15.645833333333334	AM4	AM
455031	465030	460030.5	93	NA	NA	0	1	0.996005996001	1.0000000000000036e-12	15.53763440860215	AM4	AM
460031	470030	465030.5	97	NA	NA	0	1	0.996005996001	1.0000000000000036e-12	15.237113402061855	AM4	AM
465031	475030	470030.5	85	NA	NA	0	1	0.996005996001	1.0000000000000036e-12	15.423529411764706	AM4	AM
470031	480030	475030.5	61	15.910110473632812	NA	0	1	0.996005996001	1.0000000000000036e-12	15.967213114754099	AM4	AM
475031	485030	480030.5	77	15.910110473632812	NA	0	1	0.996005996001	1.0000000000000036e-12	15.922077922077921	AM4	AM
480031	490030	485030.5	54	NA	NA	0	1	0.996005996001	1.0000000000000036e-12	15.61111111111111	AM4	AM
485031	495030	490030.5	40	NA	NA	0	1	0.996005996001	1.0000000000000036e-12	15.55	AM4	AM
490031	500030	495030.5	54	NA	NA	0	1	0.996005996001	1.0000000000000036e-12	15.444444444444445	AM4	AM
495031	505030	500030.5	65	NA	NA	0	1	0.996005996001	1.0000000000000036e-12	15.138461538461538	AM4	AM
500031	510030	505030.5	74	NA	NA	0	1	0.996005996001	1.0000000000000036e-12	15.621621621621621	AM4	AM
505031	515030	510030.5	83	NA	NA	0	1	0.996005996001	1.0000000000000036e-12	15.36144578313253	AM4	AM
510031	520030	515030.5	77	11.0537109375	0	0	1	0.996005996001	1.0000000000000036e-12	15.142857142857142	AM4	AM
515031	525030	520030.5	59	11.303765190972221	0	0	1	0.996005996001	1.0000000000000036e-12	15.779661016949152	AM4	AM
520031	530030	525030.5	71	11.137090331256783	NA	0	1	0.996005996001	1.0000000000000036e-12	15.112676056338028	AM4	AM
525031	535030	530030.5	76	10.720361218069122	NA	0	1	0.996005996001	1.0000000000000036e-12	14.75	AM4	AM
530031	540030	535030.5	72	NA	NA	0	1	0.996005996001	1.0000000000000036e-12	14.819444444444445	AM4	AM
535031	545030	540030.5	82	NA	NA	0	1	0.996005996001	1.0000000000000036e-12	14.829268292682928	AM4	AM
540031	550030	545030.5	97	10.720361218069122	NA	0	1	0.996005996001	1.0000000000000036e-12	15.1340206185567	AM4	AM
545031	555030	550030.5	95	10.720361218069122	0	0	1	0.996005996001	1.0000000000000036e-12	15.231578947368421	AM4	AM
550031	560030	555030.5	63	12.174500000000002	0	0	1	0.996005996001	1.0000000000000036e-12	15.206349206349206	AM4	AM
555031	565030	560030.5	46	NA	NA	0	1	0.996005996001	1.0000000000000036e-12	15.347826086956522	AM4	AM
560031	570030	565030.5	73	NA	NA	0	1	0.996005996001	1.0000000000000036e-12	15.520547945205479	AM4	AM
565031	575030	570030.5	109	11.717827690972221	NA	0	1	0.996005996001	1.0000000000000036e-12	15.357798165137615	AM4	AM
570031	580030	575030.5	102	11.717827690972221	NA	0	1	0.996005996001	1.0000000000000036e-12	15.352941176470589	AM4	AM
575031	585030	580030.5	67	14.884559048546686	0	0	1	0.996005996001	1.0000000000000036e-12	15.582089552238806	AM4	AM
580031	590030	585030.5	70	14.884559048546686	0	0	1	0.996005996001	1.0000000000000036e-12	15.228571428571428	AM4	AM
585031	595030	590030.5	79	NA	NA	0	1	0.996005996001	1.0000000000000036e-12	15.113924050632912	AM4	AM
590031	600030	595030.5	71	13.407407354682944	0	0	1	0.996005996001	1.0000000000000036e-12	15.47887323943662	AM4	AM
595031	605030	600030.5	86	11.017121766504218	0	0	1	0.996005996001	1.0000000000000036e-12	15.755813953488373	AM4	AM
600031	610030	605030.5	114	10.871759954921112	0	0	1	0.996005996001	1.0000000000000036e-12	15.114035087719298	AM4	AM
605031	615030	610030.5	118	NA	NA	0	1	0.996005996001	1.0000000000000036e-12	15.042372881355933	AM4	AM
610031	620030	615030.5	107	NA	NA	0	1	0.996005996001	1.0000000000000036e-12	15.607476635514018	AM4	AM
615031	625030	620030.5	100	NA	NA	0	1	0.996005996001	1.0000000000000036e-12	15.86	AM4	AM
620031	630030	625030.5	101	NA	NA	0	1	0.996005996001	1.0000000000000036e-12	15.910891089108912	AM4	AM
625031	635030	630030.5	112	NA	NA	0	1	0.996005996001	1.0000000000000036e-12	15.625	AM4	AM
630031	640030	635030.5	79	NA	NA	0	1	0.996005996001	1.0000000000000036e-12	15.50632911392405	AM4	AM
635031	645030	640030.5	41	NA	NA	0	1	0.996005996001	1.0000000000000036e-12	15.487804878048781	AM4	AM
640031	650030	645030.5	57	NA	NA	0	1	0.996005996001	1.0000000000000036e-12	15.43859649122807	AM4	AM
645031	655030	650030.5	63	8.150462962962964	297	0	1	0.996005996001	1.0000000000000036e-12	15.904761904761905	AM4	AM
650031	660030	655030.5	64	9.984457175056349	0	0	1	0.996005996001	1.0000000000000036e-12	15.5625	AM4	AM
655031	665030	660030.5	63	10.519084056278174	0	0	1	0.996005996001	1.0000000000000036e-12	15.174603174603174	AM4	AM
660031	670030	665030.5	53	NA	NA	0	1	0.996005996001	1.0000000000000036e-12	15.377358490566039	AM4	AM
665031	675030	670030.5	35	NA	NA	0	1	0.996005996001	1.0000000000000036e-12	15.371428571428572	AM4	AM
670031	680030	675030.5	11	NA	NA	0	1	0.996005996001	1.0000000000000036e-12	15.090909090909092	AM4	AM
675031	685030	680030.5	9	NA	NA	0	1	0.996005996001	1.0000000000000036e-12	15	AM4	AM
680031	690030	685030.5	7	NA	NA	0	1	0.996005996001	1.0000000000000036e-12	15.857142857142858	AM4	AM
685031	695030	690030.5	0	NA	NA	NA	NA	NA	NA	NA	AM4	AM
690031	700030	695030.5	0	NA	NA	NA	NA	NA	NA	NA	AM4	AM
695031	705030	700030.5	0	NA	NA	NA	NA	NA	NA	NA	AM4	AM
700031	710030	705030.5	16	8.84542181069959	NA	0	1	0.996005996001	1.0000000000000036e-12	14.4375	AM4	AM
705031	715030	710030.5	62	11.015656250407353	0	0	1	0.996005996001	1.0000000000000036e-12	15.306451612903226	AM4	AM
710031	720030	715030.5	107	13.18589069011512	0	0	1	0.996005996001	1.0000000000000036e-12	15.69158878504673	AM4	AM
715031	725030	720030.5	99	9.477	NA	0	1	0.996005996001	1.0000000000000036e-12	15.595959595959595	AM4	AM
720031	730030	725030.5	77	12.837116735028928	0	0	1	0.996005996001	1.0000000000000036e-12	15.519480519480519	AM4	AM
725031	735030	730030.5	74	13.55984453059495	0	0	1	0.996005996001	1.0000000000000036e-12	15.77027027027027	AM4	AM
730031	740030	735030.5	66	12.963928780951797	0	0	1	0.996005996001	1.0000000000000036e-12	15.636363636363637	AM4	AM
735031	745030	740030.5	71	12.963928780951797	0	0	1	0.996005996001	1.0000000000000036e-12	15.591549295774648	AM4	AM
740031	750030	745030.5	77	NA	NA	0	1	0.996005996001	1.0000000000000036e-12	15.688311688311689	AM4	AM
745031	755030	750030.5	72	9.8598125	NA	0	1	0.996005996001	1.0000000000000036e-12	15.51388888888889	AM4	AM
750031	760030	755030.5	75	9.8598125	NA	0	1	0.996005996001	1.0000000000000036e-12	15.346666666666666	AM4	AM
755031	765030	760030.5	93	13.229104166666666	NA	0	1	0.996005996001	1.0000000000000036e-12	15.043010752688172	AM4	AM
760031	770030	765030.5	92	15.279953233506944	0	0	1	0.996005996001	1.0000000000000036e-12	15.01086956521739	AM4	AM
765031	775030	770030.5	102	15.655517578125	0	0	1	0.996005996001	1.0000000000000036e-12	15.088235294117647	AM4	AM
770031	780030	775030.5	98	12.759922977355487	NA	0	1	0.996005996001	1.0000000000000036e-12	15.03061224489796	AM4	AM
775031	785030	780030.5	58	NA	NA	0	1	0.996005996001	1.0000000000000036e-12	15.39655172413793	AM4	AM
780031	790030	785030.5	70	NA	NA	0	1	0.996005996001	1.0000000000000036e-12	15.442857142857143	AM4	AM
785031	795030	790030.5	87	13.407407354682944	0	0	1	0.996005996001	1.0000000000000036e-12	15.241379310344827	AM4	AM
790031	800030	795030.5	67	13.407407354682944	0	0	1	0.996005996001	1.0000000000000036e-12	15.373134328358208	AM4	AM
795031	805030	800030.5	70	NA	NA	0	1	0.996005996001	1.0000000000000036e-12	15.128571428571428	AM4	AM
800031	810030	805030.5	66	NA	NA	0	1	0.996005996001	1.0000000000000036e-12	15.075757575757576	AM4	AM
805031	815030	810030.5	34	NA	NA	0	1	0.996005996001	1.0000000000000036e-12	15.088235294117647	AM4	AM
810031	820030	815030.5	91	8.008500791499635	0	0	1	0.996005996001	1.0000000000000036e-12	14.153846153846153	AM4	AM
815031	825030	820030.5	109	8.008500791499635	0	0	1	0.996005996001	1.0000000000000036e-12	14.577981651376147	AM4	AM
820031	830030	825030.5	62	NA	NA	0	1	0.996005996001	1.0000000000000036e-12	15.709677419354838	AM4	AM
825031	835030	830030.5	77	11.8818359375	NA	0	1	0.996005996001	1.0000000000000036e-12	15.714285714285714	AM4	AM
830031	840030	835030.5	78	11.8818359375	NA	0	1	0.996005996001	1.0000000000000036e-12	15.5	AM4	AM
835031	845030	840030.5	84	11.227611879302742	NA	0	1	0.996005996001	1.0000000000000036e-12	15	AM4	AM
840031	850030	845030.5	91	11.707226670898145	371293.00000000076	0	1	0.996005996001	1.0000000000000036e-12	15.43956043956044	AM4	AM
845031	855030	850030.5	85	11.707226670898145	371293.00000000076	0	1	0.996005996001	1.0000000000000036e-12	15.564705882352941	AM4	AM
850031	860030	855030.5	94	9.69530078125	NA	0	1	0.996005996001	1.0000000000000036e-12	14.712765957446809	AM4	AM
855031	865030	860030.5	107	11.454845635888468	NA	0	1	0.996005996001	1.0000000000000036e-12	15.158878504672897	AM4	AM
860031	870030	865030.5	118	13.214390490526938	0	0	1	0.996005996001	1.0000000000000036e-12	15.415254237288135	AM4	AM
865031	875030	870030.5	131	13.036034315259446	0	0	1	0.996005996001	1.0000000000000036e-12	15.106870229007633	AM4	AM
870031	880030	875030.5	100	10.720361218069122	NA	0	1	0.996005996001	1.0000000000000036e-12	15.32	AM4	AM
875031	885030	880030.5	50	10.720361218069122	NA	0	1	0.996005996001	1.0000000000000036e-12	14.54	AM4	AM
880031	890030	885030.5	29	NA	NA	0	1	0.996005996001	1.0000000000000036e-12	11.517241379310345	AM4	AM
885031	895030	890030.5	44	NA	NA	0	1	0.996005996001	1.0000000000000036e-12	14.090909090909092	AM4	AM
890031	900030	895030.5	66	NA	NA	0	1	0.996005996001	1.0000000000000036e-12	14.43939393939394	AM4	AM
895031	905030	900030.5	39	5.994093765447169	405	0	1	0.996005996001	1.0000000000000036e-12	11.871794871794872	AM4	AM
900031	910030	905030.5	26	6.454409742662117	405	0	1	0.996005996001	1.0000000000000036e-12	8.115384615384615	AM4	AM
905031	915030	910030.5	55	6.454409742662117	NA	0	1	0.996005996001	1.0000000000000036e-12	13.309090909090909	AM4	AM
910031	920030	915030.5	86	11.805555555555557	0	0	1	0.996005996001	1.0000000000000036e-12	15.209302325581396	AM4	AM
915031	925030	920030.5	88	11.805555555555557	0	0	1	0.996005996001	1.0000000000000036e-12	15.386363636363637	AM4	AM
920031	930030	925030.5	107	NA	NA	0	1	0.996005996001	1.0000000000000036e-12	15.411214953271028	AM4	AM
925031	935030	930030.5	119	NA	NA	0	1	0.996005996001	1.0000000000000036e-12	15.302521008403362	AM4	AM
930031	940030	935030.5	94	NA	NA	0	1	0.996005996001	1.0000000000000036e-12	15.712765957446809	AM4	AM
935031	945030	940030.5	97	NA	NA	0	1	0.996005996001	1.0000000000000036e-12	15.793814432989691	AM4	AM
940031	950030	945030.5	99	5.776909722222221	NA	0	1	0.996005996001	1.0000000000000036e-12	15.535353535353535	AM4	AM
945031	955030	950030.5	71	13.52399943104233	0	0	1	0.996005996001	1.0000000000000036e-12	15.43661971830986	AM4	AM
950031	960030	955030.5	73	14.215499999999999	0	0	1	0.996005996001	1.0000000000000036e-12	15.04109589041096	AM4	AM
955031	965030	960030.5	66	NA	NA	0	1	0.996005996001	1.0000000000000036e-12	14.575757575757576	AM4	AM
960031	970030	965030.5	62	NA	NA	0	1	0.996005996001	1.0000000000000036e-12	14.5	AM4	AM
965031	975030	970030.5	57	NA	NA	0	1	0.996005996001	1.0000000000000036e-12	13.807017543859649	AM4	AM
970031	980030	975030.5	53	NA	NA	0	1	0.996005996001	1.0000000000000036e-12	14.622641509433961	AM4	AM
975031	985030	980030.5	81	6.503301826131687	405	0	1	0.996005996001	1.0000000000000036e-12	15.432098765432098	AM4	AM
980031	990030	985030.5	65	9.955354590407316	202.5	0	1	0.996005996001	1.0000000000000036e-12	15.153846153846153	AM4	AM
985031	995030	990030.5	67	13.407407354682944	0	0	1	0.996005996001	1.0000000000000036e-12	15.238805970149254	AM4	AM
990031	1000030	995030.5	78	NA	NA	0	1	0.996005996001	1.0000000000000036e-12	15.038461538461538	AM4	AM
995031	1005030	1000030.5	84	NA	NA	0	1	0.996005996001	1.0000000000000036e-12	14.785714285714286	AM4	AM
1000031	1010030	1005030.5	112	NA	NA	0	1	0.996005996001	1.0000000000000036e-12	15.383928571428571	AM4	AM
1005031	1015030	1010030.5	116	NA	NA	0	1	0.996005996001	1.0000000000000036e-12	15.844827586206897	AM4	AM
1010031	1020030	1015030.5	123	12.884961486816406	NA	0	1	0.996005996001	1.0000000000000036e-12	15.886178861788618	AM4	AM
1015031	1025030	1020030.5	92	12.884961486816406	NA	0	1	0.996005996001	1.0000000000000036e-12	15.597826086956522	AM4	AM
1020031	1030030	1025030.5	59	NA	NA	0	1	0.996005996001	1.0000000000000036e-12	15.322033898305085	AM4	AM
1025031	1035030	1030030.5	64	NA	NA	0	1	0.996005996001	1.0000000000000036e-12	13.96875	AM4	AM
1030031	1040030	1035030.5	108	NA	NA	0	1	0.996005996001	1.0000000000000036e-12	14.287037037037036	AM4	AM
1035031	1045030	1040030.5	134	10.843970111758077	0	0	1	0.996005996001	1.0000000000000036e-12	15.26865671641791	AM4	AM
1040031	1050030	1045030.5	133	11.292804147675913	0	0	1	0.996005996001	1.0000000000000036e-12	15.526315789473685	AM4	AM
1045031	1055030	1050030.5	122	10.764083676436865	0	0	1	0.996005996001	1.0000000000000036e-12	15.663934426229508	AM4	AM
1050031	1060030	1055030.5	95	13.90087890625	0	0	1	0.996005996001	1.0000000000000036e-12	15.326315789473684	AM4	AM
1055031	1065030	1060030.5	94	14.7781982421875	0	0	1	0.996005996001	1.0000000000000036e-12	15.297872340425531	AM4	AM
1060031	1070030	1065030.5	71	NA	NA	0	1	0.996005996001	1.0000000000000036e-12	15.80281690140845	AM4	AM
1065031	1075030	1070030.5	68	10.600982107804125	894.8094543940025	0	1	0.996005996001	1.0000000000000036e-12	15.544117647058824	AM4	AM
1070031	1080030	1075030.5	102	11.8818359375	894.8094543940025	0	1	0.996005996001	1.0000000000000036e-12	15.176470588235293	AM4	AM
1075031	1085030	1080030.5	109	12.889863395134839	NA	0	1	0.996005996001	1.0000000000000036e-12	15.256880733944953	AM4	AM
1080031	1090030	1085030.5	98	13.897890852769677	NA	0	1	0.996005996001	1.0000000000000036e-12	15.459183673469388	AM4	AM
1085031	1095030	1090030.5	110	11.553819444444443	NA	0	1	0.996005996001	1.0000000000000036e-12	15.645454545454545	AM4	AM
1090031	1100030	1095030.5	102	11.553819444444443	NA	0	1	0.996005996001	1.0000000000000036e-12	15.696078431372548	AM4	AM
1095031	1105030	1100030.5	94	NA	NA	0	1	0.996005996001	1.0000000000000036e-12	15.670212765957446	AM4	AM
1100031	1110030	1105030.5	95	14.749096290220344	NA	0	1	0.996005996001	1.0000000000000036e-12	15.821052631578947	AM4	AM
1105031	1115030	1110030.5	79	14.749096290220344	NA	0	1	0.996005996001	1.0000000000000036e-12	15.974683544303797	AM4	AM
1110031	1120030	1115030.5	94	NA	NA	0	1	0.996005996001	1.0000000000000036e-12	15.712765957446809	AM4	AM
1115031	1125030	1120030.5	97	NA	NA	0	1	0.996005996001	1.0000000000000036e-12	15.65979381443299	AM4	AM
1120031	1130030	1125030.5	114	NA	NA	0	1	0.996005996001	1.0000000000000036e-12	15.649122807017545	AM4	AM
1125031	1135030	1130030.5	161	NA	NA	0	1	0.996005996001	1.0000000000000036e-12	15.807453416149068	AM4	AM
1130031	1140030	1135030.5	147	NA	NA	0	1	0.996005996001	1.0000000000000036e-12	15.91156462585034	AM4	AM
1135031	1145030	1140030.5	120	NA	NA	0	1	0.996005996001	1.0000000000000036e-12	15.583333333333334	AM4	AM
1140031	1150030	1145030.5	107	NA	NA	0	1	0.996005996001	1.0000000000000036e-12	15.392523364485982	AM4	AM
1145031	1155030	1150030.5	98	6.805575801749272	NA	0	1	0.996005996001	1.0000000000000036e-12	14.775510204081632	AM4	AM
1150031	1160030	1155030.5	97	6.805575801749272	NA	0	1	0.996005996001	1.0000000000000036e-12	14.731958762886597	AM4	AM
1155031	1165030	1160030.5	98	NA	NA	0	1	0.996005996001	1.0000000000000036e-12	15.428571428571429	AM4	AM
1160031	1170030	1165030.5	109	14.634666666666668	0	0	1	0.996005996001	1.0000000000000036e-12	15.403669724770642	AM4	AM
1165031	1175030	1170030.5	123	14.295942708333335	0	0	1	0.996005996001	1.0000000000000036e-12	15.373983739837398	AM4	AM
1170031	1180030	1175030.5	108	13.897890852769677	NA	0	1	0.996005996001	1.0000000000000036e-12	15.601851851851851	AM4	AM
1175031	1185030	1180030.5	85	NA	NA	0	1	0.996005996001	1.0000000000000036e-12	15.964705882352941	AM4	AM
1180031	1190030	1185030.5	59	NA	NA	0	1	0.996005996001	1.0000000000000036e-12	15.88135593220339	AM4	AM
1185031	1195030	1190030.5	62	12.722520685825351	NA	0	1	0.996005996001	1.0000000000000036e-12	15.548387096774194	AM4	AM
1190031	1200030	1195030.5	90	14.818853717632805	NA	0	1	0.996005996001	1.0000000000000036e-12	15.588888888888889	AM4	AM
1195031	1205030	1200030.5	110	16.91518674944026	NA	0	1	0.996005996001	1.0000000000000036e-12	15.527272727272727	AM4	AM
1200031	1210030	1205030.5	132	13.775802033983236	NA	0	1	0.996005996001	1.0000000000000036e-12	15.462121212121213	AM4	AM
1205031	1215030	1210030.5	113	13.775802033983236	NA	0	1	0.996005996001	1.0000000000000036e-12	15.530973451327434	AM4	AM
1210031	1220030	1215030.5	72	12.724456467626307	0	0	1	0.996005996001	1.0000000000000036e-12	15.527777777777779	AM4	AM
1215031	1225030	1220030.5	81	12.724456467626307	0	0	1	0.996005996001	1.0000000000000036e-12	15.716049382716049	AM4	AM
1220031	1230030	1225030.5	103	12.759922977355487	NA	0	1	0.996005996001	1.0000000000000036e-12	15.718446601941748	AM4	AM
1225031	1235030	1230030.5	89	12.759922977355487	NA	0	1	0.996005996001	1.0000000000000036e-12	15.573033707865168	AM4	AM
1230031	1240030	1235030.5	89	NA	NA	0	1	0.996005996001	1.0000000000000036e-12	15.595505617977528	AM4	AM
1235031	1245030	1240030.5	111	10.871759954921112	NA	0	1	0.996005996001	1.0000000000000036e-12	15.504504504504505	AM4	AM
1240031	1250030	1245030.5	128	10.871759954921112	NA	0	1	0.996005996001	1.0000000000000036e-12	15.4921875	AM4	AM
1245031	1255030	1250030.5	121	10.86304767932505	0	0	1	0.996005996001	1.0000000000000036e-12	15.462809917355372	AM4	AM
1250031	1260030	1255030.5	131	10.86304767932505	0	0	1	0.996005996001	1.0000000000000036e-12	15.534351145038167	AM4	AM
1255031	1265030	1260030.5	110	9.984457175056349	0	0	1	0.996005996001	1.0000000000000036e-12	15.763636363636364	AM4	AM
1260031	1270030	1265030.5	110	11.301098577784561	0	0	1	0.996005996001	1.0000000000000036e-12	15.963636363636363	AM4	AM
1265031	1275030	1270030.5	144	11.8818359375	0	0	1	0.996005996001	1.0000000000000036e-12	15.770833333333334	AM4	AM
1270031	1280030	1275030.5	138	13.33312461735575	NA	0	1	0.996005996001	1.0000000000000036e-12	15.695652173913043	AM4	AM
1275031	1285030	1280030.5	134	13.33312461735575	NA	0	1	0.996005996001	1.0000000000000036e-12	15.58955223880597	AM4	AM
1280031	1290030	1285030.5	100	NA	NA	0	1	0.996005996001	1.0000000000000036e-12	15.45	AM4	AM
1285031	1295030	1290030.5	82	11.707226670898145	NA	0	1	0.996005996001	1.0000000000000036e-12	15.731707317073171	AM4	AM
1290031	1300030	1295030.5	104	11.707226670898145	NA	0	1	0.996005996001	1.0000000000000036e-12	15.586538461538462	AM4	AM
1295031	1305030	1300030.5	99	NA	NA	0	1	0.996005996001	1.0000000000000036e-12	15.404040404040405	AM4	AM
1300031	1310030	1305030.5	83	NA	NA	0	1	0.996005996001	1.0000000000000036e-12	15.819277108433734	AM4	AM
1305031	1315030	1310030.5	71	NA	NA	0	1	0.996005996001	1.0000000000000036e-12	16.140845070422536	AM4	AM
1310031	1320030	1315030.5	66	NA	NA	0	1	0.996005996001	1.0000000000000036e-12	15.787878787878787	AM4	AM
1315031	1325030	1320030.5	94	NA	NA	0	1	0.996005996001	1.0000000000000036e-12	15.75531914893617	AM4	AM
1320031	1330030	1325030.5	105	NA	NA	0	1	0.996005996001	1.0000000000000036e-12	15.771428571428572	AM4	AM
1325031	1335030	1330030.5	93	NA	NA	0	1	0.996005996001	1.0000000000000036e-12	15.483870967741936	AM4	AM
1330031	1340030	1335030.5	79	9.8598125	NA	0	1	0.996005996001	1.0000000000000036e-12	15.544303797468354	AM4	AM
1335031	1345030	1340030.5	93	11.74163818359375	0	0	1	0.996005996001	1.0000000000000036e-12	14.817204301075268	AM4	AM
1340031	1350030	1345030.5	102	11.74163818359375	0	0	1	0.996005996001	1.0000000000000036e-12	14.823529411764707	AM4	AM
1345031	1355030	1350030.5	68	9.69530078125	NA	0	1	0.996005996001	1.0000000000000036e-12	15.676470588235293	AM4	AM
1350031	1360030	1355030.5	55	NA	NA	0	1	0.996005996001	1.0000000000000036e-12	16.01818181818182	AM4	AM
1355031	1365030	1360030.5	79	NA	NA	0	1	0.996005996001	1.0000000000000036e-12	15.367088607594937	AM4	AM
1360031	1370030	1365030.5	72	NA	NA	0	1	0.996005996001	1.0000000000000036e-12	15.027777777777779	AM4	AM
1365031	1375030	1370030.5	54	NA	NA	0	1	0.996005996001	1.0000000000000036e-12	15.74074074074074	AM4	AM
1370031	1380030	1375030.5	77	13.167934584548107	0	0	1	0.996005996001	1.0000000000000036e-12	15.285714285714286	AM4	AM
1375031	1385030	1380030.5	104	12.51767294006051	0	0	1	0.996005996001	1.0000000000000036e-12	15.038461538461538	AM4	AM
1380031	1390030	1385030.5	105	11.867411295572916	0	0	1	0.996005996001	1.0000000000000036e-12	15.247619047619047	AM4	AM
1385031	1395030	1390030.5	101	NA	NA	0	1	0.996005996001	1.0000000000000036e-12	15.465346534653465	AM4	AM
1390031	1400030	1395030.5	109	13.33577734375	NA	0	1	0.996005996001	1.0000000000000036e-12	15.302752293577981	AM4	AM
1395031	1405030	1400030.5	96	13.33577734375	NA	0	1	0.996005996001	1.0000000000000036e-12	15.3125	AM4	AM
1400031	1410030	1405030.5	83	NA	NA	0	1	0.996005996001	1.0000000000000036e-12	15.91566265060241	AM4	AM
1405031	1415030	1410030.5	82	NA	NA	0	1	0.996005996001	1.0000000000000036e-12	15.902439024390244	AM4	AM
1410031	1420030	1415030.5	101	11.51124225921867	129891.85919999988	0	1	0.996005996001	1.0000000000000036e-12	15.544554455445544	AM4	AM
1415031	1425030	1420030.5	119	11.51124225921867	129891.85919999988	0	1	0.996005996001	1.0000000000000036e-12	15.53781512605042	AM4	AM
1420031	1430030	1425030.5	115	NA	NA	0	1	0.996005996001	1.0000000000000036e-12	15.582608695652175	AM4	AM
1425031	1435030	1430030.5	94	NA	NA	0	1	0.996005996001	1.0000000000000036e-12	15.670212765957446	AM4	AM
1430031	1440030	1435030.5	73	NA	NA	0	1	0.996005996001	1.0000000000000036e-12	15.520547945205479	AM4	AM
1435031	1445030	1440030.5	73	13.55984453059495	NA	0	1	0.996005996001	1.0000000000000036e-12	15.465753424657533	AM4	AM
1440031	1450030	1445030.5	59	13.55984453059495	NA	0	1	0.996005996001	1.0000000000000036e-12	15.813559322033898	AM4	AM
1445031	1455030	1450030.5	61	12.722520685825351	537824.0000000006	0	1	0.996005996001	1.0000000000000036e-12	15.540983606557377	AM4	AM
1450031	1460030	1455030.5	88	13.13002856448702	268912.0000000003	0	1	0.996005996001	1.0000000000000036e-12	15.590909090909092	AM4	AM
1455031	1465030	1460030.5	106	13.537536443148689	0	0	1	0.996005996001	1.0000000000000036e-12	15.70754716981132	AM4	AM
1460031	1470030	1465030.5	86	NA	NA	0	1	0.996005996001	1.0000000000000036e-12	15.651162790697674	AM4	AM
1465031	1475030	1470030.5	74	NA	NA	0	1	0.996005996001	1.0000000000000036e-12	15.878378378378379	AM4	AM
1470031	1480030	1475030.5	78	NA	NA	0	1	0.996005996001	1.0000000000000036e-12	16.025641025641026	AM4	AM
1475031	1485030	1480030.5	78	NA	NA	0	1	0.996005996001	1.0000000000000036e-12	15.73076923076923	AM4	AM
1480031	1490030	1485030.5	85	16.91518674944026	NA	0	1	0.996005996001	1.0000000000000036e-12	15.51764705882353	AM4	AM
1485031	1495030	1490030.5	73	16.91518674944026	NA	0	1	0.996005996001	1.0000000000000036e-12	15.547945205479452	AM4	AM
1490031	1500030	1495030.5	77	NA	NA	0	1	0.996005996001	1.0000000000000036e-12	15.246753246753247	AM4	AM
1495031	1505030	1500030.5	75	NA	NA	0	1	0.996005996001	1.0000000000000036e-12	15.28	AM4	AM
1500031	1510030	1505030.5	60	13.775802033983236	NA	0	1	0.996005996001	1.0000000000000036e-12	15.5	AM4	AM
1505031	1515030	1510030.5	66	13.775802033983236	NA	0	1	0.996005996001	1.0000000000000036e-12	15.666666666666666	AM4	AM
1510031	1520030	1515030.5	70	10.871759954921112	NA	0	1	0.996005996001	1.0000000000000036e-12	15.471428571428572	AM4	AM
1515031	1525030	1520030.5	68	10.871759954921112	NA	0	1	0.996005996001	1.0000000000000036e-12	15.132352941176471	AM4	AM
31	10030	5030.5	140	13.795558206541543	0	0	1	0.996005996001	1.0000000000000036e-12	11.378571428571428	AM5	AM
5031	15030	10030.5	118	NA	NA	0	1	0.996005996001	1.0000000000000036e-12	13.76271186440678	AM5	AM
10031	20030	15030.5	124	14.592	0	0	1	0.996005996001	1.0000000000000036e-12	13.879032258064516	AM5	AM
15031	25030	20030.5	89	14.592	0	0	1	0.996005996001	1.0000000000000036e-12	14.48314606741573	AM5	AM
20031	30030	25030.5	77	13.795558206541543	0	0	1	0.996005996001	1.0000000000000036e-12	14.181818181818182	AM5	AM
25031	35030	30030.5	108	13.795558206541543	0	0	1	0.996005996001	1.0000000000000036e-12	14.342592592592593	AM5	AM
30031	40030	35030.5	117	NA	NA	0	1	0.996005996001	1.0000000000000036e-12	14.58974358974359	AM5	AM
35031	45030	40030.5	78	12.890447200728264	NA	0	1	0.996005996001	1.0000000000000036e-12	14.23076923076923	AM5	AM
40031	50030	45030.5	80	10.867934505713926	NA	0	1	0.996005996001	1.0000000000000036e-12	13.8875	AM5	AM
45031	55030	50030.5	108	8.84542181069959	NA	0	1	0.996005996001	1.0000000000000036e-12	14.314814814814815	AM5	AM
50031	60030	55030.5	110	12.890447200728264	NA	0	1	0.996005996001	1.0000000000000036e-12	14.363636363636363	AM5	AM
55031	65030	60030.5	97	13.538716784183372	NA	0	1	0.996005996001	1.0000000000000036e-12	14.309278350515465	AM5	AM
60031	70030	65030.5	96	14.186986367638477	NA	0	1	0.996005996001	1.0000000000000036e-12	14.489583333333334	AM5	AM
65031	75030	70030.5	122	NA	NA	0	1	0.996005996001	1.0000000000000036e-12	14.155737704918034	AM5	AM
70031	80030	75030.5	123	20.185609467455627	NA	0	1	0.996005996001	1.0000000000000036e-12	14.016260162601625	AM5	AM
75031	85030	80030.5	90	20.185609467455627	NA	0	1	0.996005996001	1.0000000000000036e-12	14.088888888888889	AM5	AM
80031	90030	85030.5	86	NA	NA	0	1	0.996005996001	1.0000000000000036e-12	14.511627906976743	AM5	AM
85031	95030	90030.5	106	NA	NA	0	1	0.996005996001	1.0000000000000036e-12	14.783018867924529	AM5	AM
90031	100030	95030.5	129	NA	NA	0	1	0.996005996001	1.0000000000000036e-12	14.565891472868216	AM5	AM
95031	105030	100030.5	164	NA	NA	0	1	0.996005996001	1.0000000000000036e-12	14.347560975609756	AM5	AM
100031	110030	105030.5	134	NA	NA	0	1	0.996005996001	1.0000000000000036e-12	14.373134328358208	AM5	AM
105031	115030	110030.5	88	13.167934584548107	0	0	1	0.996005996001	1.0000000000000036e-12	14.590909090909092	AM5	AM
110031	120030	115030.5	99	13.167934584548107	0	0	1	0.996005996001	1.0000000000000036e-12	14.535353535353535	AM5	AM
115031	125030	120030.5	99	NA	NA	0	1	0.996005996001	1.0000000000000036e-12	14.818181818181818	AM5	AM
120031	130030	125030.5	67	NA	NA	0	1	0.996005996001	1.0000000000000036e-12	14.880597014925373	AM5	AM
125031	135030	130030.5	88	NA	NA	0	1	0.996005996001	1.0000000000000036e-12	14.488636363636363	AM5	AM
130031	140030	135030.5	118	NA	NA	0	1	0.996005996001	1.0000000000000036e-12	14.669491525423728	AM5	AM
135031	145030	140030.5	96	NA	NA	0	1	0.996005996001	1.0000000000000036e-12	14.354166666666666	AM5	AM
140031	150030	145030.5	138	NA	NA	0	1	0.996005996001	1.0000000000000036e-12	14.478260869565217	AM5	AM
145031	155030	150030.5	214	NA	NA	0	1	0.996005996001	1.0000000000000036e-12	14.766355140186915	AM5	AM
150031	160030	155030.5	199	NA	NA	0	1	0.996005996001	1.0000000000000036e-12	14.613065326633166	AM5	AM
155031	165030	160030.5	131	NA	NA	0	1	0.996005996001	1.0000000000000036e-12	14.259541984732824	AM5	AM
160031	170030	165030.5	95	NA	NA	0	1	0.996005996001	1.0000000000000036e-12	14.48421052631579	AM5	AM
165031	175030	170030.5	87	NA	NA	0	1	0.996005996001	1.0000000000000036e-12	14.563218390804598	AM5	AM
170031	180030	175030.5	81	NA	NA	0	1	0.996005996001	1.0000000000000036e-12	14.382716049382717	AM5	AM
175031	185030	180030.5	94	13.854227405247814	0	0	1	0.996005996001	1.0000000000000036e-12	14.27659574468085	AM5	AM
180031	190030	185030.5	112	13.854227405247814	0	0	1	0.996005996001	1.0000000000000036e-12	14.303571428571429	AM5	AM
185031	195030	190030.5	101	NA	NA	0	1	0.996005996001	1.0000000000000036e-12	14.653465346534654	AM5	AM
190031	200030	195030.5	80	15.473309516906738	NA	0	1	0.996005996001	1.0000000000000036e-12	14.725	AM5	AM
195031	205030	200030.5	113	15.473309516906738	NA	0	1	0.996005996001	1.0000000000000036e-12	14.044247787610619	AM5	AM
200031	210030	205030.5	114	NA	NA	0	1	0.996005996001	1.0000000000000036e-12	13.929824561403509	AM5	AM
205031	215030	210030.5	91	9.477	NA	0	1	0.996005996001	1.0000000000000036e-12	14.417582417582418	AM5	AM
210031	220030	215030.5	103	10.491372222222223	0	0	1	0.996005996001	1.0000000000000036e-12	14.640776699029127	AM5	AM
215031	225030	220030.5	109	11.505744444444446	0	0	1	0.996005996001	1.0000000000000036e-12	14.128440366972477	AM5	AM
220031	230030	225030.5	84	NA	NA	0	1	0.996005996001	1.0000000000000036e-12	13.857142857142858	AM5	AM
225031	235030	230030.5	51	15.258010864257812	NA	0	1	0.996005996001	1.0000000000000036e-12	14.980392156862745	AM5	AM
230031	240030	235030.5	89	15.291783209906686	NA	0	1	0.996005996001	1.0000000000000036e-12	14.820224719101123	AM5	AM
235031	245030	240030.5	105	15.32555555555556	NA	0	1	0.996005996001	1.0000000000000036e-12	14.380952380952381	AM5	AM
240031	250030	245030.5	100	10.86865568104233	0	0	1	0.996005996001	1.0000000000000036e-12	14.46	AM5	AM
245031	255030	250030.5	99	10.86865568104233	0	0	1	0.996005996001	1.0000000000000036e-12	14.545454545454545	AM5	AM
250031	260030	255030.5	98	7.629005432128906	NA	0	1	0.996005996001	1.0000000000000036e-12	14.53061224489796	AM5	AM
255031	265030	260030.5	104	7.629005432128906	NA	0	1	0.996005996001	1.0000000000000036e-12	14.576923076923077	AM5	AM
260031	270030	265030.5	87	14.442274305555557	NA	0	1	0.996005996001	1.0000000000000036e-12	14.494252873563218	AM5	AM
265031	275030	270030.5	80	14.442274305555557	NA	0	1	0.996005996001	1.0000000000000036e-12	14.75	AM5	AM
270031	280030	275030.5	82	13.55630086856171	NA	0	1	0.996005996001	1.0000000000000036e-12	14.890243902439025	AM5	AM
275031	285030	280030.5	87	12.595044965530855	0	0	1	0.996005996001	1.0000000000000036e-12	14.586206896551724	AM5	AM
280031	290030	285030.5	86	11.6337890625	0	0	1	0.996005996001	1.0000000000000036e-12	14.604651162790697	AM5	AM
285031	295030	290030.5	91	NA	NA	0	1	0.996005996001	1.0000000000000036e-12	14.637362637362637	AM5	AM
290031	300030	295030.5	99	7.629005432128906	NA	0	1	0.996005996001	1.0000000000000036e-12	14.272727272727273	AM5	AM
295031	305030	300030.5	142	10.871759954921112	NA	0	1	0.996005996001	1.0000000000000036e-12	14.211267605633802	AM5	AM
300031	310030	305030.5	134	11.212789699682777	NA	0	1	0.996005996001	1.0000000000000036e-12	14.238805970149254	AM5	AM
305031	315030	310030.5	90	13.897890852769677	NA	0	1	0.996005996001	1.0000000000000036e-12	14.1	AM5	AM
310031	320030	315030.5	131	13.836846443376457	NA	0	1	0.996005996001	1.0000000000000036e-12	14.526717557251908	AM5	AM
315031	325030	320030.5	121	13.775802033983236	NA	0	1	0.996005996001	1.0000000000000036e-12	14.636363636363637	AM5	AM
320031	330030	325030.5	92	NA	NA	0	1	0.996005996001	1.0000000000000036e-12	14.271739130434783	AM5	AM
325031	335030	330030.5	108	NA	NA	0	1	0.996005996001	1.0000000000000036e-12	14.046296296296296	AM5	AM
330031	340030	335030.5	99	NA	NA	0	1	0.996005996001	1.0000000000000036e-12	14.252525252525253	AM5	AM
335031	345030	340030.5	84	15.910110473632812	NA	0	1	0.996005996001	1.0000000000000036e-12	14.571428571428571	AM5	AM
340031	350030	345030.5	67	15.910110473632812	NA	0	1	0.996005996001	1.0000000000000036e-12	14.537313432835822	AM5	AM
345031	355030	350030.5	34	NA	NA	0	1	0.996005996001	1.0000000000000036e-12	13.588235294117647	AM5	AM
350031	360030	355030.5	8	NA	NA	0	1	0.996005996001	1.0000000000000036e-12	7.75	AM5	AM
355031	365030	360030.5	7	NA	NA	0	1	0.996005996001	1.0000000000000036e-12	8.714285714285714	AM5	AM
360031	370030	365030.5	13	NA	NA	0	1	0.996005996001	1.0000000000000036e-12	8.307692307692308	AM5	AM
365031	375030	370030.5	54	14.186986367638477	NA	0	1	0.996005996001	1.0000000000000036e-12	11.11111111111111	AM5	AM
370031	380030	375030.5	89	14.830147942272607	NA	0	1	0.996005996001	1.0000000000000036e-12	13.134831460674157	AM5	AM
375031	385030	380030.5	75	12.302829670143627	NA	0	1	0.996005996001	1.0000000000000036e-12	14.413333333333334	AM5	AM
380031	390030	385030.5	67	9.132349823380517	NA	0	1	0.996005996001	1.0000000000000036e-12	14.313432835820896	AM5	AM
385031	395030	390030.5	81	15.655517578125	NA	0	1	0.996005996001	1.0000000000000036e-12	14.728395061728396	AM5	AM
390031	400030	395030.5	81	11.185949107781852	0	0	1	0.996005996001	1.0000000000000036e-12	14.407407407407407	AM5	AM
395031	405030	400030.5	80	6.716380637438705	0	0	1	0.996005996001	1.0000000000000036e-12	14.55	AM5	AM
400031	410030	405030.5	99	NA	NA	0	1	0.996005996001	1.0000000000000036e-12	14.666666666666666	AM5	AM
405031	415030	410030.5	87	9.923983134920634	NA	0	1	0.996005996001	1.0000000000000036e-12	14.333333333333334	AM5	AM
410031	420030	415030.5	67	9.923983134920634	NA	0	1	0.996005996001	1.0000000000000036e-12	14.044776119402986	AM5	AM
415031	425030	420030.5	78	NA	NA	0	1	0.996005996001	1.0000000000000036e-12	14.076923076923077	AM5	AM
420031	430030	425030.5	91	NA	NA	0	1	0.996005996001	1.0000000000000036e-12	14.208791208791208	AM5	AM
425031	435030	430030.5	96	NA	NA	0	1	0.996005996001	1.0000000000000036e-12	14.395833333333334	AM5	AM
430031	440030	435030.5	96	NA	NA	0	1	0.996005996001	1.0000000000000036e-12	14.6875	AM5	AM
435031	445030	440030.5	93	NA	NA	0	1	0.996005996001	1.0000000000000036e-12	14.279569892473118	AM5	AM
440031	450030	445030.5	80	11.83226227792871	NA	0	1	0.996005996001	1.0000000000000036e-12	14.1875	AM5	AM
445031	455030	450030.5	75	11.83226227792871	NA	0	1	0.996005996001	1.0000000000000036e-12	14.546666666666667	AM5	AM
450031	460030	455030.5	96	NA	NA	0	1	0.996005996001	1.0000000000000036e-12	14.729166666666666	AM5	AM
455031	465030	460030.5	93	14.90438888888889	NA	0	1	0.996005996001	1.0000000000000036e-12	14.655913978494624	AM5	AM
460031	470030	465030.5	97	14.90438888888889	NA	0	1	0.996005996001	1.0000000000000036e-12	14.22680412371134	AM5	AM
465031	475030	470030.5	85	NA	NA	0	1	0.996005996001	1.0000000000000036e-12	14.31764705882353	AM5	AM
470031	480030	475030.5	61	NA	NA	0	1	0.996005996001	1.0000000000000036e-12	14.672131147540984	AM5	AM
475031	485030	480030.5	77	NA	NA	0	1	0.996005996001	1.0000000000000036e-12	14.74025974025974	AM5	AM
480031	490030	485030.5	54	NA	NA	0	1	0.996005996001	1.0000000000000036e-12	14.61111111111111	AM5	AM
485031	495030	490030.5	40	NA	NA	0	1	0.996005996001	1.0000000000000036e-12	14.3	AM5	AM
490031	500030	495030.5	54	NA	NA	0	1	0.996005996001	1.0000000000000036e-12	14.24074074074074	AM5	AM
495031	505030	500030.5	65	NA	NA	0	1	0.996005996001	1.0000000000000036e-12	14.276923076923078	AM5	AM
500031	510030	505030.5	74	NA	NA	0	1	0.996005996001	1.0000000000000036e-12	14.608108108108109	AM5	AM
505031	515030	510030.5	83	NA	NA	0	1	0.996005996001	1.0000000000000036e-12	14.036144578313253	AM5	AM
510031	520030	515030.5	77	NA	NA	0	1	0.996005996001	1.0000000000000036e-12	14	AM5	AM
515031	525030	520030.5	59	NA	NA	0	1	0.996005996001	1.0000000000000036e-12	14.76271186440678	AM5	AM
520031	530030	525030.5	71	9.8598125	NA	0	1	0.996005996001	1.0000000000000036e-12	14.76056338028169	AM5	AM
525031	535030	530030.5	76	9.8598125	NA	0	1	0.996005996001	1.0000000000000036e-12	14.486842105263158	AM5	AM
530031	540030	535030.5	72	NA	NA	0	1	0.996005996001	1.0000000000000036e-12	14	AM5	AM
535031	545030	540030.5	82	NA	NA	0	1	0.996005996001	1.0000000000000036e-12	14.012195121951219	AM5	AM
540031	550030	545030.5	97	7.369140625	NA	0	1	0.996005996001	1.0000000000000036e-12	14.164948453608247	AM5	AM
545031	555030	550030.5	95	8.6144765625	NA	0	1	0.996005996001	1.0000000000000036e-12	13.863157894736842	AM5	AM
550031	560030	555030.5	63	9.8598125	NA	0	1	0.996005996001	1.0000000000000036e-12	13.825396825396826	AM5	AM
555031	565030	560030.5	46	NA	NA	0	1	0.996005996001	1.0000000000000036e-12	14.23913043478261	AM5	AM
560031	570030	565030.5	73	NA	NA	0	1	0.996005996001	1.0000000000000036e-12	14.356164383561644	AM5	AM
565031	575030	570030.5	109	9.8598125	0	0	1	0.996005996001	1.0000000000000036e-12	14.26605504587156	AM5	AM
570031	580030	575030.5	102	12.247239583333334	0	0	1	0.996005996001	1.0000000000000036e-12	14.245098039215685	AM5	AM
575031	585030	580030.5	67	13.897418044808578	NA	0	1	0.996005996001	1.0000000000000036e-12	14.417910447761194	AM5	AM
580031	590030	585030.5	70	12.890447200728264	NA	0	1	0.996005996001	1.0000000000000036e-12	14.228571428571428	AM5	AM
585031	595030	590030.5	79	NA	NA	0	1	0.996005996001	1.0000000000000036e-12	14.265822784810126	AM5	AM
590031	600030	595030.5	71	9.8598125	NA	0	1	0.996005996001	1.0000000000000036e-12	14.56338028169014	AM5	AM
595031	605030	600030.5	86	15.839252019557824	NA	0	1	0.996005996001	1.0000000000000036e-12	14.709302325581396	AM5	AM
600031	610030	605030.5	114	21.818691539115648	NA	0	1	0.996005996001	1.0000000000000036e-12	14.12280701754386	AM5	AM
605031	615030	610030.5	118	10.035534662873571	NA	0	1	0.996005996001	1.0000000000000036e-12	14.076271186440678	AM5	AM
610031	620030	615030.5	107	10.035534662873571	NA	0	1	0.996005996001	1.0000000000000036e-12	14.69158878504673	AM5	AM
615031	625030	620030.5	100	NA	NA	0	1	0.996005996001	1.0000000000000036e-12	14.83	AM5	AM
620031	630030	625030.5	101	13.728587807286962	NA	0	1	0.996005996001	1.0000000000000036e-12	14.871287128712872	AM5	AM
625031	635030	630030.5	112	13.728587807286962	NA	0	1	0.996005996001	1.0000000000000036e-12	14.669642857142858	AM5	AM
630031	640030	635030.5	79	NA	NA	0	1	0.996005996001	1.0000000000000036e-12	14.341772151898734	AM5	AM
635031	645030	640030.5	41	NA	NA	0	1	0.996005996001	1.0000000000000036e-12	14.390243902439025	AM5	AM
640031	650030	645030.5	57	NA	NA	0	1	0.996005996001	1.0000000000000036e-12	14.578947368421053	AM5	AM
645031	655030	650030.5	63	NA	NA	0	1	0.996005996001	1.0000000000000036e-12	14.444444444444445	AM5	AM
650031	660030	655030.5	64	NA	NA	0	1	0.996005996001	1.0000000000000036e-12	14.0625	AM5	AM
655031	665030	660030.5	63	12.292103755195729	NA	0	1	0.996005996001	1.0000000000000036e-12	14.301587301587302	AM5	AM
660031	670030	665030.5	53	12.292103755195729	NA	0	1	0.996005996001	1.0000000000000036e-12	13.962264150943396	AM5	AM
665031	675030	670030.5	35	NA	NA	0	1	0.996005996001	1.0000000000000036e-12	13.314285714285715	AM5	AM
670031	680030	675030.5	11	NA	NA	0	1	0.996005996001	1.0000000000000036e-12	11.727272727272727	AM5	AM
675031	685030	680030.5	9	NA	NA	NA	NA	NA	NA	3.111111111111111	AM5	AM
680031	690030	685030.5	7	NA	NA	NA	NA	NA	NA	3.2857142857142856	AM5	AM
685031	695030	690030.5	0	NA	NA	NA	NA	NA	NA	NA	AM5	AM
690031	700030	695030.5	0	NA	NA	NA	NA	NA	NA	NA	AM5	AM
695031	705030	700030.5	0	NA	NA	NA	NA	NA	NA	NA	AM5	AM
700031	710030	705030.5	16	NA	NA	0	1	0.996005996001	1.0000000000000036e-12	13.8125	AM5	AM
705031	715030	710030.5	62	19.133223417565837	0	0	1	0.996005996001	1.0000000000000036e-12	14.209677419354838	AM5	AM
710031	720030	715030.5	107	13.992190315093962	0	0	1	0.996005996001	1.0000000000000036e-12	14.663551401869158	AM5	AM
715031	725030	720030.5	99	8.851157212622088	NA	0	1	0.996005996001	1.0000000000000036e-12	14.666666666666666	AM5	AM
720031	730030	725030.5	77	13.897890852769677	NA	0	1	0.996005996001	1.0000000000000036e-12	14.25974025974026	AM5	AM
725031	735030	730030.5	74	13.897890852769677	NA	0	1	0.996005996001	1.0000000000000036e-12	14.41891891891892	AM5	AM
730031	740030	735030.5	66	14.198687074615243	0	0	1	0.996005996001	1.0000000000000036e-12	14.424242424242424	AM5	AM
735031	745030	740030.5	71	14.198687074615243	0	0	1	0.996005996001	1.0000000000000036e-12	14.43661971830986	AM5	AM
740031	750030	745030.5	77	NA	NA	0	1	0.996005996001	1.0000000000000036e-12	14.74025974025974	AM5	AM
745031	755030	750030.5	72	8.246668441972659	525.8213982112284	0	1	0.996005996001	1.0000000000000036e-12	14.583333333333334	AM5	AM
750031	760030	755030.5	75	8.546045126336125	525.8213982112284	0	1	0.996005996001	1.0000000000000036e-12	14.4	AM5	AM
755031	765030	760030.5	93	8.84542181069959	NA	0	1	0.996005996001	1.0000000000000036e-12	14.225806451612904	AM5	AM
760031	770030	765030.5	92	13.897890852769677	NA	0	1	0.996005996001	1.0000000000000036e-12	14.217391304347826	AM5	AM
765031	775030	770030.5	102	13.897890852769677	NA	0	1	0.996005996001	1.0000000000000036e-12	14.235294117647058	AM5	AM
770031	780030	775030.5	98	NA	NA	0	1	0.996005996001	1.0000000000000036e-12	14.295918367346939	AM5	AM
775031	785030	780030.5	58	NA	NA	0	1	0.996005996001	1.0000000000000036e-12	14.586206896551724	AM5	AM
780031	790030	785030.5	70	NA	NA	0	1	0.996005996001	1.0000000000000036e-12	14.5	AM5	AM
785031	795030	790030.5	87	7.8277587890625	NA	0	1	0.996005996001	1.0000000000000036e-12	14.32183908045977	AM5	AM
790031	800030	795030.5	67	7.8277587890625	NA	0	1	0.996005996001	1.0000000000000036e-12	14.417910447761194	AM5	AM
795031	805030	800030.5	70	7.59375	NA	0	1	0.996005996001	1.0000000000000036e-12	14.128571428571428	AM5	AM
800031	810030	805030.5	66	7.59375	NA	0	1	0.996005996001	1.0000000000000036e-12	14.045454545454545	AM5	AM
805031	815030	810030.5	34	NA	NA	0	1	0.996005996001	1.0000000000000036e-12	14.647058823529411	AM5	AM
810031	820030	815030.5	91	8.077538904092629	0	0	1	0.996005996001	1.0000000000000036e-12	12.494505494505495	AM5	AM
815031	825030	820030.5	109	8.077538904092629	0	0	1	0.996005996001	1.0000000000000036e-12	12.926605504587156	AM5	AM
820031	830030	825030.5	62	NA	NA	0	1	0.996005996001	1.0000000000000036e-12	14.5	AM5	AM
825031	835030	830030.5	77	NA	NA	0	1	0.996005996001	1.0000000000000036e-12	14.688311688311689	AM5	AM
830031	840030	835030.5	78	10.351754531461165	NA	0	1	0.996005996001	1.0000000000000036e-12	14.512820512820513	AM5	AM
835031	845030	840030.5	84	8.83926904296875	0	0	1	0.996005996001	1.0000000000000036e-12	13.44047619047619	AM5	AM
840031	850030	845030.5	91	7.312150693843385	0	0	1	0.996005996001	1.0000000000000036e-12	14.197802197802197	AM5	AM
845031	855030	850030.5	85	NA	NA	0	1	0.996005996001	1.0000000000000036e-12	14.929411764705883	AM5	AM
850031	860030	855030.5	94	6.583967292274053	NA	0	1	0.996005996001	1.0000000000000036e-12	13.98936170212766	AM5	AM
855031	865030	860030.5	107	8.198192311096223	12373.48148148147	0	1	0.996005996001	1.0000000000000036e-12	14.242990654205608	AM5	AM
860031	870030	865030.5	118	9.663675167047028	364.5	0	1	0.996005996001	1.0000000000000036e-12	14.372881355932204	AM5	AM
865031	875030	870030.5	131	9.514933004175665	0	0	1	0.996005996001	1.0000000000000036e-12	14.053435114503817	AM5	AM
870031	880030	875030.5	100	10.871759954921112	NA	0	1	0.996005996001	1.0000000000000036e-12	14.31	AM5	AM
875031	885030	880030.5	50	10.871759954921112	NA	0	1	0.996005996001	1.0000000000000036e-12	14.48	AM5	AM
880031	890030	885030.5	29	NA	NA	0	1	0.996005996001	1.0000000000000036e-12	12.379310344827585	AM5	AM
885031	895030	890030.5	44	NA	NA	0	1	0.996005996001	1.0000000000000036e-12	13.340909090909092	AM5	AM
890031	900030	895030.5	66	8.846480498326287	NA	0	1	0.996005996001	1.0000000000000036e-12	14.303030303030303	AM5	AM
895031	905030	900030.5	39	8.846480498326287	NA	0	1	0.996005996001	1.0000000000000036e-12	12.692307692307692	AM5	AM
900031	910030	905030.5	26	NA	NA	0	1	0.996005996001	1.0000000000000036e-12	5.076923076923077	AM5	AM
905031	915030	910030.5	55	NA	NA	0	1	0.996005996001	1.0000000000000036e-12	11.072727272727272	AM5	AM
910031	920030	915030.5	86	NA	NA	0	1	0.996005996001	1.0000000000000036e-12	14.174418604651162	AM5	AM
915031	925030	920030.5	88	NA	NA	0	1	0.996005996001	1.0000000000000036e-12	14.397727272727273	AM5	AM
920031	930030	925030.5	107	NA	NA	0	1	0.996005996001	1.0000000000000036e-12	14.429906542056075	AM5	AM
925031	935030	930030.5	119	NA	NA	0	1	0.996005996001	1.0000000000000036e-12	14.176470588235293	AM5	AM
930031	940030	935030.5	94	NA	NA	0	1	0.996005996001	1.0000000000000036e-12	14.617021276595745	AM5	AM
935031	945030	940030.5	97	NA	NA	0	1	0.996005996001	1.0000000000000036e-12	14.824742268041238	AM5	AM
940031	950030	945030.5	99	5.52685546875	NA	0	1	0.996005996001	1.0000000000000036e-12	14.383838383838384	AM5	AM
945031	955030	950030.5	71	5.52685546875	NA	0	1	0.996005996001	1.0000000000000036e-12	14.267605633802816	AM5	AM
950031	960030	955030.5	73	NA	NA	0	1	0.996005996001	1.0000000000000036e-12	13.945205479452055	AM5	AM
955031	965030	960030.5	66	NA	NA	0	1	0.996005996001	1.0000000000000036e-12	14.030303030303031	AM5	AM
960031	970030	965030.5	62	15.910110473632812	NA	0	1	0.996005996001	1.0000000000000036e-12	14.661290322580646	AM5	AM
965031	975030	970030.5	57	15.910110473632812	NA	0	1	0.996005996001	1.0000000000000036e-12	14.052631578947368	AM5	AM
970031	980030	975030.5	53	NA	NA	0	1	0.996005996001	1.0000000000000036e-12	14.679245283018869	AM5	AM
975031	985030	980030.5	81	NA	NA	0	1	0.996005996001	1.0000000000000036e-12	14.716049382716049	AM5	AM
980031	990030	985030.5	65	13.638101027241254	0	0	1	0.996005996001	1.0000000000000036e-12	14.338461538461539	AM5	AM
985031	995030	990030.5	67	13.638101027241254	0	0	1	0.996005996001	1.0000000000000036e-12	14.328358208955224	AM5	AM
990031	1000030	995030.5	78	NA	NA	0	1	0.996005996001	1.0000000000000036e-12	13.782051282051283	AM5	AM
995031	1005030	1000030.5	84	NA	NA	0	1	0.996005996001	1.0000000000000036e-12	13.821428571428571	AM5	AM
1000031	1010030	1005030.5	112	NA	NA	0	1	0.996005996001	1.0000000000000036e-12	14.607142857142858	AM5	AM
1005031	1015030	1010030.5	116	NA	NA	0	1	0.996005996001	1.0000000000000036e-12	14.775862068965518	AM5	AM
1010031	1020030	1015030.5	123	5.52685546875	NA	0	1	0.996005996001	1.0000000000000036e-12	14.674796747967479	AM5	AM
1015031	1025030	1020030.5	92	5.52685546875	NA	0	1	0.996005996001	1.0000000000000036e-12	14.58695652173913	AM5	AM
1020031	1030030	1025030.5	59	NA	NA	0	1	0.996005996001	1.0000000000000036e-12	14.372881355932204	AM5	AM
1025031	1035030	1030030.5	64	7.629005432128906	NA	0	1	0.996005996001	1.0000000000000036e-12	13.328125	AM5	AM
1030031	1040030	1035030.5	108	10.165467066438024	NA	0	1	0.996005996001	1.0000000000000036e-12	13.583333333333334	AM5	AM
1035031	1045030	1040030.5	134	11.711144959408132	NA	0	1	0.996005996001	1.0000000000000036e-12	14.022388059701493	AM5	AM
1040031	1050030	1045030.5	133	10.720361218069122	NA	0	1	0.996005996001	1.0000000000000036e-12	14.135338345864662	AM5	AM
1045031	1055030	1050030.5	122	14.371166666666666	0	0	1	0.996005996001	1.0000000000000036e-12	14.62295081967213	AM5	AM
1050031	1060030	1055030.5	95	15.013342122395834	0	0	1	0.996005996001	1.0000000000000036e-12	14.505263157894737	AM5	AM
1055031	1065030	1060030.5	94	15.655517578125	NA	0	1	0.996005996001	1.0000000000000036e-12	14.5	AM5	AM
1060031	1070030	1065030.5	71	12.890447200728264	NA	0	1	0.996005996001	1.0000000000000036e-12	15.028169014084508	AM5	AM
1065031	1075030	1070030.5	68	13.897890852769677	1	0	1	0.996005996001	1.0000000000000036e-12	14.602941176470589	AM5	AM
1070031	1080030	1075030.5	102	12.61045462234838	0.5	0	1	0.996005996001	1.0000000000000036e-12	14.382352941176471	AM5	AM
1075031	1085030	1080030.5	109	11.097389173424098	0	0	1	0.996005996001	1.0000000000000036e-12	14.311926605504587	AM5	AM
1080031	1090030	1085030.5	98	10.297902425130209	0	0	1	0.996005996001	1.0000000000000036e-12	14.306122448979592	AM5	AM
1085031	1095030	1090030.5	110	7.074828384429166	327.46743932663645	0	1	0.996005996001	1.0000000000000036e-12	14.60909090909091	AM5	AM
1090031	1100030	1095030.5	102	7.074828384429166	327.46743932663645	0	1	0.996005996001	1.0000000000000036e-12	14.598039215686274	AM5	AM
1095031	1105030	1100030.5	94	NA	NA	0	1	0.996005996001	1.0000000000000036e-12	14.393617021276595	AM5	AM
1100031	1110030	1105030.5	95	NA	NA	0	1	0.996005996001	1.0000000000000036e-12	14.578947368421053	AM5	AM
1105031	1115030	1110030.5	79	NA	NA	0	1	0.996005996001	1.0000000000000036e-12	14.924050632911392	AM5	AM
1110031	1120030	1115030.5	94	NA	NA	0	1	0.996005996001	1.0000000000000036e-12	14.563829787234043	AM5	AM
1115031	1125030	1120030.5	97	NA	NA	0	1	0.996005996001	1.0000000000000036e-12	14.556701030927835	AM5	AM
1120031	1130030	1125030.5	114	NA	NA	0	1	0.996005996001	1.0000000000000036e-12	14.640350877192983	AM5	AM
1125031	1135030	1130030.5	161	17.072645660260644	0	0	1	0.996005996001	1.0000000000000036e-12	14.5527950310559	AM5	AM
1130031	1140030	1135030.5	147	17.072645660260644	0	0	1	0.996005996001	1.0000000000000036e-12	14.693877551020408	AM5	AM
1135031	1145030	1140030.5	120	NA	NA	0	1	0.996005996001	1.0000000000000036e-12	14.591666666666667	AM5	AM
1140031	1150030	1145030.5	107	NA	NA	0	1	0.996005996001	1.0000000000000036e-12	14.25233644859813	AM5	AM
1145031	1155030	1150030.5	98	2.119107100088556	NA	0	1	0.996005996001	1.0000000000000036e-12	13.5	AM5	AM
1150031	1160030	1155030.5	97	2.119107100088556	NA	0	1	0.996005996001	1.0000000000000036e-12	13.876288659793815	AM5	AM
1155031	1165030	1160030.5	98	NA	NA	0	1	0.996005996001	1.0000000000000036e-12	14.540816326530612	AM5	AM
1160031	1170030	1165030.5	109	8.904812499999998	0	0	1	0.996005996001	1.0000000000000036e-12	14.073394495412844	AM5	AM
1165031	1175030	1170030.5	123	11.51124225921867	0	0	1	0.996005996001	1.0000000000000036e-12	14.032520325203253	AM5	AM
1170031	1180030	1175030.5	108	12.430956096958331	0	0	1	0.996005996001	1.0000000000000036e-12	14.314814814814815	AM5	AM
1175031	1185030	1180030.5	85	6.017492711370262	NA	0	1	0.996005996001	1.0000000000000036e-12	11.094117647058823	AM5	AM
1180031	1190030	1185030.5	59	6.017492711370262	NA	0	1	0.996005996001	1.0000000000000036e-12	7	AM5	AM
1185031	1195030	1190030.5	62	7.386786154852429	NA	0	1	0.996005996001	1.0000000000000036e-12	7.887096774193548	AM5	AM
1190031	1200030	1195030.5	90	7.386786154852429	NA	0	1	0.996005996001	1.0000000000000036e-12	11.588888888888889	AM5	AM
1195031	1205030	1200030.5	110	12.890447200728264	NA	0	1	0.996005996001	1.0000000000000036e-12	14.354545454545455	AM5	AM
1200031	1210030	1205030.5	132	12.890447200728264	NA	0	1	0.996005996001	1.0000000000000036e-12	14.136363636363637	AM5	AM
1205031	1215030	1210030.5	113	NA	NA	0	1	0.996005996001	1.0000000000000036e-12	14.256637168141593	AM5	AM
1210031	1220030	1215030.5	72	6.805575801749272	NA	0	1	0.996005996001	1.0000000000000036e-12	14.26388888888889	AM5	AM
1215031	1225030	1220030.5	81	7.526122121860965	525.8213982112284	0	1	0.996005996001	1.0000000000000036e-12	14.444444444444445	AM5	AM
1220031	1230030	1225030.5	103	8.246668441972659	525.8213982112284	0	1	0.996005996001	1.0000000000000036e-12	14.631067961165048	AM5	AM
1225031	1235030	1230030.5	89	21.818691539115648	NA	0	1	0.996005996001	1.0000000000000036e-12	14.404494382022472	AM5	AM
1230031	1240030	1235030.5	89	21.818691539115648	NA	0	1	0.996005996001	1.0000000000000036e-12	14.191011235955056	AM5	AM
1235031	1245030	1240030.5	111	7.8277587890625	NA	0	1	0.996005996001	1.0000000000000036e-12	14.00900900900901	AM5	AM
1240031	1250030	1245030.5	128	7.8277587890625	NA	0	1	0.996005996001	1.0000000000000036e-12	14.140625	AM5	AM
1245031	1255030	1250030.5	121	13.73642622010031	NA	0	1	0.996005996001	1.0000000000000036e-12	14.24793388429752	AM5	AM
1250031	1260030	1255030.5	131	12.809131078800155	NA	0	1	0.996005996001	1.0000000000000036e-12	14.435114503816793	AM5	AM
1255031	1265030	1260030.5	110	9.8598125	NA	0	1	0.996005996001	1.0000000000000036e-12	14.727272727272727	AM5	AM
1260031	1270030	1265030.5	110	11.375129850364132	NA	0	1	0.996005996001	1.0000000000000036e-12	14.872727272727273	AM5	AM
1265031	1275030	1270030.5	144	14.400278837180538	NA	0	1	0.996005996001	1.0000000000000036e-12	14.680555555555555	AM5	AM
1270031	1280030	1275030.5	138	7.057960510253906	0	0	1	0.996005996001	1.0000000000000036e-12	14.41304347826087	AM5	AM
1275031	1285030	1280030.5	134	7.057960510253906	0	0	1	0.996005996001	1.0000000000000036e-12	14.074626865671641	AM5	AM
1280031	1290030	1285030.5	100	9.586033500447869	NA	0	1	0.996005996001	1.0000000000000036e-12	13.98	AM5	AM
1285031	1295030	1290030.5	82	9.586033500447869	NA	0	1	0.996005996001	1.0000000000000036e-12	14.28048780487805	AM5	AM
1290031	1300030	1295030.5	104	8.84542181069959	NA	0	1	0.996005996001	1.0000000000000036e-12	14.471153846153847	AM5	AM
1295031	1305030	1300030.5	99	8.84542181069959	NA	0	1	0.996005996001	1.0000000000000036e-12	14.535353535353535	AM5	AM
1300031	1310030	1305030.5	83	NA	NA	0	1	0.996005996001	1.0000000000000036e-12	14.578313253012048	AM5	AM
1305031	1315030	1310030.5	71	NA	NA	0	1	0.996005996001	1.0000000000000036e-12	14.887323943661972	AM5	AM
1310031	1320030	1315030.5	66	16.858139315640067	NA	0	1	0.996005996001	1.0000000000000036e-12	14.818181818181818	AM5	AM
1315031	1325030	1320030.5	94	16.858139315640067	NA	0	1	0.996005996001	1.0000000000000036e-12	14.563829787234043	AM5	AM
1320031	1330030	1325030.5	105	NA	NA	0	1	0.996005996001	1.0000000000000036e-12	14.638095238095238	AM5	AM
1325031	1335030	1330030.5	93	16.858139315640067	NA	0	1	0.996005996001	1.0000000000000036e-12	14.53763440860215	AM5	AM
1330031	1340030	1335030.5	79	16.858139315640067	NA	0	1	0.996005996001	1.0000000000000036e-12	14.531645569620252	AM5	AM
1335031	1345030	1340030.5	93	9.966685356871414	0	0	1	0.996005996001	1.0000000000000036e-12	12.903225806451612	AM5	AM
1340031	1350030	1345030.5	102	10.369142828698667	0	0	1	0.996005996001	1.0000000000000036e-12	13.098039215686274	AM5	AM
1345031	1355030	1350030.5	68	12.88595776911698	0	0	1	0.996005996001	1.0000000000000036e-12	14.691176470588236	AM5	AM
1350031	1360030	1355030.5	55	NA	NA	0	1	0.996005996001	1.0000000000000036e-12	14.745454545454546	AM5	AM
1355031	1365030	1360030.5	79	7.629005432128906	NA	0	1	0.996005996001	1.0000000000000036e-12	14.50632911392405	AM5	AM
1360031	1370030	1365030.5	72	7.629005432128906	NA	0	1	0.996005996001	1.0000000000000036e-12	14.26388888888889	AM5	AM
1365031	1375030	1370030.5	54	NA	NA	0	1	0.996005996001	1.0000000000000036e-12	14.833333333333334	AM5	AM
1370031	1380030	1375030.5	77	9.156027835590152	0	0	1	0.996005996001	1.0000000000000036e-12	14.376623376623376	AM5	AM
1375031	1385030	1380030.5	104	9.156027835590152	0	0	1	0.996005996001	1.0000000000000036e-12	13.740384615384615	AM5	AM
1380031	1390030	1385030.5	105	NA	NA	0	1	0.996005996001	1.0000000000000036e-12	13.933333333333334	AM5	AM
1385031	1395030	1390030.5	101	11.774083719135803	NA	0	1	0.996005996001	1.0000000000000036e-12	14.504950495049505	AM5	AM
1390031	1400030	1395030.5	109	8.665364583333334	0	0	1	0.996005996001	1.0000000000000036e-12	14.495412844036696	AM5	AM
1395031	1405030	1400030.5	96	8.403276105967079	0	0	1	0.996005996001	1.0000000000000036e-12	14.489583333333334	AM5	AM
1400031	1410030	1405030.5	83	20.185609467455627	NA	0	1	0.996005996001	1.0000000000000036e-12	14.493975903614459	AM5	AM
1405031	1415030	1410030.5	82	20.185609467455627	NA	0	1	0.996005996001	1.0000000000000036e-12	14.353658536585366	AM5	AM
1410031	1420030	1415030.5	101	NA	NA	0	1	0.996005996001	1.0000000000000036e-12	14.257425742574258	AM5	AM
1415031	1425030	1420030.5	119	NA	NA	0	1	0.996005996001	1.0000000000000036e-12	14.344537815126051	AM5	AM
1420031	1430030	1425030.5	115	NA	NA	0	1	0.996005996001	1.0000000000000036e-12	14.57391304347826	AM5	AM
1425031	1435030	1430030.5	94	NA	NA	0	1	0.996005996001	1.0000000000000036e-12	14.648936170212766	AM5	AM
1430031	1440030	1435030.5	73	15.655517578125	NA	0	1	0.996005996001	1.0000000000000036e-12	14.561643835616438	AM5	AM
1435031	1445030	1440030.5	73	15.655517578125	NA	0	1	0.996005996001	1.0000000000000036e-12	14.424657534246576	AM5	AM
1440031	1450030	1445030.5	59	15.49053656684028	NA	0	1	0.996005996001	1.0000000000000036e-12	14.457627118644067	AM5	AM
1445031	1455030	1450030.5	61	NA	NA	0	1	0.996005996001	1.0000000000000036e-12	14.426229508196721	AM5	AM
1450031	1460030	1455030.5	88	7.5775239736773035	0.02191215382957577	0	1	0.996005996001	1.0000000000000036e-12	14.602272727272727	AM5	AM
1455031	1465030	1460030.5	106	7.5775239736773035	0.02191215382957577	0	1	0.996005996001	1.0000000000000036e-12	14.367924528301886	AM5	AM
1460031	1470030	1465030.5	86	NA	NA	0	1	0.996005996001	1.0000000000000036e-12	14.19767441860465	AM5	AM
1465031	1475030	1470030.5	74	NA	NA	0	1	0.996005996001	1.0000000000000036e-12	14.527027027027026	AM5	AM
1470031	1480030	1475030.5	78	NA	NA	0	1	0.996005996001	1.0000000000000036e-12	14.397435897435898	AM5	AM
1475031	1485030	1480030.5	78	13.728587807286962	NA	0	1	0.996005996001	1.0000000000000036e-12	14.294871794871796	AM5	AM
1480031	1490030	1485030.5	85	13.728587807286962	NA	0	1	0.996005996001	1.0000000000000036e-12	14.2	AM5	AM
1485031	1495030	1490030.5	73	12.584433318161128	NA	0	1	0.996005996001	1.0000000000000036e-12	13.876712328767123	AM5	AM
1490031	1500030	1495030.5	77	12.584433318161128	NA	0	1	0.996005996001	1.0000000000000036e-12	13.467532467532468	AM5	AM
1495031	1505030	1500030.5	75	NA	NA	0	1	0.996005996001	1.0000000000000036e-12	13.813333333333333	AM5	AM
1500031	1510030	1505030.5	60	13.591604694333089	0	0	1	0.996005996001	1.0000000000000036e-12	14.233333333333333	AM5	AM
1505031	1515030	1510030.5	66	13.591604694333089	0	0	1	0.996005996001	1.0000000000000036e-12	14.090909090909092	AM5	AM
1510031	1520030	1515030.5	70	NA	NA	0	1	0.996005996001	1.0000000000000036e-12	13.871428571428572	AM5	AM
1515031	1525030	1520030.5	68	15.655517578125	NA	0	1	0.996005996001	1.0000000000000036e-12	13.779411764705882	AM5	AM
31	10030	5030.5	140	22.309646577904346	0	0	1	0.996005996001	1.0000000000000036e-12	32.72857142857143	AM6	AM
5031	15030	10030.5	118	29.69506987847222	0	0	1	0.996005996001	1.0000000000000036e-12	34.57627118644068	AM6	AM
10031	20030	15030.5	124	29.69506987847222	0	0	1	0.996005996001	1.0000000000000036e-12	34.266129032258064	AM6	AM
15031	25030	20030.5	89	30.895773891443724	0	0	1	0.996005996001	1.0000000000000036e-12	35.157303370786515	AM6	AM
20031	30030	25030.5	77	30.895773891443724	0	0	1	0.996005996001	1.0000000000000036e-12	35.23376623376623	AM6	AM
25031	35030	30030.5	108	29.89121484375	NA	0	1	0.996005996001	1.0000000000000036e-12	35.333333333333336	AM6	AM
30031	40030	35030.5	117	29.89121484375	NA	0	1	0.996005996001	1.0000000000000036e-12	35.547008547008545	AM6	AM
35031	45030	40030.5	78	NA	NA	0	1	0.996005996001	1.0000000000000036e-12	35.15384615384615	AM6	AM
40031	50030	45030.5	80	24.64953125	0	0	1	0.996005996001	1.0000000000000036e-12	35.3125	AM6	AM
45031	55030	50030.5	108	24.64953125	0	0	1	0.996005996001	1.0000000000000036e-12	35.629629629629626	AM6	AM
50031	60030	55030.5	110	31.525202351899903	0	0	1	0.996005996001	1.0000000000000036e-12	35.42727272727273	AM6	AM
55031	65030	60030.5	97	31.525202351899903	0	0	1	0.996005996001	1.0000000000000036e-12	34.97938144329897	AM6	AM
60031	70030	65030.5	96	36.96018621799301	NA	0	1	0.996005996001	1.0000000000000036e-12	34.989583333333336	AM6	AM
65031	75030	70030.5	122	35.395279858436766	NA	0	1	0.996005996001	1.0000000000000036e-12	35.385245901639344	AM6	AM
70031	80030	75030.5	123	34.907730160074415	NA	0	1	0.996005996001	1.0000000000000036e-12	35.56910569105691	AM6	AM
75031	85030	80030.5	90	27.630836609062413	0.0025404078661364253	0	1	0.996005996001	1.0000000000000036e-12	35.68888888888889	AM6	AM
80031	90030	85030.5	86	25.271816773417633	0.0025404078661364253	0	1	0.996005996001	1.0000000000000036e-12	35.56976744186046	AM6	AM
85031	95030	90030.5	106	31.26704714997875	NA	0	1	0.996005996001	1.0000000000000036e-12	35	AM6	AM
90031	100030	95030.5	129	NA	NA	0	1	0.996005996001	1.0000000000000036e-12	34.27906976744186	AM6	AM
95031	105030	100030.5	164	35.26568434977686	NA	0	1	0.996005996001	1.0000000000000036e-12	33.90853658536585	AM6	AM
100031	110030	105030.5	134	35.26568434977686	NA	0	1	0.996005996001	1.0000000000000036e-12	34.298507462686565	AM6	AM
105031	115030	110030.5	88	11.242381856299618	0.010253052587156336	0	1	0.996005996001	1.0000000000000036e-12	35.29545454545455	AM6	AM
110031	120030	115030.5	99	22.939177079753307	0.010253052587156336	0	1	0.996005996001	1.0000000000000036e-12	35.62626262626262	AM6	AM
115031	125030	120030.5	99	34.635972303207	NA	0	1	0.996005996001	1.0000000000000036e-12	35.85858585858586	AM6	AM
120031	130030	125030.5	67	NA	NA	0	1	0.996005996001	1.0000000000000036e-12	35.701492537313435	AM6	AM
125031	135030	130030.5	88	NA	NA	0	1	0.996005996001	1.0000000000000036e-12	35.53409090909091	AM6	AM
130031	140030	135030.5	118	NA	NA	0	1	0.996005996001	1.0000000000000036e-12	34.52542372881356	AM6	AM
135031	145030	140030.5	96	NA	NA	0	1	0.996005996001	1.0000000000000036e-12	34.135416666666664	AM6	AM
140031	150030	145030.5	138	35.55376097383339	NA	0	1	0.996005996001	1.0000000000000036e-12	35.6231884057971	AM6	AM
145031	155030	150030.5	214	32.579836773127596	0	0	1	0.996005996001	1.0000000000000036e-12	35.654205607476634	AM6	AM
150031	160030	155030.5	199	30.164935339819085	0	0	1	0.996005996001	1.0000000000000036e-12	35.462311557788944	AM6	AM
155031	165030	160030.5	131	NA	NA	0	1	0.996005996001	1.0000000000000036e-12	35.3206106870229	AM6	AM
160031	170030	165030.5	95	16.67412985955628	NA	0	1	0.996005996001	1.0000000000000036e-12	34.926315789473684	AM6	AM
165031	175030	170030.5	87	20.07870311337189	0	0	1	0.996005996001	1.0000000000000036e-12	34.333333333333336	AM6	AM
170031	180030	175030.5	81	23.4832763671875	0	0	1	0.996005996001	1.0000000000000036e-12	34.370370370370374	AM6	AM
175031	185030	180030.5	94	26.788599298887366	NA	0	1	0.996005996001	1.0000000000000036e-12	33.797872340425535	AM6	AM
180031	190030	185030.5	112	26.788599298887366	NA	0	1	0.996005996001	1.0000000000000036e-12	34.4375	AM6	AM
185031	195030	190030.5	101	NA	NA	0	1	0.996005996001	1.0000000000000036e-12	35.960396039603964	AM6	AM
190031	200030	195030.5	80	NA	NA	0	1	0.996005996001	1.0000000000000036e-12	36.275	AM6	AM
195031	205030	200030.5	113	28.25500454466759	0	0	1	0.996005996001	1.0000000000000036e-12	35.150442477876105	AM6	AM
200031	210030	205030.5	114	28.25500454466759	0	0	1	0.996005996001	1.0000000000000036e-12	34.69298245614035	AM6	AM
205031	215030	210030.5	91	NA	NA	0	1	0.996005996001	1.0000000000000036e-12	35.032967032967036	AM6	AM
210031	220030	215030.5	103	NA	NA	0	1	0.996005996001	1.0000000000000036e-12	35.54368932038835	AM6	AM
215031	225030	220030.5	109	107.36612564211353	0.9694023331703308	0	1	0.996005996001	1.0000000000000036e-12	35.04587155963303	AM6	AM
220031	230030	225030.5	84	36.96018621799301	0.9694023331703308	0	1	0.996005996001	1.0000000000000036e-12	34.607142857142854	AM6	AM
225031	235030	230030.5	51	35.45846442616524	NA	0	1	0.996005996001	1.0000000000000036e-12	35.568627450980394	AM6	AM
230031	240030	235030.5	89	NA	NA	0	1	0.996005996001	1.0000000000000036e-12	35.247191011235955	AM6	AM
235031	245030	240030.5	105	NA	NA	0	1	0.996005996001	1.0000000000000036e-12	35.10476190476191	AM6	AM
240031	250030	245030.5	100	NA	NA	0	1	0.996005996001	1.0000000000000036e-12	35.11	AM6	AM
245031	255030	250030.5	99	NA	NA	0	1	0.996005996001	1.0000000000000036e-12	35.121212121212125	AM6	AM
250031	260030	255030.5	98	32.673583117612736	NA	0	1	0.996005996001	1.0000000000000036e-12	35	AM6	AM
255031	265030	260030.5	104	32.673583117612736	NA	0	1	0.996005996001	1.0000000000000036e-12	34.77884615384615	AM6	AM
260031	270030	265030.5	87	NA	NA	0	1	0.996005996001	1.0000000000000036e-12	35	AM6	AM
265031	275030	270030.5	80	35.1791332127025	0	0	1	0.996005996001	1.0000000000000036e-12	35.675	AM6	AM
270031	280030	275030.5	82	35.1791332127025	0	0	1	0.996005996001	1.0000000000000036e-12	35.73170731707317	AM6	AM
275031	285030	280030.5	87	30.891609093360103	NA	0	1	0.996005996001	1.0000000000000036e-12	34.03448275862069	AM6	AM
280031	290030	285030.5	86	30.891609093360103	NA	0	1	0.996005996001	1.0000000000000036e-12	32.593023255813954	AM6	AM
285031	295030	290030.5	91	27.817868344849202	NA	0	1	0.996005996001	1.0000000000000036e-12	33.40659340659341	AM6	AM
290031	300030	295030.5	99	27.817868344849202	NA	0	1	0.996005996001	1.0000000000000036e-12	33.91919191919192	AM6	AM
295031	305030	300030.5	142	NA	NA	0	1	0.996005996001	1.0000000000000036e-12	34.33802816901409	AM6	AM
300031	310030	305030.5	134	NA	NA	0	1	0.996005996001	1.0000000000000036e-12	34.85820895522388	AM6	AM
305031	315030	310030.5	90	34.8432564063091	NA	0	1	0.996005996001	1.0000000000000036e-12	32.93333333333333	AM6	AM
310031	320030	315030.5	131	34.8432564063091	NA	0	1	0.996005996001	1.0000000000000036e-12	33.79389312977099	AM6	AM
315031	325030	320030.5	121	NA	NA	0	1	0.996005996001	1.0000000000000036e-12	34.29752066115702	AM6	AM
320031	330030	325030.5	92	31.9540958404541	NA	0	1	0.996005996001	1.0000000000000036e-12	33.03260869565217	AM6	AM
325031	335030	330030.5	108	31.9540958404541	NA	0	1	0.996005996001	1.0000000000000036e-12	34.06481481481482	AM6	AM
330031	340030	335030.5	99	NA	NA	0	1	0.996005996001	1.0000000000000036e-12	34.58585858585859	AM6	AM
335031	345030	340030.5	84	33.95674263433747	3.268010063347678e-5	0	1	0.996005996001	1.0000000000000036e-12	34.785714285714285	AM6	AM
340031	350030	345030.5	67	35.95897902692963	3.268010063347678e-5	0	1	0.996005996001	1.0000000000000036e-12	32.95522388059702	AM6	AM
345031	355030	350030.5	34	37.96121541952179	NA	0	1	0.996005996001	1.0000000000000036e-12	29.676470588235293	AM6	AM
350031	360030	355030.5	8	784.9904382447984	0	0	1	0.996005996001	1.0000000000000036e-12	26.875	AM6	AM
355031	365030	360030.5	7	784.9904382447984	0	0	1	0.996005996001	1.0000000000000036e-12	22.857142857142858	AM6	AM
360031	370030	365030.5	13	30.592102061025145	0	0	1	0.996005996001	1.0000000000000036e-12	22.307692307692307	AM6	AM
365031	375030	370030.5	54	30.592102061025145	0	0	1	0.996005996001	1.0000000000000036e-12	22.425925925925927	AM6	AM
370031	380030	375030.5	89	NA	NA	0	1	0.996005996001	1.0000000000000036e-12	27.584269662921347	AM6	AM
375031	385030	380030.5	75	37.4607008187574	NA	0	1	0.996005996001	1.0000000000000036e-12	34.61333333333334	AM6	AM
380031	390030	385030.5	67	37.4607008187574	NA	0	1	0.996005996001	1.0000000000000036e-12	35.95522388059702	AM6	AM
385031	395030	390030.5	81	NA	NA	0	1	0.996005996001	1.0000000000000036e-12	35.839506172839506	AM6	AM
390031	400030	395030.5	81	33.27169020249211	0	0	1	0.996005996001	1.0000000000000036e-12	35.333333333333336	AM6	AM
395031	405030	400030.5	80	33.27169020249211	0	0	1	0.996005996001	1.0000000000000036e-12	35.075	AM6	AM
400031	410030	405030.5	99	NA	NA	0	1	0.996005996001	1.0000000000000036e-12	34.98989898989899	AM6	AM
405031	415030	410030.5	87	33.18599092967637	0	0	1	0.996005996001	1.0000000000000036e-12	34.735632183908045	AM6	AM
410031	420030	415030.5	67	33.18599092967637	0	0	1	0.996005996001	1.0000000000000036e-12	34.19402985074627	AM6	AM
415031	425030	420030.5	78	NA	NA	0	1	0.996005996001	1.0000000000000036e-12	33.84615384615385	AM6	AM
420031	430030	425030.5	91	NA	NA	0	1	0.996005996001	1.0000000000000036e-12	34.010989010989015	AM6	AM
425031	435030	430030.5	96	NA	NA	0	1	0.996005996001	1.0000000000000036e-12	34.552083333333336	AM6	AM
430031	440030	435030.5	96	NA	NA	0	1	0.996005996001	1.0000000000000036e-12	35.447916666666664	AM6	AM
435031	445030	440030.5	93	16.985757266181466	22.900256932461826	0	1	0.996005996001	1.0000000000000036e-12	34.75268817204301	AM6	AM
440031	450030	445030.5	80	17.485336002581565	11.455825398777227	0	1	0.996005996001	1.0000000000000036e-12	34.2	AM6	AM
445031	455030	450030.5	75	17.984914738981665	0.011393865092629749	0	1	0.996005996001	1.0000000000000036e-12	35.026666666666664	AM6	AM
450031	460030	455030.5	96	NA	NA	0	1	0.996005996001	1.0000000000000036e-12	35.1875	AM6	AM
455031	465030	460030.5	93	20.929471741978524	NA	0	1	0.996005996001	1.0000000000000036e-12	34.376344086021504	AM6	AM
460031	470030	465030.5	97	23.939222547743057	NA	0	1	0.996005996001	1.0000000000000036e-12	34.402061855670105	AM6	AM
465031	475030	470030.5	85	32.26003303417914	NA	0	1	0.996005996001	1.0000000000000036e-12	35.28235294117647	AM6	AM
470031	480030	475030.5	61	14.610517791076347	127.55786870438166	0	1	0.996005996001	1.0000000000000036e-12	35.63934426229508	AM6	AM
475031	485030	480030.5	77	14.610517791076347	127.55786870438166	0	1	0.996005996001	1.0000000000000036e-12	35.63636363636363	AM6	AM
480031	490030	485030.5	54	NA	NA	0	1	0.996005996001	1.0000000000000036e-12	35.44444444444444	AM6	AM
485031	495030	490030.5	40	NA	NA	0	1	0.996005996001	1.0000000000000036e-12	35.775	AM6	AM
490031	500030	495030.5	54	NA	NA	0	1	0.996005996001	1.0000000000000036e-12	35.611111111111114	AM6	AM
495031	505030	500030.5	65	NA	NA	0	1	0.996005996001	1.0000000000000036e-12	34.738461538461536	AM6	AM
500031	510030	505030.5	74	NA	NA	0	1	0.996005996001	1.0000000000000036e-12	34.95945945945946	AM6	AM
505031	515030	510030.5	83	NA	NA	0	1	0.996005996001	1.0000000000000036e-12	34.42168674698795	AM6	AM
510031	520030	515030.5	77	25.07004673263475	82.46477944902563	0	1	0.996005996001	1.0000000000000036e-12	34.37662337662338	AM6	AM
515031	525030	520030.5	59	31.186024069786072	0	0	1	0.996005996001	1.0000000000000036e-12	35.30508474576271	AM6	AM
520031	530030	525030.5	71	31.069335630945535	0	0	1	0.996005996001	1.0000000000000036e-12	33.19718309859155	AM6	AM
525031	535030	530030.5	76	24.932020750000003	0	0	1	0.996005996001	1.0000000000000036e-12	31.907894736842106	AM6	AM
530031	540030	535030.5	72	21.927908064167518	0	0	1	0.996005996001	1.0000000000000036e-12	31.88888888888889	AM6	AM
535031	545030	540030.5	82	NA	NA	0	1	0.996005996001	1.0000000000000036e-12	32.03658536585366	AM6	AM
540031	550030	545030.5	97	NA	NA	0	1	0.996005996001	1.0000000000000036e-12	33.381443298969074	AM6	AM
545031	555030	550030.5	95	27.90170937585414	0	0	1	0.996005996001	1.0000000000000036e-12	34.50526315789474	AM6	AM
550031	560030	555030.5	63	27.90170937585414	0	0	1	0.996005996001	1.0000000000000036e-12	34.73015873015873	AM6	AM
555031	565030	560030.5	46	NA	NA	0	1	0.996005996001	1.0000000000000036e-12	34.71739130434783	AM6	AM
560031	570030	565030.5	73	35.95910091949588	NA	0	1	0.996005996001	1.0000000000000036e-12	34.78082191780822	AM6	AM
565031	575030	570030.5	109	29.434096788194445	0	0	1	0.996005996001	1.0000000000000036e-12	33.91743119266055	AM6	AM
570031	580030	575030.5	102	27.551115054398643	0	0	1	0.996005996001	1.0000000000000036e-12	33.69607843137255	AM6	AM
575031	585030	580030.5	67	414.9623152531228	0	0	1	0.996005996001	1.0000000000000036e-12	34.492537313432834	AM6	AM
580031	590030	585030.5	70	37.96121541952179	0	0	1	0.996005996001	1.0000000000000036e-12	33.8	AM6	AM
585031	595030	590030.5	79	30.913190564985506	NA	0	1	0.996005996001	1.0000000000000036e-12	32.936708860759495	AM6	AM
590031	600030	595030.5	71	27.405892372131348	0	0	1	0.996005996001	1.0000000000000036e-12	33.70422535211268	AM6	AM
595031	605030	600030.5	86	30.946619033813477	0	0	1	0.996005996001	1.0000000000000036e-12	34.81395348837209	AM6	AM
600031	610030	605030.5	114	25.99609375	0	0	1	0.996005996001	1.0000000000000036e-12	33.68421052631579	AM6	AM
605031	615030	610030.5	118	24.941588	NA	0	1	0.996005996001	1.0000000000000036e-12	33.96610169491525	AM6	AM
610031	620030	615030.5	107	NA	NA	0	1	0.996005996001	1.0000000000000036e-12	35.308411214953274	AM6	AM
615031	625030	620030.5	100	NA	NA	0	1	0.996005996001	1.0000000000000036e-12	35.76	AM6	AM
620031	630030	625030.5	101	NA	NA	0	1	0.996005996001	1.0000000000000036e-12	35.742574257425744	AM6	AM
625031	635030	630030.5	112	28.930488642420766	0	0	1	0.996005996001	1.0000000000000036e-12	34.67857142857143	AM6	AM
630031	640030	635030.5	79	28.930488642420766	0	0	1	0.996005996001	1.0000000000000036e-12	34.34177215189873	AM6	AM
635031	645030	640030.5	41	NA	NA	0	1	0.996005996001	1.0000000000000036e-12	34.707317073170735	AM6	AM
640031	650030	645030.5	57	NA	NA	0	1	0.996005996001	1.0000000000000036e-12	33.8421052631579	AM6	AM
645031	655030	650030.5	63	NA	NA	0	1	0.996005996001	1.0000000000000036e-12	34.76190476190476	AM6	AM
650031	660030	655030.5	64	28.08366482524537	0	0	1	0.996005996001	1.0000000000000036e-12	34.46875	AM6	AM
655031	665030	660030.5	63	29.506796546376115	0	0	1	0.996005996001	1.0000000000000036e-12	34.06349206349206	AM6	AM
660031	670030	665030.5	53	29.506796546376115	21162.666666666624	0	1	0.996005996001	1.0000000000000036e-12	34.84905660377358	AM6	AM
665031	675030	670030.5	35	NA	NA	0	1	0.996005996001	1.0000000000000036e-12	34.57142857142857	AM6	AM
670031	680030	675030.5	11	NA	NA	0	1	0.996005996001	1.0000000000000036e-12	29.272727272727273	AM6	AM
675031	685030	680030.5	9	NA	NA	0	1	0.996005996001	1.0000000000000036e-12	4.888888888888889	AM6	AM
680031	690030	685030.5	7	NA	NA	0	1	0.996005996001	1.0000000000000036e-12	5.142857142857143	AM6	AM
685031	695030	690030.5	0	NA	NA	NA	NA	NA	NA	NA	AM6	AM
690031	700030	695030.5	0	NA	NA	NA	NA	NA	NA	NA	AM6	AM
695031	705030	700030.5	0	NA	NA	NA	NA	NA	NA	NA	AM6	AM
700031	710030	705030.5	16	23.86516571044922	NA	0	1	0.996005996001	1.0000000000000036e-12	32.4375	AM6	AM
705031	715030	710030.5	62	28.5635921297981	NA	0	1	0.996005996001	1.0000000000000036e-12	34.096774193548384	AM6	AM
710031	720030	715030.5	107	29.06617889957349	NA	0	1	0.996005996001	1.0000000000000036e-12	34.822429906542055	AM6	AM
715031	725030	720030.5	99	24.87411	0	0	1	0.996005996001	1.0000000000000036e-12	34.80808080808081	AM6	AM
720031	730030	725030.5	77	36.75803382820366	0	0	1	0.996005996001	1.0000000000000036e-12	35.16883116883117	AM6	AM
725031	735030	730030.5	74	37.19936426082465	0	0	1	0.996005996001	1.0000000000000036e-12	35.83783783783784	AM6	AM
730031	740030	735030.5	66	NA	NA	0	1	0.996005996001	1.0000000000000036e-12	35.45454545454545	AM6	AM
735031	745030	740030.5	71	NA	NA	0	1	0.996005996001	1.0000000000000036e-12	35.436619718309856	AM6	AM
740031	750030	745030.5	77	NA	NA	0	1	0.996005996001	1.0000000000000036e-12	35.324675324675326	AM6	AM
745031	755030	750030.5	72	31.961380752788326	NA	0	1	0.996005996001	1.0000000000000036e-12	33.916666666666664	AM6	AM
750031	760030	755030.5	75	31.118664964024788	NA	0	1	0.996005996001	1.0000000000000036e-12	33.54666666666667	AM6	AM
755031	765030	760030.5	93	28.57776528979112	NA	0	1	0.996005996001	1.0000000000000036e-12	33.774193548387096	AM6	AM
760031	770030	765030.5	92	29.890190718595505	0	0	1	0.996005996001	1.0000000000000036e-12	33.391304347826086	AM6	AM
765031	775030	770030.5	102	29.340847217163276	0	0	1	0.996005996001	1.0000000000000036e-12	33.627450980392155	AM6	AM
770031	780030	775030.5	98	25.86233535787437	NA	0	1	0.996005996001	1.0000000000000036e-12	33.97959183673469	AM6	AM
775031	785030	780030.5	58	25.943776314292215	NA	0	1	0.996005996001	1.0000000000000036e-12	34.48275862068966	AM6	AM
780031	790030	785030.5	70	NA	NA	0	1	0.996005996001	1.0000000000000036e-12	33.51428571428571	AM6	AM
785031	795030	790030.5	87	29.351480772958862	0	0	1	0.996005996001	1.0000000000000036e-12	33.12643678160919	AM6	AM
790031	800030	795030.5	67	33.394040403322414	0	0	1	0.996005996001	1.0000000000000036e-12	33.3134328358209	AM6	AM
795031	805030	800030.5	70	32.955458510727105	0	0	1	0.996005996001	1.0000000000000036e-12	33.114285714285714	AM6	AM
800031	810030	805030.5	66	26.218256519733107	0	0	1	0.996005996001	1.0000000000000036e-12	33.833333333333336	AM6	AM
805031	815030	810030.5	34	32.86711606680996	NA	0	1	0.996005996001	1.0000000000000036e-12	32.76470588235294	AM6	AM
810031	820030	815030.5	91	31.844349480306285	0	0	1	0.996005996001	1.0000000000000036e-12	32.0989010989011	AM6	AM
815031	825030	820030.5	109	31.844349480306285	0	0	1	0.996005996001	1.0000000000000036e-12	33.48623853211009	AM6	AM
820031	830030	825030.5	62	NA	NA	0	1	0.996005996001	1.0000000000000036e-12	35.354838709677416	AM6	AM
825031	835030	830030.5	77	24.87033925	NA	0	1	0.996005996001	1.0000000000000036e-12	34.58441558441559	AM6	AM
830031	840030	835030.5	78	24.87033925	NA	0	1	0.996005996001	1.0000000000000036e-12	34.6025641025641	AM6	AM
835031	845030	840030.5	84	NA	NA	0	1	0.996005996001	1.0000000000000036e-12	33.857142857142854	AM6	AM
840031	850030	845030.5	91	NA	NA	0	1	0.996005996001	1.0000000000000036e-12	34.32967032967033	AM6	AM
845031	855030	850030.5	85	NA	NA	0	1	0.996005996001	1.0000000000000036e-12	34.89411764705882	AM6	AM
850031	860030	855030.5	94	35.00148317941422	0	0	1	0.996005996001	1.0000000000000036e-12	32.97872340425532	AM6	AM
855031	865030	860030.5	107	34.47911290687585	0	0	1	0.996005996001	1.0000000000000036e-12	33.77570093457944	AM6	AM
860031	870030	865030.5	118	33.95674263433747	3014455.500000011	0	1	0.996005996001	1.0000000000000036e-12	34.57627118644068	AM6	AM
865031	875030	870030.5	131	33.27650159698791	3014455.500000011	0	1	0.996005996001	1.0000000000000036e-12	34.02290076335878	AM6	AM
870031	880030	875030.5	100	30.9191957879477	0	0	1	0.996005996001	1.0000000000000036e-12	34.59	AM6	AM
875031	885030	880030.5	50	30.9191957879477	0	0	1	0.996005996001	1.0000000000000036e-12	30.72	AM6	AM
880031	890030	885030.5	29	NA	NA	0	1	0.996005996001	1.0000000000000036e-12	24.482758620689655	AM6	AM
885031	895030	890030.5	44	NA	NA	0	1	0.996005996001	1.0000000000000036e-12	33.75	AM6	AM
890031	900030	895030.5	66	NA	NA	0	1	0.996005996001	1.0000000000000036e-12	32.89393939393939	AM6	AM
895031	905030	900030.5	39	17.708333333333336	0	0	1	0.996005996001	1.0000000000000036e-12	26.153846153846153	AM6	AM
900031	910030	905030.5	26	17.708333333333336	0	0	1	0.996005996001	1.0000000000000036e-12	16.115384615384617	AM6	AM
905031	915030	910030.5	55	34.87377978123361	NA	0	1	0.996005996001	1.0000000000000036e-12	28.87272727272727	AM6	AM
910031	920030	915030.5	86	34.41526120778554	0	0	1	0.996005996001	1.0000000000000036e-12	33.81395348837209	AM6	AM
915031	925030	920030.5	88	29.374206833912872	0	0	1	0.996005996001	1.0000000000000036e-12	34.40909090909091	AM6	AM
920031	930030	925030.5	107	33.87053291782574	NA	0	1	0.996005996001	1.0000000000000036e-12	34.757009345794394	AM6	AM
925031	935030	930030.5	119	25.943776314292215	NA	0	1	0.996005996001	1.0000000000000036e-12	34.6890756302521	AM6	AM
930031	940030	935030.5	94	31.952495866907004	NA	0	1	0.996005996001	1.0000000000000036e-12	35.138297872340424	AM6	AM
935031	945030	940030.5	97	36.935024620568186	NA	0	1	0.996005996001	1.0000000000000036e-12	35.04123711340206	AM6	AM
940031	950030	945030.5	99	32.42914552821678	NA	0	1	0.996005996001	1.0000000000000036e-12	34.77777777777778	AM6	AM
945031	955030	950030.5	71	30.09944037803643	0	0	1	0.996005996001	1.0000000000000036e-12	34.63380281690141	AM6	AM
950031	960030	955030.5	73	30.836651589406195	0	0	1	0.996005996001	1.0000000000000036e-12	33.83561643835616	AM6	AM
955031	965030	960030.5	66	28.9443459910109	NA	0	1	0.996005996001	1.0000000000000036e-12	32.015151515151516	AM6	AM
960031	970030	965030.5	62	NA	NA	0	1	0.996005996001	1.0000000000000036e-12	29.612903225806452	AM6	AM
965031	975030	970030.5	57	NA	NA	0	1	0.996005996001	1.0000000000000036e-12	27.68421052631579	AM6	AM
970031	980030	975030.5	53	NA	NA	0	1	0.996005996001	1.0000000000000036e-12	31.18867924528302	AM6	AM
975031	985030	980030.5	81	31.84625816345215	0	0	1	0.996005996001	1.0000000000000036e-12	34.148148148148145	AM6	AM
980031	990030	985030.5	65	33.89287385430356	0	0	1	0.996005996001	1.0000000000000036e-12	33.96923076923077	AM6	AM
985031	995030	990030.5	67	35.93948954515496	0	0	1	0.996005996001	1.0000000000000036e-12	34.37313432835821	AM6	AM
990031	1000030	995030.5	78	14.78971875	NA	0	1	0.996005996001	1.0000000000000036e-12	33.84615384615385	AM6	AM
995031	1005030	1000030.5	84	15.801337166700591	NA	0	1	0.996005996001	1.0000000000000036e-12	33.226190476190474	AM6	AM
1000031	1010030	1005030.5	112	28.38444937927543	NA	0	1	0.996005996001	1.0000000000000036e-12	34.232142857142854	AM6	AM
1005031	1015030	1010030.5	116	34.83503206997084	NA	0	1	0.996005996001	1.0000000000000036e-12	35.28448275862069	AM6	AM
1010031	1020030	1015030.5	123	30.952647192104997	NA	0	1	0.996005996001	1.0000000000000036e-12	35.39837398373984	AM6	AM
1015031	1025030	1020030.5	92	30.952647192104997	NA	0	1	0.996005996001	1.0000000000000036e-12	35.09782608695652	AM6	AM
1020031	1030030	1025030.5	59	31.257934205542448	NA	0	1	0.996005996001	1.0000000000000036e-12	34.57627118644068	AM6	AM
1025031	1035030	1030030.5	64	31.257934205542448	NA	0	1	0.996005996001	1.0000000000000036e-12	29.53125	AM6	AM
1030031	1040030	1035030.5	108	NA	NA	0	1	0.996005996001	1.0000000000000036e-12	31.055555555555557	AM6	AM
1035031	1045030	1040030.5	134	32.18118182457369	0	0	1	0.996005996001	1.0000000000000036e-12	34.343283582089555	AM6	AM
1040031	1050030	1045030.5	133	33.27169020249211	0	0	1	0.996005996001	1.0000000000000036e-12	34.93984962406015	AM6	AM
1045031	1055030	1050030.5	122	34.26389965481147	NA	0	1	0.996005996001	1.0000000000000036e-12	34.557377049180324	AM6	AM
1050031	1060030	1055030.5	95	19.876844062061913	0	0	1	0.996005996001	1.0000000000000036e-12	33.915789473684214	AM6	AM
1055031	1065030	1060030.5	94	19.876844062061913	0	0	1	0.996005996001	1.0000000000000036e-12	34.659574468085104	AM6	AM
1060031	1070030	1065030.5	71	NA	NA	0	1	0.996005996001	1.0000000000000036e-12	35.49295774647887	AM6	AM
1065031	1075030	1070030.5	68	28.39159660489026	0	0	1	0.996005996001	1.0000000000000036e-12	35.279411764705884	AM6	AM
1070031	1080030	1075030.5	102	28.39159660489026	0	0	1	0.996005996001	1.0000000000000036e-12	34.15686274509804	AM6	AM
1075031	1085030	1080030.5	109	NA	NA	0	1	0.996005996001	1.0000000000000036e-12	33.76146788990825	AM6	AM
1080031	1090030	1085030.5	98	NA	NA	0	1	0.996005996001	1.0000000000000036e-12	34.41836734693877	AM6	AM
1085031	1095030	1090030.5	110	31.89779818058014	NA	0	1	0.996005996001	1.0000000000000036e-12	34.872727272727275	AM6	AM
1090031	1100030	1095030.5	102	34.428992199286576	NA	0	1	0.996005996001	1.0000000000000036e-12	35.15686274509804	AM6	AM
1095031	1105030	1100030.5	94	36.96018621799301	NA	0	1	0.996005996001	1.0000000000000036e-12	35.4468085106383	AM6	AM
1100031	1110030	1105030.5	95	34.28059495349082	NA	0	1	0.996005996001	1.0000000000000036e-12	35.6	AM6	AM
1105031	1115030	1110030.5	79	34.28059495349082	NA	0	1	0.996005996001	1.0000000000000036e-12	35.74683544303797	AM6	AM
1110031	1120030	1115030.5	94	24.502228	0	0	1	0.996005996001	1.0000000000000036e-12	35.04255319148936	AM6	AM
1115031	1125030	1120030.5	97	24.502228	0	0	1	0.996005996001	1.0000000000000036e-12	34.93814432989691	AM6	AM
1120031	1130030	1125030.5	114	NA	NA	0	1	0.996005996001	1.0000000000000036e-12	34.70175438596491	AM6	AM
1125031	1135030	1130030.5	161	NA	NA	0	1	0.996005996001	1.0000000000000036e-12	35.024844720496894	AM6	AM
1130031	1140030	1135030.5	147	NA	NA	0	1	0.996005996001	1.0000000000000036e-12	35.34013605442177	AM6	AM
1135031	1145030	1140030.5	120	32.40682867741147	NA	0	1	0.996005996001	1.0000000000000036e-12	34.5	AM6	AM
1140031	1150030	1145030.5	107	32.40682867741147	NA	0	1	0.996005996001	1.0000000000000036e-12	34.52336448598131	AM6	AM
1145031	1155030	1150030.5	98	19.9274765625	39.192045096460184	0	1	0.996005996001	1.0000000000000036e-12	33.51020408163265	AM6	AM
1150031	1160030	1155030.5	97	19.9274765625	39.192045096460184	0	1	0.996005996001	1.0000000000000036e-12	32.77319587628866	AM6	AM
1155031	1165030	1160030.5	98	NA	NA	0	1	0.996005996001	1.0000000000000036e-12	33.80612244897959	AM6	AM
1160031	1170030	1165030.5	109	27.92470245806191	0	0	1	0.996005996001	1.0000000000000036e-12	34.440366972477065	AM6	AM
1165031	1175030	1170030.5	123	30.813068169857917	0	0	1	0.996005996001	1.0000000000000036e-12	34.520325203252035	AM6	AM
1170031	1180030	1175030.5	108	35.26103154615073	NA	0	1	0.996005996001	1.0000000000000036e-12	34.56481481481482	AM6	AM
1175031	1185030	1180030.5	85	NA	NA	0	1	0.996005996001	1.0000000000000036e-12	21.41176470588235	AM6	AM
1180031	1190030	1185030.5	59	NA	NA	0	1	0.996005996001	1.0000000000000036e-12	4.88135593220339	AM6	AM
1185031	1195030	1190030.5	62	16.77127255368712	1889567.9999999916	0	1	0.996005996001	1.0000000000000036e-12	7.225806451612903	AM6	AM
1190031	1200030	1195030.5	90	16.77127255368712	1889567.9999999916	0	1	0.996005996001	1.0000000000000036e-12	22.533333333333335	AM6	AM
1195031	1205030	1200030.5	110	NA	NA	0	1	0.996005996001	1.0000000000000036e-12	34.96363636363636	AM6	AM
1200031	1210030	1205030.5	132	NA	NA	0	1	0.996005996001	1.0000000000000036e-12	35.09848484848485	AM6	AM
1205031	1215030	1210030.5	113	NA	NA	0	1	0.996005996001	1.0000000000000036e-12	35.097345132743364	AM6	AM
1210031	1220030	1215030.5	72	279.54952042746436	0	0	1	0.996005996001	1.0000000000000036e-12	35.166666666666664	AM6	AM
1215031	1225030	1220030.5	81	29.78759765625	0	0	1	0.996005996001	1.0000000000000036e-12	35.28395061728395	AM6	AM
1220031	1230030	1225030.5	103	27.620362088771827	9.477635119121829e-4	0	1	0.996005996001	1.0000000000000036e-12	35.029126213592235	AM6	AM
1225031	1235030	1230030.5	89	27.088866233443625	4.7388175595609145e-4	0	1	0.996005996001	1.0000000000000036e-12	34.70786516853933	AM6	AM
1230031	1240030	1235030.5	89	NA	NA	0	1	0.996005996001	1.0000000000000036e-12	35.146067415730336	AM6	AM
1235031	1245030	1240030.5	111	25.653792204430946	6.177507942009929e-5	0	1	0.996005996001	1.0000000000000036e-12	35.22522522522522	AM6	AM
1240031	1250030	1245030.5	128	25.653792204430946	6.177507942009929e-5	0	1	0.996005996001	1.0000000000000036e-12	34.7265625	AM6	AM
1245031	1255030	1250030.5	121	23.107638888888886	0	0	1	0.996005996001	1.0000000000000036e-12	34.396694214876035	AM6	AM
1250031	1260030	1255030.5	131	23.107638888888886	0	0	1	0.996005996001	1.0000000000000036e-12	34.61832061068702	AM6	AM
1255031	1265030	1260030.5	110	805.0550656476585	0	0	1	0.996005996001	1.0000000000000036e-12	35.14545454545455	AM6	AM
1260031	1270030	1265030.5	110	36.92590764614139	0	0	1	0.996005996001	1.0000000000000036e-12	35.8	AM6	AM
1265031	1275030	1270030.5	144	36.055086391430066	0	0	1	0.996005996001	1.0000000000000036e-12	35.19444444444444	AM6	AM
1270031	1280030	1275030.5	138	35.359731780871506	0	0	1	0.996005996001	1.0000000000000036e-12	34.98550724637681	AM6	AM
1275031	1285030	1280030.5	134	35.359731780871506	0	0	1	0.996005996001	1.0000000000000036e-12	34.75373134328358	AM6	AM
1280031	1290030	1285030.5	100	30.961941117396	NA	0	1	0.996005996001	1.0000000000000036e-12	34.18	AM6	AM
1285031	1295030	1290030.5	82	30.10764838394629	NA	0	1	0.996005996001	1.0000000000000036e-12	35	AM6	AM
1290031	1300030	1295030.5	104	29.25335565049658	NA	0	1	0.996005996001	1.0000000000000036e-12	35.10576923076923	AM6	AM
1295031	1305030	1300030.5	99	NA	NA	0	1	0.996005996001	1.0000000000000036e-12	35.101010101010104	AM6	AM
1300031	1310030	1305030.5	83	NA	NA	0	1	0.996005996001	1.0000000000000036e-12	35.59036144578313	AM6	AM
1305031	1315030	1310030.5	71	36.911230347289404	NA	0	1	0.996005996001	1.0000000000000036e-12	35.95774647887324	AM6	AM
1310031	1320030	1315030.5	66	34.043530128643866	NA	0	1	0.996005996001	1.0000000000000036e-12	35.833333333333336	AM6	AM
1315031	1325030	1320030.5	94	31.17582990999833	NA	0	1	0.996005996001	1.0000000000000036e-12	35.43617021276596	AM6	AM
1320031	1330030	1325030.5	105	NA	NA	0	1	0.996005996001	1.0000000000000036e-12	35.457142857142856	AM6	AM
1325031	1335030	1330030.5	93	29.154674778487426	NA	0	1	0.996005996001	1.0000000000000036e-12	35.02150537634409	AM6	AM
1330031	1340030	1335030.5	79	21.685087389243712	0	0	1	0.996005996001	1.0000000000000036e-12	34.64556962025316	AM6	AM
1335031	1345030	1340030.5	93	19.785296463394683	0	0	1	0.996005996001	1.0000000000000036e-12	34.086021505376344	AM6	AM
1340031	1350030	1345030.5	102	25.355092926789368	0	0	1	0.996005996001	1.0000000000000036e-12	34.294117647058826	AM6	AM
1345031	1355030	1350030.5	68	NA	NA	0	1	0.996005996001	1.0000000000000036e-12	35.4264705882353	AM6	AM
1350031	1360030	1355030.5	55	NA	NA	0	1	0.996005996001	1.0000000000000036e-12	36.054545454545455	AM6	AM
1355031	1365030	1360030.5	79	30.389211424729837	0	0	1	0.996005996001	1.0000000000000036e-12	35.21518987341772	AM6	AM
1360031	1370030	1365030.5	72	30.389211424729837	0	0	1	0.996005996001	1.0000000000000036e-12	34.736111111111114	AM6	AM
1365031	1375030	1370030.5	54	NA	NA	0	1	0.996005996001	1.0000000000000036e-12	35.407407407407405	AM6	AM
1370031	1380030	1375030.5	77	25.370534876846662	NA	0	1	0.996005996001	1.0000000000000036e-12	33.506493506493506	AM6	AM
1375031	1385030	1380030.5	104	30.353907898317097	0	0	1	0.996005996001	1.0000000000000036e-12	33.52884615384615	AM6	AM
1380031	1390030	1385030.5	105	32.71770003194749	0	0	1	0.996005996001	1.0000000000000036e-12	34.84761904761905	AM6	AM
1385031	1395030	1390030.5	101	26.007118797201713	NA	0	1	0.996005996001	1.0000000000000036e-12	35.227722772277225	AM6	AM
1390031	1400030	1395030.5	109	29.481726278132605	NA	0	1	0.996005996001	1.0000000000000036e-12	35.18348623853211	AM6	AM
1395031	1405030	1400030.5	96	32.34127877950569	NA	0	1	0.996005996001	1.0000000000000036e-12	35.03125	AM6	AM
1400031	1410030	1405030.5	83	NA	NA	0	1	0.996005996001	1.0000000000000036e-12	35.04819277108434	AM6	AM
1405031	1415030	1410030.5	82	NA	NA	0	1	0.996005996001	1.0000000000000036e-12	35.048780487804876	AM6	AM
1410031	1420030	1415030.5	101	NA	NA	0	1	0.996005996001	1.0000000000000036e-12	35.15841584158416	AM6	AM
1415031	1425030	1420030.5	119	34.95795481049563	NA	0	1	0.996005996001	1.0000000000000036e-12	35.285714285714285	AM6	AM
1420031	1430030	1425030.5	115	34.95795481049563	NA	0	1	0.996005996001	1.0000000000000036e-12	34.8	AM6	AM
1425031	1435030	1430030.5	94	32.955458510727105	NA	0	1	0.996005996001	1.0000000000000036e-12	34.744680851063826	AM6	AM
1430031	1440030	1435030.5	73	32.955458510727105	NA	0	1	0.996005996001	1.0000000000000036e-12	34.76712328767123	AM6	AM
1435031	1445030	1440030.5	73	33.26201854914698	NA	0	1	0.996005996001	1.0000000000000036e-12	34.863013698630134	AM6	AM
1440031	1450030	1445030.5	59	33.26201854914698	NA	0	1	0.996005996001	1.0000000000000036e-12	35.74576271186441	AM6	AM
1445031	1455030	1450030.5	61	NA	NA	0	1	0.996005996001	1.0000000000000036e-12	35.81967213114754	AM6	AM
1450031	1460030	1455030.5	88	615.3330439814815	0	0	1	0.996005996001	1.0000000000000036e-12	35.67045454545455	AM6	AM
1455031	1465030	1460030.5	106	325.6460724504887	0	0	1	0.996005996001	1.0000000000000036e-12	35.575471698113205	AM6	AM
1460031	1470030	1465030.5	86	35.95910091949588	NA	0	1	0.996005996001	1.0000000000000036e-12	35.5	AM6	AM
1465031	1475030	1470030.5	74	NA	NA	0	1	0.996005996001	1.0000000000000036e-12	35.67567567567568	AM6	AM
1470031	1480030	1475030.5	78	NA	NA	0	1	0.996005996001	1.0000000000000036e-12	35.42307692307692	AM6	AM
1475031	1485030	1480030.5	78	NA	NA	0	1	0.996005996001	1.0000000000000036e-12	34.30769230769231	AM6	AM
1480031	1490030	1485030.5	85	NA	NA	0	1	0.996005996001	1.0000000000000036e-12	34.8235294117647	AM6	AM
1485031	1495030	1490030.5	73	37.84759075667007	NA	0	1	0.996005996001	1.0000000000000036e-12	35.465753424657535	AM6	AM
1490031	1500030	1495030.5	77	37.84759075667007	NA	0	1	0.996005996001	1.0000000000000036e-12	35	AM6	AM
1495031	1505030	1500030.5	75	NA	NA	0	1	0.996005996001	1.0000000000000036e-12	35.22666666666667	AM6	AM
1500031	1510030	1505030.5	60	NA	NA	0	1	0.996005996001	1.0000000000000036e-12	35.38333333333333	AM6	AM
1505031	1515030	1510030.5	66	21.992589002088728	0.0013277781572296977	0	1	0.996005996001	1.0000000000000036e-12	35.28787878787879	AM6	AM
1510031	1520030	1515030.5	70	21.992589002088728	0.0013277781572296977	0	1	0.996005996001	1.0000000000000036e-12	35.24285714285714	AM6	AM
1515031	1525030	1520030.5	68	NA	NA	0	1	0.996005996001	1.0000000000000036e-12	33.60294117647059	AM6	AM
31	10030	5030.5	140	23.88465033637153	0	0	1	0.996005996001	1.0000000000000036e-12	23.585714285714285	AM7	AM
5031	15030	10030.5	118	21.866773689894814	0	0	1	0.996005996001	1.0000000000000036e-12	25.415254237288135	AM7	AM
10031	20030	15030.5	124	21.866773689894814	0	0	1	0.996005996001	1.0000000000000036e-12	25.532258064516128	AM7	AM
15031	25030	20030.5	89	18.14755988937892	0	0	1	0.996005996001	1.0000000000000036e-12	26.089887640449437	AM7	AM
20031	30030	25030.5	77	18.14755988937892	0	0	1	0.996005996001	1.0000000000000036e-12	25.805194805194805	AM7	AM
25031	35030	30030.5	108	NA	NA	0	1	0.996005996001	1.0000000000000036e-12	25.99074074074074	AM7	AM
30031	40030	35030.5	117	NA	NA	0	1	0.996005996001	1.0000000000000036e-12	26.247863247863247	AM7	AM
35031	45030	40030.5	78	26.945806660570035	NA	0	1	0.996005996001	1.0000000000000036e-12	26.012820512820515	AM7	AM
40031	50030	45030.5	80	23.89632146986228	NA	0	1	0.996005996001	1.0000000000000036e-12	25.8125	AM7	AM
45031	55030	50030.5	108	20.84683627915452	NA	0	1	0.996005996001	1.0000000000000036e-12	26.296296296296298	AM7	AM
50031	60030	55030.5	110	21.743519909842224	0	0	1	0.996005996001	1.0000000000000036e-12	26.045454545454547	AM7	AM
55031	65030	60030.5	97	21.74562472852883	0	0	1	0.996005996001	1.0000000000000036e-12	25.587628865979383	AM7	AM
60031	70030	65030.5	96	27.947695540269677	NA	0	1	0.996005996001	1.0000000000000036e-12	25.822916666666668	AM7	AM
65031	75030	70030.5	122	NA	NA	0	1	0.996005996001	1.0000000000000036e-12	25.901639344262296	AM7	AM
70031	80030	75030.5	123	NA	NA	0	1	0.996005996001	1.0000000000000036e-12	26.11382113821138	AM7	AM
75031	85030	80030.5	90	26.945806660570035	NA	0	1	0.996005996001	1.0000000000000036e-12	26.133333333333333	AM7	AM
80031	90030	85030.5	86	26.945806660570035	NA	0	1	0.996005996001	1.0000000000000036e-12	26.25581395348837	AM7	AM
85031	95030	90030.5	106	25.442176548798436	NA	0	1	0.996005996001	1.0000000000000036e-12	25.764150943396228	AM7	AM
90031	100030	95030.5	129	NA	NA	0	1	0.996005996001	1.0000000000000036e-12	25.217054263565892	AM7	AM
95031	105030	100030.5	164	19.501013451549667	NA	0	1	0.996005996001	1.0000000000000036e-12	25.152439024390244	AM7	AM
100031	110030	105030.5	134	21.720117999646362	NA	0	1	0.996005996001	1.0000000000000036e-12	25.432835820895523	AM7	AM
105031	115030	110030.5	88	17.072662389358708	0.09561667125633064	0	1	0.996005996001	1.0000000000000036e-12	25.954545454545453	AM7	AM
110031	120030	115030.5	99	10.206102230974357	0.09561667125633064	0	1	0.996005996001	1.0000000000000036e-12	26.02020202020202	AM7	AM
115031	125030	120030.5	99	NA	NA	0	1	0.996005996001	1.0000000000000036e-12	26.343434343434343	AM7	AM
120031	130030	125030.5	67	NA	NA	0	1	0.996005996001	1.0000000000000036e-12	26.134328358208954	AM7	AM
125031	135030	130030.5	88	NA	NA	0	1	0.996005996001	1.0000000000000036e-12	25.886363636363637	AM7	AM
130031	140030	135030.5	118	NA	NA	0	1	0.996005996001	1.0000000000000036e-12	25.372881355932204	AM7	AM
135031	145030	140030.5	96	NA	NA	0	1	0.996005996001	1.0000000000000036e-12	25.25	AM7	AM
140031	150030	145030.5	138	21.933866688580014	NA	0	1	0.996005996001	1.0000000000000036e-12	26.253623188405797	AM7	AM
145031	155030	150030.5	214	21.933866688580014	NA	0	1	0.996005996001	1.0000000000000036e-12	26.214953271028037	AM7	AM
150031	160030	155030.5	199	23.30692957992111	NA	0	1	0.996005996001	1.0000000000000036e-12	26.050251256281406	AM7	AM
155031	165030	160030.5	131	NA	NA	0	1	0.996005996001	1.0000000000000036e-12	26	AM7	AM
160031	170030	165030.5	95	26.945806660570035	NA	0	1	0.996005996001	1.0000000000000036e-12	25.926315789473684	AM7	AM
165031	175030	170030.5	87	26.945806660570035	NA	0	1	0.996005996001	1.0000000000000036e-12	25.701149425287355	AM7	AM
170031	180030	175030.5	81	NA	NA	0	1	0.996005996001	1.0000000000000036e-12	25.567901234567902	AM7	AM
175031	185030	180030.5	94	NA	NA	0	1	0.996005996001	1.0000000000000036e-12	25.19148936170213	AM7	AM
180031	190030	185030.5	112	NA	NA	0	1	0.996005996001	1.0000000000000036e-12	25.544642857142858	AM7	AM
185031	195030	190030.5	101	NA	NA	0	1	0.996005996001	1.0000000000000036e-12	26.178217821782177	AM7	AM
190031	200030	195030.5	80	NA	NA	0	1	0.996005996001	1.0000000000000036e-12	26.375	AM7	AM
195031	205030	200030.5	113	NA	NA	0	1	0.996005996001	1.0000000000000036e-12	26.079646017699115	AM7	AM
200031	210030	205030.5	114	NA	NA	0	1	0.996005996001	1.0000000000000036e-12	25.763157894736842	AM7	AM
205031	215030	210030.5	91	NA	NA	0	1	0.996005996001	1.0000000000000036e-12	25.791208791208792	AM7	AM
210031	220030	215030.5	103	NA	NA	0	1	0.996005996001	1.0000000000000036e-12	26.019417475728154	AM7	AM
215031	225030	220030.5	109	12.515772159635715	0.018667336489860707	0	1	0.996005996001	1.0000000000000036e-12	25.81651376146789	AM7	AM
220031	230030	225030.5	84	12.515772159635715	0.018667336489860707	0	1	0.996005996001	1.0000000000000036e-12	25.666666666666668	AM7	AM
225031	235030	230030.5	51	NA	NA	0	1	0.996005996001	1.0000000000000036e-12	26.41176470588235	AM7	AM
230031	240030	235030.5	89	NA	NA	0	1	0.996005996001	1.0000000000000036e-12	25.98876404494382	AM7	AM
235031	245030	240030.5	105	NA	NA	0	1	0.996005996001	1.0000000000000036e-12	25.82857142857143	AM7	AM
240031	250030	245030.5	100	NA	NA	0	1	0.996005996001	1.0000000000000036e-12	26.19	AM7	AM
245031	255030	250030.5	99	NA	NA	0	1	0.996005996001	1.0000000000000036e-12	26.272727272727273	AM7	AM
250031	260030	255030.5	98	NA	NA	0	1	0.996005996001	1.0000000000000036e-12	26.071428571428573	AM7	AM
255031	265030	260030.5	104	NA	NA	0	1	0.996005996001	1.0000000000000036e-12	25.807692307692307	AM7	AM
260031	270030	265030.5	87	23.825888961456528	NA	0	1	0.996005996001	1.0000000000000036e-12	25.816091954022987	AM7	AM
265031	275030	270030.5	80	23.202539286350028	0	0	1	0.996005996001	1.0000000000000036e-12	26.05	AM7	AM
270031	280030	275030.5	82	22.579189611243528	0	0	1	0.996005996001	1.0000000000000036e-12	26.20731707317073	AM7	AM
275031	285030	280030.5	87	23.392687754113144	NA	0	1	0.996005996001	1.0000000000000036e-12	25.310344827586206	AM7	AM
280031	290030	285030.5	86	23.392687754113144	NA	0	1	0.996005996001	1.0000000000000036e-12	24.36046511627907	AM7	AM
285031	295030	290030.5	91	24.941588	NA	0	1	0.996005996001	1.0000000000000036e-12	25.13186813186813	AM7	AM
290031	300030	295030.5	99	20.87727179170059	1.8904009071504633e-4	0	1	0.996005996001	1.0000000000000036e-12	25.353535353535353	AM7	AM
295031	305030	300030.5	142	20.013693972460484	1.8904009071504633e-4	0	1	0.996005996001	1.0000000000000036e-12	25.683098591549296	AM7	AM
300031	310030	305030.5	134	23.939222547743057	NA	0	1	0.996005996001	1.0000000000000036e-12	26.01492537313433	AM7	AM
305031	315030	310030.5	90	NA	NA	0	1	0.996005996001	1.0000000000000036e-12	24.355555555555554	AM7	AM
310031	320030	315030.5	131	NA	NA	0	1	0.996005996001	1.0000000000000036e-12	25.015267175572518	AM7	AM
315031	325030	320030.5	121	NA	NA	0	1	0.996005996001	1.0000000000000036e-12	25.454545454545453	AM7	AM
320031	330030	325030.5	92	NA	NA	0	1	0.996005996001	1.0000000000000036e-12	24.26086956521739	AM7	AM
325031	335030	330030.5	108	NA	NA	0	1	0.996005996001	1.0000000000000036e-12	24.703703703703702	AM7	AM
330031	340030	335030.5	99	25.943776314292215	NA	0	1	0.996005996001	1.0000000000000036e-12	25.393939393939394	AM7	AM
335031	345030	340030.5	84	24.22188093345703	0	0	1	0.996005996001	1.0000000000000036e-12	25.916666666666668	AM7	AM
340031	350030	345030.5	67	22.499985552621844	0	0	1	0.996005996001	1.0000000000000036e-12	24.53731343283582	AM7	AM
345031	355030	350030.5	34	NA	NA	0	1	0.996005996001	1.0000000000000036e-12	21.029411764705884	AM7	AM
350031	360030	355030.5	8	16.270506818644414	0	0	1	0.996005996001	1.0000000000000036e-12	15.125	AM7	AM
355031	365030	360030.5	7	16.270506818644414	0	0	1	0.996005996001	1.0000000000000036e-12	16.857142857142858	AM7	AM
360031	370030	365030.5	13	NA	NA	0	1	0.996005996001	1.0000000000000036e-12	15.923076923076923	AM7	AM
365031	375030	370030.5	54	NA	NA	0	1	0.996005996001	1.0000000000000036e-12	17.22222222222222	AM7	AM
370031	380030	375030.5	89	NA	NA	0	1	0.996005996001	1.0000000000000036e-12	20.808988764044944	AM7	AM
375031	385030	380030.5	75	NA	NA	0	1	0.996005996001	1.0000000000000036e-12	25.30666666666667	AM7	AM
380031	390030	385030.5	67	NA	NA	0	1	0.996005996001	1.0000000000000036e-12	26.238805970149254	AM7	AM
385031	395030	390030.5	81	NA	NA	0	1	0.996005996001	1.0000000000000036e-12	26.308641975308642	AM7	AM
390031	400030	395030.5	81	22.920189793601544	0	0	1	0.996005996001	1.0000000000000036e-12	25.91358024691358	AM7	AM
395031	405030	400030.5	80	22.920189793601544	0	0	1	0.996005996001	1.0000000000000036e-12	25.8875	AM7	AM
400031	410030	405030.5	99	24.941588	NA	0	1	0.996005996001	1.0000000000000036e-12	25.90909090909091	AM7	AM
405031	415030	410030.5	87	22.70285810525832	0	0	1	0.996005996001	1.0000000000000036e-12	25.60919540229885	AM7	AM
410031	420030	415030.5	67	22.70285810525832	0	0	1	0.996005996001	1.0000000000000036e-12	25.19402985074627	AM7	AM
415031	425030	420030.5	78	25.78089440145653	NA	0	1	0.996005996001	1.0000000000000036e-12	24.974358974358974	AM7	AM
420031	430030	425030.5	91	24.831671582770984	NA	0	1	0.996005996001	1.0000000000000036e-12	25.24175824175824	AM7	AM
425031	435030	430030.5	96	24.831671582770984	NA	0	1	0.996005996001	1.0000000000000036e-12	25.458333333333332	AM7	AM
430031	440030	435030.5	96	NA	NA	0	1	0.996005996001	1.0000000000000036e-12	25.927083333333332	AM7	AM
435031	445030	440030.5	93	14.0313909662868	0.003429355281207133	0	1	0.996005996001	1.0000000000000036e-12	25.591397849462364	AM7	AM
440031	450030	445030.5	80	13.291755820755657	84.06739865229129	0	1	0.996005996001	1.0000000000000036e-12	25.2	AM7	AM
445031	455030	450030.5	75	12.552120675224517	168.13136794930136	0	1	0.996005996001	1.0000000000000036e-12	25.933333333333334	AM7	AM
450031	460030	455030.5	96	NA	NA	0	1	0.996005996001	1.0000000000000036e-12	26.135416666666668	AM7	AM
455031	465030	460030.5	93	NA	NA	0	1	0.996005996001	1.0000000000000036e-12	25.376344086021504	AM7	AM
460031	470030	465030.5	97	NA	NA	0	1	0.996005996001	1.0000000000000036e-12	25.216494845360824	AM7	AM
465031	475030	470030.5	85	26.945806660570035	NA	0	1	0.996005996001	1.0000000000000036e-12	25.8	AM7	AM
470031	480030	475030.5	61	26.945806660570035	0.05556825687141194	0	1	0.996005996001	1.0000000000000036e-12	26.34426229508197	AM7	AM
475031	485030	480030.5	77	22.446185606957748	0.05556825687141194	0	1	0.996005996001	1.0000000000000036e-12	26.051948051948052	AM7	AM
480031	490030	485030.5	54	NA	NA	0	1	0.996005996001	1.0000000000000036e-12	25.59259259259259	AM7	AM
485031	495030	490030.5	40	NA	NA	0	1	0.996005996001	1.0000000000000036e-12	26.075	AM7	AM
490031	500030	495030.5	54	NA	NA	0	1	0.996005996001	1.0000000000000036e-12	26.01851851851852	AM7	AM
495031	505030	500030.5	65	18.923795378335036	NA	0	1	0.996005996001	1.0000000000000036e-12	25.553846153846155	AM7	AM
500031	510030	505030.5	74	18.923795378335036	NA	0	1	0.996005996001	1.0000000000000036e-12	25.62162162162162	AM7	AM
505031	515030	510030.5	83	NA	NA	0	1	0.996005996001	1.0000000000000036e-12	25.06024096385542	AM7	AM
510031	520030	515030.5	77	18.289721640118287	4.303504666612879e-4	0	1	0.996005996001	1.0000000000000036e-12	25.09090909090909	AM7	AM
515031	525030	520030.5	59	21.913083369529488	2.1517523333064396e-4	0	1	0.996005996001	1.0000000000000036e-12	26.11864406779661	AM7	AM
520031	530030	525030.5	71	21.913083369529488	0	0	1	0.996005996001	1.0000000000000036e-12	25.098591549295776	AM7	AM
525031	535030	530030.5	76	20.732102364755427	NA	0	1	0.996005996001	1.0000000000000036e-12	24.30263157894737	AM7	AM
530031	540030	535030.5	72	11.658191807377714	NA	0	1	0.996005996001	1.0000000000000036e-12	23.930555555555557	AM7	AM
535031	545030	540030.5	82	13.205085105728264	NA	0	1	0.996005996001	1.0000000000000036e-12	23.878048780487806	AM7	AM
540031	550030	545030.5	97	23.825888961456528	NA	0	1	0.996005996001	1.0000000000000036e-12	24.814432989690722	AM7	AM
545031	555030	550030.5	95	21.725609469025322	0	0	1	0.996005996001	1.0000000000000036e-12	25.53684210526316	AM7	AM
550031	560030	555030.5	63	21.725609469025322	0	0	1	0.996005996001	1.0000000000000036e-12	25.841269841269842	AM7	AM
555031	565030	560030.5	46	25.943776314292215	NA	0	1	0.996005996001	1.0000000000000036e-12	26.065217391304348	AM7	AM
560031	570030	565030.5	73	25.943776314292215	NA	0	1	0.996005996001	1.0000000000000036e-12	25.958904109589042	AM7	AM
565031	575030	570030.5	109	15.473309516906738	0	0	1	0.996005996001	1.0000000000000036e-12	25.30275229357798	AM7	AM
570031	580030	575030.5	102	15.473309516906738	0	0	1	0.996005996001	1.0000000000000036e-12	25.03921568627451	AM7	AM
575031	585030	580030.5	67	19.95147749884591	0	0	1	0.996005996001	1.0000000000000036e-12	25.37313432835821	AM7	AM
580031	590030	585030.5	70	19.9274765625	0	0	1	0.996005996001	1.0000000000000036e-12	25.02857142857143	AM7	AM
585031	595030	590030.5	79	19.425635970417517	NA	0	1	0.996005996001	1.0000000000000036e-12	24.79746835443038	AM7	AM
590031	600030	595030.5	71	23.306775410970054	0	0	1	0.996005996001	1.0000000000000036e-12	25.309859154929576	AM7	AM
595031	605030	600030.5	86	23.306775410970054	0	0	1	0.996005996001	1.0000000000000036e-12	25.74418604651163	AM7	AM
600031	610030	605030.5	114	16.296216670059025	0.33410447854384284	0	1	0.996005996001	1.0000000000000036e-12	24.842105263157894	AM7	AM
605031	615030	610030.5	118	24.831671582770984	0.6682089570876857	0	1	0.996005996001	1.0000000000000036e-12	25.033898305084747	AM7	AM
610031	620030	615030.5	107	25.334379924575764	NA	0	1	0.996005996001	1.0000000000000036e-12	25.906542056074766	AM7	AM
615031	625030	620030.5	100	25.837088266380544	NA	0	1	0.996005996001	1.0000000000000036e-12	26.12	AM7	AM
620031	630030	625030.5	101	NA	NA	0	1	0.996005996001	1.0000000000000036e-12	26.435643564356436	AM7	AM
625031	635030	630030.5	112	24.241511061203873	NA	0	1	0.996005996001	1.0000000000000036e-12	25.553571428571427	AM7	AM
630031	640030	635030.5	79	25.242310267294748	NA	0	1	0.996005996001	1.0000000000000036e-12	25.050632911392405	AM7	AM
635031	645030	640030.5	41	25.242310267294748	NA	0	1	0.996005996001	1.0000000000000036e-12	25.170731707317074	AM7	AM
640031	650030	645030.5	57	12.890447200728264	NA	0	1	0.996005996001	1.0000000000000036e-12	24.736842105263158	AM7	AM
645031	655030	650030.5	63	12.890447200728264	NA	0	1	0.996005996001	1.0000000000000036e-12	25.49206349206349	AM7	AM
650031	660030	655030.5	64	23.734822591145832	0	0	1	0.996005996001	1.0000000000000036e-12	25.640625	AM7	AM
655031	665030	660030.5	63	24.6273342729284	0	0	1	0.996005996001	1.0000000000000036e-12	25.41269841269841	AM7	AM
660031	670030	665030.5	53	25.519845954710974	0	0	1	0.996005996001	1.0000000000000036e-12	25.433962264150942	AM7	AM
665031	675030	670030.5	35	NA	NA	0	1	0.996005996001	1.0000000000000036e-12	25.285714285714285	AM7	AM
670031	680030	675030.5	11	NA	NA	0	1	0.996005996001	1.0000000000000036e-12	21.363636363636363	AM7	AM
675031	685030	680030.5	9	NA	NA	NA	NA	NA	NA	0.6666666666666666	AM7	AM
680031	690030	685030.5	7	NA	NA	NA	NA	NA	NA	0.8571428571428571	AM7	AM
685031	695030	690030.5	0	NA	NA	NA	NA	NA	NA	NA	AM7	AM
690031	700030	695030.5	0	NA	NA	NA	NA	NA	NA	NA	AM7	AM
695031	705030	700030.5	0	NA	NA	NA	NA	NA	NA	NA	AM7	AM
700031	710030	705030.5	16	19.9274765625	NA	0	1	0.996005996001	1.0000000000000036e-12	23.9375	AM7	AM
705031	715030	710030.5	62	20.84683627915452	NA	0	1	0.996005996001	1.0000000000000036e-12	25.112903225806452	AM7	AM
710031	720030	715030.5	107	20.84683627915452	NA	0	1	0.996005996001	1.0000000000000036e-12	25.682242990654206	AM7	AM
715031	725030	720030.5	99	19.09496701791487	0	0	1	0.996005996001	1.0000000000000036e-12	25.737373737373737	AM7	AM
720031	730030	725030.5	77	23.107638888888886	0	0	1	0.996005996001	1.0000000000000036e-12	25.857142857142858	AM7	AM
725031	735030	730030.5	74	24.43977721356142	0	0	1	0.996005996001	1.0000000000000036e-12	26.094594594594593	AM7	AM
730031	740030	735030.5	66	NA	NA	0	1	0.996005996001	1.0000000000000036e-12	25.757575757575758	AM7	AM
735031	745030	740030.5	71	12.759922977355487	NA	0	1	0.996005996001	1.0000000000000036e-12	25.859154929577464	AM7	AM
740031	750030	745030.5	77	12.759922977355487	NA	0	1	0.996005996001	1.0000000000000036e-12	25.896103896103895	AM7	AM
745031	755030	750030.5	72	NA	NA	0	1	0.996005996001	1.0000000000000036e-12	25.291666666666668	AM7	AM
750031	760030	755030.5	75	NA	NA	0	1	0.996005996001	1.0000000000000036e-12	25.16	AM7	AM
755031	765030	760030.5	93	16.81295558340118	NA	0	1	0.996005996001	1.0000000000000036e-12	25.010752688172044	AM7	AM
760031	770030	765030.5	92	18.87188716973752	0	0	1	0.996005996001	1.0000000000000036e-12	24.67391304347826	AM7	AM
765031	775030	770030.5	102	23.9343391536636	0	0	1	0.996005996001	1.0000000000000036e-12	25.107843137254903	AM7	AM
770031	780030	775030.5	98	25.943776314292215	NA	0	1	0.996005996001	1.0000000000000036e-12	25.357142857142858	AM7	AM
775031	785030	780030.5	58	NA	NA	0	1	0.996005996001	1.0000000000000036e-12	25.551724137931036	AM7	AM
780031	790030	785030.5	70	NA	NA	0	1	0.996005996001	1.0000000000000036e-12	25.057142857142857	AM7	AM
785031	795030	790030.5	87	24.139328	0	0	1	0.996005996001	1.0000000000000036e-12	24.735632183908045	AM7	AM
790031	800030	795030.5	67	24.139328	0	0	1	0.996005996001	1.0000000000000036e-12	24.71641791044776	AM7	AM
795031	805030	800030.5	70	24.90440212541976	NA	0	1	0.996005996001	1.0000000000000036e-12	24.5	AM7	AM
800031	810030	805030.5	66	24.90440212541976	NA	0	1	0.996005996001	1.0000000000000036e-12	24.954545454545453	AM7	AM
805031	815030	810030.5	34	NA	NA	0	1	0.996005996001	1.0000000000000036e-12	24.08823529411765	AM7	AM
810031	820030	815030.5	91	17.583524406786527	0	0	1	0.996005996001	1.0000000000000036e-12	23.703296703296704	AM7	AM
815031	825030	820030.5	109	17.583524406786527	0	0	1	0.996005996001	1.0000000000000036e-12	24.660550458715598	AM7	AM
820031	830030	825030.5	62	NA	NA	0	1	0.996005996001	1.0000000000000036e-12	25.725806451612904	AM7	AM
825031	835030	830030.5	77	19.56939697265625	0	0	1	0.996005996001	1.0000000000000036e-12	25.545454545454547	AM7	AM
830031	840030	835030.5	78	22.907371797708834	0	0	1	0.996005996001	1.0000000000000036e-12	25.794871794871796	AM7	AM
835031	845030	840030.5	84	19.425635970417517	NA	0	1	0.996005996001	1.0000000000000036e-12	25.214285714285715	AM7	AM
840031	850030	845030.5	91	18.923795378335036	NA	0	1	0.996005996001	1.0000000000000036e-12	25.417582417582416	AM7	AM
845031	855030	850030.5	85	NA	NA	0	1	0.996005996001	1.0000000000000036e-12	25.51764705882353	AM7	AM
850031	860030	855030.5	94	23.825888961456528	0	0	1	0.996005996001	1.0000000000000036e-12	24.414893617021278	AM7	AM
855031	865030	860030.5	107	23.882555754599792	0	0	1	0.996005996001	1.0000000000000036e-12	25.046728971962615	AM7	AM
860031	870030	865030.5	118	24.904471012370717	NA	0	1	0.996005996001	1.0000000000000036e-12	25.33050847457627	AM7	AM
865031	875030	870030.5	131	23.86516571044922	NA	0	1	0.996005996001	1.0000000000000036e-12	24.9618320610687	AM7	AM
870031	880030	875030.5	100	16.27392059944887	0.0011003934420072126	0	1	0.996005996001	1.0000000000000036e-12	25.19	AM7	AM
875031	885030	880030.5	50	21.036814425244177	0.0011003934420072126	0	1	0.996005996001	1.0000000000000036e-12	22.66	AM7	AM
880031	890030	885030.5	29	25.943776314292215	NA	0	1	0.996005996001	1.0000000000000036e-12	18.655172413793103	AM7	AM
885031	895030	890030.5	44	25.943776314292215	NA	0	1	0.996005996001	1.0000000000000036e-12	24.568181818181817	AM7	AM
890031	900030	895030.5	66	NA	NA	0	1	0.996005996001	1.0000000000000036e-12	23.984848484848484	AM7	AM
895031	905030	900030.5	39	9.45901827588779	0	0	1	0.996005996001	1.0000000000000036e-12	18.94871794871795	AM7	AM
900031	910030	905030.5	26	9.45901827588779	0	0	1	0.996005996001	1.0000000000000036e-12	12.653846153846153	AM7	AM
905031	915030	910030.5	55	11.966184993723102	0.006005901863961716	0	1	0.996005996001	1.0000000000000036e-12	21.29090909090909	AM7	AM
910031	920030	915030.5	86	16.91518674944026	0.003002950931980858	0	1	0.996005996001	1.0000000000000036e-12	24.86046511627907	AM7	AM
915031	925030	920030.5	88	17.412325885008194	0	0	1	0.996005996001	1.0000000000000036e-12	25.375	AM7	AM
920031	930030	925030.5	107	NA	NA	0	1	0.996005996001	1.0000000000000036e-12	25.72897196261682	AM7	AM
925031	935030	930030.5	119	NA	NA	0	1	0.996005996001	1.0000000000000036e-12	25.66386554621849	AM7	AM
930031	940030	935030.5	94	NA	NA	0	1	0.996005996001	1.0000000000000036e-12	25.93617021276596	AM7	AM
935031	945030	940030.5	97	NA	NA	0	1	0.996005996001	1.0000000000000036e-12	26.072164948453608	AM7	AM
940031	950030	945030.5	99	NA	NA	0	1	0.996005996001	1.0000000000000036e-12	26	AM7	AM
945031	955030	950030.5	71	20.65922533005758	0	0	1	0.996005996001	1.0000000000000036e-12	25.56338028169014	AM7	AM
950031	960030	955030.5	73	21.619894507771413	0	0	1	0.996005996001	1.0000000000000036e-12	24.54794520547945	AM7	AM
955031	965030	960030.5	66	21.743519909842224	NA	0	1	0.996005996001	1.0000000000000036e-12	23.59090909090909	AM7	AM
960031	970030	965030.5	62	NA	NA	0	1	0.996005996001	1.0000000000000036e-12	22.596774193548388	AM7	AM
965031	975030	970030.5	57	NA	NA	0	1	0.996005996001	1.0000000000000036e-12	21.736842105263158	AM7	AM
970031	980030	975030.5	53	NA	NA	0	1	0.996005996001	1.0000000000000036e-12	24.11320754716981	AM7	AM
975031	985030	980030.5	81	22.920189793601544	0	0	1	0.996005996001	1.0000000000000036e-12	25.604938271604937	AM7	AM
980031	990030	985030.5	65	22.889876304758772	0	0	1	0.996005996001	1.0000000000000036e-12	25.015384615384615	AM7	AM
985031	995030	990030.5	67	22.859562815916004	NA	0	1	0.996005996001	1.0000000000000036e-12	25.08955223880597	AM7	AM
990031	1000030	995030.5	78	14.257770246193717	NA	0	1	0.996005996001	1.0000000000000036e-12	24.78205128205128	AM7	AM
995031	1005030	1000030.5	84	14.90438888888889	NA	0	1	0.996005996001	1.0000000000000036e-12	24.678571428571427	AM7	AM
1000031	1010030	1005030.5	112	26.788599298887366	NA	0	1	0.996005996001	1.0000000000000036e-12	25.321428571428573	AM7	AM
1005031	1015030	1010030.5	116	NA	NA	0	1	0.996005996001	1.0000000000000036e-12	25.844827586206897	AM7	AM
1010031	1020030	1015030.5	123	24.90440212541976	NA	0	1	0.996005996001	1.0000000000000036e-12	25.959349593495936	AM7	AM
1015031	1025030	1020030.5	92	24.90440212541976	NA	0	1	0.996005996001	1.0000000000000036e-12	25.815217391304348	AM7	AM
1020031	1030030	1025030.5	59	20.131693174340633	NA	0	1	0.996005996001	1.0000000000000036e-12	25.52542372881356	AM7	AM
1025031	1035030	1030030.5	64	20.131693174340633	NA	0	1	0.996005996001	1.0000000000000036e-12	22.21875	AM7	AM
1030031	1040030	1035030.5	108	24.941588	NA	0	1	0.996005996001	1.0000000000000036e-12	23.287037037037038	AM7	AM
1035031	1045030	1040030.5	134	24.941588	0	0	1	0.996005996001	1.0000000000000036e-12	25.246268656716417	AM7	AM
1040031	1050030	1045030.5	133	23.785821702745224	0	0	1	0.996005996001	1.0000000000000036e-12	25.661654135338345	AM7	AM
1045031	1055030	1050030.5	122	20.84386744059817	NA	0	1	0.996005996001	1.0000000000000036e-12	25.704918032786885	AM7	AM
1050031	1060030	1055030.5	95	20.70275324887414	0	0	1	0.996005996001	1.0000000000000036e-12	25.305263157894736	AM7	AM
1055031	1065030	1060030.5	94	20.70275324887414	0	0	1	0.996005996001	1.0000000000000036e-12	25.585106382978722	AM7	AM
1060031	1070030	1065030.5	71	NA	NA	0	1	0.996005996001	1.0000000000000036e-12	25.971830985915492	AM7	AM
1065031	1075030	1070030.5	68	25.88670341481281	0	0	1	0.996005996001	1.0000000000000036e-12	25.823529411764707	AM7	AM
1070031	1080030	1075030.5	102	25.88670341481281	0	0	1	0.996005996001	1.0000000000000036e-12	24.92156862745098	AM7	AM
1075031	1085030	1080030.5	109	26.28419485276968	NA	0	1	0.996005996001	1.0000000000000036e-12	25.009174311926607	AM7	AM
1080031	1090030	1085030.5	98	NA	NA	0	1	0.996005996001	1.0000000000000036e-12	25.8265306122449	AM7	AM
1085031	1095030	1090030.5	110	NA	NA	0	1	0.996005996001	1.0000000000000036e-12	25.736363636363638	AM7	AM
1090031	1100030	1095030.5	102	NA	NA	0	1	0.996005996001	1.0000000000000036e-12	25.627450980392158	AM7	AM
1095031	1105030	1100030.5	94	NA	NA	0	1	0.996005996001	1.0000000000000036e-12	25.882978723404257	AM7	AM
1100031	1110030	1105030.5	95	NA	NA	0	1	0.996005996001	1.0000000000000036e-12	26.4	AM7	AM
1105031	1115030	1110030.5	79	25.78089440145653	NA	0	1	0.996005996001	1.0000000000000036e-12	26.60759493670886	AM7	AM
1110031	1120030	1115030.5	94	20.85782868351854	NA	0	1	0.996005996001	1.0000000000000036e-12	26.04255319148936	AM7	AM
1115031	1125030	1120030.5	97	18.8865077164794	NA	0	1	0.996005996001	1.0000000000000036e-12	25.927835051546392	AM7	AM
1120031	1130030	1125030.5	114	NA	NA	0	1	0.996005996001	1.0000000000000036e-12	25.57894736842105	AM7	AM
1125031	1135030	1130030.5	161	NA	NA	0	1	0.996005996001	1.0000000000000036e-12	25.73913043478261	AM7	AM
1130031	1140030	1135030.5	147	27.947695540269677	NA	0	1	0.996005996001	1.0000000000000036e-12	25.897959183673468	AM7	AM
1135031	1145030	1140030.5	120	20.170144179877415	5.642176760821814e-4	0	1	0.996005996001	1.0000000000000036e-12	25.341666666666665	AM7	AM
1140031	1150030	1145030.5	107	19.11484054293285	5.642176760821814e-4	0	1	0.996005996001	1.0000000000000036e-12	25.55140186915888	AM7	AM
1145031	1155030	1150030.5	98	22.936657557327198	NA	0	1	0.996005996001	1.0000000000000036e-12	24.632653061224488	AM7	AM
1150031	1160030	1155030.5	97	20.379705731788597	NA	0	1	0.996005996001	1.0000000000000036e-12	24.030927835051546	AM7	AM
1155031	1165030	1160030.5	98	NA	NA	0	1	0.996005996001	1.0000000000000036e-12	25.081632653061224	AM7	AM
1160031	1170030	1165030.5	109	21.972171564664436	0	0	1	0.996005996001	1.0000000000000036e-12	25.6697247706422	AM7	AM
1165031	1175030	1170030.5	123	21.972171564664436	0	0	1	0.996005996001	1.0000000000000036e-12	25.577235772357724	AM7	AM
1170031	1180030	1175030.5	108	NA	NA	0	1	0.996005996001	1.0000000000000036e-12	25.51851851851852	AM7	AM
1175031	1185030	1180030.5	85	NA	NA	0	1	0.996005996001	1.0000000000000036e-12	16.258823529411764	AM7	AM
1180031	1190030	1185030.5	59	NA	NA	0	1	0.996005996001	1.0000000000000036e-12	4.47457627118644	AM7	AM
1185031	1195030	1190030.5	62	12.353477536611464	7092.671777884022	0	1	0.996005996001	1.0000000000000036e-12	6.467741935483871	AM7	AM
1190031	1200030	1195030.5	90	12.353477536611464	7092.671777884022	0	1	0.996005996001	1.0000000000000036e-12	17.333333333333332	AM7	AM
1195031	1205030	1200030.5	110	NA	NA	0	1	0.996005996001	1.0000000000000036e-12	25.727272727272727	AM7	AM
1200031	1210030	1205030.5	132	NA	NA	0	1	0.996005996001	1.0000000000000036e-12	25.666666666666668	AM7	AM
1205031	1215030	1210030.5	113	NA	NA	0	1	0.996005996001	1.0000000000000036e-12	25.699115044247787	AM7	AM
1210031	1220030	1215030.5	72	22.7128041012575	0	0	1	0.996005996001	1.0000000000000036e-12	25.680555555555557	AM7	AM
1215031	1225030	1220030.5	81	22.513975269941234	0	0	1	0.996005996001	1.0000000000000036e-12	25.85185185185185	AM7	AM
1220031	1230030	1225030.5	103	19.09265011881062	3051.1855476884616	0	1	0.996005996001	1.0000000000000036e-12	25.766990291262136	AM7	AM
1225031	1235030	1230030.5	89	22.279823562196924	0	0	1	0.996005996001	1.0000000000000036e-12	25.617977528089888	AM7	AM
1230031	1240030	1235030.5	89	NA	NA	0	1	0.996005996001	1.0000000000000036e-12	25.820224719101123	AM7	AM
1235031	1245030	1240030.5	111	16.81295558340118	NA	0	1	0.996005996001	1.0000000000000036e-12	25.684684684684683	AM7	AM
1240031	1250030	1245030.5	128	20.52600689675058	NA	0	1	0.996005996001	1.0000000000000036e-12	25.5078125	AM7	AM
1245031	1255030	1250030.5	121	21.260127184630992	0	0	1	0.996005996001	1.0000000000000036e-12	25.520661157024794	AM7	AM
1250031	1260030	1255030.5	131	21.255421090495908	0	0	1	0.996005996001	1.0000000000000036e-12	25.572519083969464	AM7	AM
1255031	1265030	1260030.5	110	22.693310353464216	0	0	1	0.996005996001	1.0000000000000036e-12	25.90909090909091	AM7	AM
1260031	1270030	1265030.5	110	23.611111111111114	0	0	1	0.996005996001	1.0000000000000036e-12	26.172727272727272	AM7	AM
1265031	1275030	1270030.5	144	24.803602430555557	0	0	1	0.996005996001	1.0000000000000036e-12	25.805555555555557	AM7	AM
1270031	1280030	1275030.5	138	19.8583984375	0	0	1	0.996005996001	1.0000000000000036e-12	25.68840579710145	AM7	AM
1275031	1285030	1280030.5	134	19.8583984375	0	0	1	0.996005996001	1.0000000000000036e-12	25.708955223880597	AM7	AM
1280031	1290030	1285030.5	100	NA	NA	0	1	0.996005996001	1.0000000000000036e-12	25.5	AM7	AM
1285031	1295030	1290030.5	82	NA	NA	0	1	0.996005996001	1.0000000000000036e-12	25.682926829268293	AM7	AM
1290031	1300030	1295030.5	104	NA	NA	0	1	0.996005996001	1.0000000000000036e-12	25.884615384615383	AM7	AM
1295031	1305030	1300030.5	99	NA	NA	0	1	0.996005996001	1.0000000000000036e-12	25.78787878787879	AM7	AM
1300031	1310030	1305030.5	83	22.936657557327198	NA	0	1	0.996005996001	1.0000000000000036e-12	26	AM7	AM
1305031	1315030	1310030.5	71	22.936657557327198	NA	0	1	0.996005996001	1.0000000000000036e-12	26.3943661971831	AM7	AM
1310031	1320030	1315030.5	66	19.739735481687394	32795.84704667206	0	1	0.996005996001	1.0000000000000036e-12	26.393939393939394	AM7	AM
1315031	1325030	1320030.5	94	23.843715510978534	32795.84704667206	0	1	0.996005996001	1.0000000000000036e-12	25.819148936170212	AM7	AM
1320031	1330030	1325030.5	105	27.947695540269677	NA	0	1	0.996005996001	1.0000000000000036e-12	25.876190476190477	AM7	AM
1325031	1335030	1330030.5	93	15.767631135044443	3788.1348004294287	0	1	0.996005996001	1.0000000000000036e-12	25.817204301075268	AM7	AM
1330031	1340030	1335030.5	79	14.77171658451384	3788.1348004294287	0	1	0.996005996001	1.0000000000000036e-12	25.50632911392405	AM7	AM
1335031	1345030	1340030.5	93	13.775802033983236	NA	0	1	0.996005996001	1.0000000000000036e-12	25.161290322580644	AM7	AM
1340031	1350030	1345030.5	102	NA	NA	0	1	0.996005996001	1.0000000000000036e-12	25.245098039215687	AM7	AM
1345031	1355030	1350030.5	68	NA	NA	0	1	0.996005996001	1.0000000000000036e-12	25.88235294117647	AM7	AM
1350031	1360030	1355030.5	55	NA	NA	0	1	0.996005996001	1.0000000000000036e-12	26.363636363636363	AM7	AM
1355031	1365030	1360030.5	79	23.86798858642578	0	0	1	0.996005996001	1.0000000000000036e-12	25.544303797468356	AM7	AM
1360031	1370030	1365030.5	72	23.86798858642578	0	0	1	0.996005996001	1.0000000000000036e-12	25.319444444444443	AM7	AM
1365031	1375030	1370030.5	54	NA	NA	0	1	0.996005996001	1.0000000000000036e-12	26.27777777777778	AM7	AM
1370031	1380030	1375030.5	77	18.41976350283599	NA	0	1	0.996005996001	1.0000000000000036e-12	25.116883116883116	AM7	AM
1375031	1385030	1380030.5	104	20.87632610859287	0	0	1	0.996005996001	1.0000000000000036e-12	24.971153846153847	AM7	AM
1380031	1390030	1385030.5	105	23.84698888549301	0	0	1	0.996005996001	1.0000000000000036e-12	25.542857142857144	AM7	AM
1385031	1395030	1390030.5	101	16.75160819047724	4801.526885453961	0	1	0.996005996001	1.0000000000000036e-12	25.91089108910891	AM7	AM
1390031	1400030	1395030.5	109	19.80558550319662	4801.526885453961	0	1	0.996005996001	1.0000000000000036e-12	26.045871559633028	AM7	AM
1395031	1405030	1400030.5	96	22.859562815916004	NA	0	1	0.996005996001	1.0000000000000036e-12	26.052083333333332	AM7	AM
1400031	1410030	1405030.5	83	NA	NA	0	1	0.996005996001	1.0000000000000036e-12	26.096385542168676	AM7	AM
1405031	1415030	1410030.5	82	NA	NA	0	1	0.996005996001	1.0000000000000036e-12	25.853658536585368	AM7	AM
1410031	1420030	1415030.5	101	NA	NA	0	1	0.996005996001	1.0000000000000036e-12	25.84158415841584	AM7	AM
1415031	1425030	1420030.5	119	NA	NA	0	1	0.996005996001	1.0000000000000036e-12	25.941176470588236	AM7	AM
1420031	1430030	1425030.5	115	NA	NA	0	1	0.996005996001	1.0000000000000036e-12	25.6	AM7	AM
1425031	1435030	1430030.5	94	NA	NA	0	1	0.996005996001	1.0000000000000036e-12	25.393617021276597	AM7	AM
1430031	1440030	1435030.5	73	NA	NA	0	1	0.996005996001	1.0000000000000036e-12	25.465753424657535	AM7	AM
1435031	1445030	1440030.5	73	16.75160819047724	4801.526885453961	0	1	0.996005996001	1.0000000000000036e-12	25.73972602739726	AM7	AM
1440031	1450030	1445030.5	59	22.31766704124012	4801.526885453961	0	1	0.996005996001	1.0000000000000036e-12	26.220338983050848	AM7	AM
1445031	1455030	1450030.5	61	27.883725892003007	NA	0	1	0.996005996001	1.0000000000000036e-12	26.229508196721312	AM7	AM
1450031	1460030	1455030.5	88	17.516586377767126	0	0	1	0.996005996001	1.0000000000000036e-12	26.181818181818183	AM7	AM
1455031	1465030	1460030.5	106	17.516586377767126	0	0	1	0.996005996001	1.0000000000000036e-12	26.150943396226417	AM7	AM
1460031	1470030	1465030.5	86	NA	NA	0	1	0.996005996001	1.0000000000000036e-12	26.127906976744185	AM7	AM
1465031	1475030	1470030.5	74	NA	NA	0	1	0.996005996001	1.0000000000000036e-12	26.35135135135135	AM7	AM
1470031	1480030	1475030.5	78	NA	NA	0	1	0.996005996001	1.0000000000000036e-12	26.333333333333332	AM7	AM
1475031	1485030	1480030.5	78	NA	NA	0	1	0.996005996001	1.0000000000000036e-12	25.55128205128205	AM7	AM
1480031	1490030	1485030.5	85	NA	NA	0	1	0.996005996001	1.0000000000000036e-12	25.48235294117647	AM7	AM
1485031	1495030	1490030.5	73	NA	NA	0	1	0.996005996001	1.0000000000000036e-12	25.958904109589042	AM7	AM
1490031	1500030	1495030.5	77	NA	NA	0	1	0.996005996001	1.0000000000000036e-12	25.90909090909091	AM7	AM
1495031	1505030	1500030.5	75	NA	NA	0	1	0.996005996001	1.0000000000000036e-12	25.96	AM7	AM
1500031	1510030	1505030.5	60	21.743519909842224	NA	0	1	0.996005996001	1.0000000000000036e-12	25.966666666666665	AM7	AM
1505031	1515030	1510030.5	66	18.522783073392148	0.0032488628979857053	0	1	0.996005996001	1.0000000000000036e-12	25.924242424242426	AM7	AM
1510031	1520030	1515030.5	70	19.563967599199298	0.0032488628979857053	0	1	0.996005996001	1.0000000000000036e-12	25.9	AM7	AM
1515031	1525030	1520030.5	68	23.825888961456528	NA	0	1	0.996005996001	1.0000000000000036e-12	24.75	AM7	AM
31	10030	5030.5	140	56.489640568808625	0	0	1	0.996005996001	1.0000000000000036e-12	49.52857142857143	AM8	AM
5031	15030	10030.5	118	51.93977716417273	0	0	1	0.996005996001	1.0000000000000036e-12	51.97457627118644	AM8	AM
10031	20030	15030.5	124	50.95508783208636	0	0	1	0.996005996001	1.0000000000000036e-12	51.75806451612903	AM8	AM
15031	25030	20030.5	89	49.37434944132653	0	0	1	0.996005996001	1.0000000000000036e-12	52.61797752808989	AM8	AM
20031	30030	25030.5	77	48.778300382653065	0	0	1	0.996005996001	1.0000000000000036e-12	52.97402597402598	AM8	AM
25031	35030	30030.5	108	54.956683458256286	NA	0	1	0.996005996001	1.0000000000000036e-12	53.26851851851852	AM8	AM
30031	40030	35030.5	117	54.956683458256286	NA	0	1	0.996005996001	1.0000000000000036e-12	53.41025641025641	AM8	AM
35031	45030	40030.5	78	NA	NA	0	1	0.996005996001	1.0000000000000036e-12	52.37179487179487	AM8	AM
40031	50030	45030.5	80	42.47587004917806	0	0	1	0.996005996001	1.0000000000000036e-12	52.2	AM8	AM
45031	55030	50030.5	108	42.47587004917806	0	0	1	0.996005996001	1.0000000000000036e-12	53.379629629629626	AM8	AM
50031	60030	55030.5	110	52.76777092824659	0	0	1	0.996005996001	1.0000000000000036e-12	53.74545454545454	AM8	AM
55031	65030	60030.5	97	52.76777092824659	0	0	1	0.996005996001	1.0000000000000036e-12	53.144329896907216	AM8	AM
60031	70030	65030.5	96	NA	NA	0	1	0.996005996001	1.0000000000000036e-12	52.875	AM8	AM
65031	75030	70030.5	122	NA	NA	0	1	0.996005996001	1.0000000000000036e-12	53.040983606557376	AM8	AM
70031	80030	75030.5	123	NA	NA	0	1	0.996005996001	1.0000000000000036e-12	53.40650406504065	AM8	AM
75031	85030	80030.5	90	52.972052852354636	NA	0	1	0.996005996001	1.0000000000000036e-12	54	AM8	AM
80031	90030	85030.5	86	52.972052852354636	NA	0	1	0.996005996001	1.0000000000000036e-12	53.848837209302324	AM8	AM
85031	95030	90030.5	106	43.96642341871713	NA	0	1	0.996005996001	1.0000000000000036e-12	52.70754716981132	AM8	AM
90031	100030	95030.5	129	43.96642341871713	NA	0	1	0.996005996001	1.0000000000000036e-12	51.47286821705426	AM8	AM
95031	105030	100030.5	164	44.695794428925005	26266.70840832002	0	1	0.996005996001	1.0000000000000036e-12	50.676829268292686	AM8	AM
100031	110030	105030.5	134	44.695794428925005	26266.70840832002	0	1	0.996005996001	1.0000000000000036e-12	51.19402985074627	AM8	AM
105031	115030	110030.5	88	39.75206425573591	45027.03544155425	0	1	0.996005996001	1.0000000000000036e-12	52.90909090909091	AM8	AM
110031	120030	115030.5	99	39.75206425573591	45027.03544155425	0	1	0.996005996001	1.0000000000000036e-12	53.37373737373738	AM8	AM
115031	125030	120030.5	99	NA	NA	0	1	0.996005996001	1.0000000000000036e-12	53.86868686868687	AM8	AM
120031	130030	125030.5	67	NA	NA	0	1	0.996005996001	1.0000000000000036e-12	53.44776119402985	AM8	AM
125031	135030	130030.5	88	NA	NA	0	1	0.996005996001	1.0000000000000036e-12	53.30681818181818	AM8	AM
130031	140030	135030.5	118	54.973056724267465	NA	0	1	0.996005996001	1.0000000000000036e-12	51.83050847457627	AM8	AM
135031	145030	140030.5	96	54.47281034563473	NA	0	1	0.996005996001	1.0000000000000036e-12	51.40625	AM8	AM
140031	150030	145030.5	138	53.97256396700198	NA	0	1	0.996005996001	1.0000000000000036e-12	53.789855072463766	AM8	AM
145031	155030	150030.5	214	50.02238957866884	0	0	1	0.996005996001	1.0000000000000036e-12	53.72429906542056	AM8	AM
150031	160030	155030.5	199	50.996955956906675	0	0	1	0.996005996001	1.0000000000000036e-12	53.21608040201005	AM8	AM
155031	165030	160030.5	131	51.97152233514451	NA	0	1	0.996005996001	1.0000000000000036e-12	52.908396946564885	AM8	AM
160031	170030	165030.5	95	NA	NA	0	1	0.996005996001	1.0000000000000036e-12	52.90526315789474	AM8	AM
165031	175030	170030.5	87	37.26236264909699	0	0	1	0.996005996001	1.0000000000000036e-12	52.298850574712645	AM8	AM
170031	180030	175030.5	81	37.26236264909699	0	0	1	0.996005996001	1.0000000000000036e-12	52.44444444444444	AM8	AM
175031	185030	180030.5	94	50.65597781608319	0	0	1	0.996005996001	1.0000000000000036e-12	51.638297872340424	AM8	AM
180031	190030	185030.5	112	50.65597781608319	0	0	1	0.996005996001	1.0000000000000036e-12	51.705357142857146	AM8	AM
185031	195030	190030.5	101	NA	NA	0	1	0.996005996001	1.0000000000000036e-12	53.13861386138614	AM8	AM
190031	200030	195030.5	80	NA	NA	0	1	0.996005996001	1.0000000000000036e-12	54	AM8	AM
195031	205030	200030.5	113	27.883725892003007	NA	0	1	0.996005996001	1.0000000000000036e-12	52.92920353982301	AM8	AM
200031	210030	205030.5	114	27.883725892003007	NA	0	1	0.996005996001	1.0000000000000036e-12	52.51754385964912	AM8	AM
205031	215030	210030.5	91	NA	NA	0	1	0.996005996001	1.0000000000000036e-12	52.472527472527474	AM8	AM
210031	220030	215030.5	103	NA	NA	0	1	0.996005996001	1.0000000000000036e-12	52.79611650485437	AM8	AM
215031	225030	220030.5	109	47.766768478024275	9.676848967647642e-7	0	1	0.996005996001	1.0000000000000036e-12	52.60550458715596	AM8	AM
220031	230030	225030.5	84	47.766768478024275	9.676848967647642e-7	0	1	0.996005996001	1.0000000000000036e-12	52.19047619047619	AM8	AM
225031	235030	230030.5	51	56.973990985080434	NA	0	1	0.996005996001	1.0000000000000036e-12	53.76470588235294	AM8	AM
230031	240030	235030.5	89	56.973990985080434	NA	0	1	0.996005996001	1.0000000000000036e-12	53.40449438202247	AM8	AM
235031	245030	240030.5	105	NA	NA	0	1	0.996005996001	1.0000000000000036e-12	53.13333333333333	AM8	AM
240031	250030	245030.5	100	NA	NA	0	1	0.996005996001	1.0000000000000036e-12	53.28	AM8	AM
245031	255030	250030.5	99	NA	NA	0	1	0.996005996001	1.0000000000000036e-12	53.26262626262626	AM8	AM
250031	260030	255030.5	98	NA	NA	0	1	0.996005996001	1.0000000000000036e-12	52.673469387755105	AM8	AM
255031	265030	260030.5	104	NA	NA	0	1	0.996005996001	1.0000000000000036e-12	52.41346153846154	AM8	AM
260031	270030	265030.5	87	54.973056724267465	NA	0	1	0.996005996001	1.0000000000000036e-12	52.85057471264368	AM8	AM
265031	275030	270030.5	80	679.1815602044239	0	0	1	0.996005996001	1.0000000000000036e-12	53.35	AM8	AM
270031	280030	275030.5	82	676.1799331695432	0	0	1	0.996005996001	1.0000000000000036e-12	53.40243902439025	AM8	AM
275031	285030	280030.5	87	50.76971698044331	0	0	1	0.996005996001	1.0000000000000036e-12	51.310344827586206	AM8	AM
280031	290030	285030.5	86	52.56963130638043	0	0	1	0.996005996001	1.0000000000000036e-12	49.127906976744185	AM8	AM
285031	295030	290030.5	91	35.83944187242799	NA	0	1	0.996005996001	1.0000000000000036e-12	50.35164835164835	AM8	AM
290031	300030	295030.5	99	35.83944187242799	NA	0	1	0.996005996001	1.0000000000000036e-12	51.60606060606061	AM8	AM
295031	305030	300030.5	142	NA	NA	0	1	0.996005996001	1.0000000000000036e-12	52.352112676056336	AM8	AM
300031	310030	305030.5	134	NA	NA	0	1	0.996005996001	1.0000000000000036e-12	53.16417910447761	AM8	AM
305031	315030	310030.5	90	51.44175034106724	NA	0	1	0.996005996001	1.0000000000000036e-12	50.266666666666666	AM8	AM
310031	320030	315030.5	131	51.44175034106724	NA	0	1	0.996005996001	1.0000000000000036e-12	51.11450381679389	AM8	AM
315031	325030	320030.5	121	NA	NA	0	1	0.996005996001	1.0000000000000036e-12	51.760330578512395	AM8	AM
320031	330030	325030.5	92	NA	NA	0	1	0.996005996001	1.0000000000000036e-12	49.73913043478261	AM8	AM
325031	335030	330030.5	108	NA	NA	0	1	0.996005996001	1.0000000000000036e-12	50.96296296296296	AM8	AM
330031	340030	335030.5	99	NA	NA	0	1	0.996005996001	1.0000000000000036e-12	51.55555555555556	AM8	AM
335031	345030	340030.5	84	1143.1337955136864	0	0	1	0.996005996001	1.0000000000000036e-12	52.23809523809524	AM8	AM
340031	350030	345030.5	67	598.646536197188	0	0	1	0.996005996001	1.0000000000000036e-12	49.04477611940298	AM8	AM
345031	355030	350030.5	34	54.15927688068962	NA	0	1	0.996005996001	1.0000000000000036e-12	43.8235294117647	AM8	AM
350031	360030	355030.5	8	1095.3518474198509	0	0	1	0.996005996001	1.0000000000000036e-12	43.125	AM8	AM
355031	365030	360030.5	7	1095.3518474198509	0	0	1	0.996005996001	1.0000000000000036e-12	37.714285714285715	AM8	AM
360031	370030	365030.5	13	36.075480474996546	0	0	1	0.996005996001	1.0000000000000036e-12	36	AM8	AM
365031	375030	370030.5	54	36.075480474996546	0	0	1	0.996005996001	1.0000000000000036e-12	33.907407407407405	AM8	AM
370031	380030	375030.5	89	NA	NA	0	1	0.996005996001	1.0000000000000036e-12	41.28089887640449	AM8	AM
375031	385030	380030.5	75	NA	NA	0	1	0.996005996001	1.0000000000000036e-12	51.36	AM8	AM
380031	390030	385030.5	67	NA	NA	0	1	0.996005996001	1.0000000000000036e-12	53.32835820895522	AM8	AM
385031	395030	390030.5	81	NA	NA	0	1	0.996005996001	1.0000000000000036e-12	53.851851851851855	AM8	AM
390031	400030	395030.5	81	52.75131282346333	0	0	1	0.996005996001	1.0000000000000036e-12	53.27160493827161	AM8	AM
395031	405030	400030.5	80	52.75131282346333	0	0	1	0.996005996001	1.0000000000000036e-12	52.9125	AM8	AM
400031	410030	405030.5	99	54.973056724267465	NA	0	1	0.996005996001	1.0000000000000036e-12	52.39393939393939	AM8	AM
405031	415030	410030.5	87	54.973056724267465	0	0	1	0.996005996001	1.0000000000000036e-12	51.59770114942529	AM8	AM
410031	420030	415030.5	67	54.973056724267465	0	0	1	0.996005996001	1.0000000000000036e-12	50.83582089552239	AM8	AM
415031	425030	420030.5	78	NA	NA	0	1	0.996005996001	1.0000000000000036e-12	50.87179487179487	AM8	AM
420031	430030	425030.5	91	NA	NA	0	1	0.996005996001	1.0000000000000036e-12	51.38461538461539	AM8	AM
425031	435030	430030.5	96	NA	NA	0	1	0.996005996001	1.0000000000000036e-12	51.895833333333336	AM8	AM
430031	440030	435030.5	96	NA	NA	0	1	0.996005996001	1.0000000000000036e-12	53.21875	AM8	AM
435031	445030	440030.5	93	51.1877128312845	NA	0	1	0.996005996001	1.0000000000000036e-12	52.10752688172043	AM8	AM
440031	450030	445030.5	80	48.13908210696535	0	0	1	0.996005996001	1.0000000000000036e-12	51.0375	AM8	AM
445031	455030	450030.5	75	50.03175405345683	0	0	1	0.996005996001	1.0000000000000036e-12	52.333333333333336	AM8	AM
450031	460030	455030.5	96	54.973056724267465	NA	0	1	0.996005996001	1.0000000000000036e-12	53.020833333333336	AM8	AM
455031	465030	460030.5	93	36.911230347289404	NA	0	1	0.996005996001	1.0000000000000036e-12	51.913978494623656	AM8	AM
460031	470030	465030.5	97	36.911230347289404	NA	0	1	0.996005996001	1.0000000000000036e-12	51.649484536082475	AM8	AM
465031	475030	470030.5	85	52.972052852354636	NA	0	1	0.996005996001	1.0000000000000036e-12	52.68235294117647	AM8	AM
470031	480030	475030.5	61	48.73489885416086	NA	0	1	0.996005996001	1.0000000000000036e-12	53.08196721311475	AM8	AM
475031	485030	480030.5	77	44.49774485596708	NA	0	1	0.996005996001	1.0000000000000036e-12	53.27272727272727	AM8	AM
480031	490030	485030.5	54	NA	NA	0	1	0.996005996001	1.0000000000000036e-12	52.96296296296296	AM8	AM
485031	495030	490030.5	40	NA	NA	0	1	0.996005996001	1.0000000000000036e-12	54.35	AM8	AM
490031	500030	495030.5	54	NA	NA	0	1	0.996005996001	1.0000000000000036e-12	53.98148148148148	AM8	AM
495031	505030	500030.5	65	31.89779818058014	NA	0	1	0.996005996001	1.0000000000000036e-12	52.2	AM8	AM
500031	510030	505030.5	74	31.89779818058014	NA	0	1	0.996005996001	1.0000000000000036e-12	52.567567567567565	AM8	AM
505031	515030	510030.5	83	NA	NA	0	1	0.996005996001	1.0000000000000036e-12	52.06024096385542	AM8	AM
510031	520030	515030.5	77	48.47821349992081	0	0	1	0.996005996001	1.0000000000000036e-12	52	AM8	AM
515031	525030	520030.5	59	47.07541402180989	0	0	1	0.996005996001	1.0000000000000036e-12	53.23728813559322	AM8	AM
520031	530030	525030.5	71	47.07541402180989	0	0	1	0.996005996001	1.0000000000000036e-12	49.87323943661972	AM8	AM
525031	535030	530030.5	76	37.77782459548308	0	0	1	0.996005996001	1.0000000000000036e-12	47.723684210526315	AM8	AM
530031	540030	535030.5	72	34.635972303207	0	0	1	0.996005996001	1.0000000000000036e-12	47.541666666666664	AM8	AM
535031	545030	540030.5	82	53.97256396700198	NA	0	1	0.996005996001	1.0000000000000036e-12	47.91463414634146	AM8	AM
540031	550030	545030.5	97	53.62983027707901	NA	0	1	0.996005996001	1.0000000000000036e-12	50.43298969072165	AM8	AM
545031	555030	550030.5	95	47.87701082229614	0	0	1	0.996005996001	1.0000000000000036e-12	52.10526315789474	AM8	AM
550031	560030	555030.5	63	47.87701082229614	0	0	1	0.996005996001	1.0000000000000036e-12	52.58730158730159	AM8	AM
555031	565030	560030.5	46	NA	NA	0	1	0.996005996001	1.0000000000000036e-12	53.17391304347826	AM8	AM
560031	570030	565030.5	73	NA	NA	0	1	0.996005996001	1.0000000000000036e-12	52.75342465753425	AM8	AM
565031	575030	570030.5	109	41.01164393398729	0	0	1	0.996005996001	1.0000000000000036e-12	51.908256880733944	AM8	AM
570031	580030	575030.5	102	41.4366407230675	0	0	1	0.996005996001	1.0000000000000036e-12	51.55882352941177	AM8	AM
575031	585030	580030.5	67	45.63940605594136	0	0	1	0.996005996001	1.0000000000000036e-12	51.776119402985074	AM8	AM
580031	590030	585030.5	70	45.11574536076287	0	0	1	0.996005996001	1.0000000000000036e-12	51.07142857142857	AM8	AM
585031	595030	590030.5	79	43.96642341871713	NA	0	1	0.996005996001	1.0000000000000036e-12	50.40506329113924	AM8	AM
590031	600030	595030.5	71	48.440223202067315	0	0	1	0.996005996001	1.0000000000000036e-12	51.014084507042256	AM8	AM
595031	605030	600030.5	86	46.886437937478846	0	0	1	0.996005996001	1.0000000000000036e-12	51.883720930232556	AM8	AM
600031	610030	605030.5	114	40.858852889540195	0	0	1	0.996005996001	1.0000000000000036e-12	50.48245614035088	AM8	AM
605031	615030	610030.5	118	43.85155501685241	0	0	1	0.996005996001	1.0000000000000036e-12	51.11864406779661	AM8	AM
610031	620030	615030.5	107	53.97256396700198	NA	0	1	0.996005996001	1.0000000000000036e-12	53.26168224299065	AM8	AM
615031	625030	620030.5	100	53.97256396700198	NA	0	1	0.996005996001	1.0000000000000036e-12	53.96	AM8	AM
620031	630030	625030.5	101	NA	NA	0	1	0.996005996001	1.0000000000000036e-12	53.86138613861386	AM8	AM
625031	635030	630030.5	112	52.972052852354636	NA	0	1	0.996005996001	1.0000000000000036e-12	52.339285714285715	AM8	AM
630031	640030	635030.5	79	52.95478436320335	NA	0	1	0.996005996001	1.0000000000000036e-12	51.87341772151899	AM8	AM
635031	645030	640030.5	41	52.93751587405207	NA	0	1	0.996005996001	1.0000000000000036e-12	52.65853658536585	AM8	AM
640031	650030	645030.5	57	NA	NA	0	1	0.996005996001	1.0000000000000036e-12	49.87719298245614	AM8	AM
645031	655030	650030.5	63	NA	NA	0	1	0.996005996001	1.0000000000000036e-12	50.857142857142854	AM8	AM
650031	660030	655030.5	64	660.4619443385826	0	0	1	0.996005996001	1.0000000000000036e-12	51.53125	AM8	AM
655031	665030	660030.5	63	44.949333333333335	0	0	1	0.996005996001	1.0000000000000036e-12	50.95238095238095	AM8	AM
660031	670030	665030.5	53	44.949333333333335	0	0	1	0.996005996001	1.0000000000000036e-12	52.24528301886792	AM8	AM
665031	675030	670030.5	35	NA	NA	0	1	0.996005996001	1.0000000000000036e-12	52.2	AM8	AM
670031	680030	675030.5	11	NA	NA	0	1	0.996005996001	1.0000000000000036e-12	42.81818181818182	AM8	AM
675031	685030	680030.5	9	NA	NA	NA	NA	NA	NA	0	AM8	AM
680031	690030	685030.5	7	NA	NA	NA	NA	NA	NA	0	AM8	AM
685031	695030	690030.5	0	NA	NA	NA	NA	NA	NA	NA	AM8	AM
690031	700030	695030.5	0	NA	NA	NA	NA	NA	NA	NA	AM8	AM
695031	705030	700030.5	0	NA	NA	NA	NA	NA	NA	NA	AM8	AM
700031	710030	705030.5	16	NA	NA	0	1	0.996005996001	1.0000000000000036e-12	48.875	AM8	AM
705031	715030	710030.5	62	155.679012345679	0.9473684210526315	0	1	0.996005996001	1.0000000000000036e-12	51.193548387096776	AM8	AM
710031	720030	715030.5	107	44.93739550897523	0.47368421052631576	0	1	0.996005996001	1.0000000000000036e-12	52.018691588785046	AM8	AM
715031	725030	720030.5	99	34.82941693053684	0	0	1	0.996005996001	1.0000000000000036e-12	52.07070707070707	AM8	AM
720031	730030	725030.5	77	52.409847217627636	0	0	1	0.996005996001	1.0000000000000036e-12	52.922077922077925	AM8	AM
725031	735030	730030.5	74	54.42292590911674	0	0	1	0.996005996001	1.0000000000000036e-12	53.78378378378378	AM8	AM
730031	740030	735030.5	66	45.55204349020962	NA	0	1	0.996005996001	1.0000000000000036e-12	53.09090909090909	AM8	AM
735031	745030	740030.5	71	45.55204349020962	NA	0	1	0.996005996001	1.0000000000000036e-12	52.7887323943662	AM8	AM
740031	750030	745030.5	77	NA	NA	0	1	0.996005996001	1.0000000000000036e-12	52.57142857142857	AM8	AM
745031	755030	750030.5	72	NA	NA	0	1	0.996005996001	1.0000000000000036e-12	51.30555555555556	AM8	AM
750031	760030	755030.5	75	NA	NA	0	1	0.996005996001	1.0000000000000036e-12	51.25333333333333	AM8	AM
755031	765030	760030.5	93	37.83220200984169	0	0	1	0.996005996001	1.0000000000000036e-12	51.24731182795699	AM8	AM
760031	770030	765030.5	92	37.76397663254939	0	0	1	0.996005996001	1.0000000000000036e-12	50.08695652173913	AM8	AM
765031	775030	770030.5	102	37.76397663254939	0	0	1	0.996005996001	1.0000000000000036e-12	50.5	AM8	AM
770031	780030	775030.5	98	41.27521628944394	0	0	1	0.996005996001	1.0000000000000036e-12	51.38775510204081	AM8	AM
775031	785030	780030.5	58	45.50229501728494	NA	0	1	0.996005996001	1.0000000000000036e-12	52.01724137931034	AM8	AM
780031	790030	785030.5	70	NA	NA	0	1	0.996005996001	1.0000000000000036e-12	49.91428571428571	AM8	AM
785031	795030	790030.5	87	51.38838303452684	0	0	1	0.996005996001	1.0000000000000036e-12	49.18390804597701	AM8	AM
790031	800030	795030.5	67	51.38838303452684	0	0	1	0.996005996001	1.0000000000000036e-12	49.492537313432834	AM8	AM
795031	805030	800030.5	70	29.89121484375	NA	0	1	0.996005996001	1.0000000000000036e-12	49.44285714285714	AM8	AM
800031	810030	805030.5	66	29.89121484375	NA	0	1	0.996005996001	1.0000000000000036e-12	50.78787878787879	AM8	AM
805031	815030	810030.5	34	NA	NA	0	1	0.996005996001	1.0000000000000036e-12	48.588235294117645	AM8	AM
810031	820030	815030.5	91	43.690948773380754	0	0	1	0.996005996001	1.0000000000000036e-12	47.62637362637363	AM8	AM
815031	825030	820030.5	109	43.690948773380754	0	0	1	0.996005996001	1.0000000000000036e-12	49.91743119266055	AM8	AM
820031	830030	825030.5	62	NA	NA	0	1	0.996005996001	1.0000000000000036e-12	53.37096774193548	AM8	AM
825031	835030	830030.5	77	42.287506956971406	NA	0	1	0.996005996001	1.0000000000000036e-12	52.79220779220779	AM8	AM
830031	840030	835030.5	78	42.287506956971406	NA	0	1	0.996005996001	1.0000000000000036e-12	52.47435897435897	AM8	AM
835031	845030	840030.5	84	38.851362969706166	NA	0	1	0.996005996001	1.0000000000000036e-12	51.154761904761905	AM8	AM
840031	850030	845030.5	91	38.851362969706166	NA	0	1	0.996005996001	1.0000000000000036e-12	52.38461538461539	AM8	AM
845031	855030	850030.5	85	NA	NA	0	1	0.996005996001	1.0000000000000036e-12	53	AM8	AM
850031	860030	855030.5	94	1288.593113445966	0	0	1	0.996005996001	1.0000000000000036e-12	49.308510638297875	AM8	AM
855031	865030	860030.5	107	670.2823178905553	0	0	1	0.996005996001	1.0000000000000036e-12	50.42056074766355	AM8	AM
860031	870030	865030.5	118	51.97152233514451	0	0	1	0.996005996001	1.0000000000000036e-12	51.83050847457627	AM8	AM
865031	875030	870030.5	131	44.3844954685073	0	0	1	0.996005996001	1.0000000000000036e-12	51.091603053435115	AM8	AM
870031	880030	875030.5	100	47.94371952480364	0	0	1	0.996005996001	1.0000000000000036e-12	51.99	AM8	AM
875031	885030	880030.5	50	47.94371952480364	0	0	1	0.996005996001	1.0000000000000036e-12	46.24	AM8	AM
880031	890030	885030.5	29	NA	NA	0	1	0.996005996001	1.0000000000000036e-12	36.89655172413793	AM8	AM
885031	895030	890030.5	44	NA	NA	0	1	0.996005996001	1.0000000000000036e-12	50.38636363636363	AM8	AM
890031	900030	895030.5	66	NA	NA	0	1	0.996005996001	1.0000000000000036e-12	49.24242424242424	AM8	AM
895031	905030	900030.5	39	28.3212385706671	0	0	1	0.996005996001	1.0000000000000036e-12	39.41025641025641	AM8	AM
900031	910030	905030.5	26	24.27230062785484	0	0	1	0.996005996001	1.0000000000000036e-12	24.23076923076923	AM8	AM
905031	915030	910030.5	55	20.22336268504258	NA	0	1	0.996005996001	1.0000000000000036e-12	43.10909090909091	AM8	AM
910031	920030	915030.5	86	48.875562642514225	0	0	1	0.996005996001	1.0000000000000036e-12	51.33720930232558	AM8	AM
915031	925030	920030.5	88	54.76337978963186	0	0	1	0.996005996001	1.0000000000000036e-12	52.32954545454545	AM8	AM
920031	930030	925030.5	107	45.336106805623224	NA	0	1	0.996005996001	1.0000000000000036e-12	52.19626168224299	AM8	AM
925031	935030	930030.5	119	37.435513292236514	NA	0	1	0.996005996001	1.0000000000000036e-12	52.05882352941177	AM8	AM
930031	940030	935030.5	94	46.12464467500724	NA	0	1	0.996005996001	1.0000000000000036e-12	52.755319148936174	AM8	AM
935031	945030	940030.5	97	53.287096587156036	NA	0	1	0.996005996001	1.0000000000000036e-12	52.75257731958763	AM8	AM
940031	950030	945030.5	99	NA	NA	0	1	0.996005996001	1.0000000000000036e-12	52.61616161616162	AM8	AM
945031	955030	950030.5	71	49.1426815	0	0	1	0.996005996001	1.0000000000000036e-12	52.08450704225352	AM8	AM
950031	960030	955030.5	73	49.1426815	0	0	1	0.996005996001	1.0000000000000036e-12	50.28767123287671	AM8	AM
955031	965030	960030.5	66	NA	NA	0	1	0.996005996001	1.0000000000000036e-12	47.833333333333336	AM8	AM
960031	970030	965030.5	62	NA	NA	0	1	0.996005996001	1.0000000000000036e-12	44.45161290322581	AM8	AM
965031	975030	970030.5	57	NA	NA	0	1	0.996005996001	1.0000000000000036e-12	41.54385964912281	AM8	AM
970031	980030	975030.5	53	NA	NA	0	1	0.996005996001	1.0000000000000036e-12	47.39622641509434	AM8	AM
975031	985030	980030.5	81	43.9303700780972	0	0	1	0.996005996001	1.0000000000000036e-12	51.71604938271605	AM8	AM
980031	990030	985030.5	65	46.941063268435215	0	0	1	0.996005996001	1.0000000000000036e-12	50.95384615384615	AM8	AM
985031	995030	990030.5	67	55.431915421114695	0	0	1	0.996005996001	1.0000000000000036e-12	51.492537313432834	AM8	AM
990031	1000030	995030.5	78	30.324375545295716	0	0	1	0.996005996001	1.0000000000000036e-12	51.23076923076923	AM8	AM
995031	1005030	1000030.5	84	28.565964676698517	0	0	1	0.996005996001	1.0000000000000036e-12	50.13095238095238	AM8	AM
1000031	1010030	1005030.5	112	24.941588	NA	0	1	0.996005996001	1.0000000000000036e-12	51.357142857142854	AM8	AM
1005031	1015030	1010030.5	116	50.909981999943106	NA	0	1	0.996005996001	1.0000000000000036e-12	53.05172413793103	AM8	AM
1010031	1020030	1015030.5	123	NA	NA	0	1	0.996005996001	1.0000000000000036e-12	53.32520325203252	AM8	AM
1015031	1025030	1020030.5	92	NA	NA	0	1	0.996005996001	1.0000000000000036e-12	52.77173913043478	AM8	AM
1020031	1030030	1025030.5	59	47.84437456656324	407624.3680841342	0	1	0.996005996001	1.0000000000000036e-12	51.813559322033896	AM8	AM
1025031	1035030	1030030.5	64	47.84437456656324	407624.3680841342	0	1	0.996005996001	1.0000000000000036e-12	44.921875	AM8	AM
1030031	1040030	1035030.5	108	55.97353209559493	3.153140818911826e-4	0	1	0.996005996001	1.0000000000000036e-12	47.333333333333336	AM8	AM
1035031	1045030	1040030.5	134	55.97353209559493	0	0	1	0.996005996001	1.0000000000000036e-12	51.97761194029851	AM8	AM
1040031	1050030	1045030.5	133	51.38838303452684	0	0	1	0.996005996001	1.0000000000000036e-12	52.64661654135338	AM8	AM
1045031	1055030	1050030.5	122	31.02274728071408	14914.520324918572	0	1	0.996005996001	1.0000000000000036e-12	51.868852459016395	AM8	AM
1050031	1060030	1055030.5	95	32.73005330943735	0	0	1	0.996005996001	1.0000000000000036e-12	50.873684210526314	AM8	AM
1055031	1065030	1060030.5	94	37.722838776410796	0	0	1	0.996005996001	1.0000000000000036e-12	52.180851063829785	AM8	AM
1060031	1070030	1065030.5	71	52.91310218213448	NA	0	1	0.996005996001	1.0000000000000036e-12	53.028169014084504	AM8	AM
1065031	1075030	1070030.5	68	51.95358340193042	0	0	1	0.996005996001	1.0000000000000036e-12	52.14705882352941	AM8	AM
1070031	1080030	1075030.5	102	51.95358340193042	0	0	1	0.996005996001	1.0000000000000036e-12	50.78431372549019	AM8	AM
1075031	1085030	1080030.5	109	NA	NA	0	1	0.996005996001	1.0000000000000036e-12	51.03669724770642	AM8	AM
1080031	1090030	1085030.5	98	NA	NA	0	1	0.996005996001	1.0000000000000036e-12	52.265306122448976	AM8	AM
1085031	1095030	1090030.5	110	54.93974636081894	NA	0	1	0.996005996001	1.0000000000000036e-12	52.018181818181816	AM8	AM
1090031	1100030	1095030.5	102	54.93974636081894	NA	0	1	0.996005996001	1.0000000000000036e-12	52.30392156862745	AM8	AM
1095031	1105030	1100030.5	94	NA	NA	0	1	0.996005996001	1.0000000000000036e-12	53.202127659574465	AM8	AM
1100031	1110030	1105030.5	95	NA	NA	0	1	0.996005996001	1.0000000000000036e-12	53.23157894736842	AM8	AM
1105031	1115030	1110030.5	79	NA	NA	0	1	0.996005996001	1.0000000000000036e-12	53.379746835443036	AM8	AM
1110031	1120030	1115030.5	94	44.17335671938629	0	0	1	0.996005996001	1.0000000000000036e-12	52.5531914893617	AM8	AM
1115031	1125030	1120030.5	97	44.17335671938629	0	0	1	0.996005996001	1.0000000000000036e-12	52.597938144329895	AM8	AM
1120031	1130030	1125030.5	114	NA	NA	0	1	0.996005996001	1.0000000000000036e-12	52.675438596491226	AM8	AM
1125031	1135030	1130030.5	161	55.94080294951059	NA	0	1	0.996005996001	1.0000000000000036e-12	52.77018633540373	AM8	AM
1130031	1140030	1135030.5	147	55.94080294951059	NA	0	1	0.996005996001	1.0000000000000036e-12	52.476190476190474	AM8	AM
1135031	1145030	1140030.5	120	49.730418021212884	NA	0	1	0.996005996001	1.0000000000000036e-12	50.9	AM8	AM
1140031	1150030	1145030.5	107	49.730418021212884	NA	0	1	0.996005996001	1.0000000000000036e-12	51.26168224299065	AM8	AM
1145031	1155030	1150030.5	98	36.551449329285376	0	0	1	0.996005996001	1.0000000000000036e-12	50.275510204081634	AM8	AM
1150031	1160030	1155030.5	97	43.925276561737064	0	0	1	0.996005996001	1.0000000000000036e-12	49.144329896907216	AM8	AM
1155031	1165030	1160030.5	98	55.97353209559493	NA	0	1	0.996005996001	1.0000000000000036e-12	50.30612244897959	AM8	AM
1160031	1170030	1165030.5	109	48.89230948586533	0	0	1	0.996005996001	1.0000000000000036e-12	51.96330275229358	AM8	AM
1165031	1175030	1170030.5	123	45.81309663658615	0	0	1	0.996005996001	1.0000000000000036e-12	51.959349593495936	AM8	AM
1170031	1180030	1175030.5	108	NA	NA	0	1	0.996005996001	1.0000000000000036e-12	51.50925925925926	AM8	AM
1175031	1185030	1180030.5	85	NA	NA	0	1	0.996005996001	1.0000000000000036e-12	53.23529411764706	AM8	AM
1180031	1190030	1185030.5	59	NA	NA	0	1	0.996005996001	1.0000000000000036e-12	53.74576271186441	AM8	AM
1185031	1195030	1190030.5	62	51.750261809427634	0	0	1	0.996005996001	1.0000000000000036e-12	50.983870967741936	AM8	AM
1190031	1200030	1195030.5	90	42.35286016007737	0	0	1	0.996005996001	1.0000000000000036e-12	50.96666666666667	AM8	AM
1195031	1205030	1200030.5	110	32.955458510727105	NA	0	1	0.996005996001	1.0000000000000036e-12	52.527272727272724	AM8	AM
1200031	1210030	1205030.5	132	NA	NA	0	1	0.996005996001	1.0000000000000036e-12	52.583333333333336	AM8	AM
1205031	1215030	1210030.5	113	44.96715843621399	NA	0	1	0.996005996001	1.0000000000000036e-12	52.52212389380531	AM8	AM
1210031	1220030	1215030.5	72	52.38216527004819	0	0	1	0.996005996001	1.0000000000000036e-12	52.763888888888886	AM8	AM
1215031	1225030	1220030.5	81	51.694768336767424	0	0	1	0.996005996001	1.0000000000000036e-12	52.91358024691358	AM8	AM
1220031	1230030	1225030.5	103	47.12534745534262	0	0	1	0.996005996001	1.0000000000000036e-12	52.84466019417476	AM8	AM
1225031	1235030	1230030.5	89	49.34356812912784	0	0	1	0.996005996001	1.0000000000000036e-12	52.47191011235955	AM8	AM
1230031	1240030	1235030.5	89	NA	NA	0	1	0.996005996001	1.0000000000000036e-12	53.19101123595506	AM8	AM
1235031	1245030	1240030.5	111	44.96715843621399	NA	0	1	0.996005996001	1.0000000000000036e-12	53.13513513513514	AM8	AM
1240031	1250030	1245030.5	128	44.96715843621399	NA	0	1	0.996005996001	1.0000000000000036e-12	52.0390625	AM8	AM
1245031	1255030	1250030.5	121	47.52734375	0	0	1	0.996005996001	1.0000000000000036e-12	52.13223140495868	AM8	AM
1250031	1260030	1255030.5	131	41.136035440962104	0	0	1	0.996005996001	1.0000000000000036e-12	52.83206106870229	AM8	AM
1255031	1265030	1260030.5	110	663.9872176865163	0	0	1	0.996005996001	1.0000000000000036e-12	53.41818181818182	AM8	AM
1260031	1270030	1265030.5	110	1320.7952877230848	0	0	1	0.996005996001	1.0000000000000036e-12	53.95454545454545	AM8	AM
1265031	1275030	1270030.5	144	1320.7952877230848	0	0	1	0.996005996001	1.0000000000000036e-12	53.125	AM8	AM
1270031	1280030	1275030.5	138	46.25356416872033	0	0	1	0.996005996001	1.0000000000000036e-12	53.108695652173914	AM8	AM
1275031	1285030	1280030.5	134	54.54591291791886	0	0	1	0.996005996001	1.0000000000000036e-12	52.47761194029851	AM8	AM
1280031	1290030	1285030.5	100	NA	NA	0	1	0.996005996001	1.0000000000000036e-12	51.43	AM8	AM
1285031	1295030	1290030.5	82	NA	NA	0	1	0.996005996001	1.0000000000000036e-12	52.353658536585364	AM8	AM
1290031	1300030	1295030.5	104	36.96018621799301	NA	0	1	0.996005996001	1.0000000000000036e-12	52.44230769230769	AM8	AM
1295031	1305030	1300030.5	99	36.96018621799301	NA	0	1	0.996005996001	1.0000000000000036e-12	52.41414141414141	AM8	AM
1300031	1310030	1305030.5	83	NA	NA	0	1	0.996005996001	1.0000000000000036e-12	53.096385542168676	AM8	AM
1305031	1315030	1310030.5	71	NA	NA	0	1	0.996005996001	1.0000000000000036e-12	53.57746478873239	AM8	AM
1310031	1320030	1315030.5	66	46.722262400514396	0	0	1	0.996005996001	1.0000000000000036e-12	53.22727272727273	AM8	AM
1315031	1325030	1320030.5	94	46.722262400514396	0	0	1	0.996005996001	1.0000000000000036e-12	53.11702127659574	AM8	AM
1320031	1330030	1325030.5	105	NA	NA	0	1	0.996005996001	1.0000000000000036e-12	53.42857142857143	AM8	AM
1325031	1335030	1330030.5	93	48.28575944121923	0	0	1	0.996005996001	1.0000000000000036e-12	52.806451612903224	AM8	AM
1330031	1340030	1335030.5	79	42.598494894254316	0	0	1	0.996005996001	1.0000000000000036e-12	51.848101265822784	AM8	AM
1335031	1345030	1340030.5	93	39.386433929718564	NA	0	1	0.996005996001	1.0000000000000036e-12	50.81720430107527	AM8	AM
1340031	1350030	1345030.5	102	46.91657992364611	NA	0	1	0.996005996001	1.0000000000000036e-12	51.38235294117647	AM8	AM
1345031	1355030	1350030.5	68	51.471246812233815	NA	0	1	0.996005996001	1.0000000000000036e-12	53.13235294117647	AM8	AM
1350031	1360030	1355030.5	55	50.97097128932312	NA	0	1	0.996005996001	1.0000000000000036e-12	54.25454545454546	AM8	AM
1355031	1365030	1360030.5	79	40.83153464428476	0	0	1	0.996005996001	1.0000000000000036e-12	53.18987341772152	AM8	AM
1360031	1370030	1365030.5	72	40.83153464428476	0	0	1	0.996005996001	1.0000000000000036e-12	52.361111111111114	AM8	AM
1365031	1375030	1370030.5	54	NA	NA	0	1	0.996005996001	1.0000000000000036e-12	53.53703703703704	AM8	AM
1370031	1380030	1375030.5	77	29.868818517897	NA	0	1	0.996005996001	1.0000000000000036e-12	50.5974025974026	AM8	AM
1375031	1385030	1380030.5	104	43.96642341871713	0	0	1	0.996005996001	1.0000000000000036e-12	50.33653846153846	AM8	AM
1380031	1390030	1385030.5	105	51.58544202497952	0	0	1	0.996005996001	1.0000000000000036e-12	52.42857142857143	AM8	AM
1385031	1395030	1390030.5	101	52.33616550911155	0	0	1	0.996005996001	1.0000000000000036e-12	52.84158415841584	AM8	AM
1390031	1400030	1395030.5	109	51.97152233514451	0	0	1	0.996005996001	1.0000000000000036e-12	52.54128440366973	AM8	AM
1395031	1405030	1400030.5	96	46.8759330784123	NA	0	1	0.996005996001	1.0000000000000036e-12	52.854166666666664	AM8	AM
1400031	1410030	1405030.5	83	NA	NA	0	1	0.996005996001	1.0000000000000036e-12	53.24096385542169	AM8	AM
1405031	1415030	1410030.5	82	NA	NA	0	1	0.996005996001	1.0000000000000036e-12	53.08536585365854	AM8	AM
1410031	1420030	1415030.5	101	NA	NA	0	1	0.996005996001	1.0000000000000036e-12	52.960396039603964	AM8	AM
1415031	1425030	1420030.5	119	32.61527986476334	0	0	1	0.996005996001	1.0000000000000036e-12	52.69747899159664	AM8	AM
1420031	1430030	1425030.5	115	32.61527986476334	0	0	1	0.996005996001	1.0000000000000036e-12	52.10434782608696	AM8	AM
1425031	1435030	1430030.5	94	NA	NA	0	1	0.996005996001	1.0000000000000036e-12	52.0531914893617	AM8	AM
1430031	1440030	1435030.5	73	NA	NA	0	1	0.996005996001	1.0000000000000036e-12	52.21917808219178	AM8	AM
1435031	1445030	1440030.5	73	51.03969190942195	0	0	1	0.996005996001	1.0000000000000036e-12	52.52054794520548	AM8	AM
1440031	1450030	1445030.5	59	51.03969190942195	0	0	1	0.996005996001	1.0000000000000036e-12	53.610169491525426	AM8	AM
1445031	1455030	1450030.5	61	NA	NA	0	1	0.996005996001	1.0000000000000036e-12	53.52459016393443	AM8	AM
1450031	1460030	1455030.5	88	1189.9683727005731	0	0	1	0.996005996001	1.0000000000000036e-12	53.63636363636363	AM8	AM
1455031	1465030	1460030.5	106	1189.9683727005731	0	0	1	0.996005996001	1.0000000000000036e-12	53.528301886792455	AM8	AM
1460031	1470030	1465030.5	86	NA	NA	0	1	0.996005996001	1.0000000000000036e-12	53.22093023255814	AM8	AM
1465031	1475030	1470030.5	74	53.97255478831105	NA	0	1	0.996005996001	1.0000000000000036e-12	53.83783783783784	AM8	AM
1470031	1480030	1475030.5	78	53.97255478831105	NA	0	1	0.996005996001	1.0000000000000036e-12	53.44871794871795	AM8	AM
1475031	1485030	1480030.5	78	54.973056724267465	NA	0	1	0.996005996001	1.0000000000000036e-12	51.6025641025641	AM8	AM
1480031	1490030	1485030.5	85	54.973056724267465	NA	0	1	0.996005996001	1.0000000000000036e-12	52.21176470588235	AM8	AM
1485031	1495030	1490030.5	73	NA	NA	0	1	0.996005996001	1.0000000000000036e-12	53.534246575342465	AM8	AM
1490031	1500030	1495030.5	77	NA	NA	0	1	0.996005996001	1.0000000000000036e-12	52.79220779220779	AM8	AM
1495031	1505030	1500030.5	75	NA	NA	0	1	0.996005996001	1.0000000000000036e-12	52.946666666666665	AM8	AM
1500031	1510030	1505030.5	60	48.45005434367505	NA	0	1	0.996005996001	1.0000000000000036e-12	53.36666666666667	AM8	AM
1505031	1515030	1510030.5	66	49.9703985	NA	0	1	0.996005996001	1.0000000000000036e-12	53.36363636363637	AM8	AM
1510031	1520030	1515030.5	70	53.674246896314386	NA	0	1	0.996005996001	1.0000000000000036e-12	53.128571428571426	AM8	AM
1515031	1525030	1520030.5	68	NA	NA	0	1	0.996005996001	1.0000000000000036e-12	50.205882352941174	AM8	AM
31	10030	5030.5	140	18.984375	0	0	1	0.996005996001	1.0000000000000036e-12	16.59285714285714	AM9	AM
5031	15030	10030.5	118	15.1875	0	0	1	0.996005996001	1.0000000000000036e-12	18.084745762711865	AM9	AM
10031	20030	15030.5	124	15.1875	0	0	1	0.996005996001	1.0000000000000036e-12	17.911290322580644	AM9	AM
15031	25030	20030.5	89	17.106672373328188	0	0	1	0.996005996001	1.0000000000000036e-12	18.280898876404493	AM9	AM
20031	30030	25030.5	77	17.50627417938621	0	0	1	0.996005996001	1.0000000000000036e-12	18.337662337662337	AM9	AM
25031	35030	30030.5	108	16.347797367722116	0	0	1	0.996005996001	1.0000000000000036e-12	18.62037037037037	AM9	AM
30031	40030	35030.5	117	14.78971875	NA	0	1	0.996005996001	1.0000000000000036e-12	18.863247863247864	AM9	AM
35031	45030	40030.5	78	NA	NA	0	1	0.996005996001	1.0000000000000036e-12	18.564102564102566	AM9	AM
40031	50030	45030.5	80	9.69530078125	NA	0	1	0.996005996001	1.0000000000000036e-12	18.3875	AM9	AM
45031	55030	50030.5	108	9.69530078125	NA	0	1	0.996005996001	1.0000000000000036e-12	18.60185185185185	AM9	AM
50031	60030	55030.5	110	15.40709400177002	0	0	1	0.996005996001	1.0000000000000036e-12	18.572727272727274	AM9	AM
55031	65030	60030.5	97	15.40709400177002	0	0	1	0.996005996001	1.0000000000000036e-12	18.443298969072163	AM9	AM
60031	70030	65030.5	96	NA	NA	0	1	0.996005996001	1.0000000000000036e-12	18.427083333333332	AM9	AM
65031	75030	70030.5	122	NA	NA	0	1	0.996005996001	1.0000000000000036e-12	18.475409836065573	AM9	AM
70031	80030	75030.5	123	NA	NA	0	1	0.996005996001	1.0000000000000036e-12	18.658536585365855	AM9	AM
75031	85030	80030.5	90	NA	NA	0	1	0.996005996001	1.0000000000000036e-12	18.733333333333334	AM9	AM
80031	90030	85030.5	86	NA	NA	0	1	0.996005996001	1.0000000000000036e-12	18.697674418604652	AM9	AM
85031	95030	90030.5	106	NA	NA	0	1	0.996005996001	1.0000000000000036e-12	18.22641509433962	AM9	AM
90031	100030	95030.5	129	NA	NA	0	1	0.996005996001	1.0000000000000036e-12	17.790697674418606	AM9	AM
95031	105030	100030.5	164	NA	NA	0	1	0.996005996001	1.0000000000000036e-12	17.695121951219512	AM9	AM
100031	110030	105030.5	134	NA	NA	0	1	0.996005996001	1.0000000000000036e-12	17.895522388059703	AM9	AM
105031	115030	110030.5	88	13.54725178519859	NA	0	1	0.996005996001	1.0000000000000036e-12	18.40909090909091	AM9	AM
110031	120030	115030.5	99	11.662651110973876	157.27636718749983	0	1	0.996005996001	1.0000000000000036e-12	18.525252525252526	AM9	AM
115031	125030	120030.5	99	13.139577404538837	78.63818359374991	0	1	0.996005996001	1.0000000000000036e-12	18.737373737373737	AM9	AM
120031	130030	125030.5	67	16.501104372328516	0	0	1	0.996005996001	1.0000000000000036e-12	18.55223880597015	AM9	AM
125031	135030	130030.5	88	NA	NA	0	1	0.996005996001	1.0000000000000036e-12	18.34090909090909	AM9	AM
130031	140030	135030.5	118	NA	NA	0	1	0.996005996001	1.0000000000000036e-12	18.10169491525424	AM9	AM
135031	145030	140030.5	96	NA	NA	0	1	0.996005996001	1.0000000000000036e-12	18.072916666666668	AM9	AM
140031	150030	145030.5	138	19.9274765625	NA	0	1	0.996005996001	1.0000000000000036e-12	18.847826086956523	AM9	AM
145031	155030	150030.5	214	16.408961881614132	NA	0	1	0.996005996001	1.0000000000000036e-12	18.72897196261682	AM9	AM
150031	160030	155030.5	199	15.719620435270825	NA	0	1	0.996005996001	1.0000000000000036e-12	18.512562814070353	AM9	AM
155031	165030	160030.5	131	18.548793669813385	NA	0	1	0.996005996001	1.0000000000000036e-12	18.435114503816795	AM9	AM
160031	170030	165030.5	95	NA	NA	0	1	0.996005996001	1.0000000000000036e-12	18.326315789473686	AM9	AM
165031	175030	170030.5	87	NA	NA	0	1	0.996005996001	1.0000000000000036e-12	18.32183908045977	AM9	AM
170031	180030	175030.5	81	NA	NA	0	1	0.996005996001	1.0000000000000036e-12	18.296296296296298	AM9	AM
175031	185030	180030.5	94	16.32783760093127	0	0	1	0.996005996001	1.0000000000000036e-12	18	AM9	AM
180031	190030	185030.5	112	17.20772029245856	0	0	1	0.996005996001	1.0000000000000036e-12	18.107142857142858	AM9	AM
185031	195030	190030.5	101	17.20772029245856	NA	0	1	0.996005996001	1.0000000000000036e-12	18.623762376237625	AM9	AM
190031	200030	195030.5	80	NA	NA	0	1	0.996005996001	1.0000000000000036e-12	18.925	AM9	AM
195031	205030	200030.5	113	NA	NA	0	1	0.996005996001	1.0000000000000036e-12	18.56637168141593	AM9	AM
200031	210030	205030.5	114	NA	NA	0	1	0.996005996001	1.0000000000000036e-12	18.403508771929825	AM9	AM
205031	215030	210030.5	91	NA	NA	0	1	0.996005996001	1.0000000000000036e-12	18.417582417582416	AM9	AM
210031	220030	215030.5	103	NA	NA	0	1	0.996005996001	1.0000000000000036e-12	18.70873786407767	AM9	AM
215031	225030	220030.5	109	15.445057246498635	212898.09995835045	0	1	0.996005996001	1.0000000000000036e-12	18.44954128440367	AM9	AM
220031	230030	225030.5	84	15.445057246498635	212898.09995835045	0	1	0.996005996001	1.0000000000000036e-12	18.154761904761905	AM9	AM
225031	235030	230030.5	51	NA	NA	0	1	0.996005996001	1.0000000000000036e-12	19.058823529411764	AM9	AM
230031	240030	235030.5	89	NA	NA	0	1	0.996005996001	1.0000000000000036e-12	18.775280898876403	AM9	AM
235031	245030	240030.5	105	NA	NA	0	1	0.996005996001	1.0000000000000036e-12	18.561904761904763	AM9	AM
240031	250030	245030.5	100	NA	NA	0	1	0.996005996001	1.0000000000000036e-12	18.72	AM9	AM
245031	255030	250030.5	99	NA	NA	0	1	0.996005996001	1.0000000000000036e-12	18.858585858585858	AM9	AM
250031	260030	255030.5	98	NA	NA	0	1	0.996005996001	1.0000000000000036e-12	18.724489795918366	AM9	AM
255031	265030	260030.5	104	NA	NA	0	1	0.996005996001	1.0000000000000036e-12	18.509615384615383	AM9	AM
260031	270030	265030.5	87	NA	NA	0	1	0.996005996001	1.0000000000000036e-12	18.597701149425287	AM9	AM
265031	275030	270030.5	80	17.450683593749996	0	0	1	0.996005996001	1.0000000000000036e-12	18.9875	AM9	AM
270031	280030	275030.5	82	17.450683593749996	0	0	1	0.996005996001	1.0000000000000036e-12	19.085365853658537	AM9	AM
275031	285030	280030.5	87	NA	NA	0	1	0.996005996001	1.0000000000000036e-12	18.264367816091955	AM9	AM
280031	290030	285030.5	86	NA	NA	0	1	0.996005996001	1.0000000000000036e-12	17.476744186046513	AM9	AM
285031	295030	290030.5	91	NA	NA	0	1	0.996005996001	1.0000000000000036e-12	17.725274725274726	AM9	AM
290031	300030	295030.5	99	NA	NA	0	1	0.996005996001	1.0000000000000036e-12	17.86868686868687	AM9	AM
295031	305030	300030.5	142	NA	NA	0	1	0.996005996001	1.0000000000000036e-12	18.190140845070424	AM9	AM
300031	310030	305030.5	134	NA	NA	0	1	0.996005996001	1.0000000000000036e-12	18.574626865671643	AM9	AM
305031	315030	310030.5	90	NA	NA	0	1	0.996005996001	1.0000000000000036e-12	17.533333333333335	AM9	AM
310031	320030	315030.5	131	NA	NA	0	1	0.996005996001	1.0000000000000036e-12	17.702290076335878	AM9	AM
315031	325030	320030.5	121	NA	NA	0	1	0.996005996001	1.0000000000000036e-12	18.03305785123967	AM9	AM
320031	330030	325030.5	92	NA	NA	0	1	0.996005996001	1.0000000000000036e-12	17.184782608695652	AM9	AM
325031	335030	330030.5	108	NA	NA	0	1	0.996005996001	1.0000000000000036e-12	17.52777777777778	AM9	AM
330031	340030	335030.5	99	NA	NA	0	1	0.996005996001	1.0000000000000036e-12	18.09090909090909	AM9	AM
335031	345030	340030.5	84	11.390625	NA	0	1	0.996005996001	1.0000000000000036e-12	18.30952380952381	AM9	AM
340031	350030	345030.5	67	11.390625	NA	0	1	0.996005996001	1.0000000000000036e-12	17.313432835820894	AM9	AM
345031	355030	350030.5	34	NA	NA	0	1	0.996005996001	1.0000000000000036e-12	15.323529411764707	AM9	AM
350031	360030	355030.5	8	19.11918115234375	0	0	1	0.996005996001	1.0000000000000036e-12	13.375	AM9	AM
355031	365030	360030.5	7	19.11918115234375	0	0	1	0.996005996001	1.0000000000000036e-12	10.428571428571429	AM9	AM
360031	370030	365030.5	13	NA	NA	0	1	0.996005996001	1.0000000000000036e-12	8.923076923076923	AM9	AM
365031	375030	370030.5	54	NA	NA	0	1	0.996005996001	1.0000000000000036e-12	10.851851851851851	AM9	AM
370031	380030	375030.5	89	NA	NA	0	1	0.996005996001	1.0000000000000036e-12	14.213483146067416	AM9	AM
375031	385030	380030.5	75	NA	NA	0	1	0.996005996001	1.0000000000000036e-12	18.04	AM9	AM
380031	390030	385030.5	67	NA	NA	0	1	0.996005996001	1.0000000000000036e-12	18.582089552238806	AM9	AM
385031	395030	390030.5	81	NA	NA	0	1	0.996005996001	1.0000000000000036e-12	18.728395061728396	AM9	AM
390031	400030	395030.5	81	14.90438888888889	NA	0	1	0.996005996001	1.0000000000000036e-12	18.432098765432098	AM9	AM
395031	405030	400030.5	80	14.90438888888889	NA	0	1	0.996005996001	1.0000000000000036e-12	18.2625	AM9	AM
400031	410030	405030.5	99	NA	NA	0	1	0.996005996001	1.0000000000000036e-12	18.343434343434343	AM9	AM
405031	415030	410030.5	87	17.832715959902423	0	0	1	0.996005996001	1.0000000000000036e-12	18.137931034482758	AM9	AM
410031	420030	415030.5	67	17.832715959902423	0	0	1	0.996005996001	1.0000000000000036e-12	17.611940298507463	AM9	AM
415031	425030	420030.5	78	NA	NA	0	1	0.996005996001	1.0000000000000036e-12	17.55128205128205	AM9	AM
420031	430030	425030.5	91	NA	NA	0	1	0.996005996001	1.0000000000000036e-12	17.714285714285715	AM9	AM
425031	435030	430030.5	96	NA	NA	0	1	0.996005996001	1.0000000000000036e-12	18.197916666666668	AM9	AM
430031	440030	435030.5	96	NA	NA	0	1	0.996005996001	1.0000000000000036e-12	18.802083333333332	AM9	AM
435031	445030	440030.5	93	13.384470281564695	NA	0	1	0.996005996001	1.0000000000000036e-12	18.333333333333332	AM9	AM
440031	450030	445030.5	80	14.414763764031665	212898.09995835045	0	1	0.996005996001	1.0000000000000036e-12	17.9375	AM9	AM
445031	455030	450030.5	75	15.445057246498635	212898.09995835045	0	1	0.996005996001	1.0000000000000036e-12	18.346666666666668	AM9	AM
450031	460030	455030.5	96	NA	NA	0	1	0.996005996001	1.0000000000000036e-12	18.760416666666668	AM9	AM
455031	465030	460030.5	93	7.8277587890625	NA	0	1	0.996005996001	1.0000000000000036e-12	18.333333333333332	AM9	AM
460031	470030	465030.5	97	7.8277587890625	NA	0	1	0.996005996001	1.0000000000000036e-12	18.103092783505154	AM9	AM
465031	475030	470030.5	85	NA	NA	0	1	0.996005996001	1.0000000000000036e-12	18.470588235294116	AM9	AM
470031	480030	475030.5	61	12.722520685825351	NA	0	1	0.996005996001	1.0000000000000036e-12	18.672131147540984	AM9	AM
475031	485030	480030.5	77	12.722520685825351	NA	0	1	0.996005996001	1.0000000000000036e-12	18.792207792207794	AM9	AM
480031	490030	485030.5	54	NA	NA	0	1	0.996005996001	1.0000000000000036e-12	18.48148148148148	AM9	AM
485031	495030	490030.5	40	NA	NA	0	1	0.996005996001	1.0000000000000036e-12	18.275	AM9	AM
490031	500030	495030.5	54	NA	NA	0	1	0.996005996001	1.0000000000000036e-12	18.703703703703702	AM9	AM
495031	505030	500030.5	65	5.776909722222221	NA	0	1	0.996005996001	1.0000000000000036e-12	18.215384615384615	AM9	AM
500031	510030	505030.5	74	5.776909722222221	NA	0	1	0.996005996001	1.0000000000000036e-12	18.18918918918919	AM9	AM
505031	515030	510030.5	83	NA	NA	0	1	0.996005996001	1.0000000000000036e-12	17.843373493975903	AM9	AM
510031	520030	515030.5	77	14.534023467519937	0	0	1	0.996005996001	1.0000000000000036e-12	17.753246753246753	AM9	AM
515031	525030	520030.5	59	15.784469604492188	0	0	1	0.996005996001	1.0000000000000036e-12	18.559322033898304	AM9	AM
520031	530030	525030.5	71	15.784469604492188	0	0	1	0.996005996001	1.0000000000000036e-12	17.408450704225352	AM9	AM
525031	535030	530030.5	76	12.323615788219731	0	0	1	0.996005996001	1.0000000000000036e-12	16.907894736842106	AM9	AM
530031	540030	535030.5	72	12.323615788219731	0	0	1	0.996005996001	1.0000000000000036e-12	17.09722222222222	AM9	AM
535031	545030	540030.5	82	NA	NA	0	1	0.996005996001	1.0000000000000036e-12	17.073170731707318	AM9	AM
540031	550030	545030.5	97	NA	NA	0	1	0.996005996001	1.0000000000000036e-12	17.690721649484537	AM9	AM
545031	555030	550030.5	95	12.88595776911698	0	0	1	0.996005996001	1.0000000000000036e-12	18.13684210526316	AM9	AM
550031	560030	555030.5	63	12.88595776911698	0	0	1	0.996005996001	1.0000000000000036e-12	18.41269841269841	AM9	AM
555031	565030	560030.5	46	NA	NA	0	1	0.996005996001	1.0000000000000036e-12	18.543478260869566	AM9	AM
560031	570030	565030.5	73	NA	NA	0	1	0.996005996001	1.0000000000000036e-12	18.506849315068493	AM9	AM
565031	575030	570030.5	109	10.720361218069122	NA	0	1	0.996005996001	1.0000000000000036e-12	17.98165137614679	AM9	AM
570031	580030	575030.5	102	10.720361218069122	NA	0	1	0.996005996001	1.0000000000000036e-12	17.764705882352942	AM9	AM
575031	585030	580030.5	67	13.52577587742715	0	0	1	0.996005996001	1.0000000000000036e-12	18.119402985074625	AM9	AM
580031	590030	585030.5	70	13.897890852769677	0	0	1	0.996005996001	1.0000000000000036e-12	17.87142857142857	AM9	AM
585031	595030	590030.5	79	14.266278759718173	NA	0	1	0.996005996001	1.0000000000000036e-12	17.620253164556964	AM9	AM
590031	600030	595030.5	71	14.695805555555557	0	0	1	0.996005996001	1.0000000000000036e-12	17.901408450704224	AM9	AM
595031	605030	600030.5	86	9.69530078125	0	0	1	0.996005996001	1.0000000000000036e-12	18.430232558139537	AM9	AM
600031	610030	605030.5	114	9.300056640624998	0	0	1	0.996005996001	1.0000000000000036e-12	17.710526315789473	AM9	AM
605031	615030	610030.5	118	NA	NA	0	1	0.996005996001	1.0000000000000036e-12	17.796610169491526	AM9	AM
610031	620030	615030.5	107	NA	NA	0	1	0.996005996001	1.0000000000000036e-12	18.61682242990654	AM9	AM
615031	625030	620030.5	100	NA	NA	0	1	0.996005996001	1.0000000000000036e-12	18.9	AM9	AM
620031	630030	625030.5	101	NA	NA	0	1	0.996005996001	1.0000000000000036e-12	18.77227722772277	AM9	AM
625031	635030	630030.5	112	NA	NA	0	1	0.996005996001	1.0000000000000036e-12	17.910714285714285	AM9	AM
630031	640030	635030.5	79	NA	NA	0	1	0.996005996001	1.0000000000000036e-12	17.734177215189874	AM9	AM
635031	645030	640030.5	41	NA	NA	0	1	0.996005996001	1.0000000000000036e-12	18.48780487804878	AM9	AM
640031	650030	645030.5	57	NA	NA	0	1	0.996005996001	1.0000000000000036e-12	17.789473684210527	AM9	AM
645031	655030	650030.5	63	NA	NA	0	1	0.996005996001	1.0000000000000036e-12	18.063492063492063	AM9	AM
650031	660030	655030.5	64	12.649899841308594	0	0	1	0.996005996001	1.0000000000000036e-12	17.875	AM9	AM
655031	665030	660030.5	63	15.3489990234375	0	0	1	0.996005996001	1.0000000000000036e-12	17.650793650793652	AM9	AM
660031	670030	665030.5	53	15.729747060194319	0	0	1	0.996005996001	1.0000000000000036e-12	18.037735849056602	AM9	AM
665031	675030	670030.5	35	NA	NA	0	1	0.996005996001	1.0000000000000036e-12	18	AM9	AM
670031	680030	675030.5	11	NA	NA	0	1	0.996005996001	1.0000000000000036e-12	15.454545454545455	AM9	AM
675031	685030	680030.5	9	NA	NA	NA	NA	NA	NA	0.5555555555555556	AM9	AM
680031	690030	685030.5	7	NA	NA	NA	NA	NA	NA	0.7142857142857143	AM9	AM
685031	695030	690030.5	0	NA	NA	NA	NA	NA	NA	NA	AM9	AM
690031	700030	695030.5	0	NA	NA	NA	NA	NA	NA	NA	AM9	AM
695031	705030	700030.5	0	NA	NA	NA	NA	NA	NA	NA	AM9	AM
700031	710030	705030.5	16	13.407407354682944	0	0	1	0.996005996001	1.0000000000000036e-12	17.125	AM9	AM
705031	715030	710030.5	62	15.717361699883881	0	0	1	0.996005996001	1.0000000000000036e-12	18.048387096774192	AM9	AM
710031	720030	715030.5	107	18.1203584706959	0	0	1	0.996005996001	1.0000000000000036e-12	18.30841121495327	AM9	AM
715031	725030	720030.5	99	14.365904054464536	NA	0	1	0.996005996001	1.0000000000000036e-12	18.141414141414142	AM9	AM
720031	730030	725030.5	77	17.708333333333336	0	0	1	0.996005996001	1.0000000000000036e-12	18.363636363636363	AM9	AM
725031	735030	730030.5	74	17.927946611356127	0	0	1	0.996005996001	1.0000000000000036e-12	18.87837837837838	AM9	AM
730031	740030	735030.5	66	NA	NA	0	1	0.996005996001	1.0000000000000036e-12	18.393939393939394	AM9	AM
735031	745030	740030.5	71	NA	NA	0	1	0.996005996001	1.0000000000000036e-12	18.04225352112676	AM9	AM
740031	750030	745030.5	77	NA	NA	0	1	0.996005996001	1.0000000000000036e-12	18.181818181818183	AM9	AM
745031	755030	750030.5	72	NA	NA	0	1	0.996005996001	1.0000000000000036e-12	17.944444444444443	AM9	AM
750031	760030	755030.5	75	NA	NA	0	1	0.996005996001	1.0000000000000036e-12	17.573333333333334	AM9	AM
755031	765030	760030.5	93	14.401139870829283	NA	0	1	0.996005996001	1.0000000000000036e-12	17.526881720430108	AM9	AM
760031	770030	765030.5	92	14.90438888888889	0	0	1	0.996005996001	1.0000000000000036e-12	17.5	AM9	AM
765031	775030	770030.5	102	16.67412985955628	0	0	1	0.996005996001	1.0000000000000036e-12	17.5	AM9	AM
770031	780030	775030.5	98	NA	NA	0	1	0.996005996001	1.0000000000000036e-12	17.70408163265306	AM9	AM
775031	785030	780030.5	58	NA	NA	0	1	0.996005996001	1.0000000000000036e-12	17.913793103448278	AM9	AM
780031	790030	785030.5	70	NA	NA	0	1	0.996005996001	1.0000000000000036e-12	17.82857142857143	AM9	AM
785031	795030	790030.5	87	14.715105436776838	0	0	1	0.996005996001	1.0000000000000036e-12	17.75862068965517	AM9	AM
790031	800030	795030.5	67	14.715105436776838	0	0	1	0.996005996001	1.0000000000000036e-12	17.507462686567163	AM9	AM
795031	805030	800030.5	70	NA	NA	0	1	0.996005996001	1.0000000000000036e-12	17.385714285714286	AM9	AM
800031	810030	805030.5	66	NA	NA	0	1	0.996005996001	1.0000000000000036e-12	17.772727272727273	AM9	AM
805031	815030	810030.5	34	NA	NA	0	1	0.996005996001	1.0000000000000036e-12	17.147058823529413	AM9	AM
810031	820030	815030.5	91	14.681114583333333	0	0	1	0.996005996001	1.0000000000000036e-12	17.021978021978022	AM9	AM
815031	825030	820030.5	109	14.681114583333333	0	0	1	0.996005996001	1.0000000000000036e-12	17.779816513761467	AM9	AM
820031	830030	825030.5	62	NA	NA	0	1	0.996005996001	1.0000000000000036e-12	18.693548387096776	AM9	AM
825031	835030	830030.5	77	10.871759954921112	NA	0	1	0.996005996001	1.0000000000000036e-12	18.233766233766232	AM9	AM
830031	840030	835030.5	78	10.871759954921112	NA	0	1	0.996005996001	1.0000000000000036e-12	18.128205128205128	AM9	AM
835031	845030	840030.5	84	NA	NA	0	1	0.996005996001	1.0000000000000036e-12	17.797619047619047	AM9	AM
840031	850030	845030.5	91	NA	NA	0	1	0.996005996001	1.0000000000000036e-12	18.197802197802197	AM9	AM
845031	855030	850030.5	85	17.78101188315774	NA	0	1	0.996005996001	1.0000000000000036e-12	18.376470588235293	AM9	AM
850031	860030	855030.5	94	18.25863540651545	0	0	1	0.996005996001	1.0000000000000036e-12	17.26595744680851	AM9	AM
855031	865030	860030.5	107	18.73625892987316	0	0	1	0.996005996001	1.0000000000000036e-12	17.682242990654206	AM9	AM
860031	870030	865030.5	118	NA	NA	0	1	0.996005996001	1.0000000000000036e-12	17.915254237288135	AM9	AM
865031	875030	870030.5	131	NA	NA	0	1	0.996005996001	1.0000000000000036e-12	17.709923664122137	AM9	AM
870031	880030	875030.5	100	16.9773983834316	0	0	1	0.996005996001	1.0000000000000036e-12	18.24	AM9	AM
875031	885030	880030.5	50	16.9773983834316	0	0	1	0.996005996001	1.0000000000000036e-12	16.66	AM9	AM
880031	890030	885030.5	29	NA	NA	0	1	0.996005996001	1.0000000000000036e-12	13.206896551724139	AM9	AM
885031	895030	890030.5	44	NA	NA	0	1	0.996005996001	1.0000000000000036e-12	17.59090909090909	AM9	AM
890031	900030	895030.5	66	NA	NA	0	1	0.996005996001	1.0000000000000036e-12	17.196969696969695	AM9	AM
895031	905030	900030.5	39	10.571515777610818	0	0	1	0.996005996001	1.0000000000000036e-12	13.64102564102564	AM9	AM
900031	910030	905030.5	26	10.571515777610818	0	0	1	0.996005996001	1.0000000000000036e-12	9.461538461538462	AM9	AM
905031	915030	910030.5	55	NA	NA	0	1	0.996005996001	1.0000000000000036e-12	15.636363636363637	AM9	AM
910031	920030	915030.5	86	9.62126171875	0	0	1	0.996005996001	1.0000000000000036e-12	17.953488372093023	AM9	AM
915031	925030	920030.5	88	9.62126171875	0	0	1	0.996005996001	1.0000000000000036e-12	17.931818181818183	AM9	AM
920031	930030	925030.5	107	NA	NA	0	1	0.996005996001	1.0000000000000036e-12	18.214953271028037	AM9	AM
925031	935030	930030.5	119	NA	NA	0	1	0.996005996001	1.0000000000000036e-12	18.319327731092436	AM9	AM
930031	940030	935030.5	94	NA	NA	0	1	0.996005996001	1.0000000000000036e-12	18.56382978723404	AM9	AM
935031	945030	940030.5	97	NA	NA	0	1	0.996005996001	1.0000000000000036e-12	18.567010309278352	AM9	AM
940031	950030	945030.5	99	NA	NA	0	1	0.996005996001	1.0000000000000036e-12	18.404040404040405	AM9	AM
945031	955030	950030.5	71	16.675758192550376	0	0	1	0.996005996001	1.0000000000000036e-12	18.309859154929576	AM9	AM
950031	960030	955030.5	73	16.675758192550376	0	0	1	0.996005996001	1.0000000000000036e-12	17.589041095890412	AM9	AM
955031	965030	960030.5	66	NA	NA	0	1	0.996005996001	1.0000000000000036e-12	16.62121212121212	AM9	AM
960031	970030	965030.5	62	NA	NA	0	1	0.996005996001	1.0000000000000036e-12	15.903225806451612	AM9	AM
965031	975030	970030.5	57	NA	NA	0	1	0.996005996001	1.0000000000000036e-12	15.385964912280702	AM9	AM
970031	980030	975030.5	53	NA	NA	0	1	0.996005996001	1.0000000000000036e-12	16.754716981132077	AM9	AM
975031	985030	980030.5	81	10.144370779951522	0	0	1	0.996005996001	1.0000000000000036e-12	17.666666666666668	AM9	AM
980031	990030	985030.5	65	13.478663181676351	0	0	1	0.996005996001	1.0000000000000036e-12	17.338461538461537	AM9	AM
985031	995030	990030.5	67	16.81295558340118	NA	0	1	0.996005996001	1.0000000000000036e-12	17.98507462686567	AM9	AM
990031	1000030	995030.5	78	6.583967292274053	NA	0	1	0.996005996001	1.0000000000000036e-12	17.935897435897434	AM9	AM
995031	1005030	1000030.5	84	6.583967292274053	NA	0	1	0.996005996001	1.0000000000000036e-12	17.63095238095238	AM9	AM
1000031	1010030	1005030.5	112	NA	NA	0	1	0.996005996001	1.0000000000000036e-12	18.089285714285715	AM9	AM
1005031	1015030	1010030.5	116	NA	NA	0	1	0.996005996001	1.0000000000000036e-12	18.646551724137932	AM9	AM
1010031	1020030	1015030.5	123	15.910110473632812	NA	0	1	0.996005996001	1.0000000000000036e-12	18.67479674796748	AM9	AM
1015031	1025030	1020030.5	92	15.910110473632812	NA	0	1	0.996005996001	1.0000000000000036e-12	18.315217391304348	AM9	AM
1020031	1030030	1025030.5	59	NA	NA	0	1	0.996005996001	1.0000000000000036e-12	18.35593220338983	AM9	AM
1025031	1035030	1030030.5	64	NA	NA	0	1	0.996005996001	1.0000000000000036e-12	16.328125	AM9	AM
1030031	1040030	1035030.5	108	NA	NA	0	1	0.996005996001	1.0000000000000036e-12	16.833333333333332	AM9	AM
1035031	1045030	1040030.5	134	15.356575206574949	0	0	1	0.996005996001	1.0000000000000036e-12	18.186567164179106	AM9	AM
1040031	1050030	1045030.5	133	15.356575206574949	0	0	1	0.996005996001	1.0000000000000036e-12	18.466165413533833	AM9	AM
1045031	1055030	1050030.5	122	NA	NA	0	1	0.996005996001	1.0000000000000036e-12	18.524590163934427	AM9	AM
1050031	1060030	1055030.5	95	9.813761718750001	0	0	1	0.996005996001	1.0000000000000036e-12	18.157894736842106	AM9	AM
1055031	1065030	1060030.5	94	9.813761718750001	0	0	1	0.996005996001	1.0000000000000036e-12	18.382978723404257	AM9	AM
1060031	1070030	1065030.5	71	NA	NA	0	1	0.996005996001	1.0000000000000036e-12	18.746478873239436	AM9	AM
1065031	1075030	1070030.5	68	17.450683593749996	0	0	1	0.996005996001	1.0000000000000036e-12	18.25	AM9	AM
1070031	1080030	1075030.5	102	17.450683593749996	0	0	1	0.996005996001	1.0000000000000036e-12	17.637254901960784	AM9	AM
1075031	1085030	1080030.5	109	NA	NA	0	1	0.996005996001	1.0000000000000036e-12	17.724770642201836	AM9	AM
1080031	1090030	1085030.5	98	NA	NA	0	1	0.996005996001	1.0000000000000036e-12	18.102040816326532	AM9	AM
1085031	1095030	1090030.5	110	NA	NA	0	1	0.996005996001	1.0000000000000036e-12	17.945454545454545	AM9	AM
1090031	1100030	1095030.5	102	NA	NA	0	1	0.996005996001	1.0000000000000036e-12	18.166666666666668	AM9	AM
1095031	1105030	1100030.5	94	NA	NA	0	1	0.996005996001	1.0000000000000036e-12	18.45744680851064	AM9	AM
1100031	1110030	1105030.5	95	NA	NA	0	1	0.996005996001	1.0000000000000036e-12	18.71578947368421	AM9	AM
1105031	1115030	1110030.5	79	NA	NA	0	1	0.996005996001	1.0000000000000036e-12	18.949367088607595	AM9	AM
1110031	1120030	1115030.5	94	10.871759954921112	NA	0	1	0.996005996001	1.0000000000000036e-12	18.19148936170213	AM9	AM
1115031	1125030	1120030.5	97	10.871759954921112	NA	0	1	0.996005996001	1.0000000000000036e-12	18.15463917525773	AM9	AM
1120031	1130030	1125030.5	114	NA	NA	0	1	0.996005996001	1.0000000000000036e-12	18.20175438596491	AM9	AM
1125031	1135030	1130030.5	161	NA	NA	0	1	0.996005996001	1.0000000000000036e-12	18.37888198757764	AM9	AM
1130031	1140030	1135030.5	147	NA	NA	0	1	0.996005996001	1.0000000000000036e-12	18.46938775510204	AM9	AM
1135031	1145030	1140030.5	120	NA	NA	0	1	0.996005996001	1.0000000000000036e-12	18.091666666666665	AM9	AM
1140031	1150030	1145030.5	107	NA	NA	0	1	0.996005996001	1.0000000000000036e-12	18.19626168224299	AM9	AM
1145031	1155030	1150030.5	98	11.553819444444443	NA	0	1	0.996005996001	1.0000000000000036e-12	17.255102040816325	AM9	AM
1150031	1160030	1155030.5	97	11.553819444444443	NA	0	1	0.996005996001	1.0000000000000036e-12	17	AM9	AM
1155031	1165030	1160030.5	98	NA	NA	0	1	0.996005996001	1.0000000000000036e-12	17.928571428571427	AM9	AM
1160031	1170030	1165030.5	109	14.820281249999999	0	0	1	0.996005996001	1.0000000000000036e-12	18.128440366972477	AM9	AM
1165031	1175030	1170030.5	123	14.820281249999999	0	0	1	0.996005996001	1.0000000000000036e-12	18.178861788617887	AM9	AM
1170031	1180030	1175030.5	108	NA	NA	0	1	0.996005996001	1.0000000000000036e-12	18.333333333333332	AM9	AM
1175031	1185030	1180030.5	85	NA	NA	0	1	0.996005996001	1.0000000000000036e-12	10.811764705882354	AM9	AM
1180031	1190030	1185030.5	59	NA	NA	0	1	0.996005996001	1.0000000000000036e-12	1.3220338983050848	AM9	AM
1185031	1195030	1190030.5	62	NA	NA	0	1	0.996005996001	1.0000000000000036e-12	2.806451612903226	AM9	AM
1190031	1200030	1195030.5	90	12.95367021908283	5.994812808373176e-4	0	1	0.996005996001	1.0000000000000036e-12	11.255555555555556	AM9	AM
1195031	1205030	1200030.5	110	12.95367021908283	5.994812808373176e-4	0	1	0.996005996001	1.0000000000000036e-12	18.12727272727273	AM9	AM
1200031	1210030	1205030.5	132	NA	NA	0	1	0.996005996001	1.0000000000000036e-12	18.477272727272727	AM9	AM
1205031	1215030	1210030.5	113	NA	NA	0	1	0.996005996001	1.0000000000000036e-12	18.504424778761063	AM9	AM
1210031	1220030	1215030.5	72	17.2029327973273	0	0	1	0.996005996001	1.0000000000000036e-12	18.23611111111111	AM9	AM
1215031	1225030	1220030.5	81	17.2029327973273	0	0	1	0.996005996001	1.0000000000000036e-12	18.37037037037037	AM9	AM
1220031	1230030	1225030.5	103	12.825185089041875	NA	0	1	0.996005996001	1.0000000000000036e-12	18.320388349514563	AM9	AM
1225031	1235030	1230030.5	89	12.825185089041875	NA	0	1	0.996005996001	1.0000000000000036e-12	18.382022471910112	AM9	AM
1230031	1240030	1235030.5	89	NA	NA	0	1	0.996005996001	1.0000000000000036e-12	18.584269662921347	AM9	AM
1235031	1245030	1240030.5	111	14.215499999999999	0	0	1	0.996005996001	1.0000000000000036e-12	18.37837837837838	AM9	AM
1240031	1250030	1245030.5	128	14.215499999999999	0	0	1	0.996005996001	1.0000000000000036e-12	18.234375	AM9	AM
1245031	1255030	1250030.5	121	11.117870773297913	0	0	1	0.996005996001	1.0000000000000036e-12	18.173553719008265	AM9	AM
1250031	1260030	1255030.5	131	11.117870773297913	0	0	1	0.996005996001	1.0000000000000036e-12	18.16793893129771	AM9	AM
1255031	1265030	1260030.5	110	18.29210879410264	0	0	1	0.996005996001	1.0000000000000036e-12	18.4	AM9	AM
1260031	1270030	1265030.5	110	17.77266790444959	0	0	1	0.996005996001	1.0000000000000036e-12	18.963636363636365	AM9	AM
1265031	1275030	1270030.5	144	17.731755762924386	0	0	1	0.996005996001	1.0000000000000036e-12	18.70138888888889	AM9	AM
1270031	1280030	1275030.5	138	14.347256930585555	NA	0	1	0.996005996001	1.0000000000000036e-12	18.565217391304348	AM9	AM
1275031	1285030	1280030.5	134	14.347256930585555	NA	0	1	0.996005996001	1.0000000000000036e-12	18.37313432835821	AM9	AM
1280031	1290030	1285030.5	100	NA	NA	0	1	0.996005996001	1.0000000000000036e-12	18.1	AM9	AM
1285031	1295030	1290030.5	82	NA	NA	0	1	0.996005996001	1.0000000000000036e-12	18.597560975609756	AM9	AM
1290031	1300030	1295030.5	104	NA	NA	0	1	0.996005996001	1.0000000000000036e-12	18.548076923076923	AM9	AM
1295031	1305030	1300030.5	99	NA	NA	0	1	0.996005996001	1.0000000000000036e-12	18.444444444444443	AM9	AM
1300031	1310030	1305030.5	83	NA	NA	0	1	0.996005996001	1.0000000000000036e-12	18.63855421686747	AM9	AM
1305031	1315030	1310030.5	71	NA	NA	0	1	0.996005996001	1.0000000000000036e-12	18.87323943661972	AM9	AM
1310031	1320030	1315030.5	66	NA	NA	0	1	0.996005996001	1.0000000000000036e-12	18.984848484848484	AM9	AM
1315031	1325030	1320030.5	94	NA	NA	0	1	0.996005996001	1.0000000000000036e-12	18.638297872340427	AM9	AM
1320031	1330030	1325030.5	105	NA	NA	0	1	0.996005996001	1.0000000000000036e-12	18.65714285714286	AM9	AM
1325031	1335030	1330030.5	93	NA	NA	0	1	0.996005996001	1.0000000000000036e-12	18.473118279569892	AM9	AM
1330031	1340030	1335030.5	79	13.306819091796875	0	0	1	0.996005996001	1.0000000000000036e-12	18.379746835443036	AM9	AM
1335031	1345030	1340030.5	93	14.872000000000002	0	0	1	0.996005996001	1.0000000000000036e-12	17.978494623655912	AM9	AM
1340031	1350030	1345030.5	102	16.81295558340118	NA	0	1	0.996005996001	1.0000000000000036e-12	18.019607843137255	AM9	AM
1345031	1355030	1350030.5	68	NA	NA	0	1	0.996005996001	1.0000000000000036e-12	18.63235294117647	AM9	AM
1350031	1360030	1355030.5	55	NA	NA	0	1	0.996005996001	1.0000000000000036e-12	18.90909090909091	AM9	AM
1355031	1365030	1360030.5	79	14.872000000000002	0	0	1	0.996005996001	1.0000000000000036e-12	18.21518987341772	AM9	AM
1360031	1370030	1365030.5	72	14.872000000000002	0	0	1	0.996005996001	1.0000000000000036e-12	17.666666666666668	AM9	AM
1365031	1375030	1370030.5	54	NA	NA	0	1	0.996005996001	1.0000000000000036e-12	18.537037037037038	AM9	AM
1370031	1380030	1375030.5	77	12.890447200728264	NA	0	1	0.996005996001	1.0000000000000036e-12	17.844155844155843	AM9	AM
1375031	1385030	1380030.5	104	13.029190892638185	0	0	1	0.996005996001	1.0000000000000036e-12	17.78846153846154	AM9	AM
1380031	1390030	1385030.5	105	13.167934584548107	0	0	1	0.996005996001	1.0000000000000036e-12	18.34285714285714	AM9	AM
1385031	1395030	1390030.5	101	NA	NA	0	1	0.996005996001	1.0000000000000036e-12	18.356435643564357	AM9	AM
1390031	1400030	1395030.5	109	13.775802033983236	NA	0	1	0.996005996001	1.0000000000000036e-12	18.376146788990827	AM9	AM
1395031	1405030	1400030.5	96	13.775802033983236	NA	0	1	0.996005996001	1.0000000000000036e-12	18.333333333333332	AM9	AM
1400031	1410030	1405030.5	83	NA	NA	0	1	0.996005996001	1.0000000000000036e-12	18.36144578313253	AM9	AM
1405031	1415030	1410030.5	82	NA	NA	0	1	0.996005996001	1.0000000000000036e-12	18.23170731707317	AM9	AM
1410031	1420030	1415030.5	101	13.590506767140203	0	0	1	0.996005996001	1.0000000000000036e-12	18.415841584158414	AM9	AM
1415031	1425030	1420030.5	119	13.590506767140203	0	0	1	0.996005996001	1.0000000000000036e-12	18.571428571428573	AM9	AM
1420031	1430030	1425030.5	115	NA	NA	0	1	0.996005996001	1.0000000000000036e-12	18.304347826086957	AM9	AM
1425031	1435030	1430030.5	94	NA	NA	0	1	0.996005996001	1.0000000000000036e-12	18.148936170212767	AM9	AM
1430031	1440030	1435030.5	73	NA	NA	0	1	0.996005996001	1.0000000000000036e-12	18.10958904109589	AM9	AM
1435031	1445030	1440030.5	73	NA	NA	0	1	0.996005996001	1.0000000000000036e-12	18.52054794520548	AM9	AM
1440031	1450030	1445030.5	59	NA	NA	0	1	0.996005996001	1.0000000000000036e-12	18.83050847457627	AM9	AM
1445031	1455030	1450030.5	61	NA	NA	0	1	0.996005996001	1.0000000000000036e-12	18.42622950819672	AM9	AM
1450031	1460030	1455030.5	88	19.35468896484375	0	0	1	0.996005996001	1.0000000000000036e-12	18.681818181818183	AM9	AM
1455031	1465030	1460030.5	106	19.35468896484375	0	0	1	0.996005996001	1.0000000000000036e-12	18.99056603773585	AM9	AM
1460031	1470030	1465030.5	86	NA	NA	0	1	0.996005996001	1.0000000000000036e-12	18.953488372093023	AM9	AM
1465031	1475030	1470030.5	74	NA	NA	0	1	0.996005996001	1.0000000000000036e-12	18.81081081081081	AM9	AM
1470031	1480030	1475030.5	78	NA	NA	0	1	0.996005996001	1.0000000000000036e-12	18.692307692307693	AM9	AM
1475031	1485030	1480030.5	78	NA	NA	0	1	0.996005996001	1.0000000000000036e-12	18.08974358974359	AM9	AM
1480031	1490030	1485030.5	85	NA	NA	0	1	0.996005996001	1.0000000000000036e-12	18.258823529411764	AM9	AM
1485031	1495030	1490030.5	73	NA	NA	0	1	0.996005996001	1.0000000000000036e-12	18.602739726027398	AM9	AM
1490031	1500030	1495030.5	77	NA	NA	0	1	0.996005996001	1.0000000000000036e-12	18.350649350649352	AM9	AM
1495031	1505030	1500030.5	75	NA	NA	0	1	0.996005996001	1.0000000000000036e-12	18.613333333333333	AM9	AM
1500031	1510030	1505030.5	60	12.890447200728264	NA	0	1	0.996005996001	1.0000000000000036e-12	18.85	AM9	AM
1505031	1515030	1510030.5	66	13.65318364544784	NA	0	1	0.996005996001	1.0000000000000036e-12	18.666666666666668	AM9	AM
1510031	1520030	1515030.5	70	14.415920090167415	NA	0	1	0.996005996001	1.0000000000000036e-12	18.385714285714286	AM9	AM
1515031	1525030	1520030.5	68	NA	NA	0	1	0.996005996001	1.0000000000000036e-12	17.205882352941178	AM9	AM
