group	window_start	window_end	window_mid	n_snps	pi	tajima_d
AM10_0	31	50030	25030.5	538	2.1668162327851821e-4	2.237269796782183
AM11_0	31	50030	25030.5	538	2.210512622720272e-4	1.527078143756247
AM12_0	31	50030	25030.5	538	2.2857142857142857e-4	0.7404476520359495
AM1_0	31	50030	25030.5	538	1.8750497724815966e-4	3.4631723198401203
AM2_0	31	50030	25030.5	538	1.648732774347271e-4	2.0769285392182306
AM2_4	31	50030	25030.5	538	1.8135240479105023e-4	3.225653468891254
AM3_0	31	50030	25030.5	538	1.9933002709337486e-4	1.6071053985501789
AM4_4	31	50030	25030.5	538	2.549926817662179e-4	1.7877811685363758
AM5_0	31	50030	25030.5	538	2.192692225215445e-4	2.447612780050085
AM6_0	31	50030	25030.5	538	2.259504607002258e-4	2.9419588266671566
AM7_0	31	50030	25030.5	538	1.9852620711454375e-4	0.7048549312407475
AM8_4	31	50030	25030.5	538	1.94333883628693e-4	0.7008115574527213
AM9_0	31	50030	25030.5	538	2.0544605111271977e-4	2.8784462675719498
AM10_0	5031	55030	30030.5	501	5.529398207271131e-5	1.2743233033691357
AM11_0	5031	55030	30030.5	501	5.272940278663593e-5	0.2511539601302053
AM12_0	5031	55030	30030.5	501	8.533333333333334e-5	-0.32543902043877937
AM1_0	5031	55030	30030.5	501	3.586614106839876e-5	NA
AM2_0	5031	55030	30030.5	501	5.062801932367149e-6	-1.3255112485147953
AM2_4	5031	55030	30030.5	501	1.25e-6	NA
AM3_0	5031	55030	30030.5	501	5.797939646910688e-5	0.6900309887710167
AM4_4	5031	55030	30030.5	501	6.967745142490061e-5	1.3079649164542286
AM5_0	5031	55030	30030.5	501	3.104215083162451e-5	1.803765549458662
AM6_0	5031	55030	30030.5	501	4.897707031868759e-5	0.3312923935562223
AM7_0	5031	55030	30030.5	501	3.3092641802266525e-5	-1.3822952727802433
AM8_4	5031	55030	30030.5	501	4.307048161035831e-5	-1.4059987304931127
AM9_0	5031	55030	30030.5	501	7.124284156403435e-5	2.13038885266158
AM10_0	10031	60030	35030.5	508	1.0410514107014497e-4	2.0442117021069595
AM11_0	10031	60030	35030.5	508	9.72615222934024e-5	1.9947846566865866
AM12_0	10031	60030	35030.5	508	9.333333333333334e-5	-0.5521530743323173
AM1_0	10031	60030	35030.5	508	7.882274721415009e-5	1.2123225328840368
AM2_0	10031	60030	35030.5	508	5.062801932367149e-6	-1.3255112485147953
AM2_4	10031	60030	35030.5	508	2.5e-6	NA
AM3_0	10031	60030	35030.5	508	1.0440286478822736e-4	1.1867559678999813
AM4_4	10031	60030	35030.5	508	1.0974894966985422e-4	1.1935517292025069
AM5_0	10031	60030	35030.5	508	4.4005354294827976e-5	0.41285479463739744
AM6_0	10031	60030	35030.5	508	8.881217112093043e-5	1.1029444516736235
AM7_0	10031	60030	35030.5	508	6.845121463351387e-5	-1.1983132779217323
AM8_4	10031	60030	35030.5	508	8.368660768658263e-5	-0.5383472868469233
AM9_0	10031	60030	35030.5	508	1.1490611694598408e-4	2.0822271923515405
AM10_0	15031	65030	40030.5	480	6.635971652414958e-5	1.2917652806773485
AM11_0	15031	65030	40030.5	480	5.975762512095458e-5	1.8725769115800102
AM12_0	15031	65030	40030.5	480	8.400000000000001e-5	-0.6929917258913045
AM1_0	15031	65030	40030.5	480	5.692857254350482e-5	1.2123225328840368
AM2_0	15031	65030	40030.5	480	5.952712156958871e-6	-1.1881782002230585
AM2_4	15031	65030	40030.5	480	2.5e-6	NA
AM3_0	15031	65030	40030.5	480	6.972272510098598e-5	0.7787030843674815
AM4_4	15031	65030	40030.5	480	6.882749217997569e-5	0.8209672650394221
AM5_0	15031	65030	40030.5	480	4.560708589655958e-5	0.28982685093881505
AM6_0	15031	65030	40030.5	480	5.4968749298954636e-5	0.45737645537438887
AM7_0	15031	65030	40030.5	480	5.046937215896288e-5	-1.4275225560640972
AM8_4	15031	65030	40030.5	480	5.794602790594422e-5	-0.7620007399353986
AM9_0	15031	65030	40030.5	480	7.063384524362666e-5	1.6198069778838131
AM10_0	20031	70030	45030.5	480	6.700487781447216e-5	0.9250499220870739
AM11_0	20031	70030	45030.5	480	5.918619654952601e-5	1.8725769115800102
AM12_0	20031	70030	45030.5	480	8.938095238095238e-5	-0.44399652527600003
AM1_0	20031	70030	45030.5	480	5.692857254350482e-5	1.2123225328840368
AM2_0	20031	70030	45030.5	480	5.952712156958871e-6	-1.1881782002230585
AM2_4	20031	70030	45030.5	480	2.5e-6	NA
AM3_0	20031	70030	45030.5	480	6.873078961711501e-5	0.5048054054161115
AM4_4	20031	70030	45030.5	480	6.007926825272363e-5	1.0045595955594226
AM5_0	20031	70030	45030.5	480	3.2143882433356116e-5	-0.25189916006279156
AM6_0	20031	70030	45030.5	480	5.609504329481386e-5	0.2440551739336137
AM7_0	20031	70030	45030.5	480	4.941674058001552e-5	-1.4275225560640972
AM8_4	20031	70030	45030.5	480	5.6958686133792326e-5	-0.6750145526633118
AM9_0	20031	70030	45030.5	480	7.063384524362666e-5	1.6198069778838131
AM10_0	25031	75030	50030.5	513	5.850732365654065e-5	0.6871522762479055
AM11_0	25031	75030	50030.5	513	5.134442439762727e-5	1.6951259890623462
AM12_0	25031	75030	50030.5	513	1.0506349206349206e-4	-0.32952113860338256
AM1_0	25031	75030	50030.5	513	5.0307882888332414e-5	1.2123225328840368
AM2_0	25031	75030	50030.5	513	5.952712156958871e-6	-1.1881782002230585
AM2_4	25031	75030	50030.5	513	1.25e-6	NA
AM3_0	25031	75030	50030.5	513	6.071146594561742e-5	0.5048054054161115
AM4_4	25031	75030	50030.5	513	5.1031649205104585e-5	0.6853693938071157
AM5_0	25031	75030	50030.5	513	3.500102529049897e-5	-0.25189916006279156
AM6_0	25031	75030	50030.5	513	4.958656871854267e-5	0.1064096610505951
AM7_0	25031	75030	50030.5	513	4.255787054978999e-5	-1.27744300540866
AM8_4	25031	75030	50030.5	513	4.984515396680316e-5	-0.8556272045272372
AM9_0	25031	75030	50030.5	513	6.23712189810004e-5	1.6649399862829677
AM10_0	30031	80030	55030.5	526	5.850732365654065e-5	0.6871522762479055
AM11_0	30031	80030	55030.5	526	5.050352616542469e-5	1.6025281525050443
AM12_0	30031	80030	55030.5	526	1.0506349206349206e-4	-0.32952113860338256
AM1_0	30031	80030	55030.5	526	5.0307882888332414e-5	1.2123225328840368
AM2_0	30031	80030	55030.5	526	5.952712156958871e-6	-1.1881782002230585
AM2_4	30031	80030	55030.5	526	1.25e-6	NA
AM3_0	30031	80030	55030.5	526	6.31308207843271e-5	0.20018932772680018
AM4_4	30031	80030	55030.5	526	5.264781082126619e-5	0.5756108862727863
AM5_0	30031	80030	55030.5	526	2.542207792207792e-5	-0.9524798951628862
AM6_0	30031	80030	55030.5	526	4.958656871854267e-5	0.1064096610505951
AM7_0	30031	80030	55030.5	526	4.255787054978999e-5	-1.27744300540866
AM8_4	30031	80030	55030.5	526	5.073580216076655e-5	-1.0568077026295106
AM9_0	30031	80030	55030.5	526	5.275583436561578e-5	1.3289083312754322
AM10_0	35031	85030	60030.5	495	5.6731425136456085e-5	0.6871522762479055
AM11_0	35031	85030	60030.5	495	5.808594374784227e-5	1.7660554058059112
AM12_0	35031	85030	60030.5	495	1.2017460317460318e-4	-0.4935754730880544
AM1_0	35031	85030	60030.5	495	5.2256600837050356e-5	0.6671051965092467
AM2_0	35031	85030	60030.5	495	5.083146939567567e-6	-0.8040593235013571
AM2_4	35031	85030	60030.5	495	1.25e-6	NA
AM3_0	35031	85030	60030.5	495	6.390111256151543e-5	0.272805956243291
AM4_4	35031	85030	60030.5	495	5.042558859904397e-5	0.5756108862727863
AM5_0	35031	85030	60030.5	495	2.542207792207792e-5	-0.9524798951628862
AM6_0	35031	85030	60030.5	495	5.758867803875625e-5	0.463608754578775
AM7_0	35031	85030	60030.5	495	4.22366952711679e-5	-1.0403380964349553
AM8_4	35031	85030	60030.5	495	4.951778055396689e-5	-0.9943204898752356
AM9_0	35031	85030	60030.5	495	5.0142807545692414e-5	0.7444668987382461
AM10_0	40031	90030	65030.5	495	5.877978929008339e-5	0.6871522762479055
AM11_0	40031	90030	65030.5	495	5.808594374784227e-5	1.7660554058059112
AM12_0	40031	90030	65030.5	495	1.1795238095238095e-4	-0.5710903443820606
AM1_0	40031	90030	65030.5	495	5.2256600837050356e-5	0.6671051965092467
AM2_0	40031	90030	65030.5	495	5.083146939567567e-6	-0.8040593235013571
AM2_4	40031	90030	65030.5	495	2.8812056737588655e-6	NA
AM3_0	40031	90030	65030.5	495	6.390111256151543e-5	0.272805956243291
AM4_4	40031	90030	65030.5	495	5.042558859904397e-5	0.5756108862727863
AM5_0	40031	90030	65030.5	495	2.542207792207792e-5	-0.9524798951628862
AM6_0	40031	90030	65030.5	495	6.278122462260718e-5	0.7774970653220773
AM7_0	40031	90030	65030.5	495	4.575276015866136e-5	-1.249888041476431
AM8_4	40031	90030	65030.5	495	4.858553123147367e-5	-0.7773463225041454
AM9_0	40031	90030	65030.5	495	5.0142807545692414e-5	0.7444668987382461
AM10_0	45031	95030	70030.5	523	5.9956259878318694e-5	0.6871522762479055
AM11_0	45031	95030	70030.5	523	5.9440922102820634e-5	1.7660554058059112
AM12_0	45031	95030	70030.5	523	1.1084126984126986e-4	-0.6021629917949335
AM1_0	45031	95030	70030.5	523	5.453023363699895e-5	0.19035290676104644
AM2_0	45031	95030	70030.5	523	6.62904065937433e-6	-0.49472017437113736
AM2_4	45031	95030	70030.5	523	2.8812056737588655e-6	NA
AM3_0	45031	95030	70030.5	523	6.590111256151542e-5	0.272805956243291
AM4_4	45031	95030	70030.5	523	6.199200388310632e-5	0.4172825606253663
AM5_0	45031	95030	70030.5	523	2.0755411255411253e-5	-0.9524798951628862
AM6_0	45031	95030	70030.5	523	6.278122462260718e-5	0.7774970653220773
AM7_0	45031	95030	70030.5	523	4.41215544849025e-5	-1.1450823313481149
AM8_4	45031	95030	70030.5	523	5.028899103028306e-5	-0.7764047363583156
AM9_0	45031	95030	70030.5	523	5.0142807545692414e-5	0.7444668987382461
AM10_0	50031	100030	75030.5	544	5.7861021783080596e-5	1.0666605031678709
AM11_0	50031	100030	75030.5	544	5.9103772989776544e-5	0.9850446406719625
AM12_0	50031	100030	75030.5	544	8.906349206349207e-5	-0.7376103318759397
AM1_0	50031	100030	75030.5	544	5.2308011414776725e-5	0.19035290676104644
AM2_0	50031	100030	75030.5	544	1.0011704507154457e-5	-0.5617849112809712
AM2_4	50031	100030	75030.5	544	2.8812056737588655e-6	NA
AM3_0	50031	100030	75030.5	544	6.0649738248671845e-5	0.04205170136050229
AM4_4	50031	100030	75030.5	544	5.671727860838105e-5	0.4172825606253663
AM5_0	50031	100030	75030.5	544	2.0755411255411253e-5	-0.9524798951628862
AM6_0	50031	100030	75030.5	544	5.9398560774827056e-5	0.7774970653220773
AM7_0	50031	100030	75030.5	544	4.2073190331275184e-5	-1.1450823313481149
AM8_4	50031	100030	75030.5	544	4.724173508882717e-5	-0.8923959333308035
AM9_0	50031	100030	75030.5	544	4.477438649306083e-5	0.7444668987382461
AM10_0	55031	105030	80030.5	579	5.8813402735461544e-5	1.0666605031678709
AM11_0	55031	105030	80030.5	579	5.9529304904670155e-5	0.6521613780527449
AM12_0	55031	105030	80030.5	579	8.906349206349207e-5	-0.7376103318759397
AM1_0	55031	105030	80030.5	579	5.151661923208019e-5	0.10455365997919674
AM2_0	55031	105030	80030.5	579	1.5474008916827286e-5	-0.3464786264163657
AM2_4	55031	105030	80030.5	579	2.8812056737588655e-6	NA
AM3_0	55031	105030	80030.5	579	6.48958920948257e-5	-0.016397577816237185
AM4_4	55031	105030	80030.5	579	5.814585003695247e-5	0.060201904338432435
AM5_0	55031	105030	80030.5	579	2.0755411255411253e-5	-0.9524798951628862
AM6_0	55031	105030	80030.5	579	5.74063845940099e-5	1.0679028669997916
AM7_0	55031	105030	80030.5	579	4.2073190331275184e-5	-1.1450823313481149
AM8_4	55031	105030	80030.5	579	4.940931365796106e-5	-1.0693449214672062
AM9_0	55031	105030	80030.5	579	4.755216427083861e-5	0.3109381583395714
AM10_0	60031	110030	85030.5	568	1.0002243738027896e-5	-1.307097490021576
AM11_0	60031	110030	85030.5	568	1.4562402789208033e-5	-1.1983885082867125
AM12_0	60031	110030	85030.5	568	8.817460317460319e-5	-0.4998184581573071
AM1_0	60031	110030	85030.5	568	8.560013086328875e-6	-1.5033463969971932
AM2_0	60031	110030	85030.5	568	1.717449200861473e-5	-0.6048402686979146
AM2_4	60031	110030	85030.5	568	1.6312056737588652e-6	NA
AM3_0	60031	110030	85030.5	568	1.84724237757052e-5	-0.9034401974755284
AM4_4	60031	110030	85030.5	568	1.8074351791998852e-5	-0.7261825167069967
AM5_0	60031	110030	85030.5	568	7.792207792207793e-6	NA
AM6_0	60031	110030	85030.5	568	1.7571283791767055e-5	0.14795271294209117
AM7_0	60031	110030	85030.5	568	8.572921797356521e-6	-1.4928169038302141
AM8_4	60031	110030	85030.5	568	8.79318758173675e-6	-2.372533836384249
AM9_0	60031	110030	85030.5	568	3.888888888888889e-6	-1.4419994580818778
AM10_0	65031	115030	90030.5	570	4.822376984566138e-6	NA
AM11_0	65031	115030	90030.5	570	2.3084202922499274e-5	-0.5402566307501061
AM12_0	65031	115030	90030.5	570	1.0673015873015874e-4	-0.5205681792892218
AM1_0	65031	115030	90030.5	570	1.5560013086328875e-5	-0.6719885087198026
AM2_0	65031	115030	90030.5	570	2.4447219281342e-5	-0.27097725870902406
AM2_4	65031	115030	90030.5	570	1.6312056737588652e-6	NA
AM3_0	65031	115030	90030.5	570	2.8810885314166737e-5	-0.2815098656907478
AM4_4	65031	115030	90030.5	570	1.8074351791998852e-5	-0.7261825167069967
AM5_0	65031	115030	90030.5	570	9.090909090909091e-6	NA
AM6_0	65031	115030	90030.5	570	2.6745028965512225e-5	0.7288474880385447
AM7_0	65031	115030	90030.5	570	1.5887207511642237e-5	-0.6988583017473625
AM8_4	65031	115030	90030.5	570	9.694909972820842e-6	-2.4377324454577076
AM9_0	65031	115030	90030.5	570	1.1854749486328433e-5	-0.6054241820223545
AM10_0	70031	120030	95030.5	571	6.630943880388455e-6	NA
AM11_0	70031	120030	95030.5	571	2.7002024231624936e-5	-0.48723967976383425
AM12_0	70031	120030	95030.5	571	8.76825396825397e-5	-0.7975909318993415
AM1_0	70031	120030	95030.5	571	1.5560013086328875e-5	-0.6719885087198026
AM2_0	70031	120030	95030.5	571	2.4447219281342e-5	-0.27097725870902406
AM2_4	70031	120030	95030.5	571	1.6312056737588652e-6	NA
AM3_0	70031	120030	95030.5	571	2.5302820798037708e-5	-0.16516236227607436
AM4_4	70031	120030	95030.5	571	1.8074351791998852e-5	-0.7261825167069967
AM5_0	70031	120030	95030.5	571	1.7933014354066983e-5	0.8471737186171768
AM6_0	70031	120030	95030.5	571	3.171179906096118e-5	0.7128030992964115
AM7_0	70031	120030	95030.5	571	1.5887207511642237e-5	-0.6988583017473625
AM8_4	70031	120030	95030.5	571	9.694909972820842e-6	-2.4377324454577076
AM9_0	70031	120030	95030.5	571	1.1854749486328433e-5	-0.6054241820223545
AM10_0	75031	125030	100030.5	547	8.69587894532352e-6	-0.796576998647452
AM11_0	75031	125030	100030.5	547	2.7002024231624936e-5	-0.48723967976383425
AM12_0	75031	125030	100030.5	547	6.800000000000001e-5	-0.8963825456627461
AM1_0	75031	125030	100030.5	547	1.5560013086328875e-5	-0.6719885087198026
AM2_0	75031	125030	100030.5	547	2.7693596092936205e-5	-0.3513784469119474
AM2_4	75031	125030	100030.5	547	1.6312056737588652e-6	NA
AM3_0	75031	125030	100030.5	547	2.663615413137104e-5	-0.48652522623469574
AM4_4	75031	125030	100030.5	547	1.8074351791998852e-5	-0.7261825167069967
AM5_0	75031	125030	100030.5	547	1.5075871496924126e-5	0.8471737186171768
AM6_0	75031	125030	100030.5	547	3.2300034355078826e-5	0.22654254319106404
AM7_0	75031	125030	100030.5	547	1.5887207511642237e-5	-0.6988583017473625
AM8_4	75031	125030	100030.5	547	9.205984169941551e-6	-2.4087672776496376
AM9_0	75031	125030	100030.5	547	1.7024089949786543e-5	-0.43798846493643834
AM10_0	80031	130030	105030.5	515	8.69587894532352e-6	-0.796576998647452
AM11_0	80031	130030	105030.5	515	2.656724162292928e-5	-0.23878302329538534
AM12_0	80031	130030	105030.5	515	6.800000000000001e-5	-0.8963825456627461
AM1_0	80031	130030	105030.5	515	1.7335911606413443e-5	-0.8745948384142374
AM2_0	80031	130030	105030.5	515	2.7693596092936205e-5	-0.3513784469119474
AM2_4	80031	130030	105030.5	515	1.6312056737588652e-6	NA
AM3_0	80031	130030	105030.5	515	2.421679929266136e-5	-0.2825472819736847
AM4_4	80031	130030	105030.5	515	1.2994986712633772e-5	-0.9371222101219244
AM5_0	80031	130030	105030.5	515	1.5075871496924126e-5	0.8471737186171768
AM6_0	80031	130030	105030.5	515	3.2300034355078826e-5	0.22654254319106404
AM7_0	80031	130030	105030.5	515	1.5887207511642237e-5	-0.6988583017473625
AM8_4	80031	130030	105030.5	515	8.315335975978166e-6	-2.335717122555722
AM9_0	80031	130030	105030.5	515	1.7024089949786543e-5	-0.43798846493643834
AM10_0	85031	135030	110030.5	545	8.69587894532352e-6	-0.796576998647452
AM11_0	85031	135030	110030.5	545	1.89848240405117e-5	-0.6242032927459132
AM12_0	85031	135030	110030.5	545	5.688888888888889e-5	-0.8657200940834934
AM1_0	85031	135030	110030.5	545	1.5387193657695495e-5	-0.6939323078855029
AM2_0	85031	135030	110030.5	545	2.856316131032751e-5	-0.5973554132695985
AM2_4	85031	135030	110030.5	545	1.6312056737588652e-6	NA
AM3_0	85031	135030	110030.5	545	2.049266136162688e-5	-0.17433517219089997
AM4_4	85031	135030	110030.5	545	1.2994986712633772e-5	-0.9371222101219244
AM5_0	85031	135030	110030.5	545	1.729809371914635e-5	0.13181745795185978
AM6_0	85031	135030	110030.5	545	2.27309888264196e-5	-0.8202664457216376
AM7_0	85031	135030	110030.5	545	1.4256001837883372e-5	-0.4578712775518661
AM8_4	85031	135030	110030.5	545	8.304261778857459e-6	-2.3363501140477814
AM9_0	85031	135030	110030.5	545	1.7162978838675434e-5	-0.4203582603467828
AM10_0	90031	140030	115030.5	547	6.647514791696209e-6	-0.796576998647452
AM11_0	90031	140030	115030.5	547	1.89848240405117e-5	-0.6242032927459132
AM12_0	90031	140030	115030.5	547	4.977777777777778e-5	-0.9531178308512188
AM1_0	90031	140030	115030.5	547	1.5387193657695495e-5	-0.6939323078855029
AM2_0	90031	140030	115030.5	547	2.856316131032751e-5	-0.5973554132695985
AM2_4	90031	140030	115030.5	547	0	NA
AM3_0	90031	140030	115030.5	547	2.049266136162688e-5	-0.17433517219089997
AM4_4	90031	140030	115030.5	547	1.2994986712633772e-5	-0.9371222101219244
AM5_0	90031	140030	115030.5	547	1.729809371914635e-5	0.13181745795185978
AM6_0	90031	140030	115030.5	547	1.6967013671140096e-5	-1.1688430333394528
AM7_0	90031	140030	115030.5	547	1.0739936950389912e-5	0.3615605300014877
AM8_4	90031	140030	115030.5	547	9.183183864070014e-6	-2.351637441431466
AM9_0	90031	140030	115030.5	547	1.7162978838675434e-5	-0.4203582603467828
AM10_0	95031	145030	120030.5	535	6.211784944201655e-6	-1.1592804134645578
AM11_0	95031	145030	120030.5	535	1.9416823585023413e-5	-0.9194808370820012
AM12_0	95031	145030	120030.5	535	6.544444444444444e-5	-0.7095232842599654
AM1_0	95031	145030	120030.5	535	1.1684989429175476e-5	-0.3035596289417608
AM2_0	95031	145030	120030.5	535	2.5316784498733305e-5	-0.5520821878250389
AM2_4	95031	145030	120030.5	535	1.775898520084567e-6	NA
AM3_0	95031	145030	120030.5	535	1.849266136162688e-5	-0.17433517219089997
AM4_4	95031	145030	120030.5	535	1.4285714285714284e-6	NA
AM5_0	95031	145030	120030.5	535	2.076129718234981e-5	-0.1515640748533657
AM6_0	95031	145030	120030.5	535	1.6967013671140096e-5	-1.1688430333394528
AM7_0	95031	145030	120030.5	535	1.0739936950389912e-5	0.3615605300014877
AM8_4	95031	145030	120030.5	535	7.044941456564972e-6	-2.3120931143110894
AM9_0	95031	145030	120030.5	535	1.7162978838675434e-5	-0.4203582603467828
AM10_0	100031	150030	125030.5	556	6.211784944201655e-6	-1.1592804134645578
AM11_0	100031	150030	125030.5	556	1.89142795996419e-5	-0.7220787055768173
AM12_0	100031	150030	125030.5	556	7.077777777777777e-5	-0.4024307508304803
AM1_0	100031	150030	125030.5	556	1.3460887949260044e-5	-0.602095269509602
AM2_0	100031	150030	125030.5	556	2.2803685868344485e-5	-0.7642943369212558
AM2_4	100031	150030	125030.5	556	1.775898520084567e-6	NA
AM3_0	100031	150030	125030.5	556	1.5917948717948718e-5	0.15815028128596678
AM4_4	100031	150030	125030.5	556	1.4285714285714284e-6	NA
AM5_0	100031	150030	125030.5	556	2.076129718234981e-5	-0.1515640748533657
AM6_0	100031	150030	125030.5	556	2.0817945348158733e-5	-1.2977707653427266
AM7_0	100031	150030	125030.5	556	1.2788301104017223e-5	0.3615605300014877
AM8_4	100031	150030	125030.5	556	6.619409541671356e-6	-2.265770448010248
AM9_0	100031	150030	125030.5	556	2.016432836634075e-5	-0.9188366466662181
AM10_0	105031	155030	130030.5	585	1.0212203573191712e-5	-1.116559014043733
AM11_0	105031	155030	130030.5	585	2.6774890306631246e-5	-0.47189436533309165
AM12_0	105031	155030	130030.5	585	1.3268253968253967e-4	-0.42696013842489494
AM1_0	105031	155030	130030.5	585	1.799534542726591e-5	-0.16979183056091687
AM2_0	105031	155030	130030.5	585	1.7341381458671652e-5	-0.9449767760977996
AM2_4	105031	155030	130030.5	585	1.775898520084567e-6	NA
AM3_0	105031	155030	130030.5	585	2.6034042929695103e-5	-0.49594277640258755
AM4_4	105031	155030	130030.5	585	1.1109735122119022e-5	NA
AM5_0	105031	155030	130030.5	585	2.2761297182349812e-5	-0.5060804317877186
AM6_0	105031	155030	130030.5	585	3.0637100175543396e-5	-1.0389135162178333
AM7_0	105031	155030	130030.5	585	1.8256507316409482e-5	-0.2098821559268313
AM8_4	105031	155030	130030.5	585	1.677672361263903e-5	-1.711864333184051
AM9_0	105031	155030	130030.5	585	2.1516867330644424e-5	-0.9126544373670592
AM10_0	110031	160030	135030.5	621	1.0212203573191712e-5	-1.116559014043733
AM11_0	110031	160030	135030.5	621	2.634935839173763e-5	-0.1548119059918287
AM12_0	110031	160030	135030.5	621	1.3268253968253967e-4	-0.42696013842489494
AM1_0	110031	160030	135030.5	621	1.799534542726591e-5	-0.16979183056091687
AM2_0	110031	160030	135030.5	621	1.5640898366884212e-5	-0.7711057211586303
AM2_4	110031	160030	135030.5	621	1.775898520084567e-6	NA
AM3_0	110031	160030	135030.5	621	3.269341165802935e-5	-1.0163908600049982
AM4_4	110031	160030	135030.5	621	1.1109735122119022e-5	NA
AM5_0	110031	160030	135030.5	621	2.2761297182349812e-5	-0.5060804317877186
AM6_0	110031	160030	135030.5	621	3.0637100175543396e-5	-1.0389135162178333
AM7_0	110031	160030	135030.5	621	1.6398203019080796e-5	0.14724886272829096
AM8_4	110031	160030	135030.5	621	1.814048148000556e-5	-1.834449290044111
AM9_0	110031	160030	135030.5	621	2.621103518270701e-5	-0.8123759862258115
AM10_0	115031	165030	140030.5	628	1.0212203573191712e-5	-1.116559014043733
AM11_0	115031	165030	140030.5	628	1.6319262632503704e-5	-0.9670679989706349
AM12_0	115031	165030	140030.5	628	1.07015873015873e-4	-0.4163759303490603
AM1_0	115031	165030	140030.5	628	8.995345427265909e-6	-1.110488199452656
AM2_0	115031	165030	140030.5	628	4.985507246376811e-6	-1.3374395470672429
AM2_4	115031	165030	140030.5	628	1.775898520084567e-6	NA
AM3_0	115031	165030	140030.5	628	2.235495011956781e-5	-1.6511250967733675
AM4_4	115031	165030	140030.5	628	1.1109735122119022e-5	NA
AM5_0	115031	165030	140030.5	628	1.652753094858358e-5	-0.6933385479340195
AM6_0	115031	165030	140030.5	628	2.0922814461257677e-5	-1.0389135162178333
AM7_0	115031	165030	140030.5	628	7.51657036601957e-6	-0.6916327796704134
AM8_4	115031	165030	140030.5	628	1.7703875367991235e-5	-1.7636598329312505
AM9_0	115031	165030	140030.5	628	1.9356285696378575e-5	-1.3890451511164223
AM10_0	120031	170030	145030.5	617	7.758475387046815e-6	-1.0744009896775222
AM11_0	120031	170030	145030.5	617	1.555164955513176e-5	-1.3614663592549512
AM12_0	120031	170030	145030.5	617	1.22015873015873e-4	0.0054252404098148735
AM1_0	120031	170030	145030.5	617	8.995345427265909e-6	-1.110488199452656
AM2_0	120031	170030	145030.5	617	4.985507246376811e-6	-1.3374395470672429
AM2_4	120031	170030	145030.5	617	1.775898520084567e-6	NA
AM3_0	120031	170030	145030.5	617	2.5863014635696842e-5	-1.588141728631574
AM4_4	120031	170030	145030.5	617	1.4443068455452355e-5	NA
AM5_0	120031	170030	145030.5	617	7.685425685425686e-6	-1.378799118643995
AM6_0	120031	170030	145030.5	617	2.0357825236259673e-5	-1.094451860588336
AM7_0	120031	170030	145030.5	617	1.1508887150889547e-5	-0.9711366143848614
AM8_4	120031	170030	145030.5	617	1.7703875367991235e-5	-1.7636598329312505
AM9_0	120031	170030	145030.5	617	2.0894747234840115e-5	-1.3890451511164223
AM10_0	125031	175030	150030.5	616	9.562672612296673e-6	-0.9507312968856286
AM11_0	125031	175030	150030.5	616	2.197589197937418e-5	-1.3614663592549512
AM12_0	125031	175030	150030.5	616	1.2701587301587302e-4	-0.09070245006667464
AM1_0	125031	175030	150030.5	616	1.3241499273419754e-5	-1.110488199452656
AM2_0	125031	175030	150030.5	616	1.7391304347826085e-6	-1.4732096066119547
AM2_4	125031	175030	150030.5	616	2.6849894291754762e-6	-1.2651980288637963
AM3_0	125031	175030	150030.5	616	2.652968130236351e-5	-1.4461097362294197
AM4_4	125031	175030	150030.5	616	1.8232542139662882e-5	NA
AM5_0	125031	175030	150030.5	616	7.685425685425686e-6	-1.378799118643995
AM6_0	125031	175030	150030.5	616	2.485824242441153e-5	-0.8281933990787617
AM7_0	125031	175030	150030.5	616	1.3047348689351085e-5	-0.9711366143848614
AM8_4	125031	175030	150030.5	616	2.0643718133920953e-5	-1.595341092578863
AM9_0	125031	175030	150030.5	616	1.9058740104715336e-5	-1.6059756594533519
AM10_0	130031	180030	155030.5	631	9.562672612296673e-6	-0.9507312968856286
AM11_0	130031	180030	155030.5	631	2.197589197937418e-5	-1.3614663592549512
AM12_0	130031	180030	155030.5	631	1.4523809523809525e-4	0.0868681873005485
AM1_0	130031	180030	155030.5	631	1.1465600753335188e-5	NA
AM2_0	130031	180030	155030.5	631	1.7391304347826085e-6	-1.4732096066119547
AM2_4	130031	180030	155030.5	631	2.6849894291754762e-6	-1.2651980288637963
AM3_0	130031	180030	155030.5	631	2.652968130236351e-5	-1.4461097362294197
AM4_4	130031	180030	155030.5	631	2.1199575106695846e-5	-1.4882358961827697
AM5_0	130031	180030	155030.5	631	7.685425685425686e-6	-1.378799118643995
AM6_0	130031	180030	155030.5	631	2.485824242441153e-5	-0.8281933990787617
AM7_0	130031	180030	155030.5	631	1.3047348689351085e-5	-0.9711366143848614
AM8_4	130031	180030	155030.5	631	2.0643718133920953e-5	-1.595341092578863
AM9_0	130031	180030	155030.5	631	1.9058740104715336e-5	-1.6059756594533519
AM10_0	135031	185030	160030.5	622	1.6647809697433754e-5	-0.47151318003453585
AM11_0	135031	185030	160030.5	622	3.473650862138168e-5	-0.6482469673014613
AM12_0	135031	185030	160030.5	622	1.6168253968253967e-4	0.44482870359225585
AM1_0	135031	185030	160030.5	622	1.1465600753335188e-5	NA
AM2_0	135031	185030	160030.5	622	8.695652173913043e-7	NA
AM2_4	135031	185030	160030.5	622	2.6849894291754762e-6	-1.2651980288637963
AM3_0	135031	185030	160030.5	622	2.928100405368626e-5	-1.4694463323335292
AM4_4	135031	185030	160030.5	622	2.6989048790906372e-5	-1.4882358961827697
AM5_0	135031	185030	160030.5	622	1.723809523809524e-5	-0.6024110917911104
AM6_0	135031	185030	160030.5	622	2.924097325697422e-5	-0.7532221720730444
AM7_0	135031	185030	160030.5	622	1.3847348689351086e-5	-1.2653769322678854
AM8_4	135031	185030	160030.5	622	2.240818610513371e-5	-1.4033075911612918
AM9_0	135031	185030	160030.5	622	2.8402020387650793e-5	-1.4549989750494683
AM10_0	140031	190030	165030.5	625	1.6647809697433754e-5	-0.47151318003453585
AM11_0	140031	190030	165030.5	625	3.573159461646767e-5	-0.9029132455550872
AM12_0	140031	190030	165030.5	625	1.9146031746031746e-4	0.18014887859260298
AM1_0	140031	190030	165030.5	625	1.1465600753335188e-5	NA
AM2_0	140031	190030	165030.5	625	4.115942028985507e-6	-0.9976006648242418
AM2_4	140031	190030	165030.5	625	2.6849894291754762e-6	-1.2651980288637963
AM3_0	140031	190030	165030.5	625	2.928100405368626e-5	-1.4694463323335292
AM4_4	140031	190030	165030.5	625	2.6989048790906372e-5	-1.4882358961827697
AM5_0	140031	190030	165030.5	625	1.723809523809524e-5	-0.6024110917911104
AM6_0	140031	190030	165030.5	625	2.979652881252978e-5	-1.0337589960590101
AM7_0	140031	190030	165030.5	625	1.3847348689351086e-5	-1.2653769322678854
AM8_4	140031	190030	165030.5	625	2.1103732105027535e-5	-1.1571905472181325
AM9_0	140031	190030	165030.5	625	3.138921811169062e-5	-1.4383426092347602
AM10_0	145031	195030	170030.5	627	1.5907068956693015e-5	0.09177425674897512
AM11_0	145031	195030	170030.5	627	3.484436609041119e-5	-0.6958930614452739
AM12_0	145031	195030	170030.5	627	1.8512698412698412e-4	0.21159962521969197
AM1_0	145031	195030	170030.5	627	1.1465600753335188e-5	NA
AM2_0	145031	195030	170030.5	627	4.115942028985507e-6	-0.9976006648242418
AM2_4	145031	195030	170030.5	627	9.090909090909093e-7	NA
AM3_0	145031	195030	170030.5	627	3.1700358892395936e-5	-1.5144221801957147
AM4_4	145031	195030	170030.5	627	2.6989048790906372e-5	-1.4882358961827697
AM5_0	145031	195030	170030.5	627	1.3774891774891776e-5	-0.4218485212555486
AM6_0	145031	195030	170030.5	627	2.979652881252978e-5	-1.0337589960590101
AM7_0	145031	195030	170030.5	627	1.3847348689351086e-5	-1.2653769322678854
AM8_4	145031	195030	170030.5	627	2.2024367025662454e-5	-1.4286537861777964
AM9_0	145031	195030	170030.5	627	3.138921811169062e-5	-1.4383426092347602
AM10_0	150031	200030	175030.5	567	1.5907068956693015e-5	0.09177425674897512
AM11_0	150031	200030	175030.5	567	3.366511361138754e-5	-0.8257497125009013
AM12_0	150031	200030	175030.5	567	1.869047619047619e-4	0.041674759307118156
AM1_0	150031	200030	175030.5	567	9.68970223325062e-6	NA
AM2_0	150031	200030	175030.5	567	3.2463768115942027e-6	NA
AM2_4	150031	200030	175030.5	567	9.090909090909093e-7	NA
AM3_0	150031	200030	175030.5	567	3.303369222572927e-5	-1.6265694169936675
AM4_4	150031	200030	175030.5	567	2.6989048790906372e-5	-1.4882358961827697
AM5_0	150031	200030	175030.5	567	1.3774891774891776e-5	-0.4218485212555486
AM6_0	150031	200030	175030.5	567	2.5945597135511146e-5	-0.7864104487112586
AM7_0	150031	200030	175030.5	567	1.1798984535723773e-5	-1.2653769322678854
AM8_4	150031	200030	175030.5	567	2.1589584416966802e-5	-1.3022403729044623
AM9_0	150031	200030	175030.5	567	2.8387868584025303e-5	-1.1575585084478721
AM10_0	155031	205030	180030.5	526	1.0954269375322006e-5	NA
AM11_0	155031	205030	180030.5	526	3.002281596246536e-5	-1.0214704258811942
AM12_0	155031	205030	180030.5	526	1.5566666666666666e-4	-0.20219307259266867
AM1_0	155031	205030	180030.5	526	6.064335664335665e-6	NA
AM2_0	155031	205030	180030.5	526	3.2463768115942027e-6	NA
AM2_4	155031	205030	180030.5	526	9.090909090909093e-7	NA
AM3_0	155031	205030	180030.5	526	1.8671444167829037e-5	-1.514404944673412
AM4_4	155031	205030	180030.5	526	1.587931366878735e-5	-1.4882358961827697
AM5_0	155031	205030	180030.5	526	1.1774891774891776e-5	0.16560086304368307
AM6_0	155031	205030	180030.5	526	2.2362054522787852e-5	-1.470749404644769
AM7_0	155031	205030	180030.5	526	7.239869232422423e-6	-1.550983839107971
AM8_4	155031	205030	180030.5	526	1.2970349264983518e-5	-2.0918269189553746
AM9_0	155031	205030	180030.5	526	2.4257551841943857e-5	-0.9100426193700222
AM10_0	160031	210030	185030.5	482	1.0954269375322006e-5	NA
AM11_0	160031	210030	185030.5	482	3.002281596246536e-5	-1.0214704258811942
AM12_0	160031	210030	185030.5	482	1.4855555555555556e-4	-0.21211404467952064
AM1_0	160031	210030	185030.5	482	8.782105699178871e-6	NA
AM2_0	160031	210030	185030.5	482	3.2463768115942027e-6	NA
AM2_4	160031	210030	185030.5	482	9.090909090909093e-7	NA
AM3_0	160031	210030	185030.5	482	1.2012075439494794e-5	-1.251906228823058
AM4_4	160031	210030	185030.5	482	1.587931366878735e-5	-1.4882358961827697
AM5_0	160031	210030	185030.5	482	1.1774891774891776e-5	0.16560086304368307
AM6_0	160031	210030	185030.5	482	2.2933483094216423e-5	-1.666610539738872
AM7_0	160031	210030	185030.5	482	7.239869232422423e-6	-1.550983839107971
AM8_4	160031	210030	185030.5	482	1.160659139761699e-5	-1.9709746684777452
AM9_0	160031	210030	185030.5	482	1.9563383989881266e-5	-1.1066656119097609
AM10_0	165031	215030	190030.5	486	1.277590125387988e-5	-0.3781385127328049
AM11_0	165031	215030	190030.5	486	3.002281596246536e-5	-1.0214704258811942
AM12_0	165031	215030	190030.5	486	1.5166666666666668e-4	-0.1175463534601646
AM1_0	165031	215030	190030.5	486	8.782105699178871e-6	NA
AM2_0	165031	215030	190030.5	486	3.2463768115942027e-6	NA
AM2_4	165031	215030	190030.5	486	9.090909090909093e-7	NA
AM3_0	165031	215030	190030.5	486	1.2012075439494794e-5	-1.251906228823058
AM4_4	165031	215030	190030.5	486	1.754598033545402e-5	-1.6790630255184902
AM5_0	165031	215030	190030.5	486	1.9774891774891773e-5	0.16560086304368307
AM6_0	165031	215030	190030.5	486	2.3474023634756965e-5	-1.8183890209650697
AM7_0	165031	215030	190030.5	486	9.101341093894286e-6	-1.8587523222887588
AM8_4	165031	215030	190030.5	486	1.2020702171687321e-5	-2.057096928604301
AM9_0	165031	215030	190030.5	486	1.8452272878770157e-5	-0.7169281655695137
AM10_0	170031	220030	195030.5	490	1.530697470020756e-5	-0.5592048103594273
AM11_0	170031	220030	195030.5	490	2.6872607730711647e-5	-0.8257497125009013
AM12_0	170031	220030	195030.5	490	1.3166666666666668e-4	-0.3234074408690151
AM1_0	170031	220030	195030.5	490	8.782105699178871e-6	NA
AM2_0	170031	220030	195030.5	490	6.4927536231884055e-6	-0.521991723036529
AM2_4	170031	220030	195030.5	490	1.8181818181818185e-6	-1.4385003002665766
AM3_0	170031	220030	195030.5	490	8.504010923365762e-6	-1.3022945641260995
AM4_4	170031	220030	195030.5	490	1.4212647002120686e-5	-1.6790630255184902
AM5_0	170031	220030	195030.5	490	2.861699703804967e-5	0.6533782100830031
AM6_0	170031	220030	195030.5	490	1.7945948768446804e-5	-1.8183890209650697
AM7_0	170031	220030	195030.5	490	5.1090243090243095e-6	-1.815289726044594
AM8_4	170031	220030	195030.5	490	1.2020702171687321e-5	-2.057096928604301
AM9_0	170031	220030	195030.5	490	1.6913811340308616e-5	-0.7169281655695137
AM10_0	175031	225030	200030.5	508	1.143784241002264e-5	-0.5592048103594273
AM11_0	175031	225030	200030.5	508	2.2177268007879694e-5	-1.1734681009197405
AM12_0	175031	225030	200030.5	508	1.577777777777778e-4	-0.14065849973631603
AM1_0	175031	225030	200030.5	508	4.535951853025024e-6	NA
AM2_0	175031	225030	200030.5	508	6.4927536231884055e-6	-0.521991723036529
AM2_4	175031	225030	200030.5	508	5.377176015473888e-6	-0.7269447365204443
AM3_0	175031	225030	200030.5	508	6.504010923365761e-6	-1.3022945641260995
AM4_4	175031	225030	200030.5	508	1.0423173317910159e-5	-1.6790630255184902
AM5_0	175031	225030	200030.5	508	3.928366370471633e-5	0.6533782100830031
AM6_0	175031	225030	200030.5	508	1.2857296286177302e-5	-1.8183890209650697
AM7_0	175031	225030	200030.5	508	1.1860417843026541e-5	-1.135962404740146
AM8_4	175031	225030	200030.5	508	1.4227158889406479e-5	-1.8478087453448135
AM9_0	175031	225030	200030.5	508	1.3580478006975285e-5	-0.7169281655695137
AM10_0	180031	230030	205030.5	493	1.143784241002264e-5	-0.5592048103594273
AM11_0	180031	230030	205030.5	493	2.2177268007879694e-5	-1.1734681009197405
AM12_0	180031	230030	205030.5	493	1.4355555555555557e-4	-0.36409783413919966
AM1_0	180031	230030	205030.5	493	7.25372188786823e-6	-0.733544132428633
AM2_0	180031	230030	205030.5	493	8.193236714975845e-6	-0.8424151571406684
AM2_4	180031	230030	205030.5	493	5.377176015473888e-6	-0.7269447365204443
AM3_0	180031	230030	205030.5	493	7.837344256699095e-6	-1.5282347042436466
AM4_4	180031	230030	205030.5	493	7.456140350877193e-6	NA
AM5_0	180031	230030	205030.5	493	3.928366370471633e-5	0.6533782100830031
AM6_0	180031	230030	205030.5	493	1.5142501607760835e-5	-1.9327630130315405
AM7_0	180031	230030	205030.5	493	1.1860417843026541e-5	-1.135962404740146
AM8_4	180031	230030	205030.5	493	1.4671603333850925e-5	-1.9256789631446805
AM9_0	180031	230030	205030.5	493	1.3580478006975285e-5	-0.7169281655695137
AM10_0	185031	235030	210030.5	465	4.352705324885558e-6	-1.063997771501423
AM11_0	185031	235030	210030.5	465	9.416651365872202e-6	-1.7706323564002455
AM12_0	185031	235030	210030.5	465	1.231111111111111e-4	-0.6078475327378441
AM1_0	185031	235030	210030.5	465	7.25372188786823e-6	-0.733544132428633
AM2_0	185031	235030	210030.5	465	8.193236714975845e-6	-0.8424151571406684
AM2_4	185031	235030	210030.5	465	5.377176015473888e-6	-0.7269447365204443
AM3_0	185031	235030	210030.5	465	5.086021505376343e-6	-1.5222764018585682
AM4_4	185031	235030	210030.5	465	1.6666666666666667e-6	NA
AM5_0	185031	235030	210030.5	465	3.097197539302802e-5	0.2751191959933717
AM6_0	185031	235030	210030.5	465	1.018834220376957e-5	-1.8820811867831089
AM7_0	185031	235030	210030.5	465	1.106041784302654e-5	-0.8638204052384324
AM8_4	185031	235030	210030.5	465	1.2831797878381523e-5	-1.985122806059504
AM9_0	185031	235030	210030.5	465	2.987197724039829e-6	NA
AM10_0	190031	240030	215030.5	470	8.421271498714889e-6	-1.063997771501423
AM11_0	190031	240030	215030.5	470	8.421565370786208e-6	-1.6351892359217324
AM12_0	190031	240030	215030.5	470	1.0266666666666668e-4	-0.4276097317570383
AM1_0	190031	240030	215030.5	470	7.25372188786823e-6	-0.733544132428633
AM2_0	190031	240030	215030.5	470	5.8559508124725514e-6	-1.2031106395050208
AM2_4	190031	240030	215030.5	470	9.338528672478719e-6	-0.6450783763998715
AM3_0	190031	240030	215030.5	470	1.0086021505376344e-5	-1.5222764018585682
AM4_4	190031	240030	215030.5	470	3.205128205128205e-6	-1.4397748712991727
AM5_0	190031	240030	215030.5	470	3.097197539302802e-5	0.2751191959933717
AM6_0	190031	240030	215030.5	470	9.632786648214013e-6	-1.755952895247148
AM7_0	190031	240030	215030.5	470	1.106041784302654e-5	-0.8638204052384324
AM8_4	190031	240030	215030.5	470	1.4503529716926356e-5	-2.0452737624445443
AM9_0	190031	240030	215030.5	470	0	NA
AM10_0	195031	245030	220030.5	469	9.929567124657575e-6	-1.247941514269511
AM11_0	195031	245030	220030.5	469	6.807530283066908e-6	-1.6117056204668556
AM12_0	195031	245030	220030.5	469	1.0266666666666668e-4	-0.4276097317570383
AM1_0	195031	245030	220030.5	469	7.25372188786823e-6	-0.733544132428633
AM2_0	195031	245030	220030.5	469	5.8559508124725514e-6	-1.2031106395050208
AM2_4	195031	245030	220030.5	469	9.338528672478719e-6	-0.6450783763998715
AM3_0	195031	245030	220030.5	469	1.3413793103448277e-5	-1.0060177454746875
AM4_4	195031	245030	220030.5	469	3.205128205128205e-6	-1.4397748712991727
AM5_0	195031	245030	220030.5	469	3.097197539302802e-5	0.2751191959933717
AM6_0	195031	245030	220030.5	469	1.0373527388954755e-5	-1.755952895247148
AM7_0	195031	245030	220030.5	469	1.106041784302654e-5	-0.8638204052384324
AM8_4	195031	245030	220030.5	469	1.486874123477432e-5	-2.1063073943058397
AM9_0	195031	245030	220030.5	469	0	NA
AM10_0	200031	250030	225030.5	490	1.1179567124657575e-5	-1.247941514269511
AM11_0	200031	250030	225030.5	490	6.372747674371256e-6	-1.4099105758508466
AM12_0	200031	250030	225030.5	490	1.0055555555555555e-4	-0.5140056449321133
AM1_0	200031	250030	225030.5	490	7.25372188786823e-6	-0.733544132428633
AM2_0	200031	250030	225030.5	490	5.8559508124725514e-6	-1.2031106395050208
AM2_4	200031	250030	225030.5	490	9.338528672478719e-6	-0.6450783763998715
AM3_0	200031	250030	225030.5	490	1.6831782521437695e-5	-0.786035907742219
AM4_4	200031	250030	225030.5	490	6.668331668331669e-6	-1.4397748712991727
AM5_0	200031	250030	225030.5	490	4.6292236830936525e-5	0.49757694192720403
AM6_0	200031	250030	225030.5	490	1.0373527388954755e-5	-1.755952895247148
AM7_0	200031	250030	225030.5	490	1.328264006524876e-5	-0.8638204052384324
AM8_4	200031	250030	225030.5	490	1.486874123477432e-5	-2.1063073943058397
AM9_0	200031	250030	225030.5	490	0	NA
AM10_0	205031	255030	230030.5	455	1.1179567124657575e-5	-1.247941514269511
AM11_0	205031	255030	230030.5	455	4.670439596081607e-6	-1.3982367265161746
AM12_0	205031	255030	230030.5	455	6.988888888888889e-5	-0.05067472996175359
AM1_0	205031	255030	230030.5	455	5.435540069686411e-6	-0.733544132428633
AM2_0	205031	255030	230030.5	455	5.8559508124725514e-6	-1.2031106395050208
AM2_4	205031	255030	230030.5	455	9.338528672478719e-6	-0.6450783763998715
AM3_0	205031	255030	230030.5	455	1.6831782521437695e-5	-0.786035907742219
AM4_4	205031	255030	230030.5	455	6.668331668331669e-6	-1.4397748712991727
AM5_0	205031	255030	230030.5	455	4.6292236830936525e-5	0.49757694192720403
AM6_0	205031	255030	230030.5	455	4.137915174293386e-6	-1.6608669715989794
AM7_0	205031	255030	230030.5	455	1.2373549156157852e-5	-0.500375723120261
AM8_4	205031	255030	230030.5	455	1.1607528191100484e-5	-1.9840373051017774
AM9_0	205031	255030	230030.5	455	0	NA
AM10_0	210031	260030	235030.5	474	1.1179567124657575e-5	-1.247941514269511
AM11_0	210031	260030	235030.5	474	5.146630072272083e-6	-1.5771574949108376
AM12_0	210031	260030	235030.5	474	6.988888888888889e-5	-0.05067472996175359
AM1_0	210031	260030	235030.5	474	3.626860943934115e-6	-1.0954676299118506
AM2_0	210031	260030	235030.5	474	5.8559508124725514e-6	-1.2031106395050208
AM2_4	210031	260030	235030.5	474	9.338528672478719e-6	-0.6450783763998715
AM3_0	210031	260030	235030.5	474	1.6831782521437695e-5	-0.786035907742219
AM4_4	210031	260030	235030.5	474	6.668331668331669e-6	-1.4397748712991727
AM5_0	210031	260030	235030.5	474	5.508344562214531e-5	0.49757694192720403
AM6_0	210031	260030	235030.5	474	8.082041285232489e-6	-1.441129039144626
AM7_0	210031	260030	235030.5	474	1.328264006524876e-5	-0.8638204052384324
AM8_4	210031	260030	235030.5	474	1.1607528191100484e-5	-1.9840373051017774
AM9_0	210031	260030	235030.5	474	0	NA
AM10_0	215031	265030	240030.5	468	9.3579352460997e-6	-0.8920556169455166
AM11_0	215031	265030	240030.5	468	5.146630072272083e-6	-1.5771574949108376
AM12_0	215031	265030	240030.5	468	6.277777777777778e-5	-0.058472598208494764
AM1_0	215031	265030	240030.5	468	6.34463097877732e-6	-1.1276963617230829
AM2_0	215031	265030	240030.5	468	5.8559508124725514e-6	-1.2031106395050208
AM2_4	215031	265030	240030.5	468	9.338528672478719e-6	-0.6450783763998715
AM3_0	215031	265030	240030.5	468	2.107793636759154e-5	-0.7352846066100568
AM4_4	215031	265030	240030.5	468	5.0016650016650025e-6	NA
AM5_0	215031	265030	240030.5	468	4.7083445622145314e-5	0.49757694192720403
AM6_0	215031	265030	240030.5	468	7.541500744691949e-6	-1.2265206277005551
AM7_0	215031	265030	240030.5	468	1.1421168203776899e-5	0.053699324772607866
AM8_4	215031	265030	240030.5	468	1.1778833052854006e-5	-1.9113212127820178
AM9_0	215031	265030	240030.5	468	0	NA
AM10_0	220031	270030	245030.5	458	6.826861799772016e-6	NA
AM11_0	220031	270030	245030.5	458	5.146630072272083e-6	-1.5771574949108376
AM12_0	220031	270030	245030.5	458	6.277777777777778e-5	-0.058472598208494764
AM1_0	220031	270030	245030.5	458	6.34463097877732e-6	-1.1276963617230829
AM2_0	220031	270030	245030.5	458	2.6095740008783487e-6	-1.2990305743460184
AM2_4	220031	270030	245030.5	458	8.429437763387809e-6	-0.11670102485883412
AM3_0	220031	270030	245030.5	458	2.107793636759154e-5	-0.7352846066100568
AM4_4	220031	270030	245030.5	458	6.54012654012654e-6	-1.4658692693134172
AM5_0	220031	270030	245030.5	458	3.8241340358987415e-5	-0.039104922012875104
AM6_0	220031	270030	245030.5	458	7.541500744691949e-6	-1.2265206277005551
AM7_0	220031	270030	245030.5	458	1.4667545015371101e-5	-0.1465246105132806
AM8_4	220031	270030	245030.5	458	1.3073625217211387e-5	-2.025497044655421
AM9_0	220031	270030	245030.5	458	0	NA
AM10_0	225031	275030	250030.5	439	1.6699820057485267e-5	0.5704971293358425
AM11_0	225031	275030	250030.5	439	1.3171026280787027e-5	-0.30827672663396183
AM12_0	225031	275030	250030.5	439	3.1666666666666666e-5	-0.41766463749995925
AM1_0	225031	275030	250030.5	439	1.657540020954655e-5	-0.20662913425334
AM2_0	225031	275030	250030.5	439	3.7206851119894595e-6	-1.2990305743460184
AM2_4	225031	275030	250030.5	439	5.66183574879227e-6	-0.6700322478259417
AM3_0	225031	275030	250030.5	439	3.358368349402832e-5	-0.302928541911704
AM4_4	225031	275030	250030.5	439	1.6434306434306433e-5	-0.9655693107070175
AM5_0	225031	275030	250030.5	439	2.757467369232075e-5	-0.039104922012875104
AM6_0	225031	275030	250030.5	439	1.707870918600998e-5	-0.4569354954322443
AM7_0	225031	275030	250030.5	439	1.5483380999817904e-5	-0.020681109252420213
AM8_4	225031	275030	250030.5	439	1.6724217817215705e-5	-1.7088443352803737
AM9_0	225031	275030	250030.5	439	9.999999999999997e-6	NA
AM10_0	230031	280030	255030.5	456	1.736648672415193e-5	-0.11230709566260665
AM11_0	230031	280030	255030.5	456	1.3647216756977503e-5	-0.6410918613682771
AM12_0	230031	280030	255030.5	456	2.7666666666666667e-5	-0.08311560934080979
AM1_0	230031	280030	255030.5	456	1.3857630174703344e-5	0.03172742382029035
AM2_0	230031	280030	255030.5	456	2.02020202020202e-6	NA
AM2_4	230031	280030	255030.5	456	5.66183574879227e-6	-0.6700322478259417
AM3_0	230031	280030	255030.5	456	3.225035016069499e-5	0.04534044702606958
AM4_4	230031	280030	255030.5	456	1.6434306434306433e-5	-0.9655693107070175
AM5_0	230031	280030	255030.5	456	3.1037877155524214e-5	-0.347709527384835
AM6_0	230031	280030	255030.5	456	1.4793503864426447e-5	0.269173543344129
AM7_0	230031	280030	255030.5	456	1.5483380999817904e-5	-0.020681109252420213
AM8_4	230031	280030	255030.5	456	1.7685796134916185e-5	-1.7618693595953947
AM9_0	230031	280030	255030.5	456	9.999999999999997e-6	NA
AM10_0	235031	285030	260030.5	475	2.1620568356804996e-5	-0.25240530946931905
AM11_0	235031	285030	260030.5	475	1.5571267389888897e-5	-0.7543516275178379
AM12_0	235031	285030	260030.5	475	3.6238095238095236e-5	0.10090433335673384
AM1_0	235031	285030	260030.5	475	1.4857630174703344e-5	-0.42474350342778194
AM2_0	235031	285030	260030.5	475	3.7206851119894595e-6	-1.2990305743460184
AM2_4	235031	285030	260030.5	475	5.66183574879227e-6	-0.6700322478259417
AM3_0	235031	285030	260030.5	475	3.5204196314541145e-5	-0.15016022608867324
AM4_4	235031	285030	260030.5	475	2.0323195323195323e-5	-1.195482660376515
AM5_0	235031	285030	260030.5	475	3.7704543822190876e-5	0.6999472877655489
AM6_0	235031	285030	260030.5	475	1.704108946583119e-5	-0.014236833383503678
AM7_0	235031	285030	260030.5	475	2.1368554927545023e-5	-0.377031328344854
AM8_4	235031	285030	260030.5	475	2.1503787511668707e-5	-1.9943479329192262
AM9_0	235031	285030	260030.5	475	1.1428571428571426e-5	NA
AM10_0	240031	290030	265030.5	453	1.7552002182975664e-5	-0.25240530946931905
AM11_0	240031	290030	265030.5	453	1.5571267389888897e-5	-0.7543516275178379
AM12_0	240031	290030	265030.5	453	2.6904761904761902e-5	-0.18655691236914768
AM1_0	240031	290030	265030.5	453	1.4857630174703344e-5	-0.42474350342778194
AM2_0	240031	290030	265030.5	453	2.81159420289855e-6	NA
AM2_4	240031	290030	265030.5	453	1.7004830917874396e-6	NA
AM3_0	240031	290030	265030.5	453	3.0204196314541142e-5	-0.15016022608867324
AM4_4	240031	290030	265030.5	453	1.8784733784733786e-5	-0.9492525848939541
AM5_0	240031	290030	265030.5	453	3.7704543822190876e-5	0.6999472877655489
AM6_0	240031	290030	265030.5	453	1.766608946583119e-5	-0.39267883002237114
AM7_0	240031	290030	265030.5	453	2.1368554927545023e-5	-0.377031328344854
AM8_4	240031	290030	265030.5	453	2.024872233979054e-5	-1.9984741099864276
AM9_0	240031	290030	265030.5	453	1.1428571428571426e-5	NA
AM10_0	245031	295030	270030.5	461	2.2511722751364964e-5	0.11838366345559663
AM11_0	245031	295030	270030.5	461	2.344865970418471e-5	-0.7543516275178379
AM12_0	245031	295030	270030.5	461	3.6809523809523804e-5	0.16572545471382077
AM1_0	245031	295030	270030.5	461	1.5766721083794252e-5	-0.7574645776460124
AM2_0	245031	295030	270030.5	461	2.81159420289855e-6	NA
AM2_4	245031	295030	270030.5	461	7.789278017791668e-6	-0.24468921573923125
AM3_0	245031	295030	270030.5	461	3.095706987775953e-5	-0.25657713018771927
AM4_4	245031	295030	270030.5	461	2.4153154837365362e-5	-0.9492525848939541
AM5_0	245031	295030	270030.5	461	3.7704543822190876e-5	0.6999472877655489
AM6_0	245031	295030	270030.5	461	2.253382970421635e-5	-0.4869911264252702
AM7_0	245031	295030	270030.5	461	2.711270741588356e-5	-0.614075491062469
AM8_4	245031	295030	270030.5	461	2.1776862236874598e-5	-1.9452230794052217
AM9_0	245031	295030	270030.5	461	1.5064536340852127e-5	-0.278659826622885
AM10_0	250031	300030	275030.5	452	2.5051405291047503e-5	0.11838366345559663
AM11_0	250031	300030	275030.5	452	2.485125710678211e-5	-0.7543516275178379
AM12_0	250031	300030	275030.5	452	4.892063492063493e-5	-0.048560501858546996
AM1_0	250031	300030	275030.5	452	1.7305182622255793e-5	-0.7574645776460124
AM2_0	250031	300030	275030.5	452	2.81159420289855e-6	NA
AM2_4	250031	300030	275030.5	452	1.103565482938587e-5	-0.3832436546272782
AM3_0	250031	300030	275030.5	452	2.620574712643678e-5	-0.020196516987816795
AM4_4	250031	300030	275030.5	452	2.3547094231304756e-5	-0.9492525848939541
AM5_0	250031	300030	275030.5	452	3.3050949050949045e-5	0.541011643515555
AM6_0	250031	300030	275030.5	452	2.475605192643857e-5	-0.4869911264252702
AM7_0	250031	300030	275030.5	452	3.4938794372405295e-5	-0.007022105869986497
AM8_4	250031	300030	275030.5	452	2.3815934275946637e-5	-1.9452230794052217
AM9_0	250031	300030	275030.5	452	1.5064536340852127e-5	-0.278659826622885
AM10_0	255031	305030	280030.5	504	2.5051405291047503e-5	0.11838366345559663
AM11_0	255031	305030	280030.5	504	2.2798609100999867e-5	-0.9530797344270145
AM12_0	255031	305030	280030.5	504	6.536507936507936e-5	0.11958255798291431
AM1_0	255031	305030	280030.5	504	1.7305182622255793e-5	-0.7574645776460124
AM2_0	255031	305030	280030.5	504	2.81159420289855e-6	NA
AM2_4	255031	305030	280030.5	504	1.103565482938587e-5	-0.3832436546272782
AM3_0	255031	305030	280030.5	504	2.745574712643678e-5	-0.41885075896189894
AM4_4	255031	305030	280030.5	504	2.6298416982627505e-5	-1.0643783369227533
AM5_0	255031	305030	280030.5	504	4.604441310323663e-5	0.4739820923409564
AM6_0	255031	305030	280030.5	504	2.475605192643857e-5	-0.4869911264252702
AM7_0	255031	305030	280030.5	504	3.864973024868135e-5	-0.48475963408219563
AM8_4	255031	305030	280030.5	504	2.382603528604765e-5	-1.9447669962143732
AM9_0	255031	305030	280030.5	504	1.5064536340852127e-5	-0.278659826622885
AM10_0	260031	310030	285030.5	488	2.5051405291047503e-5	0.11838366345559663
AM11_0	260031	310030	285030.5	488	2.232241862480939e-5	-0.7076897495009896
AM12_0	260031	310030	285030.5	488	6.536507936507936e-5	0.11958255798291431
AM1_0	260031	310030	285030.5	488	1.639609171316488e-5	-0.42474350342778194
AM2_0	260031	310030	285030.5	488	2.81159420289855e-6	NA
AM2_4	260031	310030	285030.5	488	1.103565482938587e-5	-0.3832436546272782
AM3_0	260031	310030	285030.5	488	2.745574712643678e-5	-0.41885075896189894
AM4_4	260031	310030	285030.5	488	2.6298416982627505e-5	-1.0643783369227533
AM5_0	260031	310030	285030.5	488	3.7253204312027844e-5	0.4739820923409564
AM6_0	260031	310030	285030.5	488	2.0240497244070896e-5	-0.1762140754570565
AM7_0	260031	310030	285030.5	488	3.7740639339590446e-5	-0.23614383688747276
AM8_4	260031	310030	285030.5	488	2.382603528604765e-5	-1.9447669962143732
AM9_0	260031	310030	285030.5	488	1.5064536340852127e-5	-0.278659826622885
AM10_0	265031	315030	290030.5	490	2.571807195771417e-5	-0.35954164430297525
AM11_0	265031	315030	290030.5	490	2.3193630746021513e-5	-1.154907818053758
AM12_0	265031	315030	290030.5	490	6.536507936507936e-5	0.11958255798291431
AM1_0	265031	315030	290030.5	490	1.4547886895712983e-5	-0.6594198685330112
AM2_0	265031	315030	290030.5	490	2.81159420289855e-6	NA
AM2_4	265031	315030	290030.5	490	1.273613792117331e-5	-0.6718606251797687
AM3_0	265031	315030	290030.5	490	2.3209593280282938e-5	-0.4008976496072971
AM4_4	265031	315030	290030.5	490	2.6298416982627505e-5	-1.0643783369227533
AM5_0	265031	315030	290030.5	490	4.1436210847975555e-5	0.2191683138561589
AM6_0	265031	315030	290030.5	490	2.286178049915697e-5	-0.3131471239486301
AM7_0	265031	315030	290030.5	490	3.7740639339590446e-5	-0.23614383688747276
AM8_4	265031	315030	290030.5	490	2.583298892733e-5	-1.9718744822098235
AM9_0	265031	315030	290030.5	490	1.5064536340852127e-5	-0.278659826622885
AM10_0	270031	320030	295030.5	532	2.571807195771417e-5	-0.35954164430297525
AM11_0	270031	320030	295030.5	532	2.3193630746021513e-5	-1.154907818053758
AM12_0	270031	320030	295030.5	532	9.247619047619048e-5	0.05179953599562625
AM1_0	270031	320030	295030.5	532	1.4547886895712983e-5	-0.6594198685330112
AM2_0	270031	320030	295030.5	532	2.81159420289855e-6	NA
AM2_4	270031	320030	295030.5	532	1.273613792117331e-5	-0.6718606251797687
AM3_0	270031	320030	295030.5	532	2.3209593280282938e-5	-0.4008976496072971
AM4_4	270031	320030	295030.5	532	2.475995544416597e-5	-0.7948911787894174
AM5_0	270031	320030	295030.5	532	4.1436210847975555e-5	0.2191683138561589
AM6_0	270031	320030	295030.5	532	2.286178049915697e-5	-0.3131471239486301
AM7_0	270031	320030	295030.5	532	3.449426252799624e-5	-0.14929628483701474
AM8_4	270031	320030	295030.5	532	2.453819676297262e-5	-1.8843911657799322
AM9_0	270031	320030	295030.5	532	1.5064536340852127e-5	-0.278659826622885
AM10_0	275031	325030	300030.5	531	1.584511370000092e-5	-1.301476120145983
AM11_0	275031	325030	300030.5	531	1.3440331836096096e-5	-1.859105862407383
AM12_0	275031	325030	300030.5	531	9.95873015873016e-5	0.05022158926580108
AM1_0	275031	325030	300030.5	531	4.317117664943752e-6	-1.67800602562434
AM2_0	275031	325030	300030.5	531	9.584541062801931e-6	0.09668657522391035
AM2_4	275031	325030	300030.5	531	1.103565482938587e-5	-0.3832436546272782
AM3_0	275031	325030	300030.5	531	1.3278558797524314e-5	-1.2597021828736523
AM4_4	275031	325030	300030.5	531	1.4865775549986076e-5	-1.1929135821485415
AM5_0	275031	325030	300030.5	531	4.1436210847975555e-5	0.2191683138561589
AM6_0	275031	325030	300030.5	531	1.3324572057838938e-5	-1.0587853395499172
AM7_0	275031	325030	300030.5	531	2.538857147108567e-5	-0.6742708443187557
AM8_4	275031	325030	300030.5	531	1.483033159443329e-5	-2.2653996391100923
AM9_0	275031	325030	300030.5	531	5.06453634085213e-6	-1.425854227437193
AM10_0	280031	330030	305030.5	542	1.517844703333425e-5	-0.9654873497587655
AM11_0	280031	330030	305030.5	542	1.3905047842980776e-5	-1.8141141580146027
AM12_0	280031	330030	305030.5	542	1.0669841269841272e-4	0.04885238213659369
AM1_0	280031	330030	305030.5	542	4.317117664943752e-6	-1.67800602562434
AM2_0	280031	330030	305030.5	542	1.6019323671497584e-5	0.36532507129464886
AM2_4	280031	330030	305030.5	542	1.103565482938587e-5	-0.3832436546272782
AM3_0	280031	330030	305030.5	542	1.843660477453581e-5	-1.6837319020456387
AM4_4	280031	330030	305030.5	542	2.0926381610592135e-5	-1.1929135821485415
AM5_0	280031	330030	305030.5	542	3.797300738477209e-5	0.5870980815499616
AM6_0	280031	330030	305030.5	542	1.4635306521115772e-5	-1.2130850416310606
AM7_0	280031	330030	305030.5	542	2.538857147108567e-5	-0.6742708443187557
AM8_4	280031	330030	305030.5	542	1.5226534514119651e-5	-2.357583626141288
AM9_0	280031	330030	305030.5	542	6.241006929087424e-6	-1.6421729108790482
AM10_0	285031	335030	310030.5	552	1.2972729554308503e-5	NA
AM11_0	285031	335030	310030.5	552	1.2862780155805817e-5	-2.049092196517182
AM12_0	285031	335030	310030.5	552	1.0523809523809524e-4	-0.01872153661446216
AM1_0	285031	335030	310030.5	552	3.3171176649437523e-6	-1.4653003670035112
AM2_0	285031	335030	310030.5	552	1.4318840579710144e-5	1.0440377194352082
AM2_4	285031	335030	310030.5	552	1.103565482938587e-5	-0.3832436546272782
AM3_0	285031	335030	310030.5	552	1.5482758620689656e-5	-1.7129764160781495
AM4_4	285031	335030	310030.5	552	2.06882863724969e-5	-1.2413746070321388
AM5_0	285031	335030	310030.5	552	2.784313725490196e-5	-0.18737640673705971
AM6_0	285031	335030	310030.5	552	1.2387720919711032e-5	-1.1783409840919412
AM7_0	285031	335030	310030.5	552	1.9503397543358553e-5	-0.4290966932156678
AM8_4	285031	335030	310030.5	552	1.1038527188403812e-5	-2.2668493138950425
AM9_0	285031	335030	310030.5	552	8.423546611627106e-6	-1.8047508946995057
AM10_0	290031	340030	315030.5	555	1.39727295543085e-5	NA
AM11_0	290031	340030	315030.5	555	1.2862780155805817e-5	-2.049092196517182
AM12_0	290031	340030	315030.5	555	1.0523809523809524e-4	-0.01872153661446216
AM1_0	290031	340030	315030.5	555	3.3171176649437523e-6	-1.4653003670035112
AM2_0	290031	340030	315030.5	555	1.4318840579710144e-5	1.0440377194352082
AM2_4	290031	340030	315030.5	555	1.103565482938587e-5	-0.3832436546272782
AM3_0	290031	340030	315030.5	555	1.5482758620689656e-5	-1.7129764160781495
AM4_4	290031	340030	315030.5	555	2.06882863724969e-5	-1.2413746070321388
AM5_0	290031	340030	315030.5	555	2.784313725490196e-5	-0.18737640673705971
AM6_0	290031	340030	315030.5	555	1.1762720919711032e-5	-0.8884256353087332
AM7_0	290031	340030	315030.5	555	2.120388063514599e-5	-0.6667508479551397
AM8_4	290031	340030	315030.5	555	1.1109665399785928e-5	-2.2627831154994045
AM9_0	290031	340030	315030.5	555	8.423546611627106e-6	-1.8047508946995057
AM10_0	295031	345030	320030.5	545	2.073064457873075e-5	-0.3999933001882439
AM11_0	295031	345030	320030.5	545	1.4912242595950966e-5	-1.3823805801629376
AM12_0	295031	345030	320030.5	545	1.0377777777777778e-4	-0.08629545536551801
AM1_0	295031	345030	320030.5	545	1.3998951374037146e-5	-1.2753591969875087
AM2_0	295031	345030	320030.5	545	2.0655350581336424e-5	0.6249231797489733
AM2_4	295031	345030	320030.5	545	4.946859903381642e-6	-0.8129785446007766
AM3_0	295031	345030	320030.5	545	2.3925287356321842e-5	-0.907208740654595
AM4_4	295031	345030	320030.5	545	2.547371147371147e-5	-0.16886863760906712
AM5_0	295031	345030	320030.5	545	3.312452253628724e-5	-0.8444380136641434
AM6_0	295031	345030	320030.5	545	2.6211174714911206e-5	-0.06039455908398528
AM7_0	295031	345030	320030.5	545	2.4867393652033938e-5	0.16167003736941754
AM8_4	295031	345030	320030.5	545	1.7789349950294934e-5	-1.6592197042349837
AM9_0	295031	345030	320030.5	545	1.5222364308042056e-5	-1.4288760620498346
AM10_0	300031	350030	325030.5	523	1.6940962039048207e-5	-0.3999933001882439
AM11_0	300031	350030	325030.5	523	1.3964190647899017e-5	-1.5103829429460984
AM12_0	300031	350030	325030.5	523	1.1266666666666668e-4	0.5943422244311667
AM1_0	300031	350030	325030.5	523	1.2460489835575607e-5	-1.2753591969875087
AM2_0	300031	350030	325030.5	523	2.0655350581336424e-5	0.6249231797489733
AM2_4	300031	350030	325030.5	523	1.7004830917874396e-6	NA
AM3_0	300031	350030	325030.5	523	2.517528735632184e-5	-1.0964884209901722
AM4_4	300031	350030	325030.5	523	2.2616568616568613e-5	-0.16886863760906712
AM5_0	300031	350030	325030.5	523	2.245785586962058e-5	-0.8444380136641434
AM6_0	300031	350030	325030.5	523	2.5055224243892247e-5	-0.3142791057497181
AM7_0	300031	350030	325030.5	523	1.4819084473289976e-5	-0.5200608388058043
AM8_4	300031	350030	325030.5	523	1.7397498226940122e-5	-1.676381395228736
AM9_0	300031	350030	325030.5	523	1.5222364308042056e-5	-1.4288760620498346
AM10_0	305031	355030	330030.5	437	2.419370929179546e-5	-0.3999933001882439
AM11_0	305031	355030	330030.5	437	1.7401642085350456e-5	-1.2274700792776365
AM12_0	305031	355030	330030.5	437	1.0333333333333334e-4	0.5124490883448615
AM1_0	305031	355030	330030.5	437	1.6460489835575606e-5	-1.2753591969875087
AM2_0	305031	355030	330030.5	437	2.0655350581336424e-5	0.6249231797489733
AM2_4	305031	355030	330030.5	437	1.7004830917874396e-6	NA
AM3_0	305031	355030	330030.5	437	2.9758620689655172e-5	-0.907208740654595
AM4_4	305031	355030	330030.5	437	2.9198579198579195e-5	0.2653076503744657
AM5_0	305031	355030	330030.5	437	9.464391817332995e-6	-1.0992372198418334
AM6_0	305031	355030	330030.5	437	2.6166335355003353e-5	-0.3142791057497181
AM7_0	305031	355030	330030.5	437	1.110814859701392e-5	0.43512233769635034
AM8_4	305031	355030	330030.5	437	1.7442952772394668e-5	-1.6737832528772376
AM9_0	305031	355030	330030.5	437	1.5222364308042056e-5	-1.4288760620498346
AM10_0	310031	360030	335030.5	397	3.339032662794768e-5	-0.3999933001882439
AM11_0	310031	360030	335030.5	397	2.7577080681841684e-5	-1.2274700792776365
AM12_0	310031	360030	335030.5	397	1.0333333333333334e-4	0.5124490883448615
AM1_0	310031	360030	335030.5	397	2.6716900091985862e-5	-0.10305007376890583
AM2_0	310031	360030	335030.5	397	2.0655350581336424e-5	0.6249231797489733
AM2_4	310031	360030	335030.5	397	2.1700483091787438e-5	NA
AM3_0	310031	360030	335030.5	397	4.021613702952445e-5	-0.907208740654595
AM4_4	310031	360030	335030.5	397	3.961963183015814e-5	0.2653076503744657
AM5_0	310031	360030	335030.5	397	2.9464391817332995e-5	-1.0992372198418334
AM6_0	310031	360030	335030.5	397	3.61787577152518e-5	0.17396556697729534
AM7_0	310031	360030	335030.5	397	2.147851896738429e-5	0.43512233769635034
AM8_4	310031	360030	335030.5	397	2.7530672070640282e-5	-1.2371301342614747
AM9_0	310031	360030	335030.5	397	2.5453133538811287e-5	-0.24532439540043083
AM10_0	315031	365030	340030.5	354	3.2723659961281016e-5	0.06937409010239247
AM11_0	315031	365030	340030.5	354	2.6705868560629563e-5	-0.8000057988648179
AM12_0	315031	365030	340030.5	354	1.0333333333333334e-4	0.5124490883448615
AM1_0	315031	365030	340030.5	354	2.5847334874594558e-5	0.6029838095099311
AM2_0	315031	365030	340030.5	354	2.0655350581336424e-5	0.6249231797489733
AM2_4	315031	365030	340030.5	354	2e-5	NA
AM3_0	315031	365030	340030.5	354	4.021613702952445e-5	-0.907208740654595
AM4_4	315031	365030	340030.5	354	3.961963183015814e-5	0.2653076503744657
AM5_0	315031	365030	340030.5	354	2.528138528138528e-5	-1.1751519243558604
AM6_0	315031	365030	340030.5	354	3.355747446016573e-5	0.3194149402656325
AM7_0	315031	365030	340030.5	354	2.147851896738429e-5	0.43512233769635034
AM8_4	315031	365030	340030.5	354	2.4473186514464312e-5	-0.9552225130875974
AM9_0	315031	365030	340030.5	354	2.5453133538811287e-5	-0.24532439540043083
AM10_0	320031	370030	345030.5	279	4.1243744527877214e-5	0.06937409010239247
AM11_0	320031	370030	345030.5	279	3.415898410811898e-5	-0.8000057988648179
AM12_0	320031	370030	345030.5	279	9e-5	0.667948744535598
AM1_0	320031	370030	345030.5	279	2.7385796413056095e-5	0.6029838095099311
AM2_0	320031	370030	345030.5	279	2.0655350581336424e-5	0.6249231797489733
AM2_4	320031	370030	345030.5	279	2e-5	NA
AM3_0	320031	370030	345030.5	279	4.47813544208288e-5	-0.907208740654595
AM4_4	320031	370030	345030.5	279	4.340910551436867e-5	0.2653076503744657
AM5_0	320031	370030	345030.5	279	2.528138528138528e-5	-1.1751519243558604
AM6_0	320031	370030	345030.5	279	3.711114976423765e-5	0.24625463217938645
AM7_0	320031	370030	345030.5	279	2.147851896738429e-5	0.43512233769635034
AM8_4	320031	370030	345030.5	279	2.9312871934911984e-05	-0.9552225130875974
AM9_0	320031	370030	345030.5	279	2.6991595077272824e-5	-0.24532439540043083
AM10_0	325031	375030	350030.5	287	4.1243744527877214e-5	0.06937409010239247
AM11_0	325031	375030	350030.5	287	3.415898410811898e-5	-0.8000057988648179
AM12_0	325031	375030	350030.5	287	8.28888888888889e-5	0.7372334373023189
AM1_0	325031	375030	350030.5	287	2.7385796413056095e-5	0.6029838095099311
AM2_0	325031	375030	350030.5	287	1.7793567942000704e-5	-0.4270174262205841
AM2_4	325031	375030	350030.5	287	2e-5	NA
AM3_0	325031	375030	350030.5	287	4.2206641777150644e-5	-0.7962620132247245
AM4_4	325031	375030	350030.5	287	4.340910551436867e-5	0.2653076503744657
AM5_0	325031	375030	350030.5	287	3.064980633401686e-5	-0.9129510802645258
AM6_0	325031	375030	350030.5	287	3.80635307166186e-5	0.24625463217938645
AM7_0	325031	375030	350030.5	287	2.227851896738429e-5	-0.22938425744887112
AM8_4	325031	375030	350030.5	287	2.9312871934911984e-05	-0.9552225130875974
AM9_0	325031	375030	350030.5	287	2.6991595077272824e-5	-0.24532439540043083
AM10_0	330031	380030	355030.5	276	4.1243744527877214e-5	0.06937409010239247
AM11_0	330031	380030	355030.5	276	3.408805398438188e-5	-1.0872137001129127
AM12_0	330031	380030	355030.5	276	7.577777777777777e-5	0.8236270604211383
AM1_0	330031	380030	355030.5	276	2.7385796413056095e-5	0.6029838095099311
AM2_0	330031	380030	355030.5	276	1.135878533330505e-5	-0.8097447326698525
AM2_4	330031	380030	355030.5	276	2e-5	NA
AM3_0	330031	380030	355030.5	276	3.7048595800139146e-5	0.2007476491706076
AM4_4	330031	380030	355030.5	276	3.734849945376261e-5	0.2653076503744657
AM5_0	330031	380030	355030.5	276	3.4113009797220323e-5	-1.0023130761186454
AM6_0	330031	380030	355030.5	276	3.732422482477034e-5	0.1889356836981768
AM7_0	330031	380030	355030.5	276	2.227851896738429e-5	-0.22938425744887112
AM8_4	330031	380030	355030.5	276	2.7510646253080698e-5	-0.06699138185586895
AM9_0	330031	380030	355030.5	276	2.5815124489037533e-5	0.38911808518914864
AM10_0	335031	385030	360030.5	254	3.91953803742499e-5	0.06937409010239247
AM11_0	335031	385030	360030.5	254	3.45571482316279e-5	-0.8141175743034087
AM12_0	335031	385030	360030.5	254	7.938095238095238e-5	1.132017366710061
AM1_0	335031	385030	360030.5	254	2.7385796413056095e-5	0.6029838095099311
AM2_0	335031	385030	360030.5	254	1.135878533330505e-5	-0.8097447326698525
AM2_4	335031	385030	360030.5	254	2e-5	NA
AM3_0	335031	385030	360030.5	254	3.7048595800139146e-5	0.2007476491706076
AM4_4	335031	385030	360030.5	254	3.369770580296896e-5	NA
AM5_0	335031	385030	360030.5	254	4.0613009797220326e-5	-1.0023130761186454
AM6_0	335031	385030	360030.5	254	3.951679057183281e-5	-0.23321859403784043
AM7_0	335031	385030	360030.5	254	2.227851896738429e-5	-0.22938425744887112
AM8_4	335031	385030	360030.5	254	2.7532291274725717e-5	-0.0648958086434103
AM9_0	335031	385030	360030.5	254	2.220401337792642e-5	NA
AM10_0	340031	390030	365030.5	244	3.8195380374249895e-5	0.06937409010239247
AM11_0	340031	390030	365030.5	244	3.45571482316279e-5	-0.8141175743034087
AM12_0	340031	390030	365030.5	244	1.0426984126984127e-4	1.0599365354349035
AM1_0	340031	390030	365030.5	244	2.7385796413056095e-5	0.6029838095099311
AM2_0	340031	390030	365030.5	244	1.135878533330505e-5	-0.8097447326698525
AM2_4	340031	390030	365030.5	244	2e-5	NA
AM3_0	340031	390030	365030.5	244	3.7048595800139146e-5	0.2007476491706076
AM4_4	340031	390030	365030.5	244	3.569770580296896e-5	NA
AM5_0	340031	390030	365030.5	244	4.0613009797220326e-5	-1.0023130761186454
AM6_0	340031	390030	365030.5	244	3.951679057183281e-5	-0.23321859403784043
AM7_0	340031	390030	365030.5	244	2.057803587559685e-5	0.2552226396887426
AM8_4	340031	390030	365030.5	244	2.7044486396676937e-5	0.30125021346762193
AM9_0	340031	390030	365030.5	244	2.220401337792642e-5	NA
AM10_0	345031	395030	370030.5	251	2.4969449155495668e-5	NA
AM11_0	345031	395030	370030.5	251	2.7147147409771207e-5	-1.6300903266714466
AM12_0	345031	395030	370030.5	251	8.649206349206349e-5	1.012093050474061
AM1_0	345031	395030	370030.5	251	1.5794871794871795e-5	NA
AM2_0	345031	395030	370030.5	251	5.02227533167877e-6	-0.8162399612445925
AM2_4	345031	395030	370030.5	251	2e-5	NA
AM3_0	345031	395030	370030.5	251	2.210606706450696e-5	NA
AM4_4	345031	395030	370030.5	251	2.5543859649122807e-5	NA
AM5_0	345031	395030	370030.5	251	3.533162451583504e-5	-0.44211297932920485
AM6_0	345031	395030	370030.5	251	1.945985579750673e-5	-0.6934816419321782
AM7_0	345031	395030	370030.5	251	1.117037037037037e-5	NA
AM8_4	345031	395030	370030.5	251	1.7550815510600987e-5	-0.367245415558792
AM9_0	345031	395030	370030.5	251	1.1769230769230768e-5	NA
AM10_0	350031	400030	375030.5	258	3.0155889833461772e-5	NA
AM11_0	350031	400030	375030.5	258	3.1324180902594174e-5	-1.4570966462249153
AM12_0	350031	400030	375030.5	258	9.23968253968254e-5	0.315548339631409
AM1_0	350031	400030	375030.5	258	2.5128205128205126e-5	2.098765241373438
AM2_0	350031	400030	375030.5	258	7.879418188821627e-6	-0.8162399612445925
AM2_4	350031	400030	375030.5	258	2.2000000000000003e-5	NA
AM3_0	350031	400030	375030.5	258	2.7840194048633947e-5	NA
AM4_4	350031	400030	375030.5	258	3.1777625882889045e-5	NA
AM5_0	350031	400030	375030.5	258	4.624071542492596e-5	-0.44211297932920485
AM6_0	350031	400030	375030.5	258	2.7615029267748695e-5	0.08966063667624104
AM7_0	350031	400030	375030.5	258	1.8370276407485708e-5	-0.4078256955590162
AM8_4	350031	400030	375030.5	258	2.3139550251063538e-5	0.3493518668401197
AM9_0	350031	400030	375030.5	258	1.434394341290893e-5	NA
AM10_0	355031	405030	380030.5	297	2.290314258071452e-5	NA
AM11_0	355031	405030	380030.5	297	2.7414507242920517e-5	-1.6342614542522498
AM12_0	355031	405030	380030.5	297	8.528571428571428e-5	0.3435169568739507
AM1_0	355031	405030	380030.5	297	2.1128205128205124e-5	2.098765241373438
AM2_0	355031	405030	380030.5	297	7.879418188821627e-6	-0.8162399612445925
AM2_4	355031	405030	380030.5	297	2.2000000000000003e-5	NA
AM3_0	355031	405030	380030.5	297	2.3340194048633946e-5	-0.3267171177338532
AM4_4	355031	405030	380030.5	297	2.2444292549555707e-5	NA
AM5_0	355031	405030	380030.5	297	4.624071542492596e-5	-0.44211297932920485
AM6_0	355031	405030	380030.5	297	2.6503918156637583e-5	0.08966063667624104
AM7_0	355031	405030	380030.5	297	1.8370276407485708e-5	-0.4078256955590162
AM8_4	355031	405030	380030.5	297	2.2639550251063536e-5	0.9468501825734319
AM9_0	355031	405030	380030.5	297	1.434394341290893e-5	NA
AM10_0	360031	410030	385030.5	349	1.3706525244562298e-5	NA
AM11_0	360031	410030	385030.5	349	1.723906864642929e-5	-1.6342614542522498
AM12_0	360031	410030	385030.5	349	8.528571428571428e-5	0.3435169568739507
AM1_0	360031	410030	385030.5	349	1.0871794871794871e-5	NA
AM2_0	360031	410030	385030.5	349	7.879418188821627e-6	-0.8162399612445925
AM2_4	360031	410030	385030.5	349	2e-6	NA
AM3_0	360031	410030	385030.5	349	1.2882677708764664e-5	-0.3267171177338532
AM4_4	360031	410030	385030.5	349	1.202323991797676e-5	NA
AM5_0	360031	410030	385030.5	349	2.6240715424925952e-5	-0.44211297932920485
AM6_0	360031	410030	385030.5	349	1.6491495796389135e-5	-0.544326356738192
AM7_0	360031	410030	385030.5	349	9.775804557199906e-6	-0.7296903976000184
AM8_4	360031	410030	385030.5	349	1.341184050847965e-5	-0.48117749427161954
AM9_0	360031	410030	385030.5	349	5.651635720601238e-6	NA
AM10_0	365031	415030	390030.5	377	3.6338334952547974e-5	1.426975955221154
AM11_0	365031	415030	390030.5	377	3.692445323107228e-5	-0.46952015932689956
AM12_0	365031	415030	390030.5	377	9.461904761904762e-5	0.45487233349837314
AM1_0	365031	415030	390030.5	377	3.0845603266655895e-5	2.0104530437831585
AM2_0	365031	415030	390030.5	377	7.879418188821627e-6	-0.8162399612445925
AM2_4	365031	415030	390030.5	377	1.0104448742746614e-5	NA
AM3_0	365031	415030	390030.5	377	3.216929246590222e-5	0.9833909321430002
AM4_4	365031	415030	390030.5	377	3.4454463615185114e-5	1.6220398632638797
AM5_0	365031	415030	390030.5	377	2.9574048758259286e-5	-0.44211297932920485
AM6_0	365031	415030	390030.5	377	4.580631145803578e-5	0.9327036062089737
AM7_0	365031	415030	390030.5	377	2.7507741518918638e-5	-0.2238854800153423
AM8_4	365031	415030	390030.5	377	3.899096786810695e-5	0.1770982898505732
AM9_0	365031	415030	390030.5	377	2.303758561429107e-5	1.2937899235511379
AM10_0	370031	420030	395030.5	403	2.7818250385951783e-5	1.426975955221154
AM11_0	370031	420030	395030.5	403	3.162689379794905e-5	-0.6628154960930244
AM12_0	370031	420030	395030.5	403	9.950793650793652e-5	0.6760489796659259
AM1_0	370031	420030	395030.5	403	3.0973808394861024e-5	2.0104530437831585
AM2_0	370031	420030	395030.5	403	7.879418188821627e-6	-0.8162399612445925
AM2_4	370031	420030	395030.5	403	1.0104448742746614e-5	NA
AM3_0	370031	420030	395030.5	403	3.093740840793121e-5	0.9833909321430002
AM4_4	370031	420030	395030.5	403	3.0664989930974585e-5	1.6220398632638797
AM5_0	370031	420030	395030.5	403	2.9574048758259286e-5	-0.44211297932920485
AM6_0	370031	420030	395030.5	403	4.342910674219916e-5	1.078521009192439
AM7_0	370031	420030	395030.5	403	3.075411833051284e-5	-0.3235956363304728
AM8_4	370031	420030	395030.5	403	3.4151282447659274e-5	0.1770982898505732
AM9_0	370031	420030	395030.5	403	2.149912407582953e-5	1.2937899235511379
AM10_0	375031	425030	400030.5	401	2.7818250385951783e-5	1.426975955221154
AM11_0	375031	425030	400030.5	401	3.231654897036285e-5	-0.6628154960930244
AM12_0	375031	425030	400030.5	401	1.1417460317460318e-4	0.6074252969656905
AM1_0	375031	425030	400030.5	401	3.0973808394861024e-5	2.0104530437831585
AM2_0	375031	425030	400030.5	401	2.857142857142857e-6	NA
AM2_4	375031	425030	400030.5	401	1.0104448742746614e-5	NA
AM3_0	375031	425030	400030.5	401	3.093740840793121e-5	0.9833909321430002
AM4_4	375031	425030	400030.5	401	3.0664989930974585e-5	1.6220398632638797
AM5_0	375031	425030	400030.5	401	2.4205627705627703e-5	NA
AM6_0	375031	425030	400030.5	401	4.2476725789818204e-5	1.078521009192439
AM7_0	375031	425030	400030.5	401	2.9954118330512843e-5	0.0868885551086515
AM8_4	375031	425030	400030.5	401	3.4151282447659274e-5	0.1770982898505732
AM9_0	375031	425030	400030.5	401	2.3165790742496197e-5	1.2937899235511379
AM10_0	380031	430030	405030.5	405	2.7818250385951783e-5	1.426975955221154
AM11_0	380031	430030	405030.5	405	3.2187313351765524e-5	-0.14916289844663908
AM12_0	380031	430030	405030.5	405	1.6217460317460318e-4	0.35840443054940213
AM1_0	380031	430030	405030.5	405	3.0973808394861024e-5	2.0104530437831585
AM2_0	380031	430030	405030.5	405	2.857142857142857e-6	NA
AM2_4	380031	430030	405030.5	405	1.0104448742746614e-5	NA
AM3_0	380031	430030	405030.5	405	3.093740840793121e-5	0.9833909321430002
AM4_4	380031	430030	405030.5	405	3.0664989930974585e-5	1.6220398632638797
AM5_0	380031	430030	405030.5	405	2.0742424242424244e-5	NA
AM6_0	380031	430030	405030.5	405	4.1905297218389636e-5	1.547137545961943
AM7_0	380031	430030	405030.5	405	3.5074685706399366e-5	-0.0717003041315362
AM8_4	380031	430030	405030.5	405	3.459572689210372e-5	-0.08521833177690324
AM9_0	380031	430030	405030.5	405	2.3165790742496197e-5	1.2937899235511379
AM10_0	385031	435030	410030.5	422	2.7818250385951783e-5	1.426975955221154
AM11_0	385031	435030	410030.5	422	3.083643615878307e-5	0.16832208916292402
AM12_0	385031	435030	410030.5	422	1.5146031746031746e-4	0.24890625837810787
AM1_0	385031	435030	410030.5	422	3.0973808394861024e-5	2.0104530437831585
AM2_0	385031	435030	410030.5	422	2.857142857142857e-6	NA
AM2_4	385031	435030	410030.5	422	1.0104448742746614e-5	NA
AM3_0	385031	435030	410030.5	422	3.093740840793121e-5	0.9833909321430002
AM4_4	385031	435030	410030.5	422	3.0664989930974585e-5	1.6220398632638797
AM5_0	385031	435030	410030.5	422	1.4242424242424241e-5	NA
AM6_0	385031	435030	410030.5	422	3.971273147132716e-5	2.823384536583541
AM7_0	385031	435030	410030.5	422	3.5074685706399366e-5	-0.0717003041315362
AM8_4	385031	435030	410030.5	422	3.4998763469053344e-5	-0.30906295472898265
AM9_0	385031	435030	410030.5	422	2.3165790742496197e-5	1.2937899235511379
AM10_0	390031	440030	415030.5	434	2.7818250385951783e-5	1.426975955221154
AM11_0	390031	440030	415030.5	434	3.083643615878307e-5	0.16832208916292402
AM12_0	390031	440030	415030.5	434	1.2657142857142855e-4	0.14143402720059542
AM1_0	390031	440030	415030.5	434	3.0973808394861024e-5	2.0104530437831585
AM2_0	390031	440030	415030.5	434	2.857142857142857e-6	NA
AM2_4	390031	440030	415030.5	434	1.1735654416505481e-5	-0.5825711438763016
AM3_0	390031	440030	415030.5	434	3.093740840793121e-5	0.9833909321430002
AM4_4	390031	440030	415030.5	434	2.8664989930974584e-5	1.6220398632638797
AM5_0	390031	440030	415030.5	434	1.4242424242424241e-5	NA
AM6_0	390031	440030	415030.5	434	3.971273147132716e-5	2.823384536583541
AM7_0	390031	440030	415030.5	434	3.5074685706399366e-5	-0.0717003041315362
AM8_4	390031	440030	415030.5	434	3.545330892359879e-5	-0.49745444242191506
AM9_0	390031	440030	415030.5	434	2.427690185360731e-5	0.44083379526847927
AM10_0	395031	445030	420030.5	434	3.265793580639945e-5	1.2517581010177299
AM11_0	395031	445030	420030.5	434	4.04752156394387e-5	0.6472395930345507
AM12_0	395031	445030	420030.5	434	1.6746031746031747e-4	0.2857006505585967
AM1_0	395031	445030	420030.5	434	3.5667976246923615e-5	1.5726283812552502
AM2_0	395031	445030	420030.5	434	1.0290360046457607e-5	NA
AM2_4	395031	445030	420030.5	434	1.6222833903684967e-5	-0.45254440422331865
AM3_0	395031	445030	420030.5	434	4.130777877830158e-5	1.4206510608352974
AM4_4	395031	445030	420030.5	434	2.8664989930974584e-5	1.6220398632638797
AM5_0	395031	445030	420030.5	434	1.7705627705627704e-5	NA
AM6_0	395031	445030	420030.5	434	3.971273147132716e-5	2.823384536583541
AM7_0	395031	445030	420030.5	434	4.373169053731724e-5	0.3355853286394374
AM8_4	395031	445030	420030.5	434	3.545330892359879e-5	-0.49745444242191506
AM9_0	395031	445030	420030.5	434	3.238801296471842e-5	0.5833022866221372
AM10_0	400031	450030	425030.5	433	2.7471495128433352e-5	1.3734968925569162
AM11_0	400031	450030	425030.5	433	3.5843636692070284e-5	0.6472395930345507
AM12_0	400031	450030	425030.5	433	1.3155555555555555e-4	0.43991574235621783
AM1_0	400031	450030	425030.5	433	2.633464291359028e-5	1.0821385780060657
AM2_0	400031	450030	425030.5	433	7.433217189314751e-6	NA
AM2_4	400031	450030	425030.5	433	1.8690919010067945e-5	-0.37741636034915055
AM3_0	400031	450030	425030.5	433	3.689836443785276e-5	0.9440502332230378
AM4_4	400031	450030	425030.5	433	2.9815839081823735e-5	1.5902812644286421
AM5_0	400031	450030	425030.5	433	6.796536796536796e-6	NA
AM6_0	400031	450030	425030.5	433	3.8973429107024796e-5	2.729038949458318
AM7_0	400031	450030	425030.5	433	3.8234683050926536e-5	-0.4502849251563232
AM8_4	400031	450030	425030.5	433	3.2034897727068144e-5	-0.756885742711813
AM9_0	400031	450030	425030.5	433	2.981330032104026e-5	0.5833022866221372
AM10_0	405031	455030	430030.5	429	2.8721495128433352e-5	1.3734968925569162
AM11_0	405031	455030	430030.5	429	3.6269168606963895e-5	0.27844701581519976
AM12_0	405031	455030	430030.5	429	1.3555555555555556e-4	0.3045256104167634
AM1_0	405031	455030	430030.5	429	2.633464291359028e-5	1.0821385780060657
AM2_0	405031	455030	430030.5	429	7.433217189314751e-6	NA
AM2_4	405031	455030	430030.5	429	1.8690919010067945e-5	-0.37741636034915055
AM3_0	405031	455030	430030.5	429	3.556503110451943e-5	1.5713918467783712
AM4_4	405031	455030	430030.5	429	2.9815839081823735e-5	1.5902812644286421
AM5_0	405031	455030	430030.5	429	8.796536796536797e-6	-1.1376108463086734
AM6_0	405031	455030	430030.5	429	3.8973429107024796e-5	2.729038949458318
AM7_0	405031	455030	430030.5	429	3.8234683050926536e-5	-0.4502849251563232
AM8_4	405031	455030	430030.5	429	3.334192661194894e-5	-1.0255593027132512
AM9_0	405031	455030	430030.5	429	2.981330032104026e-5	0.5833022866221372
AM10_0	410031	460030	435030.5	430	3.0324059230997453e-5	0.6894631911326136
AM11_0	410031	460030	435030.5	430	3.6269168606963895e-5	0.27844701581519976
AM12_0	410031	460030	435030.5	430	1.3555555555555556e-4	0.3045256104167634
AM1_0	410031	460030	435030.5	430	2.633464291359028e-5	1.0821385780060657
AM2_0	410031	460030	435030.5	430	7.433217189314751e-6	NA
AM2_4	410031	460030	435030.5	430	1.8690919010067945e-5	-0.37741636034915055
AM3_0	410031	460030	435030.5	430	3.556503110451943e-5	1.5713918467783712
AM4_4	410031	460030	435030.5	430	2.9815839081823735e-5	1.5902812644286421
AM5_0	410031	460030	435030.5	430	8.796536796536797e-6	-1.1376108463086734
AM6_0	410031	460030	435030.5	430	3.8973429107024796e-5	2.729038949458318
AM7_0	410031	460030	435030.5	430	3.741116548322292e-5	-0.519992963919354
AM8_4	410031	460030	435030.5	430	3.413356870793886e-5	-1.0493126436489433
AM9_0	410031	460030	435030.5	430	2.8274838782578717e-5	0.5833022866221372
AM10_0	415031	465030	440030.5	435	1.1561381813196694e-5	-0.5793912935522505
AM11_0	415031	465030	440030.5	435	1.729806973660662e-5	-0.6826734869216691
AM12_0	415031	465030	440030.5	435	1.3022222222222222e-4	0.10886255945778439
AM1_0	415031	465030	440030.5	435	6.360834518729255e-6	NA
AM2_0	415031	465030	440030.5	435	7.433217189314751e-6	NA
AM2_4	415031	465030	440030.5	435	1.058647026732133e-5	-0.45254440422331865
AM3_0	415031	465030	440030.5	435	1.9135559204524723e-5	0.6095236765809484
AM4_4	415031	465030	440030.5	435	7.384615384615385e-6	NA
AM5_0	415031	465030	440030.5	435	5.463203463203463e-6	-1.1376108463086734
AM6_0	415031	465030	440030.5	435	1.3963016246348456e-5	0.16549585966769706
AM7_0	415031	465030	440030.5	435	2.1012561854837522e-5	-0.8658332581827105
AM8_4	415031	465030	440030.5	435	1.0258393708461475e-5	-2.1303616827899687
AM9_0	415031	465030	440030.5	435	1.722222222222222e-5	-0.37113034186714466
AM10_0	420031	470030	445030.5	460	1.1561381813196694e-5	-0.5793912935522505
AM11_0	420031	470030	445030.5	460	1.606180226793127e-5	-0.6761458058306969
AM12_0	420031	470030	445030.5	460	1.4444444444444444e-4	-0.1276520077944786
AM1_0	420031	470030	445030.5	460	4.694167852062589e-6	NA
AM2_0	420031	470030	445030.5	460	7.433217189314751e-6	NA
AM2_4	420031	470030	445030.5	460	1.058647026732133e-5	-0.45254440422331865
AM3_0	420031	470030	445030.5	460	1.5802225871191385e-5	0.6095236765809484
AM4_4	420031	470030	445030.5	460	9.202797202797204e-6	NA
AM5_0	420031	470030	445030.5	460	5.463203463203463e-6	-1.1376108463086734
AM6_0	420031	470030	445030.5	460	1.4498573752933179e-5	-0.2406753494614538
AM7_0	420031	470030	445030.5	460	1.776618504324332e-5	-0.8567272098512873
AM8_4	420031	470030	445030.5	460	1.0723509987531242e-5	-2.1935319204039123
AM9_0	420031	470030	445030.5	460	1.722222222222222e-5	-0.37113034186714466
AM10_0	425031	475030	450030.5	442	1.1561381813196694e-5	-0.5793912935522505
AM11_0	425031	475030	450030.5	442	1.5372147095517476e-5	-0.6761458058306969
AM12_0	425031	475030	450030.5	442	1.2977777777777779e-4	-0.15860049356752617
AM1_0	425031	475030	450030.5	442	6.433298286845197e-6	-1.1140130132635564
AM2_0	425031	475030	450030.5	442	7.433217189314751e-6	NA
AM2_4	425031	475030	450030.5	442	1.3707037643207856e-5	-0.5485541625896838
AM3_0	425031	475030	450030.5	442	1.5802225871191385e-5	0.6095236765809484
AM4_4	425031	475030	450030.5	442	9.202797202797204e-6	NA
AM5_0	425031	475030	450030.5	442	5.463203463203463e-6	-1.1376108463086734
AM6_0	425031	475030	450030.5	442	1.4498573752933179e-5	-0.2406753494614538
AM7_0	425031	475030	450030.5	442	1.9397390717002186e-5	-1.0193216108513803
AM8_4	425031	475030	450030.5	442	1.1622151575828003e-5	-2.2194946875360584
AM9_0	425031	475030	450030.5	442	1.5555555555555555e-5	-0.37113034186714466
AM10_0	430031	480030	455030.5	430	1.654839480020968e-5	-0.3362435349081676
AM11_0	430031	480030	455030.5	430	2.3985797932910377e-5	-0.3958540156605095
AM12_0	430031	480030	455030.5	430	9.511111111111111e-5	-0.17884234408979097
AM1_0	430031	480030	455030.5	430	1.38586183437442e-5	-0.551593332501292
AM2_0	430031	480030	455030.5	430	1.6768388926913183e-5	0.4809225911937472
AM2_4	430031	480030	455030.5	430	1.3707037643207856e-5	-0.5485541625896838
AM3_0	430031	480030	455030.5	430	2.466376433272985e-5	1.0716980402439669
AM4_4	430031	480030	455030.5	430	1.1954119954119955e-5	-0.02910343071323316
AM5_0	430031	480030	455030.5	430	1.0831624515835044e-5	-0.8843786216695152
AM6_0	430031	480030	455030.5	430	1.4498573752933179e-5	-0.2406753494614538
AM7_0	430031	480030	455030.5	430	2.6193743300588812e-5	-1.1608543988219175
AM8_4	430031	480030	455030.5	430	1.1594373798050224e-5	-2.2213290439043
AM9_0	430031	480030	455030.5	430	2.0337164750957853e-5	-0.37113034186714466
AM10_0	435031	485030	460030.5	423	1.654839480020968e-5	-0.3362435349081676
AM11_0	435031	485030	460030.5	423	2.4450914211980144e-5	-0.6270666753304559
AM12_0	435031	485030	460030.5	423	9.511111111111111e-5	-0.17884234408979097
AM1_0	435031	485030	460030.5	423	1.38586183437442e-5	-0.551593332501292
AM2_0	435031	485030	460030.5	423	2.264278506217888e-5	0.5637788905852477
AM2_4	435031	485030	460030.5	423	1.3707037643207856e-5	-0.5485541625896838
AM3_0	435031	485030	460030.5	423	2.466376433272985e-5	1.0716980402439669
AM4_4	435031	485030	460030.5	423	1.1954119954119955e-5	-0.02910343071323316
AM5_0	435031	485030	460030.5	423	1.0831624515835044e-5	-0.8843786216695152
AM6_0	435031	485030	460030.5	423	1.4498573752933179e-5	-0.2406753494614538
AM7_0	435031	485030	460030.5	423	2.6193743300588812e-5	-1.1608543988219175
AM8_4	435031	485030	460030.5	423	1.1159591189354572e-5	-2.162286940969756
AM9_0	435031	485030	460030.5	423	2.0337164750957853e-5	-0.37113034186714466
AM10_0	440031	490030	465030.5	388	1.654839480020968e-5	-0.3362435349081676
AM11_0	440031	490030	465030.5	388	2.4450914211980144e-5	-0.6270666753304559
AM12_0	440031	490030	465030.5	388	9.511111111111111e-5	-0.17884234408979097
AM1_0	440031	490030	465030.5	388	1.38586183437442e-5	-0.551593332501292
AM2_0	440031	490030	465030.5	388	2.264278506217888e-5	0.5637788905852477
AM2_4	440031	490030	465030.5	388	1.2075831969448988e-5	-0.22276383940895753
AM3_0	440031	490030	465030.5	388	2.466376433272985e-5	1.0716980402439669
AM4_4	440031	490030	465030.5	388	1.1954119954119955e-5	-0.02910343071323316
AM5_0	440031	490030	465030.5	388	1.0831624515835044e-5	-0.8843786216695152
AM6_0	440031	490030	465030.5	388	1.4498573752933179e-5	-0.2406753494614538
AM7_0	440031	490030	465030.5	388	2.6193743300588812e-5	-1.1608543988219175
AM8_4	440031	490030	465030.5	388	1.0705045734809118e-5	-2.09536102858009
AM9_0	440031	490030	465030.5	388	1.9226053639846744e-5	NA
AM10_0	445031	495030	470030.5	370	1.170870937976201e-5	-0.5500426531664871
AM11_0	445031	495030	470030.5	370	1.229528079874024e-5	-1.140671765737976
AM12_0	445031	495030	470030.5	370	5.422222222222222e-5	-0.6472562128537062
AM1_0	445031	495030	470030.5	370	9.164450491681613e-6	-0.6925351526052379
AM2_0	445031	495030	470030.5	370	1.861053405643901e-5	-0.44915092939895
AM2_4	445031	495030	470030.5	370	7.588652482269502e-6	-0.2848006090477573
AM3_0	445031	495030	470030.5	370	1.429339396235948e-5	0.30426327022720917
AM4_4	445031	495030	470030.5	370	1.1954119954119955e-5	-0.02910343071323316
AM5_0	445031	495030	470030.5	370	7.3684210526315784e-6	-0.7442292740899021
AM6_0	445031	495030	470030.5	370	1.503911429347372e-5	-0.6535951259961625
AM7_0	445031	495030	470030.5	370	1.7536738469670938e-5	-1.7810396412272442
AM8_4	445031	495030	470030.5	370	1.1149490179253562e-5	-2.163010672814996
AM9_0	445031	495030	470030.5	370	1.1114942528735632e-5	NA
AM10_0	450031	500030	475030.5	362	1.170870937976201e-5	-0.5500426531664871
AM11_0	450031	500030	475030.5	362	1.33558868593463e-5	-1.3174663706910172
AM12_0	450031	500030	475030.5	362	5.422222222222222e-5	-0.6472562128537062
AM1_0	450031	500030	475030.5	362	9.164450491681613e-6	-0.6925351526052379
AM2_0	450031	500030	475030.5	362	1.861053405643901e-5	-0.44915092939895
AM2_4	450031	500030	475030.5	362	3.1205673758865243e-6	NA
AM3_0	450031	500030	475030.5	362	1.4138036157390996e-5	0.2728319448441061
AM4_4	450031	500030	475030.5	362	4.56950456950457e-6	NA
AM5_0	450031	500030	475030.5	362	7.3684210526315784e-6	-0.7442292740899021
AM6_0	450031	500030	475030.5	362	7.145206730448513e-6	-1.6609709707205886
AM7_0	450031	500030	475030.5	362	1.58338399189463e-5	-1.4160920165246815
AM8_4	450031	500030	475030.5	362	7.33194631960444e-6	-2.163010672814996
AM9_0	450031	500030	475030.5	362	1.1114942528735632e-5	NA
AM10_0	455031	505030	480030.5	360	1.7162299906881948e-5	-0.9724920260767216
AM11_0	455031	505030	480030.5	360	1.4144893951544882e-5	-0.9113070775716846
AM12_0	455031	505030	480030.5	360	6.546031746031746e-5	-0.332655691484836
AM1_0	455031	505030	480030.5	360	1.0116831444062565e-5	-1.0267078546170225
AM2_0	455031	505030	480030.5	360	1.861053405643901e-5	-0.44915092939895
AM2_4	455031	505030	480030.5	360	3.1205673758865243e-6	NA
AM3_0	455031	505030	480030.5	360	1.4138036157390996e-5	0.2728319448441061
AM4_4	455031	505030	480030.5	360	6.569504569504569e-6	NA
AM5_0	455031	505030	480030.5	360	5.368421052631579e-6	NA
AM6_0	455031	505030	480030.5	360	8.478540063781845e-6	-1.6609709707205886
AM7_0	455031	505030	480030.5	360	1.8915479847645055e-5	-1.6318228797477374
AM8_4	455031	505030	480030.5	360	8.996615547931191e-6	-2.052056694113615
AM9_0	455031	505030	480030.5	360	2.0660397074190174e-5	NA
AM10_0	460031	510030	485030.5	340	1.5559735804317847e-5	-0.5609880770009568
AM11_0	460031	510030	485030.5	340	1.4144893951544882e-5	-0.9113070775716846
AM12_0	460031	510030	485030.5	340	6.546031746031746e-5	-0.332655691484836
AM1_0	460031	510030	485030.5	340	1.0116831444062565e-5	-1.0267078546170225
AM2_0	460031	510030	485030.5	340	1.861053405643901e-5	-0.44915092939895
AM2_4	460031	510030	485030.5	340	3.1205673758865243e-6	NA
AM3_0	460031	510030	485030.5	340	1.4138036157390996e-5	0.2728319448441061
AM4_4	460031	510030	485030.5	340	6.569504569504569e-6	NA
AM5_0	460031	510030	485030.5	340	5.368421052631579e-6	NA
AM6_0	460031	510030	485030.5	340	8.478540063781845e-6	-1.6609709707205886
AM7_0	460031	510030	485030.5	340	1.79630988952641e-5	-1.439596927975831
AM8_4	460031	510030	485030.5	340	7.344963896279541e-6	-1.9613668369265023
AM9_0	460031	510030	485030.5	340	2.0660397074190174e-5	NA
AM10_0	465031	515030	490030.5	350	1.1690603514132925e-5	-0.5609880770009568
AM11_0	465031	515030	490030.5	350	1.5131091329046606e-5	-0.9113070775716846
AM12_0	465031	515030	490030.5	350	8.257142857142858e-5	-0.3004627475375246
AM1_0	465031	515030	490030.5	350	1.0116831444062565e-5	-1.0267078546170225
AM2_0	465031	515030	490030.5	350	2.0386432576523576e-5	-0.656149049505374
AM2_4	465031	515030	490030.5	350	3.1205673758865243e-6	NA
AM3_0	465031	515030	490030.5	350	1.3959464728819568e-5	-0.7503380015222285
AM4_4	465031	515030	490030.5	350	6.569504569504569e-6	NA
AM5_0	465031	515030	490030.5	350	5.368421052631579e-6	NA
AM6_0	465031	515030	490030.5	350	4.174137262811538e-6	-1.4614778679566558
AM7_0	465031	515030	490030.5	350	1.6629765561930767e-5	-1.439596927975831
AM8_4	465031	515030	490030.5	350	6.066543451023247e-6	-1.9622624473096255
AM9_0	465031	515030	490030.5	350	1.6327063740856843e-5	NA
AM10_0	470031	520030	495030.5	320	2.488386208846567e-5	-0.2723055804883358
AM11_0	470031	520030	495030.5	320	2.8893861502237237e-5	0.15424664345231745
AM12_0	470031	520030	495030.5	320	6.079365079365079e-5	-0.45884187850724645
AM1_0	470031	520030	495030.5	320	2.3268622742195327e-5	-0.38276893175376814
AM2_0	470031	520030	495030.5	320	3.657262207514988e-5	0.012734804167756518
AM2_4	470031	520030	495030.5	320	3.1205673758865243e-6	NA
AM3_0	470031	520030	495030.5	320	3.6998670684154556e-5	0.18712270876736198
AM4_4	470031	520030	495030.5	320	1.4163087457205103e-5	NA
AM5_0	470031	520030	495030.5	320	8.831624515835043e-6	-0.44211297932920485
AM6_0	470031	520030	495030.5	320	8.226084323271024e-6	-0.8360289363976481
AM7_0	470031	520030	495030.5	320	2.4809840006446802e-5	-1.407557719074016
AM8_4	470031	520030	495030.5	320	8.627418964019143e-6	-1.714330049112694
AM9_0	470031	520030	495030.5	320	2.7710647477381752e-5	NA
AM10_0	475031	525030	500030.5	324	3.487446579999961e-5	-0.2723055804883358
AM11_0	475031	525030	500030.5	324	3.7907445302671515e-5	0.15424664345231745
AM12_0	475031	525030	500030.5	324	6.079365079365079e-5	-0.45884187850724645
AM1_0	475031	525030	500030.5	324	2.9836370614291027e-5	0.42241820668295643
AM2_0	475031	525030	500030.5	324	3.657262207514988e-5	0.012734804167756518
AM2_4	475031	525030	500030.5	324	9.090909090909093e-7	NA
AM3_0	475031	525030	500030.5	324	4.518328606876994e-5	0.41088977876536464
AM4_4	475031	525030	500030.5	324	2.0899929562468263e-5	NA
AM5_0	475031	525030	500030.5	324	1.1331624515835044e-5	-0.44211297932920485
AM6_0	475031	525030	500030.5	324	2.0186650686378625e-5	-0.3033184242502461
AM7_0	475031	525030	500030.5	324	3.079536847573787e-5	-0.7809100725637838
AM8_4	475031	525030	500030.5	324	2.0560060139254887e-5	-1.2192032320732733
AM9_0	475031	525030	500030.5	324	3.839979703749906e-5	1.3818975182970816
AM10_0	480031	530030	505030.5	330	3.300802018887315e-5	-0.4968061407338063
AM11_0	480031	530030	505030.5	330	3.172075558789191e-5	-0.373429233153455
AM12_0	480031	530030	505030.5	330	6.412698412698413e-5	-0.7441368755146199
AM1_0	480031	530030	505030.5	330	2.48304053961017e-5	0.06977437942049627
AM2_0	480031	530030	505030.5	330	2.723745033755145e-5	-0.006319602255275495
AM2_4	480031	530030	505030.5	330	1.8181818181818185e-6	-1.4385003002665766
AM3_0	480031	530030	505030.5	330	4.206850085398472e-5	-0.1491008842700784
AM4_4	480031	530030	505030.5	330	2.653095975232198e-5	NA
AM5_0	480031	530030	505030.5	330	1.123792873792874e-5	NA
AM6_0	480031	530030	505030.5	330	2.2294311141865165e-5	-0.8351247197599041
AM7_0	480031	530030	505030.5	330	1.993108009521209e-5	-0.5110891224548042
AM8_4	480031	530030	505030.5	330	2.4748095194355878e-5	-1.2609115734190355
AM9_0	480031	530030	505030.5	330	3.543636966027858e-5	1.3818975182970816
AM10_0	485031	535030	510030.5	323	4.1876205144014626e-5	-0.4968061407338063
AM11_0	485031	535030	510030.5	323	3.606083411401695e-5	0.004811070563293351
AM12_0	485031	535030	510030.5	323	7.26984126984127e-5	-0.548673651633322
AM1_0	485031	535030	510030.5	323	2.48304053961017e-5	0.06977437942049627
AM2_0	485031	535030	510030.5	323	2.4826257665489215e-5	-0.1507348464136102
AM2_4	485031	535030	510030.5	323	1.0869565217391303e-5	-1.6711691902041865
AM3_0	485031	535030	510030.5	323	5.7218073503557373e-5	-0.3705395497990614
AM4_4	485031	535030	510030.5	323	3.103095975232198e-5	NA
AM5_0	485031	535030	510030.5	323	1.3056110556110556e-5	-1.1751519243558604
AM6_0	485031	535030	510030.5	323	3.067644555591448e-5	-0.8351247197599041
AM7_0	485031	535030	510030.5	323	2.2918277819251917e-5	-0.5110891224548042
AM8_4	485031	535030	510030.5	323	2.9299349195525047e-5	-1.2594304477822644
AM9_0	485031	535030	510030.5	323	4.804016007276465e-5	1.3818975182970816
AM10_0	490031	540030	515030.5	348	4.1876205144014626e-5	-0.4968061407338063
AM11_0	490031	540030	515030.5	348	3.606083411401695e-5	0.004811070563293351
AM12_0	490031	540030	515030.5	348	7.66984126984127e-5	-0.7062438106103691
AM1_0	490031	540030	515030.5	348	2.48304053961017e-5	0.06977437942049627
AM2_0	490031	540030	515030.5	348	2.4826257665489215e-5	-0.1507348464136102
AM2_4	490031	540030	515030.5	348	2.0066182553543524e-5	-0.7800377941773433
AM3_0	490031	540030	515030.5	348	5.846807350355738e-5	-0.5736470256111005
AM4_4	490031	540030	515030.5	348	3.103095975232198e-5	NA
AM5_0	490031	540030	515030.5	348	1.3056110556110556e-5	-1.1751519243558604
AM6_0	490031	540030	515030.5	348	3.067644555591448e-5	-0.8351247197599041
AM7_0	490031	540030	515030.5	348	3.358494448591858e-5	-0.5110891224548042
AM8_4	490031	540030	515030.5	348	4.145781601474702e-5	-1.549050098180999
AM9_0	490031	540030	515030.5	348	4.804016007276465e-5	1.3818975182970816
AM10_0	495031	545030	520030.5	365	4.1876205144014626e-5	-0.4968061407338063
AM11_0	495031	545030	520030.5	365	3.606083411401695e-5	0.004811070563293351
AM12_0	495031	545030	520030.5	365	9.936507936507936e-5	-0.4687710186403432
AM1_0	495031	545030	520030.5	365	2.48304053961017e-5	0.06977437942049627
AM2_0	495031	545030	520030.5	365	2.1425291481914335e-5	0.6651370551806788
AM2_4	495031	545030	520030.5	365	2.0066182553543524e-5	-0.7800377941773433
AM3_0	495031	545030	520030.5	365	5.846807350355738e-5	-0.5736470256111005
AM4_4	495031	545030	520030.5	365	3.103095975232198e-5	NA
AM5_0	495031	545030	520030.5	365	1.3056110556110556e-5	-1.1751519243558604
AM6_0	495031	545030	520030.5	365	3.013590501537393e-5	-0.5932840841523945
AM7_0	495031	545030	520030.5	365	3.788395287646015e-5	-0.5757277598709988
AM8_4	495031	545030	520030.5	365	4.314906196686254e-5	-1.5700967142428714
AM9_0	495031	545030	520030.5	365	4.804016007276465e-5	1.3818975182970816
AM10_0	500031	550030	525030.5	391	4.1876205144014626e-5	-0.4968061407338063
AM11_0	500031	550030	525030.5	391	3.542575996830451e-5	0.0010909040796788611
AM12_0	500031	550030	525030.5	391	1.0736507936507937e-4	-0.6915227276575859
AM1_0	500031	550030	525030.5	391	2.6648587214283515e-5	0.06977437942049627
AM2_0	500031	550030	525030.5	391	2.229485669930564e-5	0.07985927548890191
AM2_4	500031	550030	525030.5	391	2.0066182553543524e-5	-0.7800377941773433
AM3_0	500031	550030	525030.5	391	5.7298718664847704e-5	-0.6471754677979997
AM4_4	500031	550030	525030.5	391	3.521396628826969e-5	NA
AM5_0	500031	550030	525030.5	391	2.222277722277722e-5	-1.1751519243558604
AM6_0	500031	550030	525030.5	391	2.9547669721256287e-5	-0.2913593909446002
AM7_0	500031	550030	525030.5	391	3.931252430503158e-5	-0.5757277598709988
AM8_4	500031	550030	525030.5	391	4.314906196686254e-5	-1.5700967142428714
AM9_0	500031	550030	525030.5	391	4.9858341890946465e-5	1.3818975182970816
AM10_0	505031	555030	530030.5	395	5.089128801876568e-5	0.8995150956410795
AM11_0	505031	555030	530030.5	395	4.896820723368034e-5	0.5121512805677663
AM12_0	505031	555030	530030.5	395	9.212698412698412e-5	-0.814269353569007
AM1_0	505031	555030	530030.5	395	3.240400826382221e-5	0.8105067676429284
AM2_0	505031	555030	530030.5	395	2.399533979109308e-5	-0.24081929420010278
AM2_4	505031	555030	530030.5	395	2.673994141879175e-5	-0.805218514843244
AM3_0	505031	555030	530030.5	395	7.438030374643278e-5	-0.45751169360483457
AM4_4	505031	555030	530030.5	395	4.922617071237343e-5	NA
AM5_0	505031	555030	530030.5	395	2.5556110556110555e-5	-1.1751519243558604
AM6_0	505031	555030	530030.5	395	4.4675254365636717e-5	0.006334013502455965
AM7_0	505031	555030	530030.5	395	4.7327833938398666e-5	-0.247640581501918
AM8_4	505031	555030	530030.5	395	5.5413803639818496e-5	-1.4471742027689043
AM9_0	505031	555030	530030.5	395	6.402635159022551e-5	1.907047952852663
AM10_0	510031	560030	535030.5	380	5.089128801876568e-5	0.8995150956410795
AM11_0	510031	560030	535030.5	380	4.896820723368034e-5	0.5121512805677663
AM12_0	510031	560030	535030.5	380	9.212698412698412e-5	-0.814269353569007
AM1_0	510031	560030	535030.5	380	3.327357348121352e-5	0.05699405954287396
AM2_0	510031	560030	535030.5	380	2.399533979109308e-5	-0.24081929420010278
AM2_4	510031	560030	535030.5	380	2.673994141879175e-5	-0.805218514843244
AM3_0	510031	560030	535030.5	380	7.438030374643278e-5	-0.45751169360483457
AM4_4	510031	560030	535030.5	380	4.922617071237343e-5	NA
AM5_0	510031	560030	535030.5	380	2.5556110556110555e-5	-1.1751519243558604
AM6_0	510031	560030	535030.5	380	4.4675254365636717e-5	0.006334013502455965
AM7_0	510031	560030	535030.5	380	4.7327833938398666e-5	-0.247640581501918
AM8_4	510031	560030	535030.5	380	5.584858624851414e-5	-1.5171238846415702
AM9_0	510031	560030	535030.5	380	6.402635159022551e-5	1.907047952852663
AM10_0	515031	565030	540030.5	358	5.9774404901882565e-5	1.3311152721998474
AM11_0	515031	565030	540030.5	358	4.726772414189289e-5	0.5121512805677663
AM12_0	515031	565030	540030.5	358	9.06984126984127e-5	-0.6915227276575859
AM1_0	515031	565030	540030.5	358	3.327357348121352e-5	0.05699405954287396
AM2_0	515031	565030	540030.5	358	2.2219441271008508e-5	0.07028337869515572
AM2_4	515031	565030	540030.5	358	2.851583993887632e-5	-0.9479198139775739
AM3_0	515031	565030	540030.5	358	7.645979683399039e-5	-0.33668264992368563
AM4_4	515031	565030	540030.5	358	4.922617071237343e-5	NA
AM5_0	515031	565030	540030.5	358	2.5556110556110555e-5	-1.1751519243558604
AM6_0	515031	565030	540030.5	358	4.4675254365636717e-5	0.006334013502455965
AM7_0	515031	565030	540030.5	358	4.902831703018611e-5	-0.5116992798840153
AM8_4	515031	565030	540030.5	358	5.584858624851414e-5	-1.5171238846415702
AM9_0	515031	565030	540030.5	358	6.202635159022551e-5	1.907047952852663
AM10_0	520031	570030	545030.5	376	4.658114632754982e-5	1.450709889490551
AM11_0	520031	570030	545030.5	376	3.258566532301143e-5	-0.3471882869549041
AM12_0	520031	570030	545030.5	376	7.958730158730158e-5	-0.6344071042063334
AM1_0	520031	570030	545030.5	376	2.0121782183080756e-5	NA
AM2_0	520031	570030	545030.5	376	6.033251772382208e-6	-1.3069398139544615
AM2_4	520031	570030	545030.5	376	3.0147045612635184e-5	-1.0746162560819885
AM3_0	520031	570030	545030.5	376	5.34205908786554e-5	-1.0498506355272066
AM4_4	520031	570030	545030.5	376	3.981440600649108e-5	NA
AM5_0	520031	570030	545030.5	376	2.209290709290709e-5	NA
AM6_0	520031	570030	545030.5	376	4.275618059714394e-5	-0.7798873694360892
AM7_0	520031	570030	545030.5	376	4.084824258567008e-5	-0.37687102820745755
AM8_4	520031	570030	545030.5	376	5.32481263713421e-5	-1.618665521105009
AM9_0	520031	570030	545030.5	376	5.169539943264797e-5	0.9238107665235512
AM10_0	525031	575030	550030.5	408	6.125227985328263e-5	0.6760278128579049
AM11_0	525031	575030	550030.5	408	4.193681881589848e-5	-0.412747118465786
AM12_0	525031	575030	550030.5	408	1.085873015873016e-4	-0.4581406183677796
AM1_0	525031	575030	550030.5	408	2.6066488257708967e-5	NA
AM2_0	525031	575030	550030.5	408	1.284643858556902e-5	-1.3069398139544615
AM2_4	525031	575030	550030.5	408	3.435053101612059e-5	-0.8868684116566982
AM3_0	525031	575030	550030.5	408	6.648796911445469e-5	-1.566017862090134
AM4_4	525031	575030	550030.5	408	5.3578459496860355e-5	0.39695307797129853
AM5_0	525031	575030	550030.5	408	4.481612831612831e-5	-1.1760707219460633
AM6_0	525031	575030	550030.5	408	5.0428023384505885e-5	-1.3872715344454591
AM7_0	525031	575030	550030.5	408	4.9259196666488335e-5	-1.3073084711299487
AM8_4	525031	575030	550030.5	408	5.843501639095797e-5	-1.762660198133983
AM9_0	525031	575030	550030.5	408	5.337637974266053e-5	0.3632523884312557
AM10_0	530031	580030	555030.5	407	5.93817124773961e-5	0.6760278128579049
AM11_0	530031	580030	555030.5	407	3.8769116952544445e-5	-0.04239084531473598
AM12_0	530031	580030	555030.5	407	9.192063492063491e-5	-0.32647666657851165
AM1_0	530031	580030	555030.5	407	2.3647133418999287e-5	NA
AM2_0	530031	580030	555030.5	407	1.284643858556902e-5	-1.3069398139544615
AM2_4	530031	580030	555030.5	407	3.514192319881712e-5	-0.8199599299257944
AM3_0	530031	580030	555030.5	407	6.0741215867701434e-5	-1.4438375268577381
AM4_4	530031	580030	555030.5	407	4.519610655568389e-5	0.39695307797129853
AM5_0	530031	580030	555030.5	407	3.954140304140304e-5	-1.1760707219460633
AM6_0	530031	580030	555030.5	407	4.832036292901934e-5	-1.0078251487082843
AM7_0	530031	580030	555030.5	407	4.820656508754096e-5	-1.3073084711299487
AM8_4	530031	580030	555030.5	407	5.739550587665795e-5	-1.6335737478041161
AM9_0	530031	580030	555030.5	407	5.155819792447872e-5	0.3632523884312557
AM10_0	535031	585030	560030.5	399	6.979465717565643e-5	1.1580739334460963
AM11_0	535031	585030	560030.5	399	5.204704820961387e-5	0.2254367904719191
AM12_0	535031	585030	560030.5	399	1.0334920634920636e-4	-0.40668288347096354
AM1_0	535031	585030	560030.5	399	4.013486790673378e-5	NA
AM2_0	535031	585030	560030.5	399	9.383235122365557e-6	-1.3069398139544615
AM2_4	535031	585030	560030.5	399	2.699963070869854e-5	-0.816618218851554
AM3_0	535031	585030	560030.5	399	6.393219155867712e-5	-0.7222621842651465
AM4_4	535031	585030	560030.5	399	5.8726875786453124e-5	1.2347937525617765
AM5_0	535031	585030	560030.5	399	3.7723221223221224e-5	-0.7878233413293257
AM6_0	535031	585030	560030.5	399	5.4344201820110774e-5	-0.32436837004091595
AM7_0	535031	585030	560030.5	399	6.1428794051724e-5	-0.668729960504657
AM8_4	535031	585030	560030.5	399	6.607556473157835e-5	-1.2467084151068992
AM9_0	535031	585030	560030.5	399	5.7831564171758006e-5	1.137527886475045
AM10_0	540031	590030	565030.5	405	7.195338733438658e-5	1.1580739334460963
AM11_0	540031	590030	565030.5	405	5.2713714876280536e-5	0.2254367904719191
AM12_0	540031	590030	565030.5	405	9.934920634920634e-5	-0.2912207089692651
AM1_0	540031	590030	565030.5	405	4.013486790673378e-5	NA
AM2_0	540031	590030	565030.5	405	9.383235122365557e-6	-1.3069398139544615
AM2_4	540031	590030	565030.5	405	1.7803013372546318e-5	-1.3622990765778848
AM3_0	540031	590030	565030.5	405	6.490441378089936e-5	-0.4630903219743374
AM4_4	540031	590030	565030.5	405	5.8726875786453124e-5	1.2347937525617765
AM5_0	540031	590030	565030.5	405	3.7723221223221224e-5	-0.7878233413293257
AM6_0	540031	590030	565030.5	405	5.529658277249172e-5	-0.32436837004091595
AM7_0	540031	590030	565030.5	405	5.3615662738592684e-5	-1.0866533340222868
AM8_4	540031	590030	565030.5	405	5.7389299867704414e-5	-1.2449137116041726
AM9_0	540031	590030	565030.5	405	6.058288692308076e-5	1.137527886475045
AM10_0	545031	595030	570030.5	396	7.602120840220765e-5	1.1580739334460963
AM11_0	545031	595030	570030.5	396	5.43334331861397e-5	0.2254367904719191
AM12_0	545031	595030	570030.5	396	7.668253968253969e-5	-0.44630111274897805
AM1_0	545031	595030	570030.5	396	4.2293598065463936e-5	NA
AM2_0	545031	595030	570030.5	396	9.383235122365557e-6	-1.3069398139544615
AM2_4	545031	595030	570030.5	396	1.7803013372546318e-5	-1.3622990765778848
AM3_0	545031	595030	570030.5	396	6.490441378089936e-5	-0.4630903219743374
AM4_4	545031	595030	570030.5	396	5.8726875786453124e-5	1.2347937525617765
AM5_0	545031	595030	570030.5	396	3.7723221223221224e-5	-0.7878233413293257
AM6_0	545031	595030	570030.5	396	5.7072481292576294e-5	-0.32436837004091595
AM7_0	545031	595030	570030.5	396	5.159829427674986e-5	-1.1009261641545662
AM8_4	545031	595030	570030.5	396	5.64988201991138e-5	-1.1195706949263247
AM9_0	545031	595030	570030.5	396	6.736449611848306e-5	1.137527886475045
AM10_0	550031	600030	575030.5	379	8.424977983077907e-5	1.3712263078137208
AM11_0	550031	600030	575030.5	379	6.17675503940531e-5	0.6383313869102507
AM12_0	550031	600030	575030.5	379	6.868253968253968e-5	-0.11090601843663958
AM1_0	550031	600030	575030.5	379	4.263414640601227e-5	NA
AM2_0	550031	600030	575030.5	379	8.513669904974253e-6	NA
AM2_4	550031	600030	575030.5	379	1.7803013372546318e-5	-1.3622990765778848
AM3_0	550031	600030	575030.5	379	6.873377886026443e-5	-0.1020899976072642
AM4_4	550031	600030	575030.5	379	6.100540771204387e-5	1.1916615710281961
AM5_0	550031	600030	575030.5	379	2.8556554556554556e-5	-0.7878233413293257
AM6_0	550031	600030	575030.5	379	6.36101797052747e-5	-0.647896846770345
AM7_0	550031	600030	575030.5	379	5.742130847185708e-5	-1.0228327573845213
AM8_4	550031	600030	575030.5	379	6.12003119440838e-5	-1.1400049155228396
AM9_0	550031	600030	575030.5	379	7.474171659915181e-5	1.137527886475045
AM10_0	555031	605030	580030.5	387	7.840735109462643e-5	1.2323000027809625
AM11_0	555031	605030	580030.5	387	5.420430277857237e-5	0.1480157176461186
AM12_0	555031	605030	580030.5	387	7.368253968253968e-5	-0.2308007506040428
AM1_0	555031	605030	580030.5	387	4.0114750201194077e-5	-1.4471091159040923
AM2_0	555031	605030	580030.5	387	6.813186813186814e-6	NA
AM2_4	555031	605030	580030.5	387	1.2181886086245462e-5	-1.5252472217368498
AM3_0	555031	605030	580030.5	387	5.9834011960497524e-5	-0.37845364028949274
AM4_4	555031	605030	580030.5	387	6.689843573665084e-5	1.1916615710281961
AM5_0	555031	605030	580030.5	387	2.5223221223221222e-5	-0.7878233413293257
AM6_0	555031	605030	580030.5	387	5.430004551933853e-5	-1.051973510445201
AM7_0	555031	605030	580030.5	387	5.2409014994447327e-5	-1.0390963252245566
AM8_4	555031	605030	580030.5	387	5.172784731319981e-5	-1.1675652650460762
AM9_0	555031	605030	580030.5	387	6.52387786702077e-5	0.3820341837914005
AM10_0	560031	610030	585030.5	430	8.145882629864401e-5	0.4126740416409968
AM11_0	560031	610030	585030.5	430	5.959552703381141e-5	0.1480157176461186
AM12_0	560031	610030	585030.5	430	8.7015873015873e-5	-0.23890869581407087
AM1_0	560031	610030	585030.5	430	4.2708388447006235e-5	NA
AM2_0	560031	610030	585030.5	430	1.1450867972607103e-5	NA
AM2_4	560031	610030	585030.5	430	1.4933208837568213e-5	-1.5252472217368498
AM3_0	560031	610030	585030.5	430	7.005623418271975e-5	-0.37845364028949274
AM4_4	560031	610030	585030.5	430	6.912065795887307e-5	1.1916615710281961
AM5_0	560031	610030	585030.5	430	3.204140304140304e-5	-1.1760707219460633
AM6_0	560031	610030	585030.5	430	5.811598617097897e-5	-1.051973510445201
AM7_0	560031	610030	585030.5	430	5.516033774577007e-5	-1.0390963252245566
AM8_4	560031	610030	585030.5	430	5.390649483154589e-5	-1.0478193862511347
AM9_0	560031	610030	585030.5	430	6.77387786702077e-5	0.3820341837914005
AM10_0	565031	615030	590030.5	459	7.411417095398867e-5	0.020828161881689306
AM11_0	565031	615030	590030.5	459	5.959552703381141e-5	0.1480157176461186
AM12_0	565031	615030	590030.5	459	6.733333333333333e-5	-0.2037568667573133
AM1_0	565031	615030	590030.5	459	4.2708388447006235e-5	NA
AM2_0	565031	615030	590030.5	459	1.1450867972607103e-5	NA
AM2_4	565031	615030	590030.5	459	1.3157310317483645e-5	-1.4315653945180953
AM3_0	565031	615030	590030.5	459	6.529816966659071e-5	0.2595288228081399
AM4_4	565031	615030	590030.5	459	6.912065795887307e-5	1.1916615710281961
AM5_0	565031	615030	590030.5	459	3.915251415251416e-5	-1.1760707219460633
AM6_0	565031	615030	590030.5	459	5.811598617097897e-5	-1.051973510445201
AM7_0	565031	615030	590030.5	459	5.6580422029869165e-5	-0.9306142642253368
AM8_4	565031	615030	590030.5	459	5.348096291665228e-5	-0.9106338131200741
AM9_0	565031	615030	590030.5	459	6.77387786702077e-5	0.3820341837914005
AM10_0	570031	620030	595030.5	464	7.480382612640246e-5	-0.2855808184081727
AM11_0	570031	620030	595030.5	464	5.959552703381141e-5	0.1480157176461186
AM12_0	570031	620030	595030.5	464	7.133333333333332e-5	-0.37808611554911914
AM1_0	570031	620030	595030.5	464	4.2708388447006235e-5	NA
AM2_0	570031	620030	595030.5	464	1.1450867972607103e-5	NA
AM2_4	570031	620030	595030.5	464	1.1526104643724781e-5	-1.280275959487552
AM3_0	570031	620030	595030.5	464	7.037753474595579e-5	0.22694747255424103
AM4_4	570031	620030	595030.5	464	6.912065795887307e-5	1.1916615710281961
AM5_0	570031	620030	595030.5	464	3.915251415251416e-5	-1.1760707219460633
AM6_0	570031	620030	595030.5	464	5.427108478419225e-5	-0.6137270077784344
AM7_0	570031	620030	595030.5	464	5.958450366252222e-5	-0.9502890749632678
AM8_4	570031	620030	595030.5	464	5.43787768194865e-5	-1.0208241578873323
AM9_0	570031	620030	595030.5	464	6.668614709126032e-5	NA
AM10_0	575031	625030	600030.5	450	5.078725017945829e-5	-0.35944327604802406
AM11_0	575031	625030	600030.5	450	4.123078974049009e-5	0.529060133077576
AM12_0	575031	625030	600030.5	450	4.233333333333334e-5	-0.6584760476330669
AM1_0	575031	625030	600030.5	450	2.8456804065499715e-5	NA
AM2_0	575031	625030	600030.5	450	4.63768115942029e-6	NA
AM2_4	575031	625030	600030.5	450	6.413528331148468e-6	-1.280275959487552
AM3_0	575031	625030	600030.5	450	5.0375541125541116e-5	0.21635886595592432
AM4_4	575031	625030	600030.5	450	4.861976236324063e-5	1.6812193708071923
AM5_0	575031	625030	600030.5	450	1.3929292929292932e-5	NA
AM6_0	575031	625030	600030.5	450	3.4638675633722705e-5	-0.318669394757585
AM7_0	575031	625030	600030.5	450	4.3556815438654034e-5	-0.5642063070806644
AM8_4	575031	625030	600030.5	450	3.6360604036338116e-5	-0.9547375997186487
AM9_0	575031	625030	600030.5	450	5.431601722113045e-5	NA
AM10_0	580031	630030	605030.5	463	4.953725017945829e-5	-0.35944327604802406
AM11_0	580031	630030	605030.5	463	4.123078974049009e-5	0.529060133077576
AM12_0	580031	630030	605030.5	463	4.233333333333334e-5	-0.6584760476330669
AM1_0	580031	630030	605030.5	463	2.8456804065499715e-5	NA
AM2_0	580031	630030	605030.5	463	4.63768115942029e-6	NA
AM2_4	580031	630030	605030.5	463	4.713045239361029e-6	NA
AM3_0	580031	630030	605030.5	463	5.27948959642508e-5	-0.09123139276442184
AM4_4	580031	630030	605030.5	463	4.861976236324063e-5	1.6812193708071923
AM5_0	580031	630030	605030.5	463	1.3929292929292932e-5	NA
AM6_0	580031	630030	605030.5	463	3.4638675633722705e-5	-0.318669394757585
AM7_0	580031	630030	605030.5	463	4.3556815438654034e-5	-0.5642063070806644
AM8_4	580031	630030	605030.5	463	3.279541282887049e-5	-1.0184343711376462
AM9_0	580031	630030	605030.5	463	5.431601722113045e-5	NA
AM10_0	585031	635030	610030.5	495	3.207430234423831e-5	-1.0547099847076906
AM11_0	585031	635030	610030.5	495	2.6446031976594157e-5	NA
AM12_0	585031	635030	610030.5	495	3.3444444444444443e-5	-0.8752061155973655
AM1_0	585031	635030	610030.5	495	1.743137398743806e-5	-0.5280847252137872
AM2_0	585031	635030	610030.5	495	4.63768115942029e-6	NA
AM2_4	585031	635030	610030.5	495	3.8039543302701197e-6	NA
AM3_0	585031	635030	610030.5	495	3.824382130791299e-5	-0.7670315410090988
AM4_4	585031	635030	610030.5	495	3.0588993132471395e-5	1.11089580764103
AM5_0	585031	635030	610030.5	495	1.592929292929293e-5	-1.4772682191165576
AM6_0	585031	635030	610030.5	495	2.6206728302607932e-5	-1.1163597896313255
AM7_0	585031	635030	610030.5	495	3.3655944693133455e-5	-1.3839757927507044
AM8_4	585031	635030	610030.5	495	2.0443001346064303e-5	-1.8266183048616749
AM9_0	585031	635030	610030.5	495	3.54388605613651e-5	NA
AM10_0	590031	640030	615030.5	472	2.9915572185508156e-5	-1.0547099847076906
AM11_0	590031	640030	615030.5	472	2.6204897224821107e-5	-1.3743291978363605
AM12_0	590031	640030	615030.5	472	3.3444444444444443e-5	-0.8752061155973655
AM1_0	590031	640030	615030.5	472	1.743137398743806e-5	-0.5280847252137872
AM2_0	590031	640030	615030.5	472	4.63768115942029e-6	NA
AM2_4	590031	640030	615030.5	472	3.8039543302701197e-6	NA
AM3_0	590031	640030	615030.5	472	3.6021599085690764e-5	-0.7670315410090988
AM4_4	590031	640030	615030.5	472	3.0588993132471395e-5	1.11089580764103
AM5_0	590031	640030	615030.5	472	1.774747474747475e-5	-1.7008061916988748
AM6_0	590031	640030	615030.5	472	2.5794887890767525e-5	-1.3466954367590662
AM7_0	590031	640030	615030.5	472	3.31960263608747e-5	-1.1270254577042889
AM8_4	590031	640030	615030.5	472	1.743591566978605e-5	-1.6829214514312556
AM9_0	590031	640030	615030.5	472	3.268753781004235e-5	NA
AM10_0	595031	645030	620030.5	457	2.5847751117687086e-5	-1.0547099847076906
AM11_0	595031	645030	620030.5	457	2.458517891496195e-5	-1.3743291978363605
AM12_0	595031	645030	620030.5	457	3.3444444444444443e-5	-0.8752061155973655
AM1_0	595031	645030	620030.5	457	1.5272643828707902e-5	-0.5280847252137872
AM2_0	595031	645030	620030.5	457	4.63768115942029e-6	NA
AM2_4	595031	645030	620030.5	457	3.8039543302701197e-6	NA
AM3_0	595031	645030	620030.5	457	3.6021599085690764e-5	-0.7670315410090988
AM4_4	595031	645030	620030.5	457	3.0588993132471395e-5	1.11089580764103
AM5_0	595031	645030	620030.5	457	1.774747474747475e-5	-1.7008061916988748
AM6_0	595031	645030	620030.5	457	2.4018989370682954e-5	-1.3466954367590662
AM7_0	595031	645030	620030.5	457	3.091438643217595e-5	-1.1270254577042889
AM8_4	595031	645030	620030.5	457	1.677894023593435e-5	-1.6829214514312556
AM9_0	595031	645030	620030.5	457	2.590592861464005e-5	NA
AM10_0	600031	650030	625030.5	458	1.7619179689115657e-5	-1.737408236428427
AM11_0	600031	650030	625030.5	458	1.7585539347816664e-5	-1.5384693574664552
AM12_0	600031	650030	625030.5	458	3.3444444444444443e-5	-0.8752061155973655
AM1_0	600031	650030	625030.5	458	1.3113913669977744e-5	-0.5280847252137872
AM2_0	600031	650030	625030.5	458	4.63768115942029e-6	NA
AM2_4	600031	650030	625030.5	458	3.8039543302701197e-6	NA
AM3_0	600031	650030	625030.5	458	3.0942234006325686e-5	-0.9540583900290852
AM4_4	600031	650030	625030.5	458	2.412745467093293e-5	NA
AM5_0	600031	650030	625030.5	458	1.774747474747475e-5	-1.7008061916988748
AM6_0	600031	650030	625030.5	458	1.7481290957984544e-5	-1.3011193457646761
AM7_0	600031	650030	625030.5	458	2.3662800808497302e-5	-1.2424830027025162
AM8_4	600031	650030	625030.5	458	1.2494115157631008e-5	-1.920280422922637
AM9_0	600031	650030	625030.5	458	1.6710526315789475e-5	NA
AM10_0	605031	655030	630030.5	434	7.742935023397307e-6	-1.737408236428427
AM11_0	605031	655030	630030.5	434	9.975134024162703e-6	-1.5384693574664552
AM12_0	605031	655030	630030.5	434	3.644444444444445e-5	-1.116378919229003
AM1_0	605031	655030	630030.5	434	8.925507872876294e-6	NA
AM2_0	605031	655030	630030.5	434	4.63768115942029e-6	NA
AM2_4	605031	655030	630030.5	434	2.751322751322751e-6	NA
AM3_0	605031	655030	630030.5	434	2.2760415824507506e-5	-0.9540583900290852
AM4_4	605031	655030	630030.5	434	2.222222222222222e-6	NA
AM5_0	605031	655030	630030.5	434	1.774747474747475e-5	-1.7008061916988748
AM6_0	605031	655030	630030.5	434	1.0330507166206961e-5	NA
AM7_0	605031	655030	630030.5	434	1.7578144723841215e-5	-1.2424830027025162
AM8_4	605031	655030	630030.5	434	7.146806669018171e-6	-2.0177290062305926
AM9_0	605031	655030	630030.5	434	2.5e-6	NA
AM10_0	610031	660030	635030.5	408	2.009242600295461e-5	-1.4308206545557791
AM11_0	610031	660030	635030.5	408	2.090264748053131e-5	-1.5384693574664552
AM12_0	610031	660030	635030.5	408	4.8126984126984135e-5	-0.6431188050579734
AM1_0	610031	660030	635030.5	408	2.474891916681039e-5	NA
AM2_0	610031	660030	635030.5	408	0	NA
AM2_4	610031	660030	635030.5	408	8.333333333333331e-7	NA
AM3_0	610031	660030	635030.5	408	3.022077388077349e-5	-0.9540583900290852
AM4_4	610031	660030	635030.5	408	1.7684210526315787e-5	NA
AM5_0	610031	660030	635030.5	408	1.092929292929293e-5	-1.4772682191165576
AM6_0	610031	660030	635030.5	408	2.317562526258178e-5	0.3096106957838342
AM7_0	610031	660030	635030.5	408	2.9863711747054054e-5	-0.945984262833624
AM8_4	610031	660030	635030.5	408	2.2936525203552054e-5	-1.3644939983169613
AM9_0	610031	660030	635030.5	408	1.3950764006791172e-5	NA
AM10_0	615031	665030	640030.5	379	2.337426044757975e-5	-1.4308206545557791
AM11_0	615031	665030	640030.5	379	2.6259790337674165e-5	-1.5384693574664552
AM12_0	615031	665030	640030.5	379	4.8126984126984135e-5	-0.6431188050579734
AM1_0	615031	665030	640030.5	379	3.284087318979889e-5	NA
AM2_0	615031	665030	640030.5	379	0	NA
AM2_4	615031	665030	640030.5	379	8.333333333333331e-7	NA
AM3_0	615031	665030	640030.5	379	3.401024756498402e-5	-0.9540583900290852
AM4_4	615031	665030	640030.5	379	1.9112781954887213e-5	NA
AM5_0	615031	665030	640030.5	379	3.818181818181818e-6	-1.4772682191165576
AM6_0	615031	665030	640030.5	379	2.968409983885297e-5	0.6114920220109457
AM7_0	615031	665030	640030.5	379	2.998952118276173e-5	-0.9363735185760207
AM8_4	615031	665030	640030.5	379	2.8012548595364918e-5	-1.4947523213974192
AM9_0	615031	665030	640030.5	379	2.0241086587436333e-5	1.4150908587007105
AM10_0	620031	670030	645030.5	354	2.2684605275165958e-5	NA
AM11_0	620031	670030	645030.5	354	2.6259790337674165e-5	-1.5384693574664552
AM12_0	620031	670030	645030.5	354	4.912698412698413e-5	-0.5668361811380627
AM1_0	620031	670030	645030.5	354	3.284087318979889e-5	NA
AM2_0	620031	670030	645030.5	354	0	NA
AM2_4	620031	670030	645030.5	354	8.333333333333331e-7	NA
AM3_0	620031	670030	645030.5	354	2.893088248561894e-5	-1.2671019007657265
AM4_4	620031	670030	645030.5	354	1.9112781954887213e-5	NA
AM5_0	620031	670030	645030.5	354	3.818181818181818e-6	-1.4772682191165576
AM6_0	620031	670030	645030.5	354	2.968409983885297e-5	0.6114920220109457
AM7_0	620031	670030	645030.5	354	2.698543955010867e-5	-0.913896509707389
AM8_4	620031	670030	645030.5	354	2.7123985386332736e-5	-1.399296140455583
AM9_0	620031	670030	645030.5	354	2.0241086587436333e-5	1.4150908587007105
AM10_0	625031	675030	650030.5	314	2.203944398484338e-5	NA
AM11_0	625031	675030	650030.5	314	2.710170294348519e-5	-1.6660201416635187
AM12_0	625031	675030	650030.5	314	5.623809523809524e-5	-0.5085261218334057
AM1_0	625031	675030	650030.5	314	3.284087318979889e-5	NA
AM2_0	625031	675030	650030.5	314	0	NA
AM2_4	625031	675030	650030.5	314	8.333333333333331e-7	NA
AM3_0	625031	675030	650030.5	314	2.768088248561894e-5	NA
AM4_4	625031	675030	650030.5	314	1.9112781954887213e-5	NA
AM5_0	625031	675030	650030.5	314	3.818181818181818e-6	-1.4772682191165576
AM6_0	625031	675030	650030.5	314	2.968409983885297e-5	0.6114920220109457
AM7_0	625031	675030	650030.5	314	2.698543955010867e-5	-0.913896509707389
AM8_4	625031	675030	650030.5	314	2.7123985386332736e-5	-1.399296140455583
AM9_0	625031	675030	650030.5	314	2.0241086587436333e-5	1.4150908587007105
AM10_0	630031	680030	655030.5	264	2.203944398484338e-5	NA
AM11_0	630031	680030	655030.5	264	2.710170294348519e-5	-1.6660201416635187
AM12_0	630031	680030	655030.5	264	5.623809523809524e-5	-0.5085261218334057
AM1_0	630031	680030	655030.5	264	3.284087318979889e-5	NA
AM2_0	630031	680030	655030.5	264	0	NA
AM2_4	630031	680030	655030.5	264	8.333333333333331e-7	NA
AM3_0	630031	680030	655030.5	264	2.5261527646909263e-5	NA
AM4_4	630031	680030	655030.5	264	1.9112781954887213e-5	NA
AM5_0	630031	680030	655030.5	264	3.818181818181818e-6	-1.4772682191165576
AM6_0	630031	680030	655030.5	264	2.968409983885297e-5	0.6114920220109457
AM7_0	630031	680030	655030.5	264	2.698543955010867e-5	-0.913896509707389
AM8_4	630031	680030	655030.5	264	2.7123985386332736e-5	-1.399296140455583
AM9_0	630031	680030	655030.5	264	2.0241086587436333e-5	1.4150908587007105
AM10_0	635031	685030	660030.5	211	2.0221262166661557e-5	NA
AM11_0	635031	685030	660030.5	211	2.3803334645116894e-5	-1.478522628696358
AM12_0	635031	685030	660030.5	211	4.512698412698413e-5	-0.3732533794050346
AM1_0	635031	685030	660030.5	211	2.7378568780126064e-5	NA
AM2_0	635031	685030	660030.5	211	0	NA
AM2_4	635031	685030	660030.5	211	8.333333333333331e-7	NA
AM3_0	635031	685030	660030.5	211	2.1472053962698734e-5	NA
AM4_4	635031	685030	660030.5	211	1.9112781954887213e-5	NA
AM5_0	635031	685030	660030.5	211	1.8181818181818185e-6	NA
AM6_0	635031	685030	660030.5	211	2.3710073864826997e-5	0.6114920220109457
AM7_0	635031	685030	660030.5	211	2.0676883607406383e-5	-0.3301385397265552
AM8_4	635031	685030	660030.5	211	2.580063956860489e-5	-1.1029678830520753
AM9_0	635031	685030	660030.5	211	2.0241086587436333e-5	1.4150908587007105
AM10_0	640031	690030	665030.5	192	2.0221262166661557e-5	NA
AM11_0	640031	690030	665030.5	192	2.337780273022328e-5	-1.2108148143700055
AM12_0	640031	690030	665030.5	192	4.512698412698413e-5	-0.3732533794050346
AM1_0	640031	690030	665030.5	192	2.7378568780126064e-5	NA
AM2_0	640031	690030	665030.5	192	0	NA
AM2_4	640031	690030	665030.5	192	8.333333333333331e-7	NA
AM3_0	640031	690030	665030.5	192	2.1472053962698734e-5	NA
AM4_4	640031	690030	665030.5	192	1.9112781954887213e-5	NA
AM5_0	640031	690030	665030.5	192	0	NA
AM6_0	640031	690030	665030.5	192	2.3169533324286458e-5	1.4970783995308172
AM7_0	640031	690030	665030.5	192	1.828326658612979e-5	-0.0813444426702491
AM8_4	640031	690030	665030.5	192	2.5335523289535127e-5	-0.8769528137420657
AM9_0	640031	690030	665030.5	192	2.0241086587436333e-5	1.4150908587007105
AM10_0	645031	695030	670030.5	170	2.0221262166661557e-5	NA
AM11_0	645031	695030	670030.5	170	2.337780273022328e-5	-1.2108148143700055
AM12_0	645031	695030	670030.5	170	4.512698412698413e-5	-0.3732533794050346
AM1_0	645031	695030	670030.5	170	2.7378568780126064e-5	NA
AM2_0	645031	695030	670030.5	170	0	NA
AM2_4	645031	695030	670030.5	170	8.333333333333331e-7	NA
AM3_0	645031	695030	670030.5	170	2.1472053962698734e-5	NA
AM4_4	645031	695030	670030.5	170	1.9112781954887213e-5	NA
AM5_0	645031	695030	670030.5	170	0	NA
AM6_0	645031	695030	670030.5	170	2.3169533324286458e-5	1.4970783995308172
AM7_0	645031	695030	670030.5	170	1.828326658612979e-5	-0.0813444426702491
AM8_4	645031	695030	670030.5	170	2.4747287995417477e-5	-0.8769528137420657
AM9_0	645031	695030	670030.5	170	2.0241086587436333e-5	1.4150908587007105
AM10_0	650031	700030	675030.5	135	2.0221262166661557e-5	NA
AM11_0	650031	700030	675030.5	135	2.2517793174561548e-5	NA
AM12_0	650031	700030	675030.5	135	4.512698412698413e-5	-0.3732533794050346
AM1_0	650031	700030	675030.5	135	2.7378568780126064e-5	NA
AM2_0	650031	700030	675030.5	135	0	NA
AM2_4	650031	700030	675030.5	135	8.333333333333331e-7	NA
AM3_0	650031	700030	675030.5	135	2.1472053962698734e-5	NA
AM4_4	650031	700030	675030.5	135	1.9112781954887213e-5	NA
AM5_0	650031	700030	675030.5	135	0	NA
AM6_0	650031	700030	675030.5	135	2.3169533324286458e-5	1.4970783995308172
AM7_0	650031	700030	675030.5	135	1.828326658612979e-5	-0.0813444426702491
AM8_4	650031	700030	675030.5	135	2.433062132875081e-5	-0.5752822775065616
AM9_0	650031	700030	675030.5	135	2.0241086587436333e-5	1.4150908587007105
AM10_0	655031	705030	680030.5	107	2.0221262166661557e-5	NA
AM11_0	655031	705030	680030.5	107	2.2517793174561548e-5	NA
AM12_0	655031	705030	680030.5	107	3.7126984126984125e-5	0.20173718880109154
AM1_0	655031	705030	680030.5	107	2.7378568780126064e-5	NA
AM2_0	655031	705030	680030.5	107	0	NA
AM2_4	655031	705030	680030.5	107	8.333333333333331e-7	NA
AM3_0	655031	705030	680030.5	107	2.1472053962698734e-5	NA
AM4_4	655031	705030	680030.5	107	1.9112781954887213e-5	NA
AM5_0	655031	705030	680030.5	107	0	NA
AM6_0	655031	705030	680030.5	107	2.3169533324286458e-5	1.4970783995308172
AM7_0	655031	705030	680030.5	107	1.828326658612979e-5	-0.0813444426702491
AM8_4	655031	705030	680030.5	107	2.3913954662084143e-5	-0.15621963456264693
AM9_0	655031	705030	680030.5	107	2.0241086587436333e-5	1.4150908587007105
AM10_0	660031	710030	685030.5	87	1.0904952067742766e-5	NA
AM11_0	660031	710030	685030.5	87	8.26399052788895e-6	NA
AM12_0	660031	710030	685030.5	87	1.2111111111111112e-5	-0.4628072324406674
AM1_0	660031	710030	685030.5	87	8.091954022988507e-6	NA
AM2_0	660031	710030	685030.5	87	0	NA
AM2_4	660031	710030	685030.5	87	0	NA
AM3_0	660031	710030	685030.5	87	3.7894736842105264e-6	NA
AM4_4	660031	710030	685030.5	87	5.611577964519141e-6	NA
AM5_0	660031	710030	685030.5	87	0	NA
AM6_0	660031	710030	685030.5	87	9.629041952157711e-6	NA
AM7_0	660031	710030	685030.5	87	5.528016740292954e-6	NA
AM8_4	660031	710030	685030.5	87	5.510806000508518e-6	-1.3744983769158243
AM9_0	660031	710030	685030.5	87	1.2374978665301243e-5	NA
AM10_0	665031	715030	690030.5	106	7.66041366041366e-6	NA
AM11_0	665031	715030	690030.5	106	7.544528830166382e-6	NA
AM12_0	665031	715030	690030.5	106	1.2111111111111112e-5	-0.4628072324406674
AM1_0	665031	715030	690030.5	106	0	NA
AM2_0	665031	715030	690030.5	106	0	NA
AM2_4	665031	715030	690030.5	106	3.961352657004832e-6	NA
AM3_0	665031	715030	690030.5	106	5.453846153846154e-6	NA
AM4_4	665031	715030	690030.5	106	1.4934886235195832e-5	NA
AM5_0	665031	715030	690030.5	106	8.311688311688312e-6	NA
AM6_0	665031	715030	690030.5	106	5.720990208867497e-6	NA
AM7_0	665031	715030	690030.5	106	5.268837652738581e-6	NA
AM8_4	665031	715030	690030.5	106	1.1244377811094453e-6	NA
AM9_0	665031	715030	690030.5	106	1.8774632774632775e-5	NA
AM10_0	670031	720030	695030.5	141	8.836884248648954e-6	NA
AM11_0	670031	720030	695030.5	141	1.0238054274116272e-5	NA
AM12_0	670031	720030	695030.5	141	1.4222222222222225e-5	0.018890816885983173
AM1_0	670031	720030	695030.5	141	0	NA
AM2_0	670031	720030	695030.5	141	3.2463768115942027e-6	NA
AM2_4	670031	720030	695030.5	141	3.961352657004832e-6	NA
AM3_0	670031	720030	695030.5	141	8.917049617049618e-6	NA
AM4_4	670031	720030	695030.5	141	1.4934886235195832e-5	NA
AM5_0	670031	720030	695030.5	141	1.2311688311688314e-5	NA
AM6_0	670031	720030	695030.5	141	9.32141304184847e-6	NA
AM7_0	670031	720030	695030.5	141	9.907042359908806e-6	NA
AM8_4	670031	720030	695030.5	141	5.530244105561709e-6	NA
AM9_0	670031	720030	695030.5	141	2.4954119954119952e-5	0.5572994527997958
AM10_0	675031	725030	700030.5	170	1.5793405987779388e-5	NA
AM11_0	675031	725030	700030.5	170	1.703250530466888e-5	NA
AM12_0	675031	725030	700030.5	170	1.5682539682539685e-5	0.3520954825856208
AM1_0	675031	725030	700030.5	170	5.368421052631579e-6	NA
AM2_0	675031	725030	700030.5	170	4.946859903381642e-6	-0.8313308721667487
AM2_4	675031	725030	700030.5	170	5.499814195466371e-6	NA
AM3_0	675031	725030	700030.5	170	1.310005615299733e-5	NA
AM4_4	675031	725030	700030.5	170	2.225514767310433e-5	NA
AM5_0	675031	725030	700030.5	170	1.2311688311688314e-5	NA
AM6_0	675031	725030	700030.5	170	1.6537725098586057e-5	NA
AM7_0	675031	725030	700030.5	170	1.559809927047791e-5	-0.4568434527496176
AM8_4	675031	725030	700030.5	170	1.2989451564769168e-5	NA
AM9_0	675031	725030	700030.5	170	3.368788618788619e-5	0.5572994527997958
AM10_0	680031	730030	705030.5	207	3.549363696230698e-5	0.024087344046633808
AM11_0	680031	730030	705030.5	207	3.95639424471005e-5	1.4997347997151178
AM12_0	680031	730030	705030.5	207	2.2793650793650798e-5	0.268791668707107
AM1_0	680031	730030	705030.5	207	2.131384073032579e-5	1.3695223162846522
AM2_0	680031	730030	705030.5	207	1.1690821256038647e-5	-0.8268500226823199
AM2_4	680031	730030	705030.5	207	5.499814195466371e-6	NA
AM3_0	680031	730030	705030.5	207	2.727666626064192e-5	0.3462543914499588
AM4_4	680031	730030	705030.5	207	3.935659694846665e-5	1.3886309656361202
AM5_0	680031	730030	705030.5	207	1.6978354978354978e-5	NA
AM6_0	680031	730030	705030.5	207	3.468443420530657e-5	0.754098065438645
AM7_0	680031	730030	705030.5	207	2.9173214152061505e-5	0.29957785951888993
AM8_4	680031	730030	705030.5	207	3.0460308866347937e-5	0.3487817768969106
AM9_0	680031	730030	705030.5	207	4.9004285293758975e-5	1.1028373552244555
AM10_0	685031	735030	710030.5	235	3.549363696230698e-5	0.024087344046633808
AM11_0	685031	735030	710030.5	235	3.95639424471005e-5	1.4997347997151178
AM12_0	685031	735030	710030.5	235	2.2793650793650798e-5	0.268791668707107
AM1_0	685031	735030	710030.5	235	2.131384073032579e-5	1.3695223162846522
AM2_0	685031	735030	710030.5	235	1.1690821256038647e-5	-0.8268500226823199
AM2_4	685031	735030	710030.5	235	5.499814195466371e-6	NA
AM3_0	685031	735030	710030.5	235	2.727666626064192e-5	0.3462543914499588
AM4_4	685031	735030	710030.5	235	3.935659694846665e-5	1.3886309656361202
AM5_0	685031	735030	710030.5	235	1.6978354978354978e-5	NA
AM6_0	685031	735030	710030.5	235	3.468443420530657e-5	0.754098065438645
AM7_0	685031	735030	710030.5	235	2.9173214152061505e-5	0.29957785951888993
AM8_4	685031	735030	710030.5	235	3.089509147504359e-5	-0.08136494651731056
AM9_0	685031	735030	710030.5	235	4.9004285293758975e-5	1.1028373552244555
AM10_0	690031	740030	715030.5	266	3.549363696230698e-5	0.024087344046633808
AM11_0	690031	740030	715030.5	266	3.95639424471005e-5	1.4997347997151178
AM12_0	690031	740030	715030.5	266	5.2238095238095246e-5	-0.32951246227611714
AM1_0	690031	740030	715030.5	266	2.131384073032579e-5	1.3695223162846522
AM2_0	690031	740030	715030.5	266	1.1690821256038647e-5	-0.8268500226823199
AM2_4	690031	740030	715030.5	266	1.1173573060714597e-5	0.12435131285951156
AM3_0	690031	740030	715030.5	266	2.995523768921335e-5	-0.5427963422566576
AM4_4	690031	740030	715030.5	266	4.61098437017134e-5	1.3886309656361202
AM5_0	690031	740030	715030.5	266	3.195004995004995e-5	1.4527235389472448
AM6_0	690031	740030	715030.5	266	3.468443420530657e-5	0.754098065438645
AM7_0	690031	740030	715030.5	266	2.9173214152061505e-5	0.29957785951888993
AM8_4	690031	740030	715030.5	266	3.4129268690233465e-5	-0.13539948845101638
AM9_0	690031	740030	715030.5	266	4.9004285293758975e-5	1.1028373552244555
AM10_0	695031	745030	720030.5	306	3.75420011159343e-5	0.024087344046633808
AM11_0	695031	745030	720030.5	306	4.2017670633245396e-5	1.4997347997151178
AM12_0	695031	745030	720030.5	306	5.2238095238095246e-5	-0.32951246227611714
AM1_0	695031	745030	720030.5	306	2.131384073032579e-5	1.3695223162846522
AM2_0	695031	745030	720030.5	306	1.1690821256038647e-5	-0.8268500226823199
AM2_4	695031	745030	720030.5	306	1.1173573060714597e-5	0.12435131285951156
AM3_0	695031	745030	720030.5	306	2.995523768921335e-5	-0.5427963422566576
AM4_4	695031	745030	720030.5	306	4.8332065923935626e-5	1.3886309656361202
AM5_0	695031	745030	720030.5	306	3.195004995004995e-5	1.4527235389472448
AM6_0	695031	745030	720030.5	306	3.468443420530657e-5	0.754098065438645
AM7_0	695031	745030	720030.5	306	3.3419367998215355e-5	0.29957785951888993
AM8_4	695031	745030	720030.5	306	3.4129268690233465e-5	-0.13539948845101638
AM9_0	695031	745030	720030.5	306	5.12265075159812e-5	1.1028373552244555
AM10_0	700031	750030	725030.5	343	3.75420011159343e-5	0.024087344046633808
AM11_0	700031	750030	725030.5	343	4.2443202548139014e-5	0.7978962409367828
AM12_0	700031	750030	725030.5	343	8.16825396825397e-5	-0.5061962175769658
AM1_0	700031	750030	725030.5	343	2.131384073032579e-5	1.3695223162846522
AM2_0	700031	750030	725030.5	343	1.1690821256038647e-5	-0.8268500226823199
AM2_4	700031	750030	725030.5	343	1.1173573060714597e-5	0.12435131285951156
AM3_0	700031	750030	725030.5	343	2.995523768921335e-5	-0.5427963422566576
AM4_4	700031	750030	725030.5	343	4.8332065923935626e-5	1.3886309656361202
AM5_0	700031	750030	725030.5	343	3.195004995004995e-5	1.4527235389472448
AM6_0	700031	750030	725030.5	343	3.5224974745847114e-5	0.16882849323746094
AM7_0	700031	750030	725030.5	343	3.3419367998215355e-5	0.29957785951888993
AM8_4	700031	750030	725030.5	343	3.4583814144778914e-5	-0.4187350231989058
AM9_0	700031	750030	725030.5	343	5.12265075159812e-5	1.1028373552244555
AM10_0	705031	755030	730030.5	378	3.9590365269561605e-5	0.024087344046633808
AM11_0	705031	755030	730030.5	378	4.3845799950736414e-5	0.7978962409367828
AM12_0	705031	755030	730030.5	378	8.87936507936508e-5	-0.4711729925997943
AM1_0	705031	755030	730030.5	378	2.131384073032579e-5	1.3695223162846522
AM2_0	705031	755030	730030.5	378	1.1690821256038647e-5	-0.8268500226823199
AM2_4	705031	755030	730030.5	378	1.1173573060714597e-5	0.12435131285951156
AM3_0	705031	755030	730030.5	378	3.302341950739516e-5	-0.8237466138148646
AM4_4	705031	755030	730030.5	378	5.251507245988334e-5	1.3886309656361202
AM5_0	705031	755030	730030.5	378	3.195004995004995e-5	1.4527235389472448
AM6_0	705031	755030	730030.5	378	3.640144533408241e-5	0.16882849323746094
AM7_0	705031	755030	730030.5	378	3.453047910932646e-5	0.29957785951888993
AM8_4	705031	755030	730030.5	378	3.535304491400969e-5	-0.4187350231989058
AM9_0	705031	755030	730030.5	378	5.32265075159812e-5	1.1028373552244555
AM10_0	710031	760030	735030.5	402	3.350570918490552e-5	0.024087344046633808
AM11_0	710031	760030	735030.5	402	4.2321405426341896e-5	0.7978962409367828
AM12_0	710031	760030	735030.5	402	1.1101587301587303e-4	-0.5957573561980622
AM1_0	710031	760030	735030.5	402	2.131384073032579e-5	1.3695223162846522
AM2_0	710031	760030	735030.5	402	1.1690821256038647e-5	-0.8268500226823199
AM2_4	710031	760030	735030.5	402	1.1173573060714597e-5	0.12435131285951156
AM3_0	710031	760030	735030.5	402	3.302341950739516e-5	-0.8237466138148646
AM4_4	710031	760030	735030.5	402	5.118920878107848e-5	1.3886309656361202
AM5_0	710031	760030	735030.5	402	3.92027972027972e-5	1.4527235389472448
AM6_0	710031	760030	735030.5	402	3.891468077509729e-5	0.31219065684267
AM7_0	710031	760030	735030.5	402	3.224883918062771e-5	0.29957785951888993
AM8_4	710031	760030	735030.5	402	3.579748935845413e-5	-0.6494018557931608
AM9_0	710031	760030	735030.5	402	4.714185143132511e-5	1.1028373552244555
AM10_0	715031	765030	740030.5	409	3.877651245570879e-5	0.583172870064627
AM11_0	715031	765030	740030.5	409	4.464697036060247e-5	0.3129312054906092
AM12_0	715031	765030	740030.5	409	1.1101587301587303e-4	-0.5957573561980622
AM1_0	715031	765030	740030.5	409	2.359548065902454e-5	1.3695223162846522
AM2_0	715031	765030	740030.5	409	1.1690821256038647e-5	-0.8268500226823199
AM2_4	715031	765030	740030.5	409	7.212220403709765e-6	NA
AM3_0	715031	765030	740030.5	409	3.542671621069187e-5	-0.7269601391577184
AM4_4	715031	765030	740030.5	409	5.06710953155966e-5	1.3886309656361202
AM5_0	715031	765030	740030.5	409	3.4891108891108893e-5	NA
AM6_0	715031	765030	740030.5	409	3.932218793938184e-5	0.31219065684267
AM7_0	715031	765030	740030.5	409	3.894761441717884e-5	0.29957785951888993
AM8_4	715031	765030	740030.5	409	4.008102367146852e-5	-0.6494018557931608
AM9_0	715031	765030	740030.5	409	4.227791013634934e-5	0.6268825127331197
AM10_0	720031	770030	745030.5	387	4.885978940285129e-5	0.46225786899150956
AM11_0	720031	770030	745030.5	387	5.353464553741016e-5	0.3632290179824297
AM12_0	720031	770030	745030.5	387	1.1101587301587303e-4	-0.5957573561980622
AM1_0	720031	770030	745030.5	387	3.5959498812516376e-5	1.3066356132341534
AM2_0	720031	770030	745030.5	387	8.444444444444444e-6	-0.8036481868452137
AM2_4	720031	770030	745030.5	387	7.212220403709765e-6	NA
AM3_0	720031	770030	745030.5	387	4.8908968359763246e-5	-0.8237466138148646
AM4_4	720031	770030	745030.5	387	7.048920281196496e-5	1.5681373666940486
AM5_0	720031	770030	745030.5	387	3.089110889110889e-5	NA
AM6_0	720031	770030	745030.5	387	4.916226251748651e-5	0.28612106668371173
AM7_0	720031	770030	745030.5	387	4.353641956492545e-5	0.3708545236151842
AM8_4	720031	770030	745030.5	387	5.054268922716416e-5	-0.3304169654080827
AM9_0	720031	770030	745030.5	387	5.2395851018996107e-5	1.185948068756933
AM10_0	725031	775030	750030.5	412	4.736557207339368e-5	0.46225786899150956
AM11_0	725031	775030	750030.5	412	5.137396900464061e-5	0.3632290179824297
AM12_0	725031	775030	750030.5	412	1.0244444444444445e-4	-0.6863806210055065
AM1_0	725031	775030	750030.5	412	3.1767548348120094e-5	1.3066356132341534
AM2_0	725031	775030	750030.5	412	6.743961352657004e-6	-0.47172411130286834
AM2_4	725031	775030	750030.5	412	5.673758865248226e-6	NA
AM3_0	725031	775030	750030.5	412	4.6544143641997345e-5	-0.8237466138148646
AM4_4	725031	775030	750030.5	412	6.741509522021032e-5	1.235309325845266
AM5_0	725031	775030	750030.5	412	3.089110889110889e-5	NA
AM6_0	725031	775030	750030.5	412	4.495003209340198e-5	0.28612106668371173
AM7_0	725031	775030	750030.5	412	4.079584574614378e-5	-0.062318384093374785
AM8_4	725031	775030	750030.5	412	4.7515777250632326e-5	-0.5335685573548369
AM9_0	725031	775030	750030.5	412	4.532875145189653e-5	1.185948068756933
AM10_0	730031	780030	755030.5	408	2.8617722051247037e-5	0.09177425674897512
AM11_0	730031	780030	755030.5	408	3.1571552841229975e-5	-1.20739444485139
AM12_0	730031	780030	755030.5	408	9.533333333333335e-5	-0.7277218512072972
AM1_0	730031	780030	755030.5	408	1.5822128670425882e-5	NA
AM2_0	730031	780030	755030.5	408	0	NA
AM2_4	730031	780030	755030.5	408	5.673758865248226e-6	NA
AM3_0	730031	780030	755030.5	408	3.2367533534352756e-5	-1.6495708188541174
AM4_4	730031	780030	755030.5	408	5.031364594484799e-5	0.7170227702647517
AM5_0	730031	780030	755030.5	408	2.6224442224442224e-5	NA
AM6_0	730031	780030	755030.5	408	2.8158878542237024e-5	-0.5574373599721683
AM7_0	730031	780030	755030.5	408	2.7220730864560187e-5	-0.8050455884574396
AM8_4	730031	780030	755030.5	408	3.340662720731254e-5	-1.2220474084095012
AM9_0	730031	780030	755030.5	408	3.0012352346023743e-5	0.6887628431207887
AM10_0	735031	785030	760030.5	396	2.8617722051247037e-5	0.09177425674897512
AM11_0	735031	785030	760030.5	396	3.1571552841229975e-5	-1.20739444485139
AM12_0	735031	785030	760030.5	396	9.933333333333334e-5	-0.8067481712884391
AM1_0	735031	785030	760030.5	396	1.5822128670425882e-5	NA
AM2_0	735031	785030	760030.5	396	0	NA
AM2_4	735031	785030	760030.5	396	5.673758865248226e-6	NA
AM3_0	735031	785030	760030.5	396	3.2367533534352756e-5	-1.6495708188541174
AM4_4	735031	785030	760030.5	396	5.031364594484799e-5	0.7170227702647517
AM5_0	735031	785030	760030.5	396	2.6224442224442224e-5	NA
AM6_0	735031	785030	760030.5	396	2.8158878542237024e-5	-0.5574373599721683
AM7_0	735031	785030	760030.5	396	2.8054064197893518e-5	-1.1243570953065718
AM8_4	735031	785030	760030.5	396	3.2971844598616895e-5	-1.050412590887719
AM9_0	735031	785030	760030.5	396	3.0012352346023743e-5	0.6887628431207887
AM10_0	740031	790030	765030.5	412	2.8617722051247037e-5	0.09177425674897512
AM11_0	740031	790030	765030.5	412	3.323968149620074e-5	-1.5041219145993614
AM12_0	740031	790030	765030.5	412	7.488888888888889e-5	-0.8425617844254183
AM1_0	740031	790030	765030.5	412	1.5822128670425882e-5	NA
AM2_0	740031	790030	765030.5	412	8.695652173913043e-7	NA
AM2_4	740031	790030	765030.5	412	0	NA
AM3_0	740031	790030	765030.5	412	2.9688962105781326e-5	-1.1589659082167498
AM4_4	740031	790030	765030.5	412	4.356039919160124e-5	0.7170227702647517
AM5_0	740031	790030	765030.5	412	1.7919413919413917e-5	NA
AM6_0	740031	790030	765030.5	412	2.8158878542237024e-5	-0.5574373599721683
AM7_0	740031	790030	765030.5	412	2.8054064197893518e-5	-1.1243570953065718
AM8_4	740031	790030	765030.5	412	2.973766738342702e-5	-1.1110712411375885
AM9_0	740031	790030	765030.5	412	3.0012352346023743e-5	0.6887628431207887
AM10_0	745031	795030	770030.5	412	3.3180119602721055e-5	0.4338032129742879
AM11_0	745031	795030	770030.5	412	3.825517355629387e-5	-1.0352437360248274
AM12_0	745031	795030	770030.5	412	8.600000000000002e-5	-0.8706707434221069
AM1_0	745031	795030	770030.5	412	2.2474286362255257e-5	0.509838412335398
AM2_0	745031	795030	770030.5	412	8.695652173913043e-7	NA
AM2_4	745031	795030	770030.5	412	0	NA
AM3_0	745031	795030	770030.5	412	4.100209341891264e-5	-1.1589659082167498
AM4_4	745031	795030	770030.5	412	4.7799715430917485e-5	0.7544009677107316
AM5_0	745031	795030	770030.5	412	2.1919413919413923e-5	NA
AM6_0	745031	795030	770030.5	412	3.735587996048515e-5	-0.21307097670859634
AM7_0	745031	795030	770030.5	412	3.0194383781691366e-5	-0.8727909313126415
AM8_4	745031	795030	770030.5	412	3.845431238686765e-5	-0.826499480474147
AM9_0	745031	795030	770030.5	412	4.167740039241053e-5	0.4645852840177051
AM10_0	750031	800030	775030.5	402	3.3180119602721055e-5	0.4338032129742879
AM11_0	750031	800030	775030.5	402	3.843570224746086e-5	-0.8221838308152942
AM12_0	750031	800030	775030.5	402	5.655555555555557e-5	-0.8866186931635374
AM1_0	750031	800030	775030.5	402	2.2474286362255257e-5	0.509838412335398
AM2_0	750031	800030	775030.5	402	8.695652173913043e-7	NA
AM2_4	750031	800030	775030.5	402	0	NA
AM3_0	750031	800030	775030.5	402	4.100209341891264e-5	-1.1589659082167498
AM4_4	750031	800030	775030.5	402	4.7799715430917485e-5	0.7544009677107316
AM5_0	750031	800030	775030.5	402	2.1919413919413923e-5	NA
AM6_0	750031	800030	775030.5	402	3.921080316725808e-5	-0.38297407880813517
AM7_0	750031	800030	775030.5	402	3.0194383781691366e-5	-0.8727909313126415
AM8_4	750031	800030	775030.5	402	3.7999766932322194e-5	-0.6152219386112565
AM9_0	750031	800030	775030.5	402	4.167740039241053e-5	0.4645852840177051
AM10_0	755031	805030	780030.5	410	3.224286656020485e-5	0.4338032129742879
AM11_0	755031	805030	780030.5	410	4.3351339455780995e-5	-0.8221838308152942
AM12_0	755031	805030	780030.5	410	7.055555555555556e-5	-0.9910247732369928
AM1_0	755031	805030	780030.5	410	2.2474286362255257e-5	0.509838412335398
AM2_0	755031	805030	780030.5	410	8.695652173913043e-7	NA
AM2_4	755031	805030	780030.5	410	0	NA
AM3_0	755031	805030	780030.5	410	4.03532664394405e-5	-0.9223870480092051
AM4_4	755031	805030	780030.5	410	4.861670889496977e-5	0.2653458290959571
AM5_0	755031	805030	780030.5	410	3.6205128205128205e-5	NA
AM6_0	755031	805030	780030.5	410	4.29549674996577e-5	-0.38297407880813517
AM7_0	755031	805030	780030.5	410	3.28953294081689e-5	-0.826140143164885
AM8_4	755031	805030	780030.5	410	3.971319111221261e-5	-1.0062505941370625
AM9_0	755031	805030	780030.5	410	4.478851150352164e-5	-0.07418728015301447
AM10_0	760031	810030	785030.5	393	3.224286656020485e-5	0.4338032129742879
AM11_0	760031	810030	785030.5	393	4.363536031874923e-5	-1.0007058311204773
AM12_0	760031	810030	785030.5	393	4.833333333333334e-5	-0.9547117542581577
AM1_0	760031	810030	785030.5	393	2.334385157964656e-5	-0.17488489386252568
AM2_0	760031	810030	785030.5	393	8.695652173913043e-7	NA
AM2_4	760031	810030	785030.5	393	0	NA
AM3_0	760031	810030	785030.5	393	4.03532664394405e-5	-0.9223870480092051
AM4_4	760031	810030	785030.5	393	4.575956603782691e-5	0.2653458290959571
AM5_0	760031	810030	785030.5	393	2.8952380952380952e-5	NA
AM6_0	760031	810030	785030.5	393	3.956875028416104e-5	-0.6732981624769373
AM7_0	760031	810030	785030.5	393	3.28953294081689e-5	-0.826140143164885
AM8_4	760031	810030	785030.5	393	3.9268746667768166e-5	-0.830224870331028
AM9_0	760031	810030	785030.5	393	4.478851150352164e-5	-0.07418728015301447
AM10_0	765031	815030	790030.5	351	2.5396305713644004e-5	0.4338032129742879
AM11_0	765031	815030	790030.5	351	3.708878089173502e-5	-1.0090284049888258
AM12_0	765031	815030	790030.5	351	4.833333333333334e-5	-0.9547117542581577
AM1_0	765031	815030	790030.5	351	2.106221165094781e-5	-0.17488489386252568
AM2_0	765031	815030	790030.5	351	8.695652173913043e-7	NA
AM2_4	765031	815030	790030.5	351	0	NA
AM3_0	765031	815030	790030.5	351	3.249612358229764e-5	-0.9223870480092051
AM4_4	765031	815030	790030.5	351	3.552579980406068e-5	0.2653458290959571
AM5_0	765031	815030	790030.5	351	2.4952380952380953e-5	NA
AM6_0	765031	815030	790030.5	351	3.656082028689552e-5	-0.6732981624769373
AM7_0	765031	815030	790030.5	351	2.3209356447577947e-5	-0.826140143164885
AM8_4	765031	815030	790030.5	351	3.4730339791035635e-5	-1.006942859380336
AM9_0	765031	815030	790030.5	351	3.696247610852073e-5	-0.07418728015301447
AM10_0	770031	820030	795030.5	392	3.2136387812138575e-5	-0.7246646458967314
AM11_0	770031	820030	795030.5	392	4.230685304170167e-5	-1.2023281007713376
AM12_0	770031	820030	795030.5	392	9.323809523809525e-5	-0.9242954735661639
AM1_0	770031	820030	795030.5	392	2.076656956583204e-5	0.39188124857079976
AM2_0	770031	820030	795030.5	392	8.695652173913043e-7	NA
AM2_4	770031	820030	795030.5	392	0	NA
AM3_0	770031	820030	795030.5	392	3.166687288653733e-5	-1.208741598380311
AM4_4	770031	820030	795030.5	392	4.017127207158167e-5	-0.4739237218315125
AM5_0	770031	820030	795030.5	392	4.579448621553885e-5	1.2118584767898528
AM6_0	770031	820030	795030.5	392	3.9363516907414796e-5	-0.2731024009828653
AM7_0	770031	820030	795030.5	392	2.874425135456588e-5	-1.0585453911914446
AM8_4	770031	820030	795030.5	392	3.550473041210838e-5	-0.910723271599383
AM9_0	770031	820030	795030.5	392	4.751013616445451e-5	0.16973376718245434
AM10_0	775031	825030	800030.5	358	2.6674083402465746e-5	-0.7246646458967314
AM11_0	775031	825030	800030.5	358	4.04777231945243e-5	-1.2919851537072427
AM12_0	775031	825030	800030.5	358	9.323809523809525e-5	-0.9242954735661639
AM1_0	775031	825030	800030.5	358	2.1365997497681313e-5	-0.02989164265577253
AM2_0	775031	825030	800030.5	358	8.695652173913043e-7	NA
AM2_4	775031	825030	800030.5	358	0	NA
AM3_0	775031	825030	800030.5	358	2.9848691068355508e-5	-1.208741598380311
AM4_4	775031	825030	800030.5	358	3.5925118225427826e-5	-0.43774998755218086
AM5_0	775031	825030	800030.5	358	4.579448621553885e-5	1.2118584767898528
AM6_0	775031	825030	800030.5	358	3.635943527476173e-5	-0.2731024009828653
AM7_0	775031	825030	800030.5	358	2.579376826277844e-5	-0.8876119813275106
AM8_4	775031	825030	800030.5	358	3.107243492943276e-5	-0.7242656284956471
AM9_0	775031	825030	800030.5	358	4.5843469497787844e-5	0.16973376718245434
AM10_0	780031	830030	805030.5	356	2.572170245008479e-5	-0.7246646458967314
AM11_0	780031	830030	805030.5	356	3.819314665994776e-5	-1.2899948911328314
AM12_0	780031	830030	805030.5	356	1.1546031746031748e-4	-0.9565934889875993
AM1_0	780031	830030	805030.5	356	2.2365997497681317e-5	-0.41047143260265895
AM2_0	780031	830030	805030.5	356	4.115942028985507e-6	-0.9976006648242418
AM2_4	780031	830030	805030.5	356	0	NA
AM3_0	780031	830030	805030.5	356	2.9848691068355508e-5	-1.208741598380311
AM4_4	780031	830030	805030.5	356	3.5925118225427826e-5	-0.43774998755218086
AM5_0	780031	830030	805030.5	356	4.579448621553885e-5	1.2118584767898528
AM6_0	780031	830030	805030.5	356	3.5003879719206176e-05	0.03476973789845767
AM7_0	780031	830030	805030.5	356	2.679376826277844e-5	-1.134582149675187
AM8_4	780031	830030	805030.5	356	2.7710727671173775e-5	-0.6506277791504814
AM9_0	780031	830030	805030.5	356	4.684346949778785e-5	-0.3304926171558502
AM10_0	785031	835030	810030.5	377	3.285067352642429e-5	-0.7246646458967314
AM11_0	785031	835030	810030.5	377	4.098839473821471e-5	-1.2899948911328314
AM12_0	785031	835030	810030.5	377	1.2568253968253969e-4	-0.7914204071570412
AM1_0	785031	835030	810030.5	377	2.5554403294782762e-5	-0.41047143260265895
AM2_0	785031	835030	810030.5	377	4.115942028985507e-6	-0.9976006648242418
AM2_4	785031	835030	810030.5	377	0	NA
AM3_0	785031	835030	810030.5	377	3.5933347153011595e-5	-1.270471703558601
AM4_4	785031	835030	810030.5	377	4.0108124761375536e-5	-0.43774998755218086
AM5_0	785031	835030	810030.5	377	4.579448621553885e-5	1.2118584767898528
AM6_0	785031	835030	810030.5	377	3.657122665798169e-5	0.03476973789845767
AM7_0	785031	835030	810030.5	377	3.112977539290322e-5	-0.8664395796454848
AM8_4	785031	835030	810030.5	377	3.294966796329934e-5	-0.7566095006145592
AM9_0	785031	835030	810030.5	377	5.030667296099131e-5	-0.3304926171558502
AM10_0	790031	840030	815030.5	364	3.285067352642429e-5	-0.7246646458967314
AM11_0	790031	840030	815030.5	364	3.932026608324395e-5	-1.028681372594421
AM12_0	790031	840030	815030.5	364	1.306825396825397e-4	-0.8246747090438817
AM1_0	790031	840030	815030.5	364	2.5554403294782762e-5	-0.41047143260265895
AM2_0	790031	840030	815030.5	364	3.2463768115942027e-6	NA
AM2_4	790031	840030	815030.5	364	0	NA
AM3_0	790031	840030	815030.5	364	3.747180869147313e-5	-1.4761061794519332
AM4_4	790031	840030	815030.5	364	4.0108124761375536e-5	-0.43774998755218086
AM5_0	790031	840030	815030.5	364	4.162781954887218e-5	1.2118584767898528
AM6_0	790031	840030	815030.5	364	3.657122665798169e-5	0.03476973789845767
AM7_0	790031	840030	815030.5	364	3.3431816209229746e-5	-0.9751553805255517
AM8_4	790031	840030	815030.5	364	3.294966796329934e-5	-0.7566095006145592
AM9_0	790031	840030	815030.5	364	5.030667296099131e-5	-0.3304926171558502
AM10_0	795031	845030	820030.5	374	3.44884771235967e-5	-1.4045552087186335
AM11_0	795031	845030	820030.5	374	3.4168868488454556e-5	-1.4967816097925046
AM12_0	795031	845030	820030.5	374	1.369047619047619e-4	-0.8141853359302598
AM1_0	795031	845030	820030.5	374	2.144192814263593e-5	-0.5981933649009828
AM2_0	795031	845030	820030.5	374	4.115942028985507e-6	-0.9976006648242418
AM2_4	795031	845030	820030.5	374	8.695652173913043e-7	NA
AM3_0	795031	845030	820030.5	374	3.9646976518814866e-5	-1.6380273615170167
AM4_4	795031	845030	820030.5	374	4.724022085510846e-5	-1.103951314246286
AM5_0	795031	845030	820030.5	374	7.007226399331662e-5	1.2118584767898528
AM6_0	795031	845030	820030.5	374	2.842685681868093e-5	-0.27510282237830397
AM7_0	795031	845030	820030.5	374	3.468325683654695e-5	-1.3362593921682366
AM8_4	795031	845030	820030.5	374	3.264500921675654e-5	-1.024723123251377
AM9_0	795031	845030	820030.5	374	4.338909966207927e-5	-0.3368320029078658
AM10_0	800031	850030	825030.5	388	3.44884771235967e-5	-1.4045552087186335
AM11_0	800031	850030	825030.5	388	3.528066056653877e-5	-1.526489658941697
AM12_0	800031	850030	825030.5	388	1.369047619047619e-4	-0.8141853359302598
AM1_0	800031	850030	825030.5	388	2.144192814263593e-5	-0.5981933649009828
AM2_0	800031	850030	825030.5	388	4.115942028985507e-6	-0.9976006648242418
AM2_4	800031	850030	825030.5	388	8.695652173913043e-7	NA
AM3_0	800031	850030	825030.5	388	3.9646976518814866e-5	-1.6380273615170167
AM4_4	800031	850030	825030.5	388	4.724022085510846e-5	-1.103951314246286
AM5_0	800031	850030	825030.5	388	7.007226399331662e-5	1.2118584767898528
AM6_0	800031	850030	825030.5	388	2.603139307136746e-5	0.5087215490528434
AM7_0	800031	850030	825030.5	388	3.468325683654695e-5	-1.3362593921682366
AM8_4	800031	850030	825030.5	388	3.264500921675654e-5	-1.024723123251377
AM9_0	800031	850030	825030.5	388	4.338909966207927e-5	-0.3368320029078658
AM10_0	805031	855030	830030.5	389	3.3377366012485595e-5	-1.4045552087186335
AM11_0	805031	855030	830030.5	389	2.896242595562123e-5	-1.526489658941697
AM12_0	805031	855030	830030.5	389	1.5134920634920636e-4	-0.6195177697086818
AM1_0	805031	855030	830030.5	389	2.144192814263593e-5	-0.5981933649009828
AM2_0	805031	855030	830030.5	389	4.115942028985507e-6	-0.9976006648242418
AM2_4	805031	855030	830030.5	389	8.695652173913043e-7	NA
AM3_0	805031	855030	830030.5	389	3.847762168010519e-5	-1.7644195399042955
AM4_4	805031	855030	830030.5	389	4.224022085510846e-5	NA
AM5_0	805031	855030	830030.5	389	5.5786549707602345e-5	1.2118584767898528
AM6_0	805031	855030	830030.5	389	2.1110758150732538e-5	0.5087215490528434
AM7_0	805031	855030	830030.5	389	3.0871200098958294e-5	-1.4808618665776925
AM8_4	805031	855030	830030.5	389	3.0162354267635356e-5	-0.46776603672871314
AM9_0	805031	855030	830030.5	389	4.1970296243275854e-5	0.06204413239533347
AM10_0	810031	860030	835030.5	416	4.8524757891682055e-5	-0.3866762057578078
AM11_0	810031	860030	835030.5	416	4.301518832055924e-5	-0.9767202745722707
AM12_0	810031	860030	835030.5	416	1.606825396825397e-4	-0.5316970664538846
AM1_0	810031	860030	835030.5	416	3.0720354468585e-5	0.5799376211833349
AM2_0	810031	860030	835030.5	416	4.115942028985507e-6	-0.9976006648242418
AM2_4	810031	860030	835030.5	416	3.726708074534161e-6	NA
AM3_0	810031	860030	835030.5	416	5.163361511196069e-5	-1.0361744244274709
AM4_4	810031	860030	835030.5	416	5.012257379628493e-5	NA
AM5_0	810031	860030	835030.5	416	6.89582668793195e-5	1.2118584767898528
AM6_0	810031	860030	835030.5	416	2.850323514713687e-5	1.6498067532734835
AM7_0	810031	860030	835030.5	416	4.409427444255349e-5	-1.0013136689105184
AM8_4	810031	860030	835030.5	416	4.074236031724213e-5	0.25860388282269287
AM9_0	810031	860030	835030.5	416	5.433138939384268e-5	0.5808380092660806
AM10_0	815031	865030	840030.5	462	4.8524757891682055e-5	-0.3866762057578078
AM11_0	815031	865030	840030.5	462	4.2598521653892576e-5	-0.7778692549680123
AM12_0	815031	865030	840030.5	462	1.6468253968253969e-4	-0.5942001958890125
AM1_0	815031	865030	840030.5	462	3.1831465579696114e-5	0.5799376211833349
AM2_0	815031	865030	840030.5	462	4.115942028985507e-6	-0.9976006648242418
AM2_4	815031	865030	840030.5	462	3.726708074534161e-6	NA
AM3_0	815031	865030	840030.5	462	5.163361511196069e-5	-1.0361744244274709
AM4_4	815031	865030	840030.5	462	5.5537958411669547e-5	-0.34095111630977454
AM5_0	815031	865030	840030.5	462	6.89582668793195e-5	1.2118584767898528
AM6_0	815031	865030	840030.5	462	2.850323514713687e-5	1.6498067532734835
AM7_0	815031	865030	840030.5	462	4.5725480116312355e-5	-1.120140826995979
AM8_4	815031	865030	840030.5	462	4.170621929684324e-5	-0.05630103207255981
AM9_0	815031	865030	840030.5	462	5.433138939384268e-5	0.5808380092660806
AM10_0	820031	870030	845030.5	443	3.9976251128487415e-5	1.1510875861267247
AM11_0	820031	870030	845030.5	443	3.28196996967226e-5	-0.45453247709423245
AM12_0	820031	870030	845030.5	443	1.5303174603174604e-4	-0.46592429480816805
AM1_0	820031	870030	845030.5	443	3.0493248241478776e-5	-0.11236955613401822
AM2_0	820031	870030	845030.5	443	7.516908212560386e-6	-1.3568338924675059
AM2_4	820031	870030	845030.5	443	5.357913748293026e-6	-1.3020291441763252
AM3_0	820031	870030	845030.5	443	4.738235272418181e-5	-1.137407815185755
AM4_4	820031	870030	845030.5	443	4.33940589674605e-5	0.08874538421921421
AM5_0	820031	870030	845030.5	443	6.909400729988966e-5	2.0657893233032714
AM6_0	820031	870030	845030.5	443	1.9705175691101314e-5	1.5772445822897188
AM7_0	820031	870030	845030.5	443	3.3874511230683656e-5	-1.0509361800129409
AM8_4	820031	870030	845030.5	443	3.346361162452738e-5	-0.6138895312571377
AM9_0	820031	870030	845030.5	443	2.90247628142365e-5	-0.08303521142025837
AM10_0	825031	875030	850030.5	484	3.9976251128487415e-5	1.1510875861267247
AM11_0	825031	875030	850030.5	484	3.190559858065677e-5	-0.2199326873346492
AM12_0	825031	875030	850030.5	484	1.9015873015873017e-4	-0.3475823316476896
AM1_0	825031	875030	850030.5	484	2.871734972139421e-5	0.4095388982267179
AM2_0	825031	875030	850030.5	484	9.292806732644953e-6	-1.459337791968391
AM2_4	825031	875030	850030.5	484	5.357913748293026e-6	-1.3020291441763252
AM3_0	825031	875030	850030.5	484	4.738235272418181e-5	-1.137407815185755
AM4_4	825031	875030	850030.5	484	4.625120182460336e-5	0.08874538421921421
AM5_0	825031	875030	850030.5	484	7.195115015703251e-5	2.0657893233032714
AM6_0	825031	875030	850030.5	484	1.9705175691101314e-5	1.5772445822897188
AM7_0	825031	875030	850030.5	484	3.649645740045591e-5	-1.4542603462892598
AM8_4	825031	875030	850030.5	484	3.346361162452738e-5	-0.6138895312571377
AM9_0	825031	875030	850030.5	484	2.90247628142365e-5	-0.08303521142025837
AM10_0	830031	880030	855030.5	481	5.083887509327918e-5	0.6654747239472865
AM11_0	830031	880030	855030.5	481	3.6092733083580743e-5	0.1296862805445051
AM12_0	830031	880030	855030.5	481	1.6793650793650794e-4	-0.23720161858561298
AM1_0	830031	880030	855030.5	481	3.279671480075929e-5	NA
AM2_0	830031	880030	855030.5	481	6.04642992105075e-6	-1.5435483178164213
AM2_4	830031	880030	855030.5	481	5.357913748293026e-6	-1.3020291441763252
AM3_0	830031	880030	855030.5	481	6.470949965132873e-5	-0.4843257482366456
AM4_4	830031	880030	855030.5	481	5.2133554765779834e-5	0.08874538421921421
AM5_0	830031	880030	855030.5	481	7.480829301417538e-5	2.0657893233032714
AM6_0	830031	880030	855030.5	481	3.226932412732112e-5	0.8950810970123728
AM7_0	830031	880030	855030.5	481	4.944148256499327e-5	-1.176157586198532
AM8_4	830031	880030	855030.5	481	3.852997318059145e-5	-0.8268418481930004
AM9_0	830031	880030	855030.5	481	4.003156838141359e-5	0.7321128652283694
AM10_0	835031	885030	860030.5	457	4.370990401693968e-5	0.6654747239472865
AM11_0	835031	885030	860030.5	457	3.4640919348748145e-5	-0.7178228441374478
AM12_0	835031	885030	860030.5	457	1.6582539682539682e-4	-0.2940648650303464
AM1_0	835031	885030	860030.5	457	2.9608309003657838e-5	NA
AM2_0	835031	885030	860030.5	457	1.383570793884242e-5	-1.2774952376012698
AM2_4	835031	885030	860030.5	457	5.357913748293026e-6	-1.3020291441763252
AM3_0	835031	885030	860030.5	457	5.995817690000599e-5	-0.5734882073045178
AM4_4	835031	885030	860030.5	457	4.7950548229832116e-5	0.08874538421921421
AM5_0	835031	885030	860030.5	457	7.480829301417538e-5	2.0657893233032714
AM6_0	835031	885030	860030.5	457	3.129021248266325e-5	0.44820471449038485
AM7_0	835031	885030	860030.5	457	4.590334777529402e-5	-1.251577307700545
AM8_4	835031	885030	860030.5	457	3.329103288846589e-5	-0.72820269796788
AM9_0	835031	885030	860030.5	457	3.6568364918210124e-5	0.7321128652283694
AM10_0	840031	890030	865030.5	432	4.370990401693968e-5	0.6654747239472865
AM11_0	840031	890030	865030.5	432	3.4640919348748145e-5	-0.7178228441374478
AM12_0	840031	890030	865030.5	432	1.5582539682539685e-4	-0.19756641297940858
AM1_0	840031	890030	865030.5	432	2.9608309003657838e-5	NA
AM2_0	840031	890030	865030.5	432	1.383570793884242e-5	-1.2774952376012698
AM2_4	840031	890030	865030.5	432	5.357913748293026e-6	-1.3020291441763252
AM3_0	840031	890030	865030.5	432	5.8419715361544447e-5	-0.39013539542590525
AM4_4	840031	890030	865030.5	432	4.7950548229832116e-5	0.08874538421921421
AM5_0	840031	890030	865030.5	432	7.230829301417537e-5	2.0657893233032714
AM6_0	840031	890030	865030.5	432	3.129021248266325e-5	0.44820471449038485
AM7_0	840031	890030	865030.5	432	4.523251263272636e-5	-1.2886076052465258
AM8_4	840031	890030	865030.5	432	3.329103288846589e-5	-0.72820269796788
AM9_0	840031	890030	865030.5	432	3.6568364918210124e-5	0.7321128652283694
AM10_0	845031	895030	870030.5	417	3.610650000498852e-5	0.08928031667584008
AM11_0	845031	895030	870030.5	417	3.443967577040032e-5	-0.9794168362973533
AM12_0	845031	895030	870030.5	417	1.424920634920635e-4	-0.18965490654743974
AM1_0	845031	895030	870030.5	417	2.70686264639753e-5	NA
AM2_0	845031	895030	870030.5	417	1.2966142721451113e-5	-1.061090920306929
AM2_4	845031	895030	870030.5	417	6.119554204660587e-6	-1.1497531149782911
AM3_0	845031	895030	870030.5	417	4.4931416221071396e-5	-0.1623639502947502
AM4_4	845031	895030	870030.5	417	3.4356913674560734e-5	0.5131298760868916
AM5_0	845031	895030	870030.5	417	3.986384856973093e-5	2.0657893233032714
AM6_0	845031	895030	870030.5	417	3.0237580903715882e-5	0.44820471449038485
AM7_0	845031	895030	870030.5	417	3.759459857545746e-5	-1.2347503830847644
AM8_4	845031	895030	870030.5	417	2.5759124001007127e-5	-1.0977241165559686
AM9_0	845031	895030	870030.5	417	2.9598667948513147e-5	0.7321128652283694
AM10_0	850031	900030	875030.5	407	3.610650000498852e-5	0.08928031667584008
AM11_0	850031	900030	875030.5	407	3.3147355001149116e-5	-1.0647576022812741
AM12_0	850031	900030	875030.5	407	1.4649206349206351e-4	-0.27483751334541967
AM1_0	850031	900030	875030.5	407	2.70686264639753e-5	NA
AM2_0	850031	900030	875030.5	407	1.2966142721451113e-5	-1.061090920306929
AM2_4	850031	900030	875030.5	407	6.119554204660587e-6	-1.1497531149782911
AM3_0	850031	900030	875030.5	407	4.618141622107139e-5	-0.4023733116672972
AM4_4	850031	900030	875030.5	407	3.4356913674560734e-5	0.5131298760868916
AM5_0	850031	900030	875030.5	407	5.041329911918147e-5	2.0657893233032714
AM6_0	850031	900030	875030.5	407	3.079313645927144e-5	0.09601795742748559
AM7_0	850031	900030	875030.5	407	3.759459857545746e-5	-1.2347503830847644
AM8_4	850031	900030	875030.5	407	2.5759124001007127e-5	-1.0977241165559686
AM9_0	850031	900030	875030.5	407	2.9598667948513147e-5	0.7321128652283694
AM10_0	855031	905030	880030.5	371	4.626692781247515e-5	0.08928031667584008
AM11_0	855031	905030	880030.5	371	4.255911970703147e-5	-1.0647576022812741
AM12_0	855031	905030	880030.5	371	1.1093650793650793e-4	-0.3578263383454618
AM1_0	855031	905030	880030.5	371	3.585983525518409e-5	NA
AM2_0	855031	905030	880030.5	371	1.2966142721451113e-5	-1.061090920306929
AM2_4	855031	905030	880030.5	371	2.611955420466059e-5	-1.1497531149782911
AM3_0	855031	905030	880030.5	371	5.020614149579667e-5	-0.1623639502947502
AM4_4	855031	905030	880030.5	371	4.253873185637891e-5	0.5131298760868916
AM5_0	855031	905030	880030.5	371	5.041329911918147e-5	2.0657893233032714
AM6_0	855031	905030	880030.5	371	4.0285199951334933e-5	0.09601795742748559
AM7_0	855031	905030	880030.5	371	5.5939210104279516e-5	-1.2347503830847644
AM8_4	855031	905030	880030.5	371	3.5498254435789737e-5	-1.0977241165559686
AM9_0	855031	905030	880030.5	371	3.629597064581584e-5	1.047284991723217
AM10_0	860031	910030	885030.5	339	3.675074160703756e-5	-0.5925710520052128
AM11_0	860031	910030	885030.5	339	2.7681795938584686e-5	-1.4282599976910617
AM12_0	860031	910030	885030.5	339	1.0160317460317462e-4	-0.4711324850106472
AM1_0	860031	910030	885030.5	339	2.5711843711843708e-5	NA
AM2_0	860031	910030	885030.5	339	1.7786438704537794e-5	-0.9027624199008226
AM2_4	860031	910030	885030.5	339	2.4131976564909037e-5	-1.4483516728084425
AM3_0	860031	910030	885030.5	339	3.7050148063941166e-5	-0.626779530242498
AM4_4	860031	910030	885030.5	339	4.071698497580851e-5	0.5131298760868916
AM5_0	860031	910030	885030.5	339	3.72415819474643e-5	2.0657893233032714
AM6_0	860031	910030	885030.5	339	3.0645137353525853e-5	-0.4241815776056892
AM7_0	860031	910030	885030.5	339	4.2716135760684327e-5	-1.5779152364718043
AM8_4	860031	910030	885030.5	339	2.491824838618296e-5	-1.6704708924589922
AM9_0	860031	910030	885030.5	339	2.393487749524901e-5	0.5226270642570995
AM10_0	865031	915030	890030.5	319	3.675074160703756e-5	-0.5925710520052128
AM11_0	865031	915030	890030.5	319	2.7681795938584686e-5	-1.4282599976910617
AM12_0	865031	915030	890030.5	319	1.0426984126984127e-4	-0.3666958167886949
AM1_0	865031	915030	890030.5	319	2.724619633820847e-5	-1.2918489030323053
AM2_0	865031	915030	890030.5	319	1.7786438704537794e-5	-0.9027624199008226
AM2_4	865031	915030	890030.5	319	2.4131976564909037e-5	-1.4483516728084425
AM3_0	865031	915030	890030.5	319	3.7050148063941166e-5	-0.626779530242498
AM4_4	865031	915030	890030.5	319	3.530160036042389e-5	NA
AM5_0	865031	915030	890030.5	319	3.72415819474643e-5	2.0657893233032714
AM6_0	865031	915030	890030.5	319	3.6214521657010986e-5	-0.7900748583780245
AM7_0	865031	915030	890030.5	319	5.101596456968408e-5	-1.508558582121473
AM8_4	865031	915030	890030.5	319	2.3519606797886202e-5	-1.4452903908279613
AM9_0	865031	915030	890030.5	319	2.393487749524901e-5	0.5226270642570995
AM10_0	870031	920030	895030.5	307	3.708475431116911e-5	-1.0113724112068205
AM11_0	870031	920030	895030.5	307	3.111978385933122e-5	-1.786380209035725
AM12_0	870031	920030	895030.5	307	1.0079365079365079e-4	-0.22438128933506774
AM1_0	870031	920030	895030.5	307	2.486281180159813e-5	-1.2918489030323053
AM2_0	870031	920030	895030.5	307	2.497370781508056e-5	-0.4846958641673138
AM2_4	870031	920030	895030.5	307	3.2346924737304016e-5	-1.3020291441763252
AM3_0	870031	920030	895030.5	307	3.4746609043977464e-5	0.005817546380505209
AM4_4	870031	920030	895030.5	307	3.267888973771327e-5	NA
AM5_0	870031	920030	895030.5	307	1.8763736263736264e-5	NA
AM6_0	870031	920030	895030.5	307	3.55069757339239e-5	-1.0502701943827575
AM7_0	870031	920030	895030.5	307	5.718029751061232e-5	-1.4458735698768552
AM8_4	870031	920030	895030.5	307	2.4429150096035325e-5	-1.720543479905451
AM9_0	870031	920030	895030.5	307	3.281746858836642e-5	0.5226270642570995
AM10_0	875031	925030	900030.5	276	3.708475431116911e-5	-1.0113724112068205
AM11_0	875031	925030	900030.5	276	2.8387327718980352e-5	-1.8857104459819836
AM12_0	875031	925030	900030.5	276	6.366666666666666e-5	-0.4560927016052609
AM1_0	875031	925030	900030.5	276	2.486281180159813e-5	-1.2918489030323053
AM2_0	875031	925030	900030.5	276	2.9286604221000223e-5	0.06293546005575128
AM2_4	875031	925030	900030.5	276	3.2346924737304016e-5	-1.3020291441763252
AM3_0	875031	925030	900030.5	276	3.4746609043977464e-5	0.005817546380505209
AM4_4	875031	925030	900030.5	276	2.982174688057041e-5	NA
AM5_0	875031	925030	900030.5	276	1.5906593406593408e-5	NA
AM6_0	875031	925030	900030.5	276	3.8233851678191145e-5	-1.2406394082099301
AM7_0	875031	925030	900030.5	276	5.455835134084006e-5	-0.6851465994462489
AM8_4	875031	925030	900030.5	276	2.727060514064754e-5	-1.7779855726101501
AM9_0	875031	925030	900030.5	276	3.281746858836642e-5	0.5226270642570995
AM10_0	880031	930030	905030.5	314	2.6222130346377335e-5	NA
AM11_0	880031	930030	905030.5	314	2.458908210494526e-5	-1.8857104459819836
AM12_0	880031	930030	905030.5	314	7.877777777777778e-5	-0.6775062897362593
AM1_0	880031	930030	905030.5	314	1.9783446722233048e-5	-1.2918489030323053
AM2_0	880031	930030	905030.5	314	2.9286604221000223e-5	0.06293546005575128
AM2_4	880031	930030	905030.5	314	3.2346924737304016e-5	-1.3020291441763252
AM3_0	880031	930030	905030.5	314	1.9641684339052762e-5	-1.4868211180619293
AM4_4	880031	930030	905030.5	314	2.3939393939393936e-5	NA
AM5_0	880031	930030	905030.5	314	1.304945054945055e-5	NA
AM6_0	880031	930030	905030.5	314	2.5669703241971344e-5	-1.65307710557404
AM7_0	880031	930030	905030.5	314	4.061332617630271e-5	-1.132309382792385
AM8_4	880031	930030	905030.5	314	2.4819719775059657e-5	-1.6413765312908446
AM9_0	880031	930030	905030.5	314	2.5334472544998863e-5	NA
AM10_0	885031	935030	910030.5	345	2.893990038122054e-5	NA
AM11_0	885031	935030	910030.5	345	2.464824516410832e-5	-1.4143526924154894
AM12_0	885031	935030	910030.5	345	1.0222222222222223e-4	-0.71862754455729
AM1_0	885031	935030	910030.5	345	1.9783446722233048e-5	-1.2918489030323053
AM2_0	885031	935030	910030.5	345	2.1497326203208557e-5	0.3617339825468487
AM2_4	885031	935030	910030.5	345	3.2346924737304016e-5	-1.3020291441763252
AM3_0	885031	935030	910030.5	345	2.053057322794165e-5	NA
AM4_4	885031	935030	910030.5	345	2.3939393939393936e-5	NA
AM5_0	885031	935030	910030.5	345	1.304945054945055e-5	NA
AM6_0	885031	935030	910030.5	345	2.6648814886629206e-5	-1.5140155963048234
AM7_0	885031	935030	910030.5	345	4.015859109077914e-5	NA
AM8_4	885031	935030	910030.5	345	2.6327616802792524e-5	-1.884610758344754
AM9_0	885031	935030	910030.5	345	2.5334472544998863e-5	NA
AM10_0	890031	940030	915030.5	379	2.893990038122054e-5	NA
AM11_0	890031	940030	915030.5	379	2.464824516410832e-5	-1.4143526924154894
AM12_0	890031	940030	915030.5	379	1.1155555555555555e-4	-0.5918061172117741
AM1_0	890031	940030	915030.5	379	1.9783446722233048e-5	-1.2918489030323053
AM2_0	890031	940030	915030.5	379	2.1497326203208557e-5	0.3617339825468487
AM2_4	890031	940030	915030.5	379	3.397813041106288e-5	-1.4483516728084425
AM3_0	890031	940030	915030.5	379	2.053057322794165e-5	NA
AM4_4	890031	940030	915030.5	379	2.3939393939393936e-5	NA
AM5_0	890031	940030	915030.5	379	1.304945054945055e-5	NA
AM6_0	890031	940030	915030.5	379	2.7715086637832465e-5	-1.6120916969214223
AM7_0	890031	940030	915030.5	379	3.852738541702027e-5	NA
AM8_4	890031	940030	915030.5	379	2.6327616802792524e-5	-1.884610758344754
AM9_0	890031	940030	915030.5	379	2.5334472544998863e-5	NA
AM10_0	895031	945030	920030.5	398	2.829473909089796e-5	NA
AM11_0	895031	945030	920030.5	398	2.253166609100751e-5	NA
AM12_0	895031	945030	920030.5	398	1.1612698412698412e-4	-0.414939512714404
AM1_0	895031	945030	920030.5	398	1.9783446722233048e-5	-1.2918489030323053
AM2_0	895031	945030	920030.5	398	2.1497326203208557e-5	0.3617339825468487
AM2_4	895031	945030	920030.5	398	3.2346924737304016e-5	-1.3020291441763252
AM3_0	895031	945030	920030.5	398	2.3113906561274984e-5	-1.7166139918967787
AM4_4	895031	945030	920030.5	398	2.3939393939393936e-5	NA
AM5_0	895031	945030	920030.5	398	1.304945054945055e-5	NA
AM6_0	895031	945030	920030.5	398	2.933480494769162e-5	-1.6503208941547798
AM7_0	895031	945030	920030.5	398	3.852738541702027e-5	NA
AM8_4	895031	945030	920030.5	398	2.6774793739331164e-5	-1.9763163410263624
AM9_0	895031	945030	920030.5	398	2.5334472544998863e-5	NA
AM10_0	900031	950030	925030.5	412	3.0247120043278913e-5	NA
AM11_0	900031	950030	925030.5	412	2.210613417611389e-5	NA
AM12_0	900031	950030	925030.5	412	1.2012698412698412e-4	-0.5060784578418638
AM1_0	900031	950030	925030.5	412	2.1450113388899713e-5	-1.2918489030323053
AM2_0	900031	950030	925030.5	412	2.1497326203208557e-5	0.3617339825468487
AM2_4	900031	950030	925030.5	412	3.2346924737304016e-5	-1.3020291441763252
AM3_0	900031	950030	925030.5	412	2.5052312358376428e-5	-1.4868211180619293
AM4_4	900031	950030	925030.5	412	2.7939393939393938e-5	NA
AM5_0	900031	950030	925030.5	412	1.1499999999999998e-5	NA
AM6_0	900031	950030	925030.5	412	2.9519990132876804e-5	-1.520853581686589
AM7_0	900031	950030	925030.5	412	4.031309970273456e-5	-1.427325866599801
AM8_4	900031	950030	925030.5	412	2.7399793739331165e-5	-1.9763163410263624
AM9_0	900031	950030	925030.5	412	2.5334472544998863e-5	NA
AM10_0	905031	955030	930030.5	430	4.4768585037539676e-5	1.836193984227379
AM11_0	905031	955030	930030.5	430	3.88853289210722e-5	2.233965130854222
AM12_0	905031	955030	930030.5	430	1.2012698412698412e-4	-0.5060784578418638
AM1_0	905031	955030	930030.5	430	3.924796115685655e-5	-0.17505294581750577
AM2_0	905031	955030	930030.5	430	2.1497326203208557e-5	0.3617339825468487
AM2_4	905031	955030	930030.5	430	1.659367798405726e-5	-1.5457348645631004
AM3_0	905031	955030	930030.5	430	4.274110532453072e-5	-0.483992523040391
AM4_4	905031	955030	930030.5	430	4.5073541256607615e-5	1.0037953218782174
AM5_0	905031	955030	930030.5	430	1.3318181818181818e-5	NA
AM6_0	905031	955030	930030.5	430	4.63331578065042e-5	-0.24403136256908903
AM7_0	905031	955030	930030.5	430	5.1040358359204384e-5	-0.6692709420882609
AM8_4	905031	955030	930030.5	430	4.491698097883884e-5	-0.6249833617287618
AM9_0	905031	955030	930030.5	430	4.093416696822269e-5	1.8363620839360268
AM10_0	910031	960030	935030.5	459	3.913737936378081e-5	1.836193984227379
AM11_0	910031	960030	935030.5	459	4.019749823324151e-5	2.233965130854222
AM12_0	910031	960030	935030.5	459	1.2412698412698413e-4	-0.588254351597162
AM1_0	910031	960030	935030.5	459	4.991462782352322e-5	-0.17505294581750577
AM2_0	910031	960030	935030.5	459	2.0207808385046384e-5	0.10369661584585292
AM2_4	910031	960030	935030.5	459	1.572411276666596e-5	-1.2759511035484838
AM3_0	910031	960030	935030.5	459	4.4963327546752934e-5	-0.483992523040391
AM4_4	910031	960030	935030.5	459	3.901293519600156e-5	1.0037953218782174
AM5_0	910031	960030	935030.5	459	1.3318181818181818e-5	NA
AM6_0	910031	960030	935030.5	459	4.9348147506425405e-5	-0.4097890492357746
AM7_0	910031	960030	935030.5	459	5.49094906493893e-5	-0.6692709420882609
AM8_4	910031	960030	935030.5	459	4.491698097883884e-5	-0.6249833617287618
AM9_0	910031	960030	935030.5	459	4.093416696822269e-5	1.8363620839360268
AM10_0	915031	965030	940030.5	441	3.913737936378081e-5	1.836193984227379
AM11_0	915031	965030	940030.5	441	4.019749823324151e-5	2.233965130854222
AM12_0	915031	965030	940030.5	441	1.1746031746031746e-4	-0.588254351597162
AM1_0	915031	965030	940030.5	441	4.726916408604734e-5	NA
AM2_0	915031	965030	940030.5	441	2.0207808385046384e-5	0.10369661584585292
AM2_4	915031	965030	940030.5	441	1.572411276666596e-5	-1.2759511035484838
AM3_0	915031	965030	940030.5	441	4.4963327546752934e-5	-0.483992523040391
AM4_4	915031	965030	940030.5	441	3.901293519600156e-5	1.0037953218782174
AM5_0	915031	965030	940030.5	441	1.3318181818181818e-5	NA
AM6_0	915031	965030	940030.5	441	4.3778763202940265e-5	-0.003058689505907154
AM7_0	915031	965030	940030.5	441	4.497845616663068e-5	-0.6692709420882609
AM8_4	915031	965030	940030.5	441	4.491698097883884e-5	-0.6249833617287618
AM9_0	915031	965030	940030.5	441	4.093416696822269e-5	1.8363620839360268
AM10_0	920031	970030	945030.5	435	3.273470468524406e-5	0.737857790134737
AM11_0	920031	970030	945030.5	435	2.9739059498940708e-5	2.233965130854222
AM12_0	920031	970030	945030.5	435	8.057142857142857e-5	-0.8516435351329147
AM1_0	920031	970030	945030.5	435	3.8922389892498954e-5	NA
AM2_0	920031	970030	945030.5	435	9.619573090928734e-6	0.10369661584585292
AM2_4	920031	970030	945030.5	435	6.7475241379034165e-6	-1.5457348645631004
AM3_0	920031	970030	945030.5	435	3.540192403798101e-5	-0.483992523040391
AM4_4	920031	970030	945030.5	435	2.931596549903186e-5	1.0037953218782174
AM5_0	920031	970030	945030.5	435	1.6503607503607506e-5	-1.4073715772390052
AM6_0	920031	970030	945030.5	435	3.7041174550458e-5	-0.003058689505907154
AM7_0	920031	970030	945030.5	435	3.5903187349426376e-5	-0.6692709420882609
AM8_4	920031	970030	945030.5	435	3.617340024308926e-5	-0.4721005907696618
AM9_0	920031	970030	945030.5	435	3.0513114336643747e-5	1.8363620839360268
AM10_0	925031	975030	950030.5	410	3.273470468524406e-5	0.737857790134737
AM11_0	925031	975030	950030.5	410	2.9739059498940708e-5	2.233965130854222
AM12_0	925031	975030	950030.5	410	8.057142857142857e-5	-0.8516435351329147
AM1_0	925031	975030	950030.5	410	3.8922389892498954e-5	NA
AM2_0	925031	975030	950030.5	410	3.530778164924507e-6	NA
AM2_4	925031	975030	950030.5	410	6.7475241379034165e-6	-1.5457348645631004
AM3_0	925031	975030	950030.5	410	3.540192403798101e-5	-0.483992523040391
AM4_4	925031	975030	950030.5	410	2.931596549903186e-5	1.0037953218782174
AM5_0	925031	975030	950030.5	410	1.6503607503607506e-5	-1.4073715772390052
AM6_0	925031	975030	950030.5	410	3.431429860619075e-5	0.522368105720357
AM7_0	925031	975030	950030.5	410	3.5903187349426376e-5	-0.6692709420882609
AM8_4	925031	975030	950030.5	410	3.3331945198477046e-5	-0.17262170387116985
AM9_0	925031	975030	950030.5	410	3.0513114336643747e-5	1.8363620839360268
AM10_0	930031	980030	955030.5	381	3.273470468524406e-5	0.737857790134737
AM11_0	930031	980030	955030.5	381	2.8905726165607377e-5	2.233965130854222
AM12_0	930031	980030	955030.5	381	6.546031746031746e-5	-0.7086093183866633
AM1_0	930031	980030	955030.5	381	3.8922389892498954e-5	NA
AM2_0	930031	980030	955030.5	381	3.530778164924507e-6	NA
AM2_4	930031	980030	955030.5	381	6.7475241379034165e-6	-1.5457348645631004
AM3_0	930031	980030	955030.5	381	3.317970181575879e-5	-0.483992523040391
AM4_4	930031	980030	955030.5	381	2.931596549903186e-5	1.0037953218782174
AM5_0	930031	980030	955030.5	381	1.6503607503607506e-5	-1.4073715772390052
AM6_0	930031	980030	955030.5	381	3.431429860619075e-5	0.522368105720357
AM7_0	930031	980030	955030.5	381	3.5903187349426376e-5	-0.6692709420882609
AM8_4	930031	980030	955030.5	381	3.0716469008000855e-5	-0.17262170387116985
AM9_0	930031	980030	955030.5	381	2.5989304812834222e-5	1.8363620839360268
AM10_0	935031	985030	960030.5	372	4.0529950876615224e-5	0.3613132570570297
AM11_0	935031	985030	960030.5	372	3.666380948570932e-5	1.2772912845239714
AM12_0	935031	985030	960030.5	372	3.847619047619047e-5	-0.38446731884963187
AM1_0	935031	985030	960030.5	372	4.618351656539033e-5	NA
AM2_0	935031	985030	960030.5	372	3.530778164924507e-6	NA
AM2_4	935031	985030	960030.5	372	7.800155716850785e-6	-1.5457348645631004
AM3_0	935031	985030	960030.5	372	3.2957479593536566e-5	-0.483992523040391
AM4_4	935031	985030	960030.5	372	3.181596549903186e-5	1.0037953218782174
AM5_0	935031	985030	960030.5	372	2.317027417027417e-5	-1.4073715772390052
AM6_0	935031	985030	960030.5	372	4.0001891333777435e-5	0.6586743707609961
AM7_0	935031	985030	960030.5	372	4.162567146502384e-5	-0.3076871585521536
AM8_4	935031	985030	960030.5	372	3.525867003696258e-5	0.4502291651958108
AM9_0	935031	985030	960030.5	372	3.6134232349066104e-5	1.8363620839360268
AM10_0	940031	990030	965030.5	352	4.5673207340626406e-5	0.3976452337864339
AM11_0	940031	990030	965030.5	352	4.0455875149184015e-5	1.0452533738229055
AM12_0	940031	990030	965030.5	352	4.558730158730158e-5	-0.33385549886592125
AM1_0	940031	990030	965030.5	352	5.292148447982884e-5	NA
AM2_0	940031	990030	965030.5	352	3.530778164924507e-6	NA
AM2_4	940031	990030	965030.5	352	6.16895004309192e-6	-1.4282271327465181
AM3_0	940031	990030	965030.5	352	4.0013931206439796e-5	-0.1308127102344815
AM4_4	940031	990030	965030.5	352	3.6381182890336206e-5	0.6784214965323551
AM5_0	940031	990030	965030.5	352	3.375850946439182e-5	-0.49316116897453377
AM6_0	940031	990030	965030.5	352	4.4310360783402334e-5	1.0280695883072843
AM7_0	940031	990030	965030.5	352	4.3574389413741785e-5	-0.5084920220508241
AM8_4	940031	990030	965030.5	352	4.087270512468188e-5	0.5424144074570808
AM9_0	940031	990030	965030.5	352	3.944974037045648e-5	1.3324579202622848
AM10_0	945031	995030	970030.5	342	4.5673207340626406e-5	0.3976452337864339
AM11_0	945031	995030	970030.5	342	4.0455875149184015e-5	1.0452533738229055
AM12_0	945031	995030	970030.5	342	4.101587301587301e-5	-0.7251172090474625
AM1_0	945031	995030	970030.5	342	5.292148447982884e-5	NA
AM2_0	945031	995030	970030.5	342	3.530778164924507e-6	NA
AM2_4	945031	995030	970030.5	342	6.16895004309192e-6	-1.4282271327465181
AM3_0	945031	995030	970030.5	342	3.7430597873106457e-5	1.278535394880104
AM4_4	945031	995030	970030.5	342	3.6381182890336206e-5	0.6784214965323551
AM5_0	945031	995030	970030.5	342	3.375850946439182e-5	-0.49316116897453377
AM6_0	945031	995030	970030.5	342	4.269064247354318e-5	1.3899618087235928
AM7_0	945031	995030	970030.5	342	4.3574389413741785e-5	-0.5084920220508241
AM8_4	945031	995030	970030.5	342	4.0424677871844273e-5	0.8973717760226327
AM9_0	945031	995030	970030.5	342	3.944974037045648e-5	1.3324579202622848
AM10_0	950031	1000030	975030.5	331	5.781114811874643e-5	0.12908701798118105
AM11_0	950031	1000030	975030.5	331	4.932072223368066e-5	1.0452533738229055
AM12_0	950031	1000030	975030.5	331	3.7015873015873017e-5	-0.5268899349404564
AM1_0	950031	1000030	975030.5	331	5.705191926243754e-5	NA
AM2_0	950031	1000030	975030.5	331	3.530778164924507e-6	NA
AM2_4	950031	1000030	975030.5	331	6.16895004309192e-6	-1.4282271327465181
AM3_0	950031	1000030	975030.5	331	4.252502035883329e-5	1.278535394880104
AM4_4	950031	1000030	975030.5	331	4.1381182890336206e-5	0.6784214965323551
AM5_0	950031	1000030	975030.5	331	2.4758509464391815e-5	-0.49316116897453377
AM6_0	950031	1000030	975030.5	331	5.6309809123135794e-5	1.3899618087235928
AM7_0	950031	1000030	975030.5	331	5.1493844033196406e-5	0.22784077313815396
AM8_4	950031	1000030	975030.5	331	5.271524993772266e-5	0.8973717760226327
AM9_0	950031	1000030	975030.5	331	6.22045672429304e-5	1.3324579202622848
AM10_0	955031	1005030	980030.5	355	3.89021607087792e-5	-1.1345848808236183
AM11_0	955031	1005030	980030.5	355	3.0736518337682555e-5	-0.6120576682717391
AM12_0	955031	1005030	980030.5	355	7.725396825396826e-5	-0.4036996993108468
AM1_0	955031	1005030	980030.5	355	3.513818737859658e-5	NA
AM2_0	955031	1005030	980030.5	355	3.530778164924507e-6	NA
AM2_4	955031	1005030	980030.5	355	1.922196796338673e-6	NA
AM3_0	955031	1005030	980030.5	355	2.2418644975096583e-5	NA
AM4_4	955031	1005030	980030.5	355	1.8922360248447206e-5	NA
AM5_0	955031	1005030	980030.5	355	2.294032764621e-5	-0.029170633244382037
AM6_0	955031	1005030	980030.5	355	3.178047647752948e-5	0.07377200544864007
AM7_0	955031	1005030	980030.5	355	2.765365233490216e-5	-0.621461339354062
AM8_4	955031	1005030	980030.5	355	3.0066913826961926e-5	-0.8931285568246611
AM9_0	955031	1005030	980030.5	355	3.8033444248278e-5	NA
AM10_0	960031	1010030	985030.5	370	3.89021607087792e-5	-1.1345848808236183
AM11_0	960031	1010030	985030.5	370	2.9424349025513242e-5	-0.6120576682717391
AM12_0	960031	1010030	985030.5	370	7.325396825396825e-5	-0.25985207459536225
AM1_0	960031	1010030	985030.5	370	2.447152071192992e-5	NA
AM2_0	960031	1010030	985030.5	370	0	NA
AM2_4	960031	1010030	985030.5	370	1.922196796338673e-6	NA
AM3_0	960031	1010030	985030.5	370	2.1446422752874365e-5	-0.3289443516668416
AM4_4	960031	1010030	985030.5	370	1.8922360248447206e-5	NA
AM5_0	960031	1010030	985030.5	370	2.294032764621e-5	-0.029170633244382037
AM6_0	960031	1010030	985030.5	370	3.101307237901301e-5	0.256116807693068
AM7_0	960031	1010030	985030.5	370	2.378452004471724e-5	-0.621461339354062
AM8_4	960031	1010030	985030.5	370	3.1822399720378854e-5	-0.992261830948017
AM9_0	960031	1010030	985030.5	370	3.8033444248278e-5	NA
AM10_0	965031	1015030	990030.5	405	3.89021607087792e-5	-1.1345848808236183
AM11_0	965031	1015030	990030.5	405	2.9424349025513242e-5	-0.6120576682717391
AM12_0	965031	1015030	990030.5	405	8.436507936507936e-5	-0.37337897272325493
AM1_0	965031	1015030	990030.5	405	2.447152071192992e-5	NA
AM2_0	965031	1015030	990030.5	405	0	NA
AM2_4	965031	1015030	990030.5	405	1.922196796338673e-6	NA
AM3_0	965031	1015030	990030.5	405	2.1446422752874365e-5	-0.3289443516668416
AM4_4	965031	1015030	990030.5	405	1.8922360248447206e-5	NA
AM5_0	965031	1015030	990030.5	405	2.294032764621e-5	-0.029170633244382037
AM6_0	965031	1015030	990030.5	405	3.101307237901301e-5	0.256116807693068
AM7_0	965031	1015030	990030.5	405	2.378452004471724e-5	-0.621461339354062
AM8_4	965031	1015030	990030.5	405	3.2247931635272466e-5	-1.1872965019188304
AM9_0	965031	1015030	990030.5	405	3.8033444248278e-5	NA
AM10_0	970031	1020030	995030.5	431	3.647188076488764e-5	-0.8579512302117911
AM11_0	970031	1020030	995030.5	431	3.617831989545599e-5	-0.8853428851262448
AM12_0	970031	1020030	995030.5	431	9.547619047619048e-5	-0.45907972946841796
AM1_0	970031	1020030	995030.5	431	2.5647991300165215e-5	NA
AM2_0	970031	1020030	995030.5	431	0	NA
AM2_4	970031	1020030	995030.5	431	1.0526315789473683e-6	NA
AM3_0	970031	1020030	995030.5	431	2.2696422752874365e-5	-0.8287497661642673
AM4_4	970031	1020030	995030.5	431	2.3589026915113873e-5	NA
AM5_0	970031	1020030	995030.5	431	2.392156862745098e-5	NA
AM6_0	970031	1020030	995030.5	431	3.236818429673836e-5	0.256116807693068
AM7_0	970031	1020030	995030.5	431	2.8707687893417004e-5	-0.601914331598543
AM8_4	970031	1020030	995030.5	431	3.268271424396812e-5	-1.3459750716799301
AM9_0	970031	1020030	995030.5	431	4.0452799086987686e-5	-0.7367035126823425
AM10_0	975031	1025030	1000030.5	440	3.8191179010501674e-5	-1.1258877424990494
AM11_0	975031	1025030	1000030.5	440	3.859308870152915e-5	-0.8853428851262448
AM12_0	975031	1025030	1000030.5	440	9.947619047619048e-5	-0.5581779915178656
AM1_0	975031	1025030	1000030.5	440	2.7870213522387433e-5	NA
AM2_0	975031	1025030	1000030.5	440	0	NA
AM2_4	975031	1025030	1000030.5	440	1.0526315789473683e-6	NA
AM3_0	975031	1025030	1000030.5	440	2.2696422752874365e-5	-0.8287497661642673
AM4_4	975031	1025030	1000030.5	440	2.558902691511387e-5	NA
AM5_0	975031	1025030	1000030.5	440	2.392156862745098e-5	NA
AM6_0	975031	1025030	1000030.5	440	3.236818429673836e-5	0.256116807693068
AM7_0	975031	1025030	1000030.5	440	3.0041021226750337e-5	-0.601914331598543
AM8_4	975031	1025030	1000030.5	440	3.268271424396812e-5	-1.3459750716799301
AM9_0	975031	1025030	1000030.5	440	4.0452799086987686e-5	-0.7367035126823425
AM10_0	980031	1030030	1005030.5	437	3.946034876195593e-5	-1.272825619361866
AM11_0	980031	1030030	1005030.5	437	3.91486442570847e-5	-0.8853428851262448
AM12_0	980031	1030030	1005030.5	437	1.1325396825396826e-4	-0.5260952606797653
AM1_0	980031	1030030	1005030.5	437	2.7870213522387433e-5	NA
AM2_0	980031	1030030	1005030.5	437	6.564102564102564e-6	NA
AM2_4	980031	1030030	1005030.5	437	1.0526315789473683e-6	NA
AM3_0	980031	1030030	1005030.5	437	2.2696422752874365e-5	-0.8287497661642673
AM4_4	980031	1030030	1005030.5	437	2.558902691511387e-5	NA
AM5_0	980031	1030030	1005030.5	437	2.6778711484593836e-5	NA
AM6_0	980031	1030030	1005030.5	437	3.236818429673836e-5	0.256116807693068
AM7_0	980031	1030030	1005030.5	437	3.0041021226750337e-5	-0.601914331598543
AM8_4	980031	1030030	1005030.5	437	3.268271424396812e-5	-1.3459750716799301
AM9_0	980031	1030030	1005030.5	437	4.0452799086987686e-5	-0.7367035126823425
AM10_0	985031	1035030	1010030.5	423	2.894733253574156e-5	-1.1258877424990494
AM11_0	985031	1035030	1010030.5	423	3.197530530653725e-5	-0.8748113718046062
AM12_0	985031	1035030	1010030.5	423	1.176825396825397e-4	-0.8130474783497814
AM1_0	985031	1035030	1010030.5	423	2.185908684949606e-5	NA
AM2_0	985031	1035030	1010030.5	423	6.564102564102564e-6	NA
AM2_4	985031	1035030	1010030.5	423	0	NA
AM3_0	985031	1035030	1010030.5	423	2.3196422752874363e-5	-0.8287497661642673
AM4_4	985031	1035030	1010030.5	423	2.308902691511387e-5	NA
AM5_0	985031	1035030	1010030.5	423	2.9445378151260502e-5	NA
AM6_0	985031	1035030	1010030.5	423	2.511324463037617e-5	-0.1161272390739405
AM7_0	985031	1035030	1010030.5	423	2.4392066522917582e-5	-1.013603601510551
AM8_4	985031	1035030	1010030.5	423	2.6632616187273523e-5	-1.5331344861542768
AM9_0	985031	1035030	1010030.5	423	3.03078715507558e-5	-0.7367035126823425
AM10_0	990031	1040030	1015030.5	480	2.4980546659965675e-5	-1.4278049860209963
AM11_0	990031	1040030	1015030.5	480	2.9585837045659963e-5	-1.1044583284029628
AM12_0	990031	1040030	1015030.5	480	1.4014285714285715e-4	-0.6704778541610923
AM1_0	990031	1040030	1015030.5	480	1.5121118935057554e-5	NA
AM2_0	990031	1040030	1015030.5	480	1.0525455221107393e-5	0.28496703810797674
AM2_4	990031	1040030	1015030.5	480	5.088652482269503e-6	NA
AM3_0	990031	1040030	1015030.5	480	1.613997113997114e-5	-1.5036807609732714
AM4_4	990031	1040030	1015030.5	480	1.8523809523809523e-5	NA
AM5_0	990031	1040030	1015030.5	480	2.1357142857142855e-5	NA
AM6_0	990031	1040030	1015030.5	480	1.973850342954801e-5	NA
AM7_0	990031	1040030	1015030.5	480	2.2443348574199637e-5	-0.8426128106071719
AM8_4	990031	1040030	1015030.5	480	3.263388551823075e-5	-1.476721117370446
AM9_0	990031	1040030	1015030.5	480	2.8992363529365423e-5	NA
AM10_0	995031	1045030	1020030.5	490	4.4065167921057524e-5	-0.062026639622336566
AM11_0	995031	1045030	1020030.5	490	4.9147613660466635e-5	-0.36514055066357937
AM12_0	995031	1045030	1020030.5	490	1.6325396825396827e-4	-0.36637631610113713
AM1_0	995031	1045030	1020030.5	490	3.244460005164212e-5	NA
AM2_0	995031	1045030	1020030.5	490	1.0525455221107393e-5	0.28496703810797674
AM2_4	995031	1045030	1020030.5	490	5.088652482269503e-6	NA
AM3_0	995031	1045030	1020030.5	490	3.777326658016313e-5	-0.07539876303095533
AM4_4	995031	1045030	1020030.5	490	3.719366598313967e-5	NA
AM5_0	995031	1045030	1020030.5	490	3.602380952380952e-5	NA
AM6_0	995031	1045030	1020030.5	490	3.897819433078412e-5	1.4167473838082127
AM7_0	995031	1045030	1020030.5	490	3.8654225714026936e-5	0.19735435572524931
AM8_4	995031	1045030	1020030.5	490	5.037025354033005e-5	-0.2059200560772018
AM9_0	995031	1045030	1020030.5	490	4.5430947167949064e-5	0.2548798394530851
AM10_0	1000031	1050030	1025030.5	535	3.1331168029637014e-5	-0.41082665267552526
AM11_0	1000031	1050030	1025030.5	535	4.343078762378514e-5	-0.39571091068305986
AM12_0	1000031	1050030	1025030.5	535	1.7036507936507938e-4	-0.3513556546814307
AM1_0	1000031	1050030	1025030.5	535	2.7556589511457667e-5	NA
AM2_0	1000031	1050030	1025030.5	535	1.0525455221107393e-5	0.28496703810797674
AM2_4	1000031	1050030	1025030.5	535	5.088652482269503e-6	NA
AM3_0	1000031	1050030	1025030.5	535	3.2444284451181e-5	-0.25546674768682137
AM4_4	1000031	1050030	1025030.5	535	3.724128503075872e-5	NA
AM5_0	1000031	1050030	1025030.5	535	3.852380952380952e-5	NA
AM6_0	1000031	1050030	1025030.5	535	2.461828694045077e-5	1.4167473838082127
AM7_0	1000031	1050030	1025030.5	535	2.9818622026249337e-5	-0.1689048156223139
AM8_4	1000031	1050030	1025030.5	535	3.745468147445166e-5	-0.2059200560772018
AM9_0	1000031	1050030	1025030.5	535	2.37287518744225e-5	-0.36777456425538063
AM10_0	1005031	1055030	1030030.5	528	2.6808262637856844e-5	-0.3034066737560767
AM11_0	1005031	1055030	1030030.5	528	3.5824032068942575e-5	-0.39571091068305986
AM12_0	1005031	1055030	1030030.5	528	1.3012698412698414e-4	-0.37896419910334456
AM1_0	1005031	1055030	1030030.5	528	2.2881264836132987e-5	NA
AM2_0	1005031	1055030	1030030.5	528	1.0525455221107393e-5	0.28496703810797674
AM2_4	1005031	1055030	1030030.5	528	5.088652482269503e-6	NA
AM3_0	1005031	1055030	1030030.5	528	3.255417456107112e-5	-0.728919014514264
AM4_4	1005031	1055030	1030030.5	528	4.238414217361586e-5	NA
AM5_0	1005031	1055030	1030030.5	528	4.891341991341991e-5	NA
AM6_0	1005031	1055030	1030030.5	528	2.2842388420366206e-5	1.4167473838082127
AM7_0	1005031	1055030	1030030.5	528	2.58369435392517e-5	0.38519223655965706
AM8_4	1005031	1055030	1030030.5	528	3.284669991092212e-5	0.04584522468733037
AM9_0	1005031	1055030	1030030.5	528	2.1910570056240685e-5	-0.36777456425538063
AM10_0	1010031	1060030	1035030.5	518	4.343804473047204e-5	-0.3034066737560767
AM11_0	1010031	1060030	1035030.5	518	5.003555289882391e-5	-0.5585759817599645
AM12_0	1010031	1060030	1035030.5	518	1.6903174603174605e-4	-0.5565715385324747
AM1_0	1010031	1060030	1035030.5	518	2.6849518804386956e-5	NA
AM2_0	1010031	1060030	1035030.5	518	1.0525455221107393e-5	0.28496703810797674
AM2_4	1010031	1060030	1035030.5	518	5.088652482269503e-6	NA
AM3_0	1010031	1060030	1035030.5	518	4.5310098461731855e-5	-0.4988125686420494
AM4_4	1010031	1060030	1035030.5	518	5.57212051106788e-5	0.6136305861531819
AM5_0	1010031	1060030	1035030.5	518	5.384848484848485e-5	0.898545720155433
AM6_0	1010031	1060030	1035030.5	518	3.1962746867562516e-5	1.169400970265272
AM7_0	1010031	1060030	1035030.5	518	3.527624042020953e-5	0.2582562847323673
AM8_4	1010031	1060030	1035030.5	518	4.400724156566561e-5	0.23572106602240397
AM9_0	1010031	1060030	1035030.5	518	4.2644374263729105e-5	-0.36777456425538063
AM10_0	1015031	1065030	1040030.5	506	4.4127699902885824e-5	-0.5747726451191228
AM11_0	1015031	1065030	1040030.5	506	5.0461084813717535e-5	-0.7995736168503725
AM12_0	1015031	1065030	1040030.5	506	1.8547619047619047e-4	-0.30224382693519247
AM1_0	1015031	1065030	1040030.5	506	2.6849518804386956e-5	NA
AM2_0	1015031	1065030	1040030.5	506	1.1395020438498699e-5	-0.34830832864120503
AM2_4	1015031	1065030	1040030.5	506	1.342368177613321e-5	-0.014815904785430274
AM3_0	1015031	1065030	1040030.5	506	4.6643431795065185e-5	-0.7226407829037493
AM4_4	1015031	1065030	1040030.5	506	5.57212051106788e-5	0.6136305861531819
AM5_0	1015031	1065030	1040030.5	506	5.384848484848485e-5	0.898545720155433
AM6_0	1015031	1065030	1040030.5	506	3.251830242311807e-5	0.5140940878012255
AM7_0	1015031	1065030	1040030.5	506	3.607624042020953e-5	-0.12219899559203667
AM8_4	1015031	1065030	1040030.5	506	4.572862239424692e-5	0.04317267534085568
AM9_0	1015031	1065030	1040030.5	506	4.2644374263729105e-5	-0.36777456425538063
AM10_0	1020031	1070030	1045030.5	466	4.3175318950504875e-5	-0.5747726451191228
AM11_0	1020031	1070030	1045030.5	466	4.5407597035562225e-5	-0.6383141965154142
AM12_0	1020031	1070030	1045030.5	466	1.8293650793650796e-4	-0.19573747553684107
AM1_0	1020031	1070030	1045030.5	466	2.5673048216151662e-5	NA
AM2_0	1020031	1070030	1045030.5	466	1.1395020438498699e-5	-0.34830832864120503
AM2_4	1020031	1070030	1045030.5	466	1.342368177613321e-5	-0.014815904785430274
AM3_0	1020031	1070030	1045030.5	466	4.539343179506519e-5	-0.4918369996431905
AM4_4	1020031	1070030	1045030.5	466	5.1054538444012124e-5	0.6136305861531819
AM5_0	1020031	1070030	1045030.5	466	5.0971291866028704e-5	0.4172078630996837
AM6_0	1020031	1070030	1045030.5	466	3.211557145777368e-5	0.5140940878012255
AM7_0	1020031	1070030	1045030.5	466	3.115307257150977e-5	-0.06869954529479802
AM8_4	1020031	1070030	1045030.5	466	4.575895606462104e-5	0.045549689761595055
AM9_0	1020031	1070030	1045030.5	466	4.022501942501942e-5	-0.019541734789124278
AM10_0	1025031	1075030	1050030.5	482	6.370852385023704e-5	0.07368851895160604
AM11_0	1025031	1075030	1050030.5	482	5.3260536480626655e-5	-0.6383141965154142
AM12_0	1025031	1075030	1050030.5	482	1.789365079365079e-4	-0.12048232325168697
AM1_0	1025031	1075030	1050030.5	482	3.2881384371856235e-5	-0.5462759763132063
AM2_0	1025031	1075030	1050030.5	482	1.1395020438498699e-5	-0.34830832864120503
AM2_4	1025031	1075030	1050030.5	482	1.342368177613321e-5	-0.014815904785430274
AM3_0	1025031	1075030	1050030.5	482	5.7886185418253594e-5	-0.4918369996431905
AM4_4	1025031	1075030	1050030.5	482	5.86216380111117e-5	0.6136305861531819
AM5_0	1025031	1075030	1050030.5	482	5.319351408825093e-5	-0.0779746458330465
AM6_0	1025031	1075030	1050030.5	482	4.612099468313007e-5	0.686058529026607
AM7_0	1025031	1075030	1050030.5	482	4.550960043002949e-5	-0.23833092995726557
AM8_4	1025031	1075030	1050030.5	482	5.8081579791843254e-5	-0.16380775630382038
AM9_0	1025031	1075030	1050030.5	482	5.022501942501942e-5	0.8036737737238387
AM10_0	1030031	1080030	1055030.5	509	6.468177834120702e-5	0.31092301461112604
AM11_0	1030031	1080030	1055030.5	509	5.4989256724073415e-5	-0.8633057588136236
AM12_0	1030031	1080030	1055030.5	509	2.114920634920635e-4	-0.013570283194854501
AM1_0	1030031	1080030	1055030.5	509	3.379047528094715e-5	-0.9832729687065829
AM2_0	1030031	1080030	1055030.5	509	8.077294685990337e-6	-0.8603076049693398
AM2_4	1030031	1080030	1055030.5	509	1.342368177613321e-5	-0.014815904785430274
AM3_0	1030031	1080030	1055030.5	509	5.7886185418253594e-5	-0.4918369996431905
AM4_4	1030031	1080030	1055030.5	509	5.86216380111117e-5	0.6136305861531819
AM5_0	1030031	1080030	1055030.5	509	6.044626134099818e-5	-0.0779746458330465
AM6_0	1030031	1080030	1055030.5	509	4.717362626207744e-5	0.686058529026607
AM7_0	1030031	1080030	1055030.5	509	5.0459611216585116e-5	-0.45467728597974444
AM8_4	1030031	1080030	1055030.5	509	5.896165716128233e-5	-0.5133716377734406
AM9_0	1030031	1080030	1055030.5	509	5.022501942501942e-5	0.8036737737238387
AM10_0	1035031	1085030	1060030.5	527	6.468177834120702e-5	0.31092301461112604
AM11_0	1035031	1085030	1060030.5	527	5.3001914951921515e-5	-0.6842552011540287
AM12_0	1035031	1085030	1060030.5	527	2.256031746031746e-4	0.30590537826875985
AM1_0	1035031	1085030	1060030.5	527	3.254047528094715e-5	-0.9832729687065829
AM2_0	1035031	1085030	1060030.5	527	8.077294685990337e-6	-0.8603076049693398
AM2_4	1035031	1085030	1060030.5	527	1.342368177613321e-5	-0.014815904785430274
AM3_0	1035031	1085030	1060030.5	527	5.6924646956715135e-5	-0.7009084427135064
AM4_4	1035031	1085030	1060030.5	527	6.0288304677778364e-5	-0.07129815472806458
AM5_0	1035031	1085030	1060030.5	527	6.151696841170525e-5	-0.4196943494686687
AM6_0	1035031	1085030	1060030.5	527	4.7729181817632994e-5	0.2615809440654218
AM7_0	1035031	1085030	1060030.5	527	4.920961121658512e-5	-0.45467728597974444
AM8_4	1035031	1085030	1060030.5	527	5.9406101605726776e-5	-0.657190403670972
AM9_0	1035031	1085030	1060030.5	527	5.1336130536130534e-5	0.20435166362250295
AM10_0	1040031	1090030	1065030.5	499	6.807431885820706e-5	0.3055860536966618
AM11_0	1040031	1090030	1065030.5	499	5.159931754932411e-5	-0.6842552011540287
AM12_0	1040031	1090030	1065030.5	499	2.0269841269841268e-4	-0.05433274743975869
AM1_0	1040031	1090030	1065030.5	499	3.254047528094715e-5	-0.9832729687065829
AM2_0	1040031	1090030	1065030.5	499	4.115942028985507e-6	-0.9976006648242418
AM2_4	1040031	1090030	1065030.5	499	8.335029293863707e-6	-0.13557626545510865
AM3_0	1040031	1090030	1065030.5	499	5.934400179542481e-5	-0.8121246296083587
AM4_4	1040031	1090030	1065030.5	499	6.0288304677778364e-5	-0.07129815472806458
AM5_0	1040031	1090030	1065030.5	499	5.9016968411705257e-5	-0.4196943494686687
AM6_0	1040031	1090030	1065030.5	499	4.8317417111750635e-5	-0.06780041520695414
AM7_0	1040031	1090030	1065030.5	499	4.920961121658512e-5	-0.45467728597974444
AM8_4	1040031	1090030	1065030.5	499	4.8290797187050245e-5	-0.8715140862365958
AM9_0	1040031	1090030	1065030.5	499	4.9336130536130526e-5	0.20435166362250295
AM10_0	1045031	1095030	1070030.5	503	6.695380326358022e-5	-0.27289446562131103
AM11_0	1045031	1095030	1070030.5	503	3.5933644830621336e-5	-1.252860642657964
AM12_0	1045031	1095030	1070030.5	503	1.8892063492063492e-4	-0.21839985929243724
AM1_0	1045031	1095030	1070030.5	503	1.655032749769592e-5	-0.9832729687065829
AM2_0	1045031	1095030	1070030.5	503	6.608695652173913e-6	-1.0869452774658437
AM2_4	1045031	1095030	1070030.5	503	8.335029293863707e-6	-0.13557626545510865
AM3_0	1045031	1095030	1070030.5	503	4.7820921408996254e-5	-1.7388928501388088
AM4_4	1045031	1095030	1070030.5	503	4.8938709656356714e-5	-0.07129815472806458
AM5_0	1045031	1095030	1070030.5	503	4.435030174503859e-5	-0.4196943494686687
AM6_0	1045031	1095030	1070030.5	503	3.094975159390955e-5	-1.3497497366500524
AM7_0	1045031	1095030	1070030.5	503	3.492093087309649e-5	-1.2520986576942748
AM8_4	1045031	1095030	1070030.5	503	3.306315032478558e-5	-1.8415053518430011
AM9_0	1045031	1095030	1070030.5	503	3.5119769119769114e-5	-0.30012253257876936
AM10_0	1050031	1100030	1075030.5	468	6.559748142449977e-5	0.2793433185913453
AM11_0	1050031	1100030	1075030.5	468	3.278562378280619e-5	-1.3966961371933375
AM12_0	1050031	1100030	1075030.5	468	1.7780952380952382e-4	-0.15578210554759817
AM1_0	1050031	1100030	1075030.5	468	1.5641236588605008e-5	-0.5462759763132063
AM2_0	1050031	1100030	1075030.5	468	6.608695652173913e-6	-1.0869452774658437
AM2_4	1050031	1100030	1075030.5	468	8.335029293863707e-6	-0.13557626545510865
AM3_0	1050031	1100030	1075030.5	468	4.48670752551501e-5	-1.7599887349996077
AM4_4	1050031	1100030	1075030.5	468	3.989109060873767e-5	-0.8886611852383273
AM5_0	1050031	1100030	1075030.5	468	4.185030174503859e-5	-0.4196943494686687
AM6_0	1050031	1100030	1075030.5	468	3.31571823647206e-5	-1.7107022219557428
AM7_0	1050031	1100030	1075030.5	468	3.405136565570519e-5	-1.0985629628852787
AM8_4	1050031	1100030	1075030.5	468	3.390534890634586e-5	-1.9683776437805027
AM9_0	1050031	1100030	1075030.5	468	3.406713754082175e-5	0.34278240227601087
AM10_0	1055031	1105030	1080030.5	475	6.434748142449977e-5	0.2793433185913453
AM11_0	1055031	1105030	1080030.5	475	3.4467420247211346e-5	-1.4408625072394114
AM12_0	1055031	1105030	1080030.5	475	1.8492063492063493e-4	-0.14925135923424687
AM1_0	1055031	1105030	1080030.5	475	1.5641236588605008e-5	-0.5462759763132063
AM2_0	1055031	1105030	1080030.5	475	6.608695652173913e-6	-1.0869452774658437
AM2_4	1055031	1105030	1080030.5	475	9.16836262719704e-6	-0.6713318042550338
AM3_0	1055031	1105030	1080030.5	475	4.1900042288117136e-5	-1.5456466528061223
AM4_4	1055031	1105030	1080030.5	475	3.1891090608737666e-5	-0.8886611852383273
AM5_0	1055031	1105030	1080030.5	475	3.1460691355428195e-5	-1.123115585722788
AM6_0	1055031	1105030	1080030.5	475	3.31571823647206e-5	-1.7107022219557428
AM7_0	1055031	1105030	1080030.5	475	3.280136565570519e-5	-1.0985629628852787
AM8_4	1055031	1105030	1080030.5	475	3.390534890634586e-5	-1.9683776437805027
AM9_0	1055031	1105030	1080030.5	475	3.406713754082175e-5	0.34278240227601087
AM10_0	1060031	1110030	1085030.5	468	4.836286062220715e-5	-0.025845914668321025
AM11_0	1060031	1110030	1085030.5	468	2.025589941733001e-5	-1.4022759919077776
AM12_0	1060031	1110030	1085030.5	468	1.595873015873016e-4	0.12321526857278693
AM1_0	1060031	1110030	1085030.5	468	1.1672982620351041e-5	-0.5462759763132063
AM2_0	1060031	1110030	1085030.5	468	6.608695652173913e-6	-1.0869452774658437
AM2_4	1060031	1110030	1085030.5	468	1.0799568300955903e-5	-0.9178093508916665
AM3_0	1060031	1110030	1085030.5	468	2.7894118387456394e-5	-1.5456466528061223
AM4_4	1060031	1110030	1085030.5	468	2.363339275103981e-5	-0.7190724499533702
AM5_0	1060031	1110030	1085030.5	468	2.6525626420363258e-5	-1.2926043417128479
AM6_0	1060031	1110030	1085030.5	468	2.4458104365267288e-5	-1.7108410239877168
AM7_0	1060031	1110030	1085030.5	468	2.3362068774747363e-5	-1.162005771047588
AM8_4	1060031	1110030	1085030.5	468	2.0989321358185436e-5	-1.9683776437805027
AM9_0	1060031	1110030	1085030.5	468	1.333333333333333e-5	0.34278240227601087
AM10_0	1065031	1115030	1090030.5	460	4.7673205449793363e-05	0.2755515062280726
AM11_0	1065031	1115030	1090030.5	460	2.030655797862687e-5	-1.3944363621817553
AM12_0	1065031	1115030	1090030.5	460	1.3203174603174602e-4	-0.07997826696931985
AM1_0	1065031	1115030	1090030.5	460	1.1672982620351041e-5	-0.5462759763132063
AM2_0	1065031	1115030	1090030.5	460	5.739130434782609e-6	-0.672794558237511
AM2_4	1065031	1115030	1090030.5	460	2.4645390070921983e-6	-1.3092730443507257
AM3_0	1065031	1115030	1090030.5	460	2.9807538300876307e-5	-1.5366684063969929
AM4_4	1065031	1115030	1090030.5	460	2.363339275103981e-5	-0.7190724499533702
AM5_0	1065031	1115030	1090030.5	460	2.6525626420363258e-5	-1.2926043417128479
AM6_0	1065031	1115030	1090030.5	460	2.3902548809711735e-5	-1.606733697363631
AM7_0	1065031	1115030	1090030.5	460	2.5808445586341568e-5	-0.9549280640265728
AM8_4	1065031	1115030	1090030.5	460	1.884240861471051e-5	-1.9114132552331178
AM9_0	1065031	1115030	1090030.5	460	1.333333333333333e-5	0.34278240227601087
AM10_0	1070031	1120030	1095030.5	491	5.311675383689013e-5	0.2755515062280726
AM11_0	1070031	1120030	1095030.5	491	2.1502002488649384e-5	-1.3944363621817553
AM12_0	1070031	1120030	1095030.5	491	1.3457142857142859e-4	-0.22683501635696404
AM1_0	1070031	1120030	1095030.5	491	1.848918477568363e-5	-1.175953077695883
AM2_0	1070031	1120030	1095030.5	491	5.739130434782609e-6	-0.672794558237511
AM2_4	1070031	1120030	1095030.5	491	2.4645390070921983e-6	-1.3092730443507257
AM3_0	1070031	1120030	1095030.5	491	3.6544380406139465e-5	-1.5366684063969929
AM4_4	1070031	1120030	1095030.5	491	2.363339275103981e-5	-0.7190724499533702
AM5_0	1070031	1120030	1095030.5	491	2.2736152736152736e-5	-1.3479600613984686
AM6_0	1070031	1120030	1095030.5	491	2.6911520514335613e-5	-1.606733697363631
AM7_0	1070031	1120030	1095030.5	491	3.2577265002219804e-5	-0.8601076052722331
AM8_4	1070031	1120030	1095030.5	491	2.4295673936578656e-5	-1.8149089572954664
AM9_0	1070031	1120030	1095030.5	491	1.6796536796536793e-5	0.34278240227601087
AM10_0	1075031	1125030	1100030.5	489	3.0864250691543934e-5	-0.12317849129697893
AM11_0	1075031	1125030	1100030.5	489	1.2545028700788629e-5	-1.3944363621817553
AM12_0	1075031	1125030	1100030.5	489	1.3457142857142859e-4	-0.22683501635696404
AM1_0	1075031	1125030	1100030.5	489	9.058626397756832e-6	-1.5699058199927838
AM2_0	1075031	1125030	1100030.5	489	5.739130434782609e-6	-0.672794558237511
AM2_4	1075031	1125030	1100030.5	489	2.4645390070921983e-6	-1.3092730443507257
AM3_0	1075031	1125030	1100030.5	489	2.4051626782951062e-5	-1.5366684063969929
AM4_4	1075031	1125030	1100030.5	489	1.4066293183940242e-5	-0.7190724499533702
AM5_0	1075031	1125030	1100030.5	489	2.051393051393051e-5	NA
AM6_0	1075031	1125030	1100030.5	489	1.2906097288979222e-5	-1.9329742325574888
AM7_0	1075031	1125030	1100030.5	489	1.6887403810366753e-5	-0.9522198960876254
AM8_4	1075031	1125030	1100030.5	489	1.1973050209356436e-5	-2.02186986506481
AM9_0	1075031	1125030	1100030.5	489	6.796536796536796e-6	NA
AM10_0	1080031	1130030	1105030.5	503	2.8621826449119693e-5	-0.12317849129697893
AM11_0	1080031	1130030	1105030.5	503	1.0260752901786323e-5	-1.1200760862039936
AM12_0	1080031	1130030	1105030.5	503	8.823809523809525e-5	-0.4968804616898698
AM1_0	1080031	1130030	1105030.5	503	8.149535488665923e-6	-1.3069398139544615
AM2_0	1080031	1130030	1105030.5	503	2.492753623188406e-6	NA
AM2_4	1080031	1130030	1105030.5	503	2.4645390070921983e-6	-1.3092730443507257
AM3_0	1080031	1130030	1105030.5	503	2.5384960116284395e-5	-1.668551735971282
AM4_4	1080031	1130030	1105030.5	503	1.4066293183940242e-5	-0.7190724499533702
AM5_0	1080031	1130030	1105030.5	503	1.0404040404040403e-5	NA
AM6_0	1080031	1130030	1105030.5	503	1.1853465710031855e-5	-1.9329742325574888
AM7_0	1080031	1130030	1105030.5	503	1.280695824120242e-5	-1.0655168901149457
AM8_4	1080031	1130030	1105030.5	503	1.3147225039330857e-5	-2.081986735222571
AM9_0	1080031	1130030	1105030.5	503	6.796536796536796e-6	NA
AM10_0	1085031	1135030	1110030.5	541	3.3777535235515365e-5	-0.23091441331005408
AM11_0	1085031	1135030	1110030.5	541	1.0705197346230769e-5	-1.405017852150417
AM12_0	1085031	1135030	1110030.5	541	6.823809523809525e-5	-0.8837063146245326
AM1_0	1085031	1135030	1110030.5	541	8.149535488665923e-6	-1.3069398139544615
AM2_0	1085031	1135030	1110030.5	541	1.0376811594202896e-5	0.2552228891531479
AM2_4	1085031	1135030	1110030.5	541	2.4645390070921983e-6	-1.3092730443507257
AM3_0	1085031	1135030	1110030.5	541	2.384649857782286e-5	-1.556006167893579
AM4_4	1085031	1135030	1110030.5	541	1.2399626517273577e-5	NA
AM5_0	1085031	1135030	1110030.5	541	4.935064935064935e-6	NA
AM6_0	1085031	1135030	1110030.5	541	1.1297910154476299e-5	-1.8334243228509142
AM7_0	1085031	1135030	1110030.5	541	1.280695824120242e-5	-1.0655168901149457
AM8_4	1085031	1135030	1110030.5	541	1.5183372374036872e-5	-2.0485708555180877
AM9_0	1085031	1135030	1110030.5	541	5.6854256854256854e-6	NA
AM10_0	1090031	1140030	1115030.5	552	2.920852413028004e-5	-0.3092433680855077
AM11_0	1090031	1140030	1115030.5	552	1.0705197346230769e-5	-1.405017852150417
AM12_0	1090031	1140030	1115030.5	552	6.480952380952381e-5	-0.3691295730862429
AM1_0	1090031	1140030	1115030.5	552	8.149535488665923e-6	-1.3069398139544615
AM2_0	1090031	1140030	1115030.5	552	1.0376811594202896e-5	0.2552228891531479
AM2_4	1090031	1140030	1115030.5	552	2.4645390070921983e-6	-1.3092730443507257
AM3_0	1090031	1140030	1115030.5	552	2.142714373911318e-5	-1.508760835581442
AM4_4	1090031	1140030	1115030.5	552	1.2399626517273577e-5	NA
AM5_0	1090031	1140030	1115030.5	552	4.935064935064935e-6	NA
AM6_0	1090031	1140030	1115030.5	552	1.0709674860358652e-5	-1.716014336971393
AM7_0	1090031	1140030	1115030.5	552	1.437430517997793e-5	-1.2250143087508847
AM8_4	1090031	1140030	1115030.5	552	1.5196192886857385e-5	-2.0478380461368957
AM9_0	1090031	1140030	1115030.5	552	5.6854256854256854e-6	NA
AM10_0	1095031	1145030	1120030.5	551	1.1244418463815026e-5	-0.9492006822002397
AM11_0	1095031	1145030	1120030.5	551	6.8090934501268715e-6	-1.405017852150417
AM12_0	1095031	1145030	1120030.5	551	6.080952380952382e-5	-0.19392560046453555
AM1_0	1095031	1145030	1120030.5	551	7.768583107713543e-6	-1.563225198238572
AM2_0	1095031	1145030	1120030.5	551	7.884057971014492e-6	NA
AM2_4	1095031	1145030	1120030.5	551	2.4645390070921983e-6	-1.3092730443507257
AM3_0	1095031	1145030	1120030.5	551	1.4824993201478769e-5	-1.3386029530272368
AM4_4	1095031	1145030	1120030.5	551	5.079365079365079e-6	NA
AM5_0	1095031	1145030	1120030.5	551	4.935064935064935e-6	NA
AM6_0	1095031	1145030	1120030.5	551	1.058479609680559e-5	-1.894564578235926
AM7_0	1095031	1145030	1120030.5	551	2.188128385932636e-5	-0.6833377995399045
AM8_4	1095031	1145030	1120030.5	551	1.5160589752261123e-5	-2.116115455531288
AM9_0	1095031	1145030	1120030.5	551	4.574314574314575e-6	NA
AM10_0	1100031	1150030	1125030.5	557	1.1244418463815026e-5	-0.9492006822002397
AM11_0	1100031	1150030	1125030.5	557	8.085769672455267e-6	-1.7167342398047152
AM12_0	1100031	1150030	1125030.5	557	7.014285714285715e-5	-0.034751987805529176
AM1_0	1100031	1150030	1125030.5	557	7.768583107713543e-6	-1.563225198238572
AM2_0	1100031	1150030	1125030.5	557	7.884057971014492e-6	NA
AM2_4	1100031	1150030	1125030.5	557	2.4645390070921983e-6	-1.3092730443507257
AM3_0	1100031	1150030	1125030.5	557	1.4824993201478769e-5	-1.3386029530272368
AM4_4	1100031	1150030	1125030.5	557	5.079365079365079e-6	NA
AM5_0	1100031	1150030	1125030.5	557	4.935064935064935e-6	NA
AM6_0	1100031	1150030	1125030.5	557	8.377365325994536e-6	-1.5308485973190025
AM7_0	1100031	1150030	1125030.5	557	2.488536549197942e-5	-0.7323478281608568
AM8_4	1100031	1150030	1125030.5	557	1.431839117070084e-5	-1.986126219764346
AM9_0	1100031	1150030	1125030.5	557	4.574314574314575e-6	NA
AM10_0	1105031	1155030	1130030.5	555	2.066833098980834e-5	-0.9492006822002397
AM11_0	1105031	1155030	1130030.5	555	9.41325694975056e-6	-1.715345555406721
AM12_0	1105031	1155030	1130030.5	555	1.4485714285714286e-4	0.11309365783560504
AM1_0	1105031	1155030	1130030.5	555	1.1558056791924069e-5	-1.563225198238572
AM2_0	1105031	1155030	1130030.5	555	7.884057971014492e-6	NA
AM2_4	1105031	1155030	1130030.5	555	2.6312056737588653e-6	-1.2759511035484838
AM3_0	1105031	1155030	1130030.5	555	4.048013805662363e-5	-1.3520651302368951
AM4_4	1105031	1155030	1130030.5	555	1.2172272172272172e-5	NA
AM5_0	1105031	1155030	1130030.5	555	4.935064935064935e-6	NA
AM6_0	1105031	1155030	1130030.5	555	1.7317532534707528e-5	-1.5563510475591584
AM7_0	1105031	1155030	1130030.5	555	3.3191976384673526e-5	-0.8600582900054724
AM8_4	1105031	1155030	1130030.5	555	2.8531915771685634e-5	-1.986126219764346
AM9_0	1105031	1155030	1130030.5	555	2.0835184139531967e-5	NA
AM10_0	1110031	1160030	1135030.5	559	2.0023169699485758e-5	NA
AM11_0	1110031	1160030	1135030.5	559	9.41325694975056e-6	-1.715345555406721
AM12_0	1110031	1160030	1135030.5	559	1.6061904761904762e-4	0.19942470109275157
AM1_0	1110031	1160030	1135030.5	559	1.1558056791924069e-5	-1.563225198238572
AM2_0	1110031	1160030	1135030.5	559	7.884057971014492e-6	NA
AM2_4	1110031	1160030	1135030.5	559	4.120567375886524e-6	-0.9781805687199394
AM3_0	1110031	1160030	1135030.5	559	4.048013805662363e-5	-1.3520651302368951
AM4_4	1110031	1160030	1135030.5	559	7.092907092907094e-6	NA
AM5_0	1110031	1160030	1135030.5	559	4.935064935064935e-6	NA
AM6_0	1110031	1160030	1135030.5	559	1.4648666485559787e-5	-1.34133081943207
AM7_0	1110031	1160030	1135030.5	559	3.3191976384673526e-5	-0.8600582900054724
AM8_4	1110031	1160030	1135030.5	559	3.0641272898201304e-5	-2.1243872144098703
AM9_0	1110031	1160030	1135030.5	559	2.0835184139531967e-5	NA
AM10_0	1115031	1165030	1140030.5	574	2.0023169699485758e-5	NA
AM11_0	1115031	1165030	1140030.5	574	9.508495044988656e-6	-1.5414044673229705
AM12_0	1115031	1165030	1140030.5	574	1.6061904761904762e-4	0.19942470109275157
AM1_0	1115031	1165030	1140030.5	574	1.1558056791924069e-5	-1.563225198238572
AM2_0	1115031	1165030	1140030.5	574	7.884057971014492e-6	NA
AM2_4	1115031	1165030	1140030.5	574	6.514184397163119e-6	-1.0808217031452234
AM3_0	1115031	1165030	1140030.5	574	3.723338480987038e-5	-1.1019772540931956
AM4_4	1115031	1165030	1140030.5	574	7.092907092907094e-6	NA
AM5_0	1115031	1165030	1140030.5	574	4.935064935064935e-6	NA
AM6_0	1115031	1165030	1140030.5	574	1.4648666485559787e-5	-1.34133081943207
AM7_0	1115031	1165030	1140030.5	574	2.9945599573079328e-5	-0.8498435761873785
AM8_4	1115031	1165030	1140030.5	574	3.250291187648637e-5	-2.233588651226086
AM9_0	1115031	1165030	1140030.5	574	2.0835184139531967e-5	NA
AM10_0	1120031	1170030	1145030.5	574	2.5212133627659917e-5	0.14863537218905146
AM11_0	1120031	1170030	1145030.5	574	1.4637412163675596e-5	-1.5414044673229705
AM12_0	1120031	1170030	1145030.5	574	1.8919047619047618e-4	0.3304656868543302
AM1_0	1120031	1170030	1145030.5	574	1.3220848589092582e-5	-1.2587874568555326
AM2_0	1120031	1170030	1145030.5	574	1.2906333302693262e-5	-0.11507895692837045
AM2_4	1120031	1170030	1145030.5	574	7.347517730496454e-6	-1.3562275879815455
AM3_0	1120031	1170030	1145030.5	574	4.4709641433834983e-5	-0.9597499364559432
AM4_4	1120031	1170030	1145030.5	574	2.150940653549349e-5	-0.15598391417412416
AM5_0	1120031	1170030	1145030.5	574	9.935064935064935e-6	NA
AM6_0	1120031	1170030	1145030.5	574	1.8518482659723788e-5	-1.34133081943207
AM7_0	1120031	1170030	1145030.5	574	3.2990458632252226e-5	-0.7011550873297822
AM8_4	1120031	1170030	1145030.5	574	3.5000451799789174e-5	-2.315845334937298
AM9_0	1120031	1170030	1145030.5	574	2.6061635848742294e-5	NA
AM10_0	1125031	1175030	1150030.5	600	3.261726183278813e-5	0.20613419806546607
AM11_0	1125031	1175030	1150030.5	600	1.6732786838924608e-5	-1.5414044673229705
AM12_0	1125031	1175030	1150030.5	600	2.043015873015873e-4	0.3318951443306681
AM1_0	1125031	1175030	1150030.5	600	1.564020342780226e-5	-1.2587874568555326
AM2_0	1125031	1175030	1150030.5	600	1.4606816394480702e-5	-0.4565906589514329
AM2_4	1125031	1175030	1150030.5	600	8.978723404255318e-6	-1.4703707908986317
AM3_0	1125031	1175030	1150030.5	600	4.90278232520168e-5	-0.9597499364559432
AM4_4	1125031	1175030	1150030.5	600	3.334184076792772e-5	-0.3147282531443802
AM5_0	1125031	1175030	1150030.5	600	1.963203463203463e-5	0.7555320894994819
AM6_0	1125031	1175030	1150030.5	600	2.1847525014209122e-5	-1.6968186696052325
AM7_0	1125031	1175030	1150030.5	600	3.465712529891889e-5	-0.7011550873297822
AM8_4	1125031	1175030	1150030.5	600	3.546556807885894e-5	-2.3480899494036773
AM9_0	1125031	1175030	1150030.5	600	2.7311635848742294e-5	-1.4141122415137857
AM10_0	1130031	1180030	1155030.5	568	3.261726183278813e-5	0.20613419806546607
AM11_0	1130031	1180030	1155030.5	568	1.834682192664391e-5	-1.5694491415886775
AM12_0	1130031	1180030	1155030.5	568	2.123015873015873e-4	0.09665621985007142
AM1_0	1130031	1180030	1155030.5	568	1.564020342780226e-5	-1.2587874568555326
AM2_0	1130031	1180030	1155030.5	568	1.4606816394480702e-5	-0.4565906589514329
AM2_4	1130031	1180030	1155030.5	568	8.978723404255318e-6	-1.4703707908986317
AM3_0	1130031	1180030	1155030.5	568	5.011384475739314e-5	-0.8217564827230411
AM4_4	1130031	1180030	1155030.5	568	3.334184076792772e-5	-0.3147282531443802
AM5_0	1130031	1180030	1155030.5	568	1.963203463203463e-5	0.7555320894994819
AM6_0	1130031	1180030	1155030.5	568	2.1847525014209122e-5	-1.6968186696052325
AM7_0	1130031	1180030	1155030.5	568	3.3787560081527584e-5	-0.4725788714364531
AM8_4	1130031	1180030	1155030.5	568	3.3411315879445446e-5	-2.241610193080431
AM9_0	1130031	1180030	1155030.5	568	2.7311635848742294e-5	-1.4141122415137857
AM10_0	1135031	1185030	1160030.5	500	2.746155304639245e-5	0.4273146805306607
AM11_0	1135031	1185030	1160030.5	500	1.7902377482199462e-5	-1.360405296806385
AM12_0	1135031	1185030	1160030.5	500	2.051904761904762e-4	0.09996696996319526
AM1_0	1135031	1185030	1160030.5	500	1.564020342780226e-5	-1.2587874568555326
AM2_0	1135031	1185030	1160030.5	500	7.675139375847162e-6	-1.3367424427018315
AM2_4	1135031	1185030	1160030.5	500	8.978723404255318e-6	-1.4703707908986317
AM3_0	1135031	1185030	1160030.5	500	5.011384475739314e-5	-0.8217564827230411
AM4_4	1135031	1185030	1160030.5	500	3.334184076792772e-5	-0.3147282531443802
AM5_0	1135031	1185030	1160030.5	500	1.4696969696969697e-5	NA
AM6_0	1135031	1185030	1160030.5	500	2.1847525014209122e-5	-1.6968186696052325
AM7_0	1135031	1185030	1160030.5	500	3.3787560081527584e-5	-0.4725788714364531
AM8_4	1135031	1185030	1160030.5	500	3.093072410029499e-5	-2.237151753463365
AM9_0	1135031	1185030	1160030.5	500	2.7311635848742294e-5	-1.4141122415137857
AM10_0	1140031	1190030	1165030.5	437	2.746155304639245e-5	0.4273146805306607
AM11_0	1140031	1190030	1165030.5	437	1.7902377482199462e-5	-1.360405296806385
AM12_0	1140031	1190030	1165030.5	437	1.9261904761904761e-4	0.17154523483763917
AM1_0	1140031	1190030	1165030.5	437	1.564020342780226e-5	-1.2587874568555326
AM2_0	1140031	1190030	1165030.5	437	7.675139375847162e-6	-1.3367424427018315
AM2_4	1140031	1190030	1165030.5	437	8.978723404255318e-6	-1.4703707908986317
AM3_0	1140031	1190030	1165030.5	437	5.011384475739314e-5	-0.8217564827230411
AM4_4	1140031	1190030	1165030.5	437	3.334184076792772e-5	-0.3147282531443802
AM5_0	1140031	1190030	1165030.5	437	1.4696969696969697e-5	NA
AM6_0	1140031	1190030	1165030.5	437	2.1847525014209122e-5	-1.6968186696052325
AM7_0	1140031	1190030	1165030.5	437	3.222021314275207e-5	-0.2551748117483212
AM8_4	1140031	1190030	1165030.5	437	3.0417903587474477e-5	-2.190791000602894
AM9_0	1140031	1190030	1165030.5	437	2.7311635848742294e-5	-1.4141122415137857
AM10_0	1145031	1195030	1170030.5	403	2.746155304639245e-5	0.4273146805306607
AM11_0	1145031	1195030	1170030.5	403	1.7902377482199462e-5	-1.360405296806385
AM12_0	1145031	1195030	1170030.5	403	1.8328571428571428e-4	0.08881696729697874
AM1_0	1145031	1195030	1170030.5	403	1.4687822475421306e-5	NA
AM2_0	1145031	1195030	1170030.5	403	1.107610555942204e-5	-1.5392477175101458
AM2_4	1145031	1195030	1170030.5	403	1.0679206496042757e-5	-1.5532461413206404
AM3_0	1145031	1195030	1170030.5	403	4.660578024126411e-5	-0.7771081926344701
AM4_4	1145031	1195030	1170030.5	403	3.8757225383312337e-5	-0.24816873271042414
AM5_0	1145031	1195030	1170030.5	403	1.4696969696969697e-5	NA
AM6_0	1145031	1195030	1170030.5	403	2.1226672390226366e-5	-1.552049220067994
AM7_0	1145031	1195030	1170030.5	403	2.2791037667064972e-5	-0.40450887713223194
AM8_4	1145031	1195030	1170030.5	403	2.7510002953540457e-5	-2.1293761332633854
AM9_0	1145031	1195030	1170030.5	403	2.6200524737631185e-5	NA
AM10_0	1150031	1200030	1175030.5	400	2.746155304639245e-5	0.4273146805306607
AM11_0	1150031	1200030	1175030.5	400	2.3098232039935584e-5	-0.6530459414120107
AM12_0	1150031	1200030	1175030.5	400	1.9617460317460317e-4	0.03374192382174806
AM1_0	1150031	1200030	1175030.5	400	1.5596913384512218e-5	-1.2674499573790656
AM2_0	1150031	1200030	1175030.5	400	1.4322482371016243e-5	-1.480467749029603
AM2_4	1150031	1200030	1175030.5	400	1.0679206496042757e-5	-1.5532461413206404
AM3_0	1150031	1200030	1175030.5	400	4.660578024126411e-5	-0.7771081926344701
AM4_4	1150031	1200030	1175030.5	400	4.150854813463509e-5	-0.41956933817630043
AM5_0	1150031	1200030	1175030.5	400	1.6696969696969698e-5	0.14951182959488832
AM6_0	1150031	1200030	1175030.5	400	2.1226672390226366e-5	-1.552049220067994
AM7_0	1150031	1200030	1175030.5	400	1.9786956034411908e-5	-0.26581306767138835
AM8_4	1150031	1200030	1175030.5	400	2.9357044800582305e-5	-2.190358250577747
AM9_0	1150031	1200030	1175030.5	400	3.620052473763118e-5	0.37066961884410277
AM10_0	1155031	1205030	1180030.5	415	1.870430718706581e-5	-0.1045553153067115
AM11_0	1155031	1205030	1180030.5	415	2.008894829823513e-5	-0.6530459414120107
AM12_0	1155031	1205030	1180030.5	415	1.347936507936508e-4	-0.10542295484400606
AM1_0	1155031	1205030	1180030.5	415	1.1807439700301689e-5	-1.2674499573790656
AM2_0	1155031	1205030	1180030.5	415	1.4322482371016243e-5	-1.480467749029603
AM2_4	1155031	1205030	1180030.5	415	9.679206496042759e-6	-1.394381429464344
AM3_0	1155031	1205030	1180030.5	415	2.220063538611926e-5	-1.041436828223253
AM4_4	1155031	1205030	1180030.5	415	3.777228439837136e-5	-0.6477120929323813
AM5_0	1155031	1205030	1180030.5	415	1.8696969696969696e-5	-0.43409386065341043
AM6_0	1155031	1205030	1180030.5	415	1.2286505181513379e-5	-1.5258303314720527
AM7_0	1155031	1205030	1180030.5	415	1.1480345141717803e-5	0.17651139192198326
AM8_4	1155031	1205030	1180030.5	415	1.5143520199597508e-5	-2.190358250577747
AM9_0	1155031	1205030	1180030.5	415	1.9939655172413792e-5	0.37066961884410277
AM10_0	1160031	1210030	1185030.5	435	2.3191486674245295e-5	-0.1045553153067115
AM11_0	1160031	1210030	1185030.5	435	2.6891437475724307e-5	-0.6530459414120107
AM12_0	1160031	1210030	1185030.5	435	1.387936507936508e-4	0.30726578898319074
AM1_0	1160031	1210030	1185030.5	435	1.3474106366968354e-5	-1.2674499573790656
AM2_0	1160031	1210030	1185030.5	435	1.4322482371016243e-5	-1.480467749029603
AM2_4	1160031	1210030	1185030.5	435	8.259122211943673e-6	-1.548434109959739
AM3_0	1160031	1210030	1185030.5	435	2.220063538611926e-5	-1.041436828223253
AM4_4	1160031	1210030	1185030.5	435	4.23375017896757e-5	-0.6279310971112392
AM5_0	1160031	1210030	1185030.5	435	2.536363636363636e-5	-0.43409386065341043
AM6_0	1160031	1210030	1185030.5	435	1.2286505181513379e-5	-1.5258303314720527
AM7_0	1160031	1210030	1185030.5	435	1.2313678475051136e-5	-0.42391584477229943
AM8_4	1160031	1210030	1185030.5	435	1.3450829739748504e-5	-2.1215629847508977
AM9_0	1160031	1210030	1185030.5	435	1.9939655172413792e-5	0.37066961884410277
AM10_0	1165031	1215030	1190030.5	430	2.3191486674245295e-5	-0.1045553153067115
AM11_0	1165031	1215030	1190030.5	430	2.6745540819189354e-5	-0.9857912228439065
AM12_0	1165031	1215030	1190030.5	430	1.427936507936508e-4	0.178742220514563
AM1_0	1165031	1215030	1190030.5	430	1.3474106366968354e-5	-1.2674499573790656
AM2_0	1165031	1215030	1190030.5	430	1.4322482371016243e-5	-1.480467749029603
AM2_4	1165031	1215030	1190030.5	430	5.865505190667078e-6	-1.5444465354724022
AM3_0	1165031	1215030	1190030.5	430	2.4619990224828935e-5	-1.1765877839363115
AM4_4	1165031	1215030	1190030.5	430	4.23375017896757e-5	-0.6279310971112392
AM5_0	1165031	1215030	1190030.5	430	2.536363636363636e-5	-0.43409386065341043
AM6_0	1165031	1215030	1190030.5	430	1.2286505181513379e-5	-1.5258303314720527
AM7_0	1165031	1215030	1190030.5	430	1.2313678475051136e-5	-0.42391584477229943
AM8_4	1165031	1215030	1190030.5	430	1.3527686140456925e-5	-2.0895803767759547
AM9_0	1165031	1215030	1190030.5	430	1.9939655172413792e-5	0.37066961884410277
AM10_0	1170031	1220030	1195030.5	398	3.275305322707644e-5	1.0065173330426944
AM11_0	1170031	1220030	1195030.5	398	3.737059616531471e-5	0.3073008569491847
AM12_0	1170031	1220030	1195030.5	398	1.2133333333333335e-4	0.044422362855154864
AM1_0	1170031	1220030	1195030.5	398	2.256428833658435e-5	0.3925191767150964
AM2_0	1170031	1220030	1195030.5	398	2.1131989560775168e-5	-1.4585354833860524
AM2_4	1170031	1220030	1195030.5	398	1.7156713981875866e-5	-1.3094684301138824
AM3_0	1170031	1220030	1195030.5	398	3.3056131391782115e-5	-0.09984245913283006
AM4_4	1170031	1220030	1195030.5	398	4.8440482866569825e-5	-0.77182754102828
AM5_0	1170031	1220030	1195030.5	398	3.703030303030303e-5	-0.43409386065341043
AM6_0	1170031	1220030	1195030.5	398	2.2351378734833348e-5	-0.21765096188106364
AM7_0	1170031	1220030	1195030.5	398	2.326357927786499e-5	0.47467699207533637
AM8_4	1170031	1220030	1195030.5	398	2.3490976674373206e-5	-1.002704144736583
AM9_0	1170031	1220030	1195030.5	398	2.9049168152109325e-5	1.3000070303170472
AM10_0	1175031	1225030	1200030.5	388	2.534792502194824e-5	1.1183468736314153
AM11_0	1175031	1225030	1200030.5	388	3.481555085657609e-5	-0.29483674795438225
AM12_0	1175031	1225030	1200030.5	388	1.0622222222222223e-4	0.00766585921943505
AM1_0	1175031	1225030	1200030.5	388	2.014493349787467e-5	0.3925191767150964
AM2_0	1175031	1225030	1200030.5	388	2.0301071686379032e-5	-1.548619931172545
AM2_4	1175031	1225030	1200030.5	388	1.722599139990444e-5	-1.2987802244075413
AM3_0	1175031	1225030	1200030.5	388	3.4535051022875656e-5	-0.09984245913283006
AM4_4	1175031	1225030	1200030.5	388	3.660804863413559e-5	-0.8002089224733105
AM5_0	1175031	1225030	1200030.5	388	2.7333333333333328e-5	-1.4397271410693706
AM6_0	1175031	1225030	1200030.5	388	1.9022336380348016e-5	1.0362650766997477
AM7_0	1175031	1225030	1200030.5	388	2.1596912611198323e-5	0.47467699207533637
AM8_4	1175031	1225030	1200030.5	388	2.9427379709222104e-5	-1.1283003382139298
AM9_0	1175031	1225030	1200030.5	388	2.7799168152109325e-5	2.1160429495686377
AM10_0	1180031	1230030	1205030.5	393	4.075657478559683e-5	0.6269089950772437
AM11_0	1180031	1230030	1205030.5	393	4.419367081048315e-5	-0.12833489458588337
AM12_0	1180031	1230030	1205030.5	393	1.1255555555555556e-4	0.2827493007060716
AM1_0	1180031	1230030	1205030.5	393	3.55025197025197e-5	0.17024942652389566
AM2_0	1180031	1230030	1205030.5	393	2.0301071686379032e-5	-1.548619931172545
AM2_4	1180031	1230030	1205030.5	393	1.722599139990444e-5	-1.2987802244075413
AM3_0	1180031	1230030	1205030.5	393	3.840516986837651e-5	0.16080390970944286
AM4_4	1180031	1230030	1205030.5	393	4.4043113569200524e-5	-0.8002089224733105
AM5_0	1180031	1230030	1205030.5	393	3.0796536796536794e-5	-1.4137210124823412
AM6_0	1180031	1230030	1205030.5	393	3.8038728389492016e-5	1.0815039778793274
AM7_0	1180031	1230030	1205030.5	393	2.661433421398578e-5	0.4655608710399063
AM8_4	1180031	1230030	1205030.5	393	4.1697602882647976e-5	-1.327682916714473
AM9_0	1180031	1230030	1205030.5	393	3.722139037433155e-5	2.1160429495686377
AM10_0	1185031	1235030	1210030.5	416	4.075657478559683e-5	0.6269089950772437
AM11_0	1185031	1235030	1210030.5	416	4.419367081048315e-5	-0.12833489458588337
AM12_0	1185031	1235030	1210030.5	416	1.1255555555555556e-4	0.2827493007060716
AM1_0	1185031	1235030	1210030.5	416	3.55025197025197e-5	0.17024942652389566
AM2_0	1185031	1235030	1210030.5	416	1.934869073399808e-5	-1.3568338924675059
AM2_4	1185031	1235030	1210030.5	416	1.722599139990444e-5	-1.2987802244075413
AM3_0	1185031	1235030	1210030.5	416	4.0824524707086185e-5	-0.09984245913283006
AM4_4	1185031	1235030	1210030.5	416	4.4043113569200524e-5	-0.8002089224733105
AM5_0	1185031	1235030	1210030.5	416	3.0796536796536794e-5	-1.4137210124823412
AM6_0	1185031	1235030	1210030.5	416	3.8038728389492016e-5	1.0815039778793274
AM7_0	1185031	1235030	1210030.5	416	2.661433421398578e-5	0.4655608710399063
AM8_4	1185031	1235030	1210030.5	416	4.228583817676563e-5	-1.327682916714473
AM9_0	1185031	1235030	1210030.5	416	3.722139037433155e-5	2.1160429495686377
AM10_0	1190031	1240030	1215030.5	466	4.075657478559683e-5	0.6269089950772437
AM11_0	1190031	1240030	1215030.5	466	4.419367081048315e-5	-0.12833489458588337
AM12_0	1190031	1240030	1215030.5	466	1.218888888888889e-4	0.3590477934686412
AM1_0	1190031	1240030	1215030.5	466	3.641161061161061e-5	-0.32231183014692066
AM2_0	1190031	1240030	1215030.5	466	1.934869073399808e-5	-1.3568338924675059
AM2_4	1190031	1240030	1215030.5	466	1.722599139990444e-5	-1.2987802244075413
AM3_0	1190031	1240030	1215030.5	466	4.4649237350764354e-5	-0.539932616540823
AM4_4	1190031	1240030	1215030.5	466	4.4043113569200524e-5	-0.8002089224733105
AM5_0	1190031	1240030	1215030.5	466	3.0796536796536794e-5	-1.4137210124823412
AM6_0	1190031	1240030	1215030.5	466	3.916571251647614e-5	0.3243237439840654
AM7_0	1190031	1240030	1215030.5	466	2.661433421398578e-5	0.4655608710399063
AM8_4	1190031	1240030	1215030.5	466	4.3155403394156934e-5	-1.4851370022117532
AM9_0	1190031	1240030	1215030.5	466	3.722139037433155e-5	2.1160429495686377
AM10_0	1195031	1245030	1220030.5	504	4.707549494116764e-5	0.1428909779708931
AM11_0	1195031	1245030	1220030.5	504	4.6065696193878175e-5	-0.12833489458588337
AM12_0	1195031	1245030	1220030.5	504	1.33e-4	0.2107703984989196
AM1_0	1195031	1245030	1220030.5	504	3.736399156399156e-5	-0.6653118143420044
AM2_0	1195031	1245030	1220030.5	504	1.59477245504232e-5	-0.9976006648242418
AM2_4	1195031	1245030	1220030.5	504	1.5525508308117e-5	-1.1220516187085272
AM3_0	1195031	1245030	1220030.5	504	4.7506380207907207e-5	-0.539932616540823
AM4_4	1195031	1245030	1220030.5	504	4.241720263802644e-5	-1.0218506633465787
AM5_0	1195031	1245030	1220030.5	504	3.0796536796536794e-5	-1.4137210124823412
AM6_0	1195031	1245030	1220030.5	504	5.087576456451014e-5	0.920139487995204
AM7_0	1195031	1245030	1220030.5	504	2.9903254270086758e-5	0.0658963592940466
AM8_4	1195031	1245030	1220030.5	504	4.326651450526804e-5	-1.410666389880906
AM9_0	1195031	1245030	1220030.5	504	4.3842080029503964e-5	2.1160429495686377
AM10_0	1200031	1250030	1225030.5	524	4.8408828274500976e-5	0.1428909779708931
AM11_0	1200031	1250030	1225030.5	524	4.028282058622746e-5	0.050368333579610104
AM12_0	1200031	1250030	1225030.5	524	1.1077777777777777e-4	0.20553289607824327
AM1_0	1200031	1250030	1225030.5	524	3.6454900654900656e-5	-0.31681506382068547
AM2_0	1200031	1250030	1225030.5	524	1.2701347738828998e-5	NA
AM2_4	1200031	1250030	1225030.5	524	1.5525508308117e-5	-1.1220516187085272
AM3_0	1200031	1250030	1225030.5	524	4.7506380207907207e-5	-0.539932616540823
AM4_4	1200031	1250030	1225030.5	524	3.9665879886703686e-5	-0.8498145683684258
AM5_0	1200031	1250030	1225030.5	524	2.8796536796536793e-5	-1.1376108463086734
AM6_0	1200031	1250030	1225030.5	524	5.087576456451014e-5	0.920139487995204
AM7_0	1200031	1250030	1225030.5	524	3.2396007893275165e-5	-0.10825389803055362
AM8_4	1200031	1250030	1225030.5	524	4.14194726582262e-5	-1.3285554236882693
AM9_0	1200031	1250030	1225030.5	524	3.3842080029503965e-5	1.6856637271549149
AM10_0	1205031	1255030	1230030.5	515	6.46574992480727e-5	0.36461039549878493
AM11_0	1205031	1255030	1230030.5	515	5.4520451454177474e-5	0.050368333579610104
AM12_0	1205031	1255030	1230030.5	515	9.033333333333334e-5	0.29264792572168363
AM1_0	1205031	1255030	1230030.5	515	4.537976536923905e-5	-0.0945632714291641
AM2_0	1205031	1255030	1230030.5	515	1.2701347738828998e-5	NA
AM2_4	1205031	1255030	1230030.5	515	1.7192174974783666e-5	-1.645778128904297
AM3_0	1205031	1255030	1230030.5	515	6.148959144111843e-5	0.1308722839980114
AM4_4	1205031	1255030	1230030.5	515	5.1089422288574265e-5	NA
AM5_0	1205031	1255030	1230030.5	515	3.9696969696969695e-5	-0.26344002892417095
AM6_0	1205031	1255030	1230030.5	515	6.93372929198445e-5	1.190037305246879
AM7_0	1205031	1255030	1230030.5	515	4.7244021899183906e-5	0.21935114100925812
AM8_4	1205031	1255030	1230030.5	515	5.876216959923775e-5	-1.12260523712653
AM9_0	1205031	1255030	1230030.5	515	5.200419655075361e-5	2.1573615278794307
AM10_0	1210031	1260030	1235030.5	523	6.444839462720336e-5	0.36461039549878493
AM11_0	1210031	1260030	1235030.5	523	4.8551295610021626e-5	0.050368333579610104
AM12_0	1210031	1260030	1235030.5	523	6.900000000000001e-5	-0.8431423753022494
AM1_0	1210031	1260030	1235030.5	523	5.1713098702572385e-5	-0.0945632714291641
AM2_0	1210031	1260030	1235030.5	523	1.9019582349746535e-5	-0.38291036256304184
AM2_4	1210031	1260030	1235030.5	523	1.549169188299623e-5	-1.5663500981213243
AM3_0	1210031	1260030	1235030.5	523	6.68175266637905e-5	-0.11586043239126281
AM4_4	1210031	1260030	1235030.5	523	5.152420489726991e-5	NA
AM5_0	1210031	1260030	1235030.5	523	4.249469484763602e-5	-0.8961290878296783
AM6_0	1210031	1260030	1235030.5	523	7.017062625317783e-5	1.190037305246879
AM7_0	1210031	1260030	1235030.5	523	4.741068856585057e-5	0.23208302157600963
AM8_4	1210031	1260030	1235030.5	523	6.333045065009987e-5	-1.3445007043012103
AM9_0	1210031	1260030	1235030.5	523	5.200419655075361e-5	2.1573615278794307
AM10_0	1215031	1265030	1240030.5	512	7.432135288491661e-5	0.8561207087600655
AM11_0	1215031	1265030	1240030.5	512	5.787906260505343e-5	1.0775212167390391
AM12_0	1215031	1265030	1240030.5	512	7.357142857142858e-5	-0.5997587393685494
AM1_0	1215031	1265030	1240030.5	512	6.187352651005902e-5	-0.0945632714291641
AM2_0	1215031	1265030	1240030.5	512	2.2987836318000504e-5	-0.38291036256304184
AM2_4	1215031	1265030	1240030.5	512	1.8348834740139086e-5	-1.5663500981213243
AM3_0	1215031	1265030	1240030.5	512	7.469702239979347e-5	0.42413977712175016
AM4_4	1215031	1265030	1240030.5	512	6.03663101604278e-5	NA
AM5_0	1215031	1265030	1240030.5	512	5.4414108767049943e-5	-0.8961290878296783
AM6_0	1215031	1265030	1240030.5	512	8.018304861342627e-5	1.4811627022389375
AM7_0	1215031	1265030	1240030.5	512	5.6985156650956954e-5	0.567495448470139
AM8_4	1215031	1265030	1240030.5	512	7.126773166862191e-5	-0.9387075167530069
AM9_0	1215031	1265030	1240030.5	512	6.216066881248903e-5	2.4645126137860696
AM10_0	1220031	1270030	1245030.5	561	7.147806683630217e-5	0.5015971338456973
AM11_0	1220031	1270030	1245030.5	561	5.535025236122436e-5	0.7990542766562089
AM12_0	1220031	1270030	1245030.5	561	7.268253968253969e-5	-0.5696984454329086
AM1_0	1220031	1270030	1245030.5	561	6.247672818643142e-5	-0.09487322396497729
AM2_0	1220031	1270030	1245030.5	561	1.115605379656281e-5	-0.38291036256304184
AM2_4	1220031	1270030	1245030.5	561	8.70549562311576e-6	-1.5663500981213243
AM3_0	1220031	1270030	1245030.5	561	6.475954481537483e-5	0.09173225801091116
AM4_4	1220031	1270030	1245030.5	561	5.875949173095491e-5	0.002224253748864506
AM5_0	1220031	1270030	1245030.5	561	3.7747442100383276e-5	-0.8961290878296783
AM6_0	1220031	1270030	1245030.5	561	7.648105943707519e-5	1.2397595656414897
AM7_0	1220031	1270030	1245030.5	561	5.01897224557843e-5	0.44437698704155143
AM8_4	1220031	1270030	1245030.5	561	7.299084344854589e-5	-0.9763125269357917
AM9_0	1220031	1270030	1245030.5	561	5.7155151454030494e-5	1.829124889017856
AM10_0	1225031	1275030	1250030.5	575	7.147806683630217e-5	0.5015971338456973
AM11_0	1225031	1275030	1250030.5	575	5.52684193006679e-5	2.1964174025238155
AM12_0	1225031	1275030	1250030.5	575	8.2015873015873e-5	-0.3770909441643551
AM1_0	1225031	1275030	1250030.5	575	6.247672818643142e-5	-0.09487322396497729
AM2_0	1225031	1275030	1250030.5	575	1.0286488579171506e-5	NA
AM2_4	1225031	1275030	1250030.5	575	7.005012531328321e-6	-1.4687929737231602
AM3_0	1225031	1275030	1250030.5	575	5.896244336609947e-5	0.09173225801091116
AM4_4	1225031	1275030	1250030.5	575	5.875949173095491e-5	0.002224253748864506
AM5_0	1225031	1275030	1250030.5	575	3.7747442100383276e-5	-0.8961290878296783
AM6_0	1225031	1275030	1250030.5	575	7.648105943707519e-5	1.2397595656414897
AM7_0	1225031	1275030	1250030.5	575	5.01897224557843e-5	0.44437698704155143
AM8_4	1225031	1275030	1250030.5	575	6.781948286478594e-5	-0.7848899849739303
AM9_0	1225031	1275030	1250030.5	575	5.7155151454030494e-5	1.829124889017856
AM10_0	1230031	1280030	1255030.5	596	6.173856001745229e-5	0.5212953786902441
AM11_0	1230031	1280030	1255030.5	596	4.9967788372227124e-5	1.3320749598014325
AM12_0	1230031	1280030	1255030.5	596	7.701587301587302e-5	-0.2714833678853337
AM1_0	1230031	1280030	1255030.5	596	5.679656133662511e-5	-0.002122606088205105
AM2_0	1230031	1280030	1255030.5	596	1.0286488579171506e-5	NA
AM2_4	1230031	1280030	1255030.5	596	7.005012531328321e-6	-1.4687929737231602
AM3_0	1230031	1280030	1255030.5	596	6.0075268532463664e-5	0.25039806911200596
AM4_4	1230031	1280030	1255030.5	596	5.77414764129396e-5	-0.33857627013851593
AM5_0	1230031	1280030	1255030.5	596	4.628423863717981e-5	-0.799469363787366
AM6_0	1230031	1280030	1255030.5	596	6.772295971898107e-5	0.7527175468078057
AM7_0	1230031	1280030	1255030.5	596	5.288658656728257e-5	0.44564558344113087
AM8_4	1230031	1280030	1255030.5	596	6.400743411292121e-5	-0.5473341141642313
AM9_0	1230031	1280030	1255030.5	596	5.433898983786888e-5	1.3908986893463926
AM10_0	1235031	1285030	1260030.5	620	6.291503060568757e-5	0.5212953786902441
AM11_0	1235031	1285030	1260030.5	620	5.131166189001369e-5	0.8362713763791426
AM12_0	1235031	1285030	1260030.5	620	9.034920634920634e-5	-0.2735615626948928
AM1_0	1235031	1285030	1260030.5	620	5.679656133662511e-5	-0.002122606088205105
AM2_0	1235031	1285030	1260030.5	620	1.115605379656281e-5	-0.38291036256304184
AM2_4	1235031	1285030	1260030.5	620	7.005012531328321e-6	-1.4687929737231602
AM3_0	1235031	1285030	1260030.5	620	5.765591369375399e-5	0.4671411773154998
AM4_4	1235031	1285030	1260030.5	620	5.77414764129396e-5	-0.33857627013851593
AM5_0	1235031	1285030	1260030.5	620	4.628423863717981e-5	-0.799469363787366
AM6_0	1235031	1285030	1260030.5	620	6.889943030721636e-5	0.7527175468078057
AM7_0	1235031	1285030	1260030.5	620	5.288658656728257e-5	0.44564558344113087
AM8_4	1235031	1285030	1260030.5	620	6.341919881880357e-5	-0.5473341141642313
AM9_0	1235031	1285030	1260030.5	620	5.761384363903847e-5	0.8703228243635813
AM10_0	1240031	1290030	1265030.5	607	6.291503060568757e-5	0.5212953786902441
AM11_0	1240031	1290030	1265030.5	607	6.019811879835842e-5	1.1797782038163025
AM12_0	1240031	1290030	1265030.5	607	8.601587301587301e-5	-0.5230742461063496
AM1_0	1240031	1290030	1265030.5	607	5.783618837625215e-5	0.12988435137722915
AM2_0	1240031	1290030	1265030.5	607	1.115605379656281e-5	-0.38291036256304184
AM2_4	1240031	1290030	1265030.5	607	7.005012531328321e-6	-1.4687929737231602
AM3_0	1240031	1290030	1265030.5	607	6.0963553991252285e-5	0.719209241168633
AM4_4	1240031	1290030	1265030.5	607	5.77414764129396e-5	-0.33857627013851593
AM5_0	1240031	1290030	1265030.5	607	4.628423863717981e-5	-0.799469363787366
AM6_0	1240031	1290030	1265030.5	607	7.252720972340667e-5	0.9892815366612818
AM7_0	1240031	1290030	1265030.5	607	5.501543810789881e-5	0.13384331468176563
AM8_4	1240031	1290030	1265030.5	607	6.303743847946105e-5	-0.417327370819943
AM9_0	1240031	1290030	1265030.5	607	5.761384363903847e-5	0.8703228243635813
AM10_0	1245031	1295030	1270030.5	591	5.659611045011677e-5	0.9883183016334524
AM11_0	1245031	1295030	1270030.5	591	5.832609341496339e-5	1.1797782038163025
AM12_0	1245031	1295030	1270030.5	591	8.601587301587301e-5	-0.5230742461063496
AM1_0	1245031	1295030	1270030.5	591	5.6883807423871196e-5	0.7131558652643522
AM2_0	1245031	1295030	1270030.5	591	1.2025619013954115e-5	-0.8633831941431415
AM2_4	1245031	1295030	1270030.5	591	8.70549562311576e-6	-1.5663500981213243
AM3_0	1245031	1295030	1270030.5	591	5.810641113410943e-5	0.719209241168633
AM4_4	1245031	1295030	1270030.5	591	5.974910417800443e-5	-0.19307582911079071
AM5_0	1245031	1295030	1270030.5	591	4.628423863717981e-5	-0.799469363787366
AM6_0	1245031	1295030	1270030.5	591	5.969086367951346e-5	0.7409282317048134
AM7_0	1245031	1295030	1270030.5	591	5.172651805179782e-5	0.45265566153933695
AM8_4	1245031	1295030	1270030.5	591	6.290741483879911e-5	-0.5454557777433958
AM9_0	1245031	1295030	1270030.5	591	5.199315398386605e-5	0.4626354414755312
AM10_0	1250031	1300030	1275030.5	583	6.033201682016949e-5	0.9883183016334524
AM11_0	1250031	1300030	1275030.5	583	5.857122085124525e-5	0.48560919071599934
AM12_0	1250031	1300030	1275030.5	583	1.0834920634920636e-4	-0.6528101732221647
AM1_0	1250031	1300030	1275030.5	583	5.6883807423871196e-5	0.7131558652643522
AM2_0	1250031	1300030	1275030.5	583	1.2025619013954115e-5	-0.8633831941431415
AM2_4	1250031	1300030	1275030.5	583	8.70549562311576e-6	-1.5663500981213243
AM3_0	1250031	1300030	1275030.5	583	5.810641113410943e-5	0.719209241168633
AM4_4	1250031	1300030	1275030.5	583	6.260624703514729e-5	-0.19307582911079071
AM5_0	1250031	1300030	1275030.5	583	5.1558963911905084e-5	-0.799469363787366
AM6_0	1250031	1300030	1275030.5	583	5.969086367951346e-5	0.7409282317048134
AM7_0	1250031	1300030	1275030.5	583	4.9233764428609416e-5	0.6956051056723616
AM8_4	1250031	1300030	1275030.5	583	6.508614531376758e-5	-0.7649042242554687
AM9_0	1250031	1300030	1275030.5	583	5.353161552232759e-5	0.4626354414755312
AM10_0	1255031	1305030	1280030.5	569	4.341667917993111e-5	1.352755241751967
AM11_0	1255031	1305030	1280030.5	569	4.4768372591990886e-5	0.2191454914904744
AM12_0	1255031	1305030	1280030.5	569	1.3457142857142859e-4	-0.5960058387265633
AM1_0	1255031	1305030	1280030.5	569	4.79589427095328e-5	0.5999803759325414
AM2_0	1255031	1305030	1280030.5	569	1.2025619013954115e-5	-0.8633831941431415
AM2_4	1255031	1305030	1280030.5	569	7.038828956449093e-6	NA
AM3_0	1255031	1305030	1280030.5	569	4.4411661439359744e-5	-0.0019572768672487923
AM4_4	1255031	1305030	1280030.5	569	4.782606127663336e-5	-0.19307582911079071
AM5_0	1255031	1305030	1280030.5	569	3.865853101147219e-5	-1.0992372198418334
AM6_0	1255031	1305030	1280030.5	569	4.12293353241791e-5	0.42844630227396
AM7_0	1255031	1305030	1280030.5	569	3.438575042270068e-5	0.3440575922716428
AM8_4	1255031	1305030	1280030.5	569	4.818789281720047e-5	-1.0175624747031795
AM9_0	1255031	1305030	1280030.5	569	3.5369499001077946e-5	-0.006258252354436253
AM10_0	1260031	1310030	1285030.5	535	3.9138604313620944e-5	1.352755241751967
AM11_0	1260031	1310030	1285030.5	535	4.3935039258657555e-5	0.2191454914904744
AM12_0	1260031	1310030	1285030.5	535	1.2257142857142857e-4	-0.32237561194980496
AM1_0	1260031	1310030	1285030.5	535	3.99589427095328e-5	0.5999803759325414
AM2_0	1260031	1310030	1285030.5	535	5.7073844030365775e-6	-1.4732096066119547
AM2_4	1260031	1310030	1285030.5	535	7.038828956449093e-6	NA
AM3_0	1260031	1310030	1285030.5	535	3.9083726216687675e-5	0.3209315780202633
AM4_4	1260031	1310030	1285030.5	535	4.282606127663335e-5	0.30448901393759714
AM5_0	1260031	1310030	1285030.5	535	2.919413919413919e-5	NA
AM6_0	1260031	1310030	1285030.5	535	4.0396001990845766e-5	0.42844630227396
AM7_0	1260031	1310030	1285030.5	535	3.524405472002937e-5	0.4372256891560477
AM8_4	1260031	1310030	1285030.5	535	4.320294509967168e-5	-0.5313104523221782
AM9_0	1260031	1310030	1285030.5	535	3.5369499001077946e-5	-0.006258252354436253
AM10_0	1265031	1315030	1290030.5	530	2.92656460559077e-5	0.773072819892169
AM11_0	1265031	1315030	1290030.5	530	3.418174034873214e-5	-0.18205740204562043
AM12_0	1265031	1315030	1290030.5	530	1.14e-4	-0.4073723156551406
AM1_0	1265031	1315030	1290030.5	530	2.9798514902046166e-5	0.5999803759325414
AM2_0	1265031	1315030	1290030.5	530	1.7391304347826085e-6	-1.4732096066119547
AM2_4	1265031	1315030	1290030.5	530	4.181686099306237e-6	NA
AM3_0	1265031	1315030	1290030.5	530	2.878487564197503e-5	-0.20842942445385346
AM4_4	1265031	1315030	1290030.5	530	3.3983956013475466e-5	0.30448901393759714
AM5_0	1265031	1315030	1290030.5	530	1.7274725274725274e-5	NA
AM6_0	1265031	1315030	1290030.5	530	3.200329794045648e-5	-0.2222464304454436
AM7_0	1265031	1315030	1290030.5	530	2.5669586634922986e-5	-0.1373852479870183
AM8_4	1265031	1315030	1290030.5	530	3.332716870215615e-5	-0.9087147079976441
AM9_0	1265031	1315030	1290030.5	530	2.521302673934253e-5	-0.5975385263681311
AM10_0	1270031	1320030	1295030.5	491	1.191485323642006e-5	NA
AM11_0	1270031	1320030	1295030.5	491	1.8060650525938947e-5	-0.941231116090178
AM12_0	1270031	1320030	1295030.5	491	1.0777777777777779e-4	-0.48003624909190806
AM1_0	1270031	1320030	1295030.5	491	1.1626137303556659e-5	NA
AM2_0	1270031	1320030	1295030.5	491	3.439613526570048e-6	-1.5760055181161943
AM2_4	1270031	1320030	1295030.5	491	3.3316887655463045e-6	-1.1359023668434092
AM3_0	1270031	1320030	1295030.5	491	1.607311333021272e-5	-0.7303453574336112
AM4_4	1270031	1320030	1295030.5	491	1.5071293923467837e-5	-0.31099928554559786
AM5_0	1270031	1320030	1295030.5	491	1.7274725274725274e-5	NA
AM6_0	1270031	1320030	1295030.5	491	1.780924473231876e-5	-0.8503136923838155
AM7_0	1270031	1320030	1295030.5	491	1.1701441552230646e-5	-1.2225558175327866
AM8_4	1270031	1320030	1295030.5	491	1.4351138859934405e-5	-1.6005511559971184
AM9_0	1270031	1320030	1295030.5	491	1.2419375945691735e-5	-1.37693715139398
AM10_0	1275031	1325030	1300030.5	480	1.191485323642006e-5	NA
AM11_0	1275031	1325030	1300030.5	480	1.7716951671601798e-5	-1.1239250133323433
AM12_0	1275031	1325030	1300030.5	480	1.0911111111111111e-4	-0.4284501561135086
AM1_0	1275031	1325030	1300030.5	480	1.1626137303556659e-5	NA
AM2_0	1275031	1325030	1300030.5	480	3.439613526570048e-6	-1.5760055181161943
AM2_4	1275031	1325030	1300030.5	480	3.3316887655463045e-6	-1.1359023668434092
AM3_0	1275031	1325030	1300030.5	480	1.732311333021272e-5	-1.0703728342194923
AM4_4	1275031	1325030	1300030.5	480	1.649986535203927e-5	-0.8156372327613964
AM5_0	1275031	1325030	1300030.5	480	1.7274725274725274e-5	NA
AM6_0	1275031	1325030	1300030.5	480	1.8397480026436406e-5	-1.0605150377188977
AM7_0	1275031	1325030	1300030.5	480	1.422116944338711e-5	-1.5917281724026517
AM8_4	1275031	1325030	1300030.5	480	1.3120980129775675e-5	-1.6005511559971184
AM9_0	1275031	1325030	1300030.5	480	1.2419375945691735e-5	-1.37693715139398
AM10_0	1280031	1330030	1305030.5	458	6.245710291621339e-6	NA
AM11_0	1280031	1330030	1305030.5	458	1.2025427558416215e-5	-1.1856578962934776
AM12_0	1280031	1330030	1305030.5	458	1.0911111111111111e-4	-0.4284501561135086
AM1_0	1280031	1330030	1305030.5	458	1.9487179487179485e-6	NA
AM2_0	1280031	1330030	1305030.5	458	3.439613526570048e-6	-1.5760055181161943
AM2_4	1280031	1330030	1305030.5	458	3.3316887655463045e-6	-1.1359023668434092
AM3_0	1280031	1330030	1305030.5	458	9.920814479638009e-6	-1.6847911313292805
AM4_4	1280031	1330030	1305030.5	458	1.0082815734989647e-5	-0.6214480664922105
AM5_0	1280031	1330030	1305030.5	458	5.274725274725275e-6	NA
AM6_0	1280031	1330030	1305030.5	458	8.694743290942081e-6	-1.4217691097293106
AM7_0	1280031	1330030	1305030.5	458	6.506883729101397e-6	-1.5917281724026517
AM8_4	1280031	1330030	1305030.5	458	4.662805708214525e-6	-1.8942182755474724
AM9_0	1280031	1330030	1305030.5	458	5.813315339631129e-6	-1.4760512172597586
AM10_0	1285031	1335030	1310030.5	439	5.069239703386046e-6	NA
AM11_0	1285031	1335030	1310030.5	439	1.0681554040629655e-5	-0.9676640207283461
AM12_0	1285031	1335030	1310030.5	439	1.1334920634920636e-4	-0.5101547714035092
AM1_0	1285031	1335030	1310030.5	439	1.9487179487179485e-6	NA
AM2_0	1285031	1335030	1310030.5	439	5.140096618357488e-6	-1.658630262761848
AM2_4	1285031	1335030	1310030.5	439	5.107587285630871e-6	-1.2978332445944243
AM3_0	1285031	1335030	1310030.5	439	1.117081447963801e-5	-1.8521041006676349
AM4_4	1285031	1335030	1310030.5	439	1.0082815734989647e-5	-0.6214480664922105
AM5_0	1285031	1335030	1310030.5	439	5.274725274725275e-6	NA
AM6_0	1285031	1335030	1310030.5	439	7.518272702706787e-6	-1.4217691097293106
AM7_0	1285031	1335030	1310030.5	439	6.506883729101397e-6	-1.5917281724026517
AM8_4	1285031	1335030	1310030.5	439	6.161307206716023e-6	-1.8972994404682495
AM9_0	1285031	1335030	1310030.5	439	2.5384615384615385e-6	NA
AM10_0	1290031	1340030	1315030.5	437	1.6466065100211444e-5	NA
AM11_0	1290031	1340030	1315030.5	437	9.597510405286429e-6	-1.766918134958251
AM12_0	1290031	1340030	1315030.5	437	1.3025396825396826e-4	-0.37913040692205047
AM1_0	1290031	1340030	1315030.5	437	3.484848484848485e-6	NA
AM2_0	1290031	1340030	1315030.5	437	5.140096618357488e-6	-1.658630262761848
AM2_4	1290031	1340030	1315030.5	437	9.274253952297538e-6	-1.2978332445944243
AM3_0	1290031	1340030	1315030.5	437	1.0099067599067597e-5	-1.6847911313292805
AM4_4	1290031	1340030	1315030.5	437	1.6971704623878536e-5	-0.6214480664922105
AM5_0	1290031	1340030	1315030.5	437	5.274725274725275e-6	NA
AM6_0	1290031	1340030	1315030.5	437	9.747636143659342e-6	-1.47340890519786
AM7_0	1290031	1340030	1315030.5	437	8.624186034638997e-6	-1.390912103506891
AM8_4	1290031	1340030	1315030.5	437	8.46602024208702e-6	-2.0010055987212167
AM9_0	1290031	1340030	1315030.5	437	1.5195632952754392e-5	NA
AM10_0	1295031	1345030	1320030.5	450	2.3910963059395117e-5	NA
AM11_0	1295031	1345030	1320030.5	450	1.6860475642676403e-5	-1.8535112849720097
AM12_0	1295031	1345030	1320030.5	450	1.5558730158730157e-4	-0.1972162356636545
AM1_0	1295031	1345030	1320030.5	450	4.913419913419913e-6	NA
AM2_0	1295031	1345030	1320030.5	450	1.1098411913057223e-5	-0.9020713779955957
AM2_4	1295031	1345030	1320030.5	450	1.847087128844976e-5	-0.47271260446314706
AM3_0	1295031	1345030	1320030.5	450	2.8865719224414877e-5	-1.890043408746791
AM4_4	1295031	1345030	1320030.5	450	3.267037095458148e-5	-1.331903114818596
AM5_0	1295031	1345030	1320030.5	450	7.733645027143478e-5	1.9800881468521414
AM6_0	1295031	1345030	1320030.5	450	1.534581923240847e-5	-1.47340890519786
AM7_0	1295031	1345030	1320030.5	450	1.1705418527636195e-5	-1.74140803925642
AM8_4	1295031	1345030	1320030.5	450	1.1167989634197258e-5	-2.07942068594033
AM9_0	1295031	1345030	1320030.5	450	1.7511140974144768e-5	NA
AM10_0	1300031	1350030	1325030.5	435	1.8841723356009072e-05	NA
AM11_0	1300031	1350030	1325030.5	435	1.592569303398075e-5	-1.544328323299605
AM12_0	1300031	1350030	1325030.5	435	1.3325396825396825e-4	-0.010234330895769025
AM1_0	1300031	1350030	1325030.5	435	4.913419913419913e-6	NA
AM2_0	1300031	1350030	1325030.5	435	1.1098411913057223e-5	-0.9020713779955957
AM2_4	1300031	1350030	1325030.5	435	1.847087128844976e-5	-0.47271260446314706
AM3_0	1300031	1350030	1325030.5	435	3.068390104259669e-5	-1.890043408746791
AM4_4	1300031	1350030	1325030.5	435	3.447989476410529e-5	-1.331903114818596
AM5_0	1300031	1350030	1325030.5	435	8.006172499670951e-5	1.9800881468521414
AM6_0	1300031	1350030	1325030.5	435	1.534581923240847e-5	-1.47340890519786
AM7_0	1300031	1350030	1325030.5	435	1.1705418527636195e-5	-1.74140803925642
AM8_4	1300031	1350030	1325030.5	435	1.03226833562212e-5	-2.0462057938268403
AM9_0	1300031	1350030	1325030.5	435	1.5972679435683227e-5	NA
AM10_0	1305031	1355030	1330030.5	419	1.8841723356009072e-05	NA
AM11_0	1305031	1355030	1330030.5	419	1.5490910425285097e-5	-1.2972585617159185
AM12_0	1305031	1355030	1330030.5	419	1.1914285714285714e-4	-0.010259377569167784
AM1_0	1305031	1355030	1330030.5	419	4.913419913419913e-6	NA
AM2_0	1305031	1355030	1330030.5	419	1.1098411913057223e-5	-0.9020713779955957
AM2_4	1305031	1355030	1330030.5	419	2.0102076962208624e-5	-0.7156999062407001
AM3_0	1305031	1355030	1330030.5	419	2.9145439504135156e-5	-1.8195178148580358
AM4_4	1305031	1355030	1330030.5	419	3.447989476410529e-5	-1.331903114818596
AM5_0	1305031	1355030	1330030.5	419	8.006172499670951e-5	1.9800881468521414
AM6_0	1305031	1355030	1330030.5	419	1.534581923240847e-5	-1.47340890519786
AM7_0	1305031	1355030	1330030.5	419	1.1705418527636195e-5	-1.74140803925642
AM8_4	1305031	1355030	1330030.5	419	1.0819145394851914e-5	-2.007301915376907
AM9_0	1305031	1355030	1330030.5	419	1.5972679435683227e-5	NA
AM10_0	1310031	1360030	1335030.5	407	1.8841723356009072e-05	NA
AM11_0	1310031	1360030	1335030.5	407	1.592569303398075e-5	-1.544328323299605
AM12_0	1310031	1360030	1335030.5	407	1.1914285714285714e-4	-0.010259377569167784
AM1_0	1310031	1360030	1335030.5	407	6.613903005207353e-6	NA
AM2_0	1310031	1360030	1335030.5	407	1.1967977130448525e-5	-1.1693076271990441
AM2_4	1310031	1360030	1335030.5	407	2.0102076962208624e-5	-0.7156999062407001
AM3_0	1310031	1360030	1335030.5	407	2.9145439504135156e-5	-1.8195178148580358
AM4_4	1310031	1360030	1335030.5	407	3.447989476410529e-5	-1.331903114818596
AM5_0	1310031	1360030	1335030.5	407	8.006172499670951e-5	1.9800881468521414
AM6_0	1310031	1360030	1335030.5	407	1.534581923240847e-5	-1.47340890519786
AM7_0	1310031	1360030	1335030.5	407	9.847114230307507e-6	-1.706811610116798
AM8_4	1310031	1360030	1335030.5	407	1.0819145394851914e-5	-2.007301915376907
AM9_0	1310031	1360030	1335030.5	407	1.5972679435683227e-5	NA
AM10_0	1315031	1365030	1340030.5	427	3.14587518559644e-5	NA
AM11_0	1315031	1365030	1340030.5	427	2.5050731456219886e-5	-1.723077506350812
AM12_0	1315031	1365030	1340030.5	427	1.5047619047619048e-4	-0.16929145091250059
AM1_0	1315031	1365030	1340030.5	427	1.4867871259175606e-5	NA
AM2_0	1315031	1365030	1340030.5	427	1.1967977130448525e-5	-1.1693076271990441
AM2_4	1315031	1365030	1340030.5	427	2.0102076962208624e-5	-0.7156999062407001
AM3_0	1315031	1365030	1340030.5	427	3.783808019677585e-5	-1.904101322788185
AM4_4	1315031	1365030	1340030.5	427	3.781322809743863e-5	-1.331903114818596
AM5_0	1315031	1365030	1340030.5	427	8.967283610782064e-5	1.9800881468521414
AM6_0	1315031	1365030	1340030.5	427	2.4733347299360906e-5	-1.3641264367369785
AM7_0	1315031	1365030	1340030.5	427	1.7035274906840275e-5	-1.16285731189418
AM8_4	1315031	1365030	1340030.5	427	1.6460171035877557e-5	-2.007301915376907
AM9_0	1315031	1365030	1340030.5	427	2.6564633458671736e-5	NA
AM10_0	1320031	1370030	1345030.5	413	3.331138343491177e-5	-0.05428602764575525
AM11_0	1320031	1370030	1345030.5	413	2.5050731456219886e-5	-1.723077506350812
AM12_0	1320031	1370030	1345030.5	413	1.4836507936507936e-4	-0.2509694314616337
AM1_0	1320031	1370030	1345030.5	413	1.4867871259175606e-5	NA
AM2_0	1320031	1370030	1345030.5	413	1.0267494038661087e-5	-1.0075774261472763
AM2_4	1320031	1370030	1345030.5	413	1.847087128844976e-5	-0.47271260446314706
AM3_0	1320031	1370030	1345030.5	413	3.783808019677585e-5	-1.904101322788185
AM4_4	1320031	1370030	1345030.5	413	3.781322809743863e-5	-1.331903114818596
AM5_0	1320031	1370030	1345030.5	413	8.967283610782064e-5	1.9800881468521414
AM6_0	1320031	1370030	1345030.5	413	2.4733347299360906e-5	-1.3641264367369785
AM7_0	1320031	1370030	1345030.5	413	1.7035274906840275e-5	-1.16285731189418
AM8_4	1320031	1370030	1345030.5	413	1.575940895491196e-5	-2.0838500899913917
AM9_0	1320031	1370030	1345030.5	413	2.6564633458671736e-5	NA
AM10_0	1325031	1375030	1350030.5	387	3.400103860732556e-5	-0.5924727677691041
AM11_0	1325031	1375030	1350030.5	387	2.462519954132627e-5	-1.5428967387409398
AM12_0	1325031	1375030	1350030.5	387	1.376984126984127e-4	-0.41266908511773975
AM1_0	1325031	1375030	1350030.5	387	1.4867871259175606e-5	NA
AM2_0	1325031	1375030	1350030.5	387	1.0267494038661087e-5	-1.0075774261472763
AM2_4	1325031	1375030	1350030.5	387	1.847087128844976e-5	-0.47271260446314706
AM3_0	1325031	1375030	1350030.5	387	3.658808019677585e-5	-1.8132395832475214
AM4_4	1325031	1375030	1350030.5	387	3.6384656668867194e-5	-1.0515653129103655
AM5_0	1325031	1375030	1350030.5	387	8.967283610782064e-5	1.9800881468521414
AM6_0	1325031	1375030	1350030.5	387	2.4145112005243262e-5	-1.107469985051773
AM7_0	1325031	1375030	1350030.5	387	1.4515547015683813e-5	-0.6636356332312224
AM8_4	1325031	1375030	1350030.5	387	1.667907068852718e-5	-2.2026724043613184
AM9_0	1325031	1375030	1350030.5	387	2.6564633458671736e-5	NA
AM10_0	1330031	1380030	1355030.5	385	4.053664678999256e-5	-0.5924727677691041
AM11_0	1330031	1380030	1355030.5	385	3.0375210327881908e-5	-1.5428967387409398
AM12_0	1330031	1380030	1355030.5	385	1.6525396825396827e-4	-0.3592922762068264
AM1_0	1330031	1380030	1355030.5	385	2.591043980174415e-5	NA
AM2_0	1330031	1380030	1355030.5	385	1.0267494038661087e-5	-1.0075774261472763
AM2_4	1330031	1380030	1355030.5	385	2.0171354380237195e-5	-0.7081845974209334
AM3_0	1330031	1380030	1355030.5	385	4.081030241899807e-5	-1.8132395832475214
AM4_4	1330031	1380030	1355030.5	385	4.3137903422113944e-5	-1.0515653129103655
AM5_0	1330031	1380030	1355030.5	385	1.0319664563163014e-4	1.9800881468521414
AM6_0	1330031	1380030	1355030.5	385	2.770992388712831e-5	-0.7217368615039432
AM7_0	1330031	1380030	1355030.5	385	2.0071975685440154e-5	-0.6636356332312224
AM8_4	1330031	1380030	1355030.5	385	2.161986626120882e-5	-2.250963232953084
AM9_0	1330031	1380030	1355030.5	385	3.294705104108932e-5	NA
AM10_0	1335031	1385030	1360030.5	398	5.303679606600391e-5	-0.07542585010785535
AM11_0	1335031	1385030	1360030.5	398	4.358156049786734e-5	-0.5617441554487228
AM12_0	1335031	1385030	1360030.5	398	1.4768253968253968e-4	-0.27737659810533816
AM1_0	1335031	1385030	1360030.5	398	3.8118876526309905e-5	0.058316623072181176
AM2_0	1335031	1385030	1360030.5	398	7.697445729482342e-6	-0.2809283004026361
AM2_4	1335031	1385030	1360030.5	398	1.839545586015263e-5	-0.48229053457991367
AM3_0	1335031	1385030	1360030.5	398	5.401048991266383e-5	-1.7915072430572783
AM4_4	1335031	1385030	1360030.5	398	5.3427758494577715e-5	-0.7289195965797508
AM5_0	1335031	1385030	1360030.5	398	1.0986331229829682e-4	1.9800881468521414
AM6_0	1335031	1385030	1360030.5	398	3.86209711731756e-5	-0.215849283132106
AM7_0	1335031	1385030	1360030.5	398	3.023411262794081e-5	-0.7160833654561459
AM8_4	1335031	1385030	1360030.5	398	3.110769336897288e-5	-1.8409396072778752
AM9_0	1335031	1385030	1360030.5	398	4.377431528011826e-5	-0.9862597049691014
AM10_0	1340031	1390030	1365030.5	411	4.232962584159231e-5	-0.4071480832255128
AM11_0	1340031	1390030	1365030.5	411	3.5779147224865834e-5	-0.5617441554487228
AM12_0	1340031	1390030	1365030.5	411	1.368888888888889e-4	-0.42921083067940735
AM1_0	1340031	1390030	1365030.5	411	3.463402804146142e-5	0.058316623072181176
AM2_0	1340031	1390030	1365030.5	411	1.0415215764325548e-5	-0.4995141007699891
AM2_4	1340031	1390030	1365030.5	411	1.4228789193485964e-5	-0.48229053457991367
AM3_0	1340031	1390030	1365030.5	411	5.044988385205776e-5	-1.7915072430572783
AM4_4	1340031	1390030	1365030.5	411	4.653886960568883e-5	-0.7289195965797508
AM5_0	1340031	1390030	1365030.5	411	1.0986331229829682e-4	1.9800881468521414
AM6_0	1340031	1390030	1365030.5	411	3.1636844189048615e-5	-0.215849283132106
AM7_0	1340031	1390030	1365030.5	411	2.6821292115120294e-5	-0.9452624236215186
AM8_4	1340031	1390030	1365030.5	411	3.137291267114893e-5	-1.845646825622535
AM9_0	1340031	1390030	1365030.5	411	3.111714386582541e-5	-0.9862597049691014
AM10_0	1345031	1395030	1370030.5	406	3.899802710097101e-5	-0.9211911168072092
AM11_0	1345031	1395030	1370030.5	406	3.0373324844618712e-5	-0.6114130448804911
AM12_0	1345031	1395030	1370030.5	406	1.1822222222222223e-4	-0.5901618495310013
AM1_0	1345031	1395030	1370030.5	406	3.565300906044244e-5	-0.517004082382507
AM2_0	1345031	1395030	1370030.5	406	4.456900469625814e-6	-1.4190153937007497
AM2_4	1345031	1395030	1370030.5	406	5.725305786822901e-6	-1.2025308704985858
AM3_0	1345031	1395030	1370030.5	406	3.168323222671049e-5	-1.4284608156765135
AM4_4	1345031	1395030	1370030.5	406	2.504310182571052e-5	0.002224253748864506
AM5_0	1345031	1395030	1370030.5	406	3.78015873015873e-5	NA
AM6_0	1345031	1395030	1370030.5	406	2.8531414723487894e-5	-0.215849283132106
AM7_0	1345031	1395030	1370030.5	406	2.469244057450405e-5	-0.7273963604129745
AM8_4	1345031	1395030	1370030.5	406	3.173523292519642e-5	-1.7151175880812135
AM9_0	1345031	1395030	1370030.5	406	2.7801635844435034e-5	NA
AM10_0	1350031	1400030	1375030.5	418	4.749410479049751e-5	-1.1257875021382504
AM11_0	1350031	1400030	1375030.5	418	3.3549559581268977e-5	-0.6114130448804911
AM12_0	1350031	1400030	1375030.5	418	1.2222222222222224e-4	-0.6872817824310163
AM1_0	1350031	1400030	1375030.5	418	3.747119087862426e-5	-0.517004082382507
AM2_0	1350031	1400030	1375030.5	418	4.456900469625814e-6	-1.4190153937007497
AM2_4	1350031	1400030	1375030.5	418	5.725305786822901e-6	-1.2025308704985858
AM3_0	1350031	1400030	1375030.5	418	3.296028850376677e-5	-1.6441601575689921
AM4_4	1350031	1400030	1375030.5	418	2.373307851568721e-5	-0.5589367788194963
AM5_0	1350031	1400030	1375030.5	418	4.7114940614940615e-5	NA
AM6_0	1350031	1400030	1375030.5	418	3.471814849050335e-5	-0.6314532497103901
AM7_0	1350031	1400030	1375030.5	418	2.7579450205699728e-5	-0.8755543848584878
AM8_4	1350031	1400030	1375030.5	418	3.3191733935944694e-5	-1.7363576099894762
AM9_0	1350031	1400030	1375030.5	418	3.3769889812689e-5	NA
AM10_0	1355031	1405030	1380030.5	434	4.836367000788882e-5	-1.1257875021382504
AM11_0	1355031	1405030	1380030.5	434	3.3549559581268977e-5	-0.6114130448804911
AM12_0	1355031	1405030	1380030.5	434	1.1411111111111111e-4	-0.7803971207975615
AM1_0	1355031	1405030	1380030.5	434	3.747119087862426e-5	-0.517004082382507
AM2_0	1355031	1405030	1380030.5	434	4.456900469625814e-6	-1.4190153937007497
AM2_4	1355031	1405030	1380030.5	434	4.094100113064035e-6	-0.9834722121097494
AM3_0	1355031	1405030	1380030.5	434	3.42936218371001e-5	-1.808237016188894
AM4_4	1355031	1405030	1380030.5	434	2.373307851568721e-5	-0.5589367788194963
AM5_0	1355031	1405030	1380030.5	434	4.7114940614940615e-5	NA
AM6_0	1355031	1405030	1380030.5	434	3.5587713707894654e-5	-0.6314532497103901
AM7_0	1355031	1405030	1380030.5	434	2.8379450205699727e-5	-1.0701434432091632
AM8_4	1355031	1405030	1380030.5	434	3.225082745286953e-5	-1.689113885688889
AM9_0	1355031	1405030	1380030.5	434	3.3769889812689e-5	NA
AM10_0	1360031	1410030	1385030.5	446	4.836367000788882e-5	-1.1257875021382504
AM11_0	1360031	1410030	1385030.5	446	3.3114776972573324e-5	-0.20263035667476553
AM12_0	1360031	1410030	1385030.5	446	1.2522222222222223e-4	-0.8141177643823723
AM1_0	1360031	1410030	1385030.5	446	3.6679798695927726e-5	-0.6391335936979078
AM2_0	1360031	1410030	1385030.5	446	3.58733525223451e-6	-1.103376869520294
AM2_4	1360031	1410030	1385030.5	446	4.094100113064035e-6	-0.9834722121097494
AM3_0	1360031	1410030	1385030.5	446	3.42936218371001e-5	-1.808237016188894
AM4_4	1360031	1410030	1385030.5	446	2.373307851568721e-5	-0.5589367788194963
AM5_0	1360031	1410030	1385030.5	446	4.7114940614940615e-5	NA
AM6_0	1360031	1410030	1385030.5	446	3.5587713707894654e-5	-0.6314532497103901
AM7_0	1360031	1410030	1385030.5	446	3.012187444812397e-5	-1.3573971948250607
AM8_4	1360031	1410030	1385030.5	446	3.26674941195362e-5	-1.761334627569534
AM9_0	1360031	1410030	1385030.5	446	3.3769889812689e-5	NA
AM10_0	1365031	1415030	1390030.5	437	3.5746641507933485e-05	-1.1257875021382504
AM11_0	1365031	1415030	1390030.5	437	2.398973855033419e-5	0.42769821058523455
AM12_0	1365031	1415030	1390030.5	437	1.1211111111111113e-4	-0.47762841833208136
AM1_0	1365031	1415030	1390030.5	437	2.8425830441959478e-5	-0.6391335936979078
AM2_0	1365031	1415030	1390030.5	437	3.58733525223451e-6	-1.103376869520294
AM2_4	1365031	1415030	1390030.5	437	4.094100113064035e-6	-0.9834722121097494
AM3_0	1365031	1415030	1390030.5	437	2.5600981144459408e-5	-1.6441601575689921
AM4_4	1365031	1415030	1390030.5	437	2.0399745182353878e-5	-0.5589367788194963
AM5_0	1365031	1415030	1390030.5	437	3.75038295038295e-5	NA
AM6_0	1365031	1415030	1390030.5	437	2.458046733108306e-5	-0.37624472228316147
AM7_0	1365031	1415030	1390030.5	437	2.37337137715912e-5	-1.7664880756186048
AM8_4	1365031	1415030	1390030.5	437	2.702646847851056e-5	-1.761334627569534
AM9_0	1365031	1415030	1390030.5	437	2.3177935789700495e-5	NA
AM10_0	1370031	1420030	1395030.5	475	3.389400992898612e-5	-0.931734310324975
AM11_0	1370031	1420030	1395030.5	475	2.5985352585421908e-5	0.038915003761906077
AM12_0	1370031	1420030	1395030.5	475	1.4780952380952383e-4	-0.14134467334629536
AM1_0	1370031	1420030	1395030.5	475	3.0164960876742083e-5	-1.2471887419687866
AM2_0	1370031	1420030	1395030.5	475	3.58733525223451e-6	-1.103376869520294
AM2_4	1370031	1420030	1395030.5	475	7.340476924658238e-6	-0.953340270395558
AM3_0	1370031	1420030	1395030.5	475	2.5600981144459408e-5	-1.6441601575689921
AM4_4	1370031	1420030	1395030.5	475	2.0399745182353878e-5	-0.5589367788194963
AM5_0	1370031	1420030	1395030.5	475	3.75038295038295e-5	NA
AM6_0	1370031	1420030	1395030.5	475	2.458046733108306e-5	-0.37624472228316147
AM7_0	1370031	1420030	1395030.5	475	2.4603278988982505e-5	-1.8484696375268026
AM8_4	1370031	1420030	1395030.5	475	2.745238583897926e-5	-1.8257918671160775
AM9_0	1370031	1420030	1395030.5	475	3.340870502046973e-5	0.4022414812211919
AM10_0	1375031	1425030	1400030.5	502	3.3204354756572326e-5	-0.6737196985354675
AM11_0	1375031	1425030	1400030.5	502	2.648535258542191e-5	-0.4029182391827036
AM12_0	1375031	1425030	1400030.5	502	1.5714285714285716e-4	-0.06312866600277865
AM1_0	1375031	1425030	1400030.5	502	3.0164960876742083e-5	-1.2471887419687866
AM2_0	1375031	1425030	1400030.5	502	3.58733525223451e-6	-1.103376869520294
AM2_4	1375031	1425030	1400030.5	502	7.340476924658238e-6	-0.953340270395558
AM3_0	1375031	1425030	1400030.5	502	2.7139442682920945e-5	-1.7821727537930376
AM4_4	1375031	1425030	1400030.5	502	2.0399745182353878e-5	-0.5589367788194963
AM5_0	1375031	1425030	1400030.5	502	3.75038295038295e-5	NA
AM6_0	1375031	1425030	1400030.5	502	2.7821065086319896e-5	-1.104823612841309
AM7_0	1375031	1425030	1400030.5	502	2.5403278988982504e-5	-1.923464951330657
AM8_4	1375031	1425030	1400030.5	502	2.9551602429740504e-5	-1.7616176104121752
AM9_0	1375031	1425030	1400030.5	502	3.340870502046973e-5	0.4022414812211919
AM10_0	1380031	1430030	1405030.5	513	2.6668746573905317e-5	-0.6737196985354675
AM11_0	1380031	1430030	1405030.5	513	2.073534179886627e-5	-0.4029182391827036
AM12_0	1380031	1430030	1405030.5	513	1.3803174603174603e-4	0.004043067872617417
AM1_0	1380031	1430030	1405030.5	513	1.912239233417354e-5	-1.2471887419687866
AM2_0	1380031	1430030	1405030.5	513	3.58733525223451e-6	-1.103376869520294
AM2_4	1380031	1430030	1405030.5	513	5.639993832870798e-6	-0.6743991380019988
AM3_0	1380031	1430030	1405030.5	513	2.2917220460698722e-5	-1.7821727537930376
AM4_4	1380031	1430030	1405030.5	513	1.3646498429107123e-5	-0.5589367788194963
AM5_0	1380031	1430030	1405030.5	513	2.398001998001998e-5	NA
AM6_0	1380031	1430030	1405030.5	513	2.4256253204434842e-5	-1.274110826853974
AM7_0	1380031	1430030	1405030.5	513	2.0716415536617468e-5	-1.98559865858424
AM8_4	1380031	1430030	1405030.5	513	2.5086997333249342e-5	-1.7610899884965718
AM9_0	1380031	1430030	1405030.5	513	2.856474897651368e-5	0.4022414812211919
AM10_0	1385031	1435030	1410030.5	492	1.4168597297893975e-5	-1.4392270831996306
AM11_0	1385031	1435030	1410030.5	492	8.398556846272145e-6	-1.7232733522558725
AM12_0	1385031	1435030	1410030.5	492	1.7003174603174602e-4	-0.08618461912721506
AM1_0	1385031	1435030	1410030.5	492	6.913955609607785e-6	-1.8596047857738232
AM2_0	1385031	1435030	1410030.5	492	3.58733525223451e-6	-1.103376869520294
AM2_4	1385031	1435030	1410030.5	492	5.639993832870798e-6	-0.6743991380019988
AM3_0	1385031	1435030	1410030.5	492	8.467032967032967e-6	-1.6441601575689921
AM4_4	1385031	1435030	1410030.5	492	3.3566433566433574e-6	NA
AM5_0	1385031	1435030	1410030.5	492	1.7313353313353314e-5	NA
AM6_0	1385031	1435030	1410030.5	492	1.4538679111860751e-5	-1.8243960038145588
AM7_0	1385031	1435030	1410030.5	492	1.0554278594116815e-5	-2.2546571440631835
AM8_4	1385031	1435030	1410030.5	492	1.410066872698378e-5	-2.121303468005411
AM9_0	1385031	1435030	1410030.5	492	1.7737484737484737e-5	NA
AM10_0	1390031	1440030	1415030.5	481	1.4124103415802762e-5	-1.4460892462294288
AM11_0	1390031	1440030	1415030.5	481	8.824088761165761e-6	-1.8508848238629307
AM12_0	1390031	1440030	1415030.5	481	1.6392063492063494e-4	-0.05960004574854509
AM1_0	1390031	1440030	1415030.5	481	6.913955609607785e-6	-1.8596047857738232
AM2_0	1390031	1440030	1415030.5	481	8.695652173913043e-7	NA
AM2_4	1390031	1440030	1415030.5	481	8.90240518038853e-6	-1.1587533619408386
AM3_0	1390031	1440030	1415030.5	481	5.967032967032967e-6	-1.6441601575689921
AM4_4	1390031	1440030	1415030.5	481	3.3566433566433574e-6	NA
AM5_0	1390031	1440030	1415030.5	481	2.2248418248418248e-5	NA
AM6_0	1390031	1440030	1415030.5	481	1.5110107683289322e-5	-1.9235794032454006
AM7_0	1390031	1440030	1415030.5	481	9.72094526078348e-6	-2.199351898423695
AM8_4	1390031	1440030	1415030.5	481	1.1042931511387952e-5	-2.009258034610903
AM9_0	1390031	1440030	1415030.5	481	1.7737484737484737e-5	NA
AM10_0	1395031	1445030	1420030.5	464	1.0010804197240385e-5	-1.4308206545557791
AM11_0	1395031	1445030	1420030.5	464	6.966945904022905e-6	-1.7264682584879771
AM12_0	1395031	1445030	1420030.5	464	1.554761904761905e-4	0.01097235933612611
AM1_0	1395031	1445030	1420030.5	464	4.466403162055336e-6	-1.6981350294315951
AM2_0	1395031	1445030	1420030.5	464	0	NA
AM2_4	1395031	1445030	1420030.5	464	8.90240518038853e-6	-1.1587533619408386
AM3_0	1395031	1445030	1420030.5	464	5.967032967032967e-6	-1.6441601575689921
AM4_4	1395031	1445030	1420030.5	464	8.772027972027972e-6	-0.6767746733626612
AM5_0	1395031	1445030	1420030.5	464	2.2248418248418248e-5	NA
AM6_0	1395031	1445030	1420030.5	464	1.2617354060100916e-5	-1.9235794032454006
AM7_0	1395031	1445030	1420030.5	464	8.768564308402529e-6	-2.1437814683185454
AM8_4	1395031	1445030	1420030.5	464	1.141205507877559e-5	-1.9848822846167038
AM9_0	1395031	1445030	1420030.5	464	1.7737484737484737e-5	NA
AM10_0	1400031	1450030	1425030.5	431	1.5147265077138849e-6	NA
AM11_0	1400031	1450030	1425030.5	431	5.039853240124871e-6	-1.773955568945457
AM12_0	1400031	1450030	1425030.5	431	1.6547619047619047e-4	-0.1105852122501289
AM1_0	1400031	1450030	1425030.5	431	2.648221343873518e-6	-1.6981350294315951
AM2_0	1400031	1450030	1425030.5	431	0	NA
AM2_4	1400031	1450030	1425030.5	431	8.90240518038853e-6	-1.1587533619408386
AM3_0	1400031	1450030	1425030.5	431	2.8717948717948717e-6	-1.4284608156765135
AM4_4	1400031	1450030	1425030.5	431	5.415384615384615e-6	NA
AM5_0	1400031	1450030	1425030.5	431	4.935064935064935e-6	NA
AM6_0	1400031	1450030	1425030.5	431	6.43062029308546e-6	-1.9135321917780943
AM7_0	1400031	1450030	1425030.5	431	8.183595493533383e-6	-2.1035887830573317
AM8_4	1400031	1450030	1425030.5	431	8.622129871034897e-6	-1.831989815455462
AM9_0	1400031	1450030	1425030.5	431	1.1769230769230768e-5	NA
AM10_0	1405031	1455030	1430030.5	429	6.451612903225806e-7	NA
AM11_0	1405031	1455030	1430030.5	429	5.039853240124871e-6	-1.773955568945457
AM12_0	1405031	1455030	1430030.5	429	1.6147619047619048e-4	-0.022013685799795266
AM1_0	1405031	1455030	1430030.5	429	2.648221343873518e-6	-1.6981350294315951
AM2_0	1405031	1455030	1430030.5	429	0	NA
AM2_4	1405031	1455030	1430030.5	429	8.90240518038853e-6	-1.1587533619408386
AM3_0	1405031	1455030	1430030.5	429	1.5384615384615385e-6	NA
AM4_4	1405031	1455030	1430030.5	429	5.415384615384615e-6	NA
AM5_0	1405031	1455030	1430030.5	429	4.935064935064935e-6	NA
AM6_0	1405031	1455030	1430030.5	429	5.561055075694157e-6	-1.9135321917780943
AM7_0	1405031	1455030	1430030.5	429	7.383595493533381e-6	-2.0206815061403365
AM8_4	1405031	1455030	1430030.5	429	9.05691247973055e-6	-1.9296472890415879
AM9_0	1405031	1455030	1430030.5	429	1.1769230769230768e-5	NA
AM10_0	1410031	1460030	1435030.5	436	1.8540807332980784e-5	0.19170701889193692
AM11_0	1410031	1460030	1435030.5	436	1.4930204117317855e-5	-1.0669194355634963
AM12_0	1410031	1460030	1435030.5	436	1.5436507936507937e-4	-0.024313843206209492
AM1_0	1410031	1460030	1435030.5	436	1.1961352657004828e-5	-0.2609106027088491
AM2_0	1410031	1460030	1435030.5	436	0	NA
AM2_4	1410031	1460030	1435030.5	436	1.5639247285651686e-5	-1.1587533619408386
AM3_0	1410031	1460030	1435030.5	436	1.1699751861042183e-5	0.35757361402826215
AM4_4	1410031	1460030	1435030.5	436	1.577770345596433e-5	1.1192006334438247
AM5_0	1410031	1460030	1435030.5	436	1.911807147101265e-5	-0.3829685780753455
AM6_0	1410031	1460030	1435030.5	436	1.6269469948492593e-5	-1.3508894295710738
AM7_0	1410031	1460030	1435030.5	436	1.5908550930253523e-5	-1.8110555748747348
AM8_4	1410031	1460030	1435030.5	436	1.8727965111309496e-5	-1.1718019216504367
AM9_0	1410031	1460030	1435030.5	436	2.1794871794871792e-5	2.1790483547596082
AM10_0	1415031	1465030	1440030.5	453	1.8540807332980784e-5	0.19170701889193692
AM11_0	1415031	1465030	1440030.5	453	1.536498672601351e-5	-1.2369918578574137
AM12_0	1415031	1465030	1440030.5	453	1.3614285714285714e-4	-0.16912036895742702
AM1_0	1415031	1465030	1440030.5	453	1.1961352657004828e-5	-0.2609106027088491
AM2_0	1415031	1465030	1440030.5	453	0	NA
AM2_4	1415031	1465030	1440030.5	453	1.5639247285651686e-5	-1.1587533619408386
AM3_0	1415031	1465030	1440030.5	453	1.1699751861042183e-5	0.35757361402826215
AM4_4	1415031	1465030	1440030.5	453	1.577770345596433e-5	1.1192006334438247
AM5_0	1415031	1465030	1440030.5	453	1.911807147101265e-5	-0.3829685780753455
AM6_0	1415031	1465030	1440030.5	453	1.7395763944351804e-5	-1.4446898018162628
AM7_0	1415031	1465030	1440030.5	453	1.5108550930253524e-5	-1.653878727260298
AM8_4	1415031	1465030	1440030.5	453	1.9153497026203114e-5	-1.3199220082772178
AM9_0	1415031	1465030	1440030.5	453	2.2971342383107086e-5	1.13225113149108
AM10_0	1420031	1470030	1445030.5	421	1.8540807332980784e-5	0.19170701889193692
AM11_0	1420031	1470030	1445030.5	421	1.380415529962144e-5	-1.3593021079234016
AM12_0	1420031	1470030	1445030.5	421	1.0255555555555556e-4	-0.44115449267981516
AM1_0	1420031	1470030	1445030.5	421	1.0222222222222221e-5	NA
AM2_0	1420031	1470030	1445030.5	421	0	NA
AM2_4	1420031	1470030	1445030.5	421	1.2392870474057482e-5	-1.2132190762049266
AM3_0	1420031	1470030	1445030.5	421	1.1699751861042183e-5	0.35757361402826215
AM4_4	1420031	1470030	1445030.5	421	1.577770345596433e-5	1.1192006334438247
AM5_0	1420031	1470030	1445030.5	421	1.911807147101265e-5	-0.3829685780753455
AM6_0	1420031	1470030	1445030.5	421	1.7395763944351804e-5	-1.4446898018162628
AM7_0	1420031	1470030	1445030.5	421	1.5148076621953128e-5	-1.6488576043317544
AM8_4	1420031	1470030	1445030.5	421	1.8767164029910563e-5	-1.1687302065021228
AM9_0	1420031	1470030	1445030.5	421	1.2740573152337855e-5	0.36105420752062495
AM10_0	1425031	1475030	1450030.5	408	2.0537177568915447e-5	-0.08242097401056057
AM11_0	1425031	1475030	1450030.5	408	1.3304155299621441e-5	-1.2076617141112203
AM12_0	1425031	1475030	1450030.5	408	1.167777777777778e-4	-0.38976058637970834
AM1_0	1425031	1475030	1450030.5	408	1.1091787439613526e-5	0.39829224562587456
AM2_0	1425031	1475030	1450030.5	408	0	NA
AM2_4	1425031	1475030	1450030.5	408	1.402407614781635e-5	-1.3638837528186218
AM3_0	1425031	1475030	1450030.5	408	1.2736002966258806e-5	0.5672234972334947
AM4_4	1425031	1475030	1450030.5	408	1.577770345596433e-5	1.1192006334438247
AM5_0	1425031	1475030	1450030.5	408	1.911807147101265e-5	-0.3829685780753455
AM6_0	1425031	1475030	1450030.5	408	1.5250627847956911e-5	-1.1548957240120117
AM7_0	1425031	1475030	1450030.5	408	1.4348076621953127e-5	-1.4367763569567424
AM8_4	1425031	1475030	1450030.5	408	1.7072459208724477e-5	-1.2876772017842226
AM9_0	1425031	1475030	1450030.5	408	1.2740573152337855e-5	0.36105420752062495
AM10_0	1430031	1480030	1455030.5	384	2.0537177568915447e-5	-0.08242097401056057
AM11_0	1430031	1480030	1455030.5	384	1.3816975812441951e-5	-1.3582974637942942
AM12_0	1430031	1480030	1455030.5	384	1.0300000000000001e-4	-0.686797471282262
AM1_0	1430031	1480030	1455030.5	384	1.1091787439613526e-5	0.39829224562587456
AM2_0	1430031	1480030	1455030.5	384	1.775898520084567e-6	NA
AM2_4	1430031	1480030	1455030.5	384	1.402407614781635e-5	-1.3638837528186218
AM3_0	1430031	1480030	1455030.5	384	1.2736002966258806e-5	0.5672234972334947
AM4_4	1430031	1480030	1455030.5	384	1.577770345596433e-5	1.1192006334438247
AM5_0	1430031	1480030	1455030.5	384	2.1975214328155506e-5	-0.3829685780753455
AM6_0	1430031	1480030	1455030.5	384	1.4695072292401355e-5	-0.9528869804562289
AM7_0	1430031	1480030	1455030.5	384	1.3478511404561824e-5	-1.142554093230506
AM8_4	1430031	1480030	1455030.5	384	1.7040713176978447e-5	-1.2899517875835496
AM9_0	1430031	1480030	1455030.5	384	1.1202111613876318e-5	0.36105420752062495
AM10_0	1435031	1485030	1460030.5	392	2.158980914786282e-5	-0.08242097401056057
AM11_0	1435031	1485030	1460030.5	392	1.3473726384524332e-5	-1.0083815888994878
AM12_0	1435031	1485030	1460030.5	392	8.211111111111112e-5	-0.7803971207975615
AM1_0	1435031	1485030	1460030.5	392	1.1091787439613526e-5	0.39829224562587456
AM2_0	1435031	1485030	1460030.5	392	1.775898520084567e-6	NA
AM2_4	1435031	1485030	1460030.5	392	1.4857409481149682e-5	-1.5634647275992721
AM3_0	1435031	1485030	1460030.5	392	1.2736002966258806e-5	0.5672234972334947
AM4_4	1435031	1485030	1460030.5	392	1.7595885274146145e-5	1.1192006334438247
AM5_0	1435031	1485030	1460030.5	392	2.1975214328155506e-5	-0.3829685780753455
AM6_0	1435031	1485030	1460030.5	392	1.3501599098928161e-5	-0.76722108439028
AM7_0	1435031	1485030	1460030.5	392	1.3478511404561824e-5	-1.142554093230506
AM8_4	1435031	1485030	1460030.5	392	1.8761037256229445e-5	-1.5984426882305522
AM9_0	1435031	1485030	1460030.5	392	1.1202111613876318e-5	0.36105420752062495
AM10_0	1440031	1490030	1465030.5	396	2.0944647857540236e-5	0.3637110503975254
AM11_0	1440031	1490030	1465030.5	396	1.3048194469630716e-5	-0.7650115787830554
AM12_0	1440031	1490030	1465030.5	396	8.377777777777778e-5	-0.7325356644282613
AM1_0	1440031	1490030	1465030.5	396	1.1091787439613526e-5	0.39829224562587456
AM2_0	1440031	1490030	1465030.5	396	1.775898520084567e-6	NA
AM2_4	1440031	1490030	1465030.5	396	1.159499813363195e-5	-1.3363158073554773
AM3_0	1440031	1490030	1465030.5	396	1.2736002966258806e-5	0.5672234972334947
AM4_4	1440031	1490030	1465030.5	396	2.0347208025468894e-5	0.48429327973004194
AM5_0	1440031	1490030	1465030.5	396	1.7040149393090573e-5	NA
AM6_0	1440031	1490030	1465030.5	396	1.293017052749959e-5	-0.44431991727622194
AM7_0	1440031	1490030	1465030.5	396	1.3478511404561824e-5	-1.142554093230506
AM8_4	1440031	1490030	1465030.5	396	1.9195819864925097e-5	-1.6837199389685664
AM9_0	1440031	1490030	1465030.5	396	1.1202111613876318e-5	0.36105420752062495
AM10_0	1445031	1495030	1470030.5	392	2.0944647857540236e-5	0.3637110503975254
AM11_0	1445031	1495030	1470030.5	392	1.3048194469630716e-5	-0.7650115787830554
AM12_0	1445031	1495030	1470030.5	392	8.555555555555557e-5	-0.9295004415200008
AM1_0	1445031	1495030	1470030.5	392	1.3692210272594498e-5	0.006199433718647293
AM2_0	1445031	1495030	1470030.5	392	3.4763816118720066e-6	-1.1255791103748123
AM2_4	1445031	1495030	1470030.5	392	1.0110472021446267e-5	-1.5653503313749868
AM3_0	1445031	1495030	1470030.5	392	1.2736002966258806e-5	0.5672234972334947
AM4_4	1445031	1495030	1470030.5	392	1.636039483865571e-5	-0.13641163136824813
AM5_0	1445031	1495030	1470030.5	392	1.7040149393090573e-5	NA
AM6_0	1445031	1495030	1470030.5	392	1.5003476710394812e-5	-0.6029226724722508
AM7_0	1445031	1495030	1470030.5	392	1.3478511404561824e-5	-1.142554093230506
AM8_4	1445031	1495030	1470030.5	392	1.5336874736486123e-5	-1.6845477337426242
AM9_0	1445031	1495030	1470030.5	392	1.1202111613876318e-5	0.36105420752062495
AM10_0	1450031	1500030	1475030.5	414	2.9970330567433476e-05	-0.06890078356418922
AM11_0	1450031	1500030	1475030.5	414	1.9996962322693076e-5	-0.5516787280392093
AM12_0	1450031	1500030	1475030.5	414	1.1711111111111113e-4	-0.8329798738253824
AM1_0	1450031	1500030	1475030.5	414	1.7155413735797962e-5	0.006199433718647293
AM2_0	1450031	1500030	1475030.5	414	3.4763816118720066e-6	-1.1255791103748123
AM2_4	1450031	1500030	1475030.5	414	1.0110472021446267e-5	-1.5653503313749868
AM3_0	1450031	1500030	1475030.5	414	1.5236002966258806e-5	0.5672234972334947
AM4_4	1450031	1500030	1475030.5	414	2.036039483865571e-5	-0.13641163136824813
AM5_0	1450031	1500030	1475030.5	414	2.5373482726423903e-5	NA
AM6_0	1450031	1500030	1475030.5	414	1.7023678730596835e-5	-0.6029226724722508
AM7_0	1450031	1500030	1475030.5	414	1.2509803921568628e-5	NA
AM8_4	1450031	1500030	1475030.5	414	1.671074861036e-5	-1.6845477337426242
AM9_0	1450031	1500030	1475030.5	414	1.2630683042447746e-5	0.36105420752062495
AM10_0	1455031	1505030	1480030.5	406	2.9970330567433476e-05	-0.06890078356418922
AM11_0	1455031	1505030	1480030.5	406	1.9996962322693076e-5	-0.5516787280392093
AM12_0	1455031	1505030	1480030.5	406	1.2111111111111113e-4	-0.8959816517738008
AM1_0	1455031	1505030	1480030.5	406	1.7155413735797962e-5	0.006199433718647293
AM2_0	1455031	1505030	1480030.5	406	5.176864703659446e-6	-1.3079088121731284
AM2_4	1455031	1505030	1480030.5	406	1.0110472021446267e-5	-1.5653503313749868
AM3_0	1455031	1505030	1480030.5	406	1.5236002966258806e-5	0.5672234972334947
AM4_4	1455031	1505030	1480030.5	406	2.036039483865571e-5	-0.13641163136824813
AM5_0	1455031	1505030	1480030.5	406	2.5373482726423903e-5	NA
AM6_0	1455031	1505030	1480030.5	406	1.7023678730596835e-5	-0.6029226724722508
AM7_0	1455031	1505030	1480030.5	406	1.3309803921568625e-5	-1.4426337856941023
AM8_4	1455031	1505030	1480030.5	406	1.7174955900654244e-5	-1.7676311591143024
AM9_0	1455031	1505030	1480030.5	406	1.2630683042447746e-5	0.36105420752062495
AM10_0	1460031	1510030	1485030.5	386	1.8893387778113494e-5	-1.4443910872851113
AM11_0	1460031	1510030	1485030.5	386	1.3364350567600918e-5	-1.8923720233846277
AM12_0	1460031	1510030	1485030.5	386	1.1711111111111113e-4	-0.8329798738253824
AM1_0	1460031	1510030	1485030.5	386	9.155413735797963e-6	-1.126858486084085
AM2_0	1460031	1510030	1485030.5	386	5.176864703659446e-6	-1.3079088121731284
AM2_4	1460031	1510030	1485030.5	386	3.3736299161831072e-6	-1.5653503313749868
AM3_0	1460031	1510030	1485030.5	386	1.0373857942823461e-5	-1.4345290231163461
AM4_4	1460031	1510030	1485030.5	386	1.5634439634439635e-5	-1.2413746070321388
AM5_0	1460031	1510030	1485030.5	386	2.3291638186375024e-5	0.23296781011582815
AM6_0	1460031	1510030	1485030.5	386	6.9819305244650645e-6	-1.4612074283353496
AM7_0	1460031	1510030	1485030.5	386	7.138578088578089e-6	-1.3635768911681334
AM8_4	1460031	1510030	1485030.5	386	9.849251406019199e-6	-2.363931710807348
AM9_0	1460031	1510030	1485030.5	386	6.558888170652877e-6	-1.4511858353043081
AM10_0	1465031	1515030	1490030.5	366	2.150681790515524e-5	-1.4016129723587811
AM11_0	1465031	1515030	1490030.5	366	1.7030445151887724e-5	-1.4886698699977523
AM12_0	1465031	1515030	1490030.5	366	1.3044444444444445e-4	-0.783975375081923
AM1_0	1465031	1515030	1490030.5	366	1.193131225588253e-5	-1.518222249495042
AM2_0	1465031	1515030	1490030.5	366	1.1495099314576985e-5	-0.8517018753340656
AM2_4	1465031	1515030	1490030.5	366	1.0678594455190198e-5	-1.2859664602365437
AM3_0	1465031	1515030	1490030.5	366	1.0373857942823461e-5	-1.4345290231163461
AM4_4	1465031	1515030	1490030.5	366	1.5634439634439635e-5	-1.2413746070321388
AM5_0	1465031	1515030	1490030.5	366	2.3291638186375024e-5	0.23296781011582815
AM6_0	1465031	1515030	1490030.5	366	1.592556659853592e-5	-0.319871167036111
AM7_0	1465031	1515030	1490030.5	366	1.718688726732205e-5	-0.4137202020468319
AM8_4	1465031	1515030	1490030.5	366	1.2750624689414956e-5	-2.2804380102821167
AM9_0	1465031	1515030	1490030.5	366	1.155595954543323e-5	-0.4478340715343747
AM10_0	1470031	1520030	1495030.5	370	2.150681790515524e-5	-1.4016129723587811
AM11_0	1470031	1520030	1495030.5	370	1.6595662543192072e-5	-1.2898918580125127
AM12_0	1470031	1520030	1495030.5	370	1.5977777777777778e-4	-0.463702241712029
AM1_0	1470031	1520030	1495030.5	370	1.193131225588253e-5	-1.518222249495042
AM2_0	1470031	1520030	1495030.5	370	1.1495099314576985e-5	-0.8517018753340656
AM2_4	1470031	1520030	1495030.5	370	1.0678594455190198e-5	-1.2859664602365437
AM3_0	1470031	1520030	1495030.5	370	1.0373857942823461e-5	-1.4345290231163461
AM4_4	1470031	1520030	1495030.5	370	1.5634439634439635e-5	-1.2413746070321388
AM5_0	1470031	1520030	1495030.5	370	2.8291638186375027e-5	0.23296781011582815
AM6_0	1470031	1520030	1495030.5	370	1.592556659853592e-5	-0.319871167036111
AM7_0	1470031	1520030	1495030.5	370	1.9524173169825344e-5	-0.1168044662056186
AM8_4	1470031	1520030	1495030.5	370	1.2285508410345187e-5	-2.2410605422989947
AM9_0	1470031	1520030	1495030.5	370	1.155595954543323e-5	-0.4478340715343747
AM10_0	1475031	1525030	1500030.5	360	2.082118213249741e-5	-1.4888919364483606
AM11_0	1475031	1525030	1500030.5	360	1.7913765625193574e-5	-1.6003005485297346
AM12_0	1475031	1525030	1500030.5	360	1.3622222222222223e-4	-0.6004871218617773
AM1_0	1475031	1525030	1500030.5	360	1.1061747038491225e-5	-1.277128190816
AM2_0	1475031	1525030	1500030.5	360	1.1495099314576985e-5	-0.8517018753340656
AM2_4	1475031	1525030	1500030.5	360	9.047388781431334e-6	-1.1403401163991693
AM3_0	1475031	1525030	1500030.5	360	7.799145299145299e-6	-1.3869601562024403
AM4_4	1475031	1525030	1500030.5	360	1.5634439634439635e-5	-1.2413746070321388
AM5_0	1475031	1525030	1500030.5	360	2.8291638186375027e-5	0.23296781011582815
AM6_0	1475031	1525030	1500030.5	360	1.4830104939693979e-5	0.07732859196856995
AM7_0	1475031	1525030	1500030.5	360	2.0433264078916255e-5	-0.4858066031992072
AM8_4	1475031	1525030	1500030.5	360	1.1396117515850462e-5	-2.219900266365022
AM9_0	1475031	1525030	1500030.5	360	1.155595954543323e-5	-0.4478340715343747
